{"type":"FeatureCollection","crs":{"type":"name","properties":{"name":"EPSG:4326"}},"features":[{"type":"Feature","id":12000,"geometry":{"type":"MultiLineString","coordinates":[[[-73.9526077657951,40.8031198379309],[-73.9526111543443,40.8032623081737]],[[-73.9525899339904,40.8023699165764],[-73.9526077657951,40.8031198379309]]]},"properties":{"OBJECTID":12000,"Borough":"Manhattan","Feat_Type":"Mapped_St","Feat_statu":"City_St","Street_NM":"St. Nicholas Avenue","HonoraryNM":"Harriet Tubman Avenue","Old_ST_NM":"None","Streetwidt":"80","Route_Type":"Mjr_st","RoadwayTyp":"Surface_ST","Build_Stat":"Improved","Record_ST":"N","Paper_ST":"N","Stair_ST":"N","CCO_ST":"N","Marg_Wharf":"N","Edit_Date":null,"Shape_Leng":325.18261868,"Shape__Length":325.18261868113024}},{"type":"Feature","id":12687,"geometry":{"type":"MultiLineString","coordinates":[[[-73.9675930098471,40.8029416754679],[-73.9691220256762,40.8035712007971]],[[-73.9647607444965,40.8017498885668],[-73.9675930098471,40.8029416754679]],[[-73.9619185768402,40.8005516719252],[-73.9647607444965,40.8017498885668]],[[-73.9605280366235,40.7999666179937],[-73.9619185768402,40.8005516719252]],[[-73.9590781305533,40.7993605085076],[-73.9605280366235,40.7999666179937]]]},"properties":{"OBJECTID":12687,"Borough":"Manhattan","Feat_Type":"Mapped_St","Feat_statu":"City_St","Street_NM":"West 108 Street","HonoraryNM":"None","Old_ST_NM":"None","Streetwidt":"60","Route_Type":"Gen_use","RoadwayTyp":"Surface_ST","Build_Stat":"Improved","Record_ST":"N","Paper_ST":"N","Stair_ST":"N","CCO_ST":"N","Marg_Wharf":"N","Edit_Date":null,"Shape_Leng":3175.86257172,"Shape__Length":3175.8625717111267}},{"type":"Feature","id":5642,"geometry":{"type":"LineString","coordinates":[[-73.9593515122151,40.8010409848558],[-73.9596482936886,40.8011646979545],[-73.9610950822204,40.8017633374918]]},"properties":{"OBJECTID":5642,"Borough":"Manhattan","Feat_Type":"Mapped_St","Feat_statu":"City_St","Street_NM":"Cathedral Parkway","HonoraryNM":"None","Old_ST_NM":"None","Streetwidt":"130","Route_Type":"Mjr_st","RoadwayTyp":"Surface_ST","Build_Stat":"Improved","Record_ST":"N","Paper_ST":"N","Stair_ST":"N","CCO_ST":"N","Marg_Wharf":"N","Edit_Date":null,"Shape_Leng":549.8043542,"Shape__Length":549.80435419778019}},{"type":"Feature","id":7540,"geometry":{"type":"MultiLineString","coordinates":[[[-73.9406657282178,40.834739649073],[-73.9402180818413,40.8353666563736]],[[-73.9411196308575,40.8341220434289],[-73.9406657282178,40.834739649073]],[[-73.9415786757938,40.8334957487703],[-73.9411196308575,40.8341220434289]],[[-73.9420330268997,40.832873276966],[-73.9418177652203,40.8331681922418],[-73.9417176112513,40.8333054049729],[-73.9415786757938,40.8334957487703]],[[-73.9425003651496,40.8322487116334],[-73.9423957599126,40.8323885107761],[-73.942159064164,40.8327048387734],[-73.9420330268997,40.832873276966]],[[-73.9429810885815,40.831576280656],[-73.9425003651496,40.8322487116334]],[[-73.9429810980813,40.8315762626508],[-73.9429810885815,40.831576280656]],[[-73.9434733340824,40.8308996749547],[-73.943198045221,40.8312780663574],[-73.9431376866402,40.8313610307289],[-73.9429810980813,40.8315762626508]],[[-73.9439249684565,40.8302795353979],[-73.9434733340824,40.8308996749547]],[[-73.9443822553622,40.8296593003852],[-73.9439249684565,40.8302795353979]],[[-73.9448370163254,40.8290311775541],[-73.9443822553622,40.8296593003852]],[[-73.9452977677986,40.828408257871],[-73.9448370163254,40.8290311775541]],[[-73.9457484569727,40.827784766042],[-73.9452977677986,40.828408257871]],[[-73.946203903755,40.8271622057224],[-73.9457484569727,40.827784766042]],[[-73.9466624729756,40.8265379880756],[-73.946203903755,40.8271622057224]],[[-73.9471182840935,40.825912812754],[-73.9466624729756,40.8265379880756]],[[-73.9476057323829,40.8252421109743],[-73.9471182840935,40.825912812754]],[[-73.9480997145619,40.8245712407113],[-73.947606438487,40.8252411396602],[-73.9476057323829,40.8252421109743]],[[-73.9485544419676,40.8239482742532],[-73.9480997145619,40.8245712407113]],[[-73.9490075508136,40.8233225497076],[-73.9485544419676,40.8239482742532]],[[-73.9494667079363,40.8226976003977],[-73.9490075508136,40.8233225497076]],[[-73.9499233812943,40.8220805931985],[-73.9494667079363,40.8226976003977]],[[-73.9503785432361,40.8214538977423],[-73.9499233812943,40.8220805931985]],[[-73.9508302369734,40.820836216521],[-73.9503785432361,40.8214538977423]],[[-73.9517462732304,40.8195808961788],[-73.9508302369734,40.820836216521]],[[-73.9522011690264,40.8189585272635],[-73.9517462732304,40.8195808961788]],[[-73.952722179833,40.8182438556816],[-73.9525968271653,40.8184158027106],[-73.9525315788815,40.818505305061],[-73.9522011690264,40.8189585272635]],[[-73.9531913769142,40.8176031724861],[-73.9531873085864,40.8176087260001],[-73.952722179833,40.8182438556816]],[[-73.9540914026554,40.8163694932428],[-73.954039494881,40.8164406442521],[-73.9537593615834,40.8168246329674],[-73.9533977166369,40.8173203433399],[-73.953355949103,40.8173775935553],[-73.9531913769142,40.8176031724861]],[[-73.9545489461569,40.8157456308893],[-73.9544880610724,40.815828648922],[-73.9544152550301,40.8159279206855],[-73.9543699990985,40.8159896273624],[-73.9540914026554,40.8163694932428]],[[-73.9550023097512,40.8151205835763],[-73.9545489461569,40.8157456308893]],[[-73.955459754106,40.8144953036682],[-73.9550023097512,40.8151205835763]],[[-73.9557083402714,40.814152237883],[-73.955459754106,40.8144953036682]],[[-73.956271019814,40.8133833008509],[-73.9557083402714,40.814152237883]],[[-73.9568285152658,40.8126198079517],[-73.9567723570313,40.8126967173233],[-73.9566034129659,40.8129280889475],[-73.9565603448831,40.8129870706296],[-73.956271019814,40.8133833008509]],[[-73.9578103394353,40.8112730538161],[-73.9574665874642,40.8117445812444],[-73.9574021221592,40.811833006135],[-73.9573413447309,40.811916376058],[-73.9573208902188,40.8119444334005],[-73.9572317480625,40.8120667050685],[-73.9571786144527,40.8121395896412],[-73.9571298592145,40.812206465895],[-73.9570544414301,40.8123099131168],[-73.9570098770196,40.8123710412015],[-73.9568285152658,40.8126198079517]],[[-73.9582743680557,40.8106363239526],[-73.9578103394353,40.8112730538161]],[[-73.958728317385,40.8100167952672],[-73.9582743680557,40.8106363239526]],[[-73.9592189024818,40.8093485850665],[-73.958728317385,40.8100167952672]],[[-73.9596497440296,40.8087621701804],[-73.9592189024818,40.8093485850665]],[[-73.9601071298215,40.8081283695956],[-73.9596497440296,40.8087621701804]],[[-73.961055065146,40.8068292205386],[-73.9605036989119,40.8075848762061],[-73.9601071298215,40.8081283695956]],[[-73.9615500217617,40.8061440622896],[-73.961055065146,40.8068292205386]],[[-73.9620097256445,40.8055175397087],[-73.9615500217617,40.8061440622896]],[[-73.9624763758141,40.8048936559568],[-73.9620097256445,40.8055175397087]],[[-73.9629265530312,40.8042655479245],[-73.9624763758141,40.8048936559568]],[[-73.9638627039582,40.8029803136481],[-73.9636809104411,40.8032302737567],[-73.9633860135492,40.8036357444825],[-73.9631855948904,40.803910457985],[-73.9629275196148,40.8042641992881],[-73.9629265530312,40.8042655479245]],[[-73.9643024410547,40.802380925408],[-73.9638627039582,40.8029803136481]],[[-73.9647607444965,40.8017498885668],[-73.9643024410547,40.802380925408]],[[-73.9652168571059,40.801119866746],[-73.9647607444965,40.8017498885668]],[[-73.9657128837317,40.8004463446107],[-73.9652168571059,40.801119866746]],[[-73.9662071733041,40.7997691061031],[-73.9657128837317,40.8004463446107]],[[-73.9666632590972,40.7991405551804],[-73.9662071733041,40.7997691061031]],[[-73.9671216345905,40.7985130656357],[-73.9666632590972,40.7991405551804]],[[-73.9675542041664,40.7979114536128],[-73.9674782142114,40.798015392188],[-73.9674246627038,40.7980897367296],[-73.9673766533585,40.7981563880442],[-73.9672990375718,40.7982641432554],[-73.9672525493238,40.798328682376],[-73.9672059210643,40.7983934150447],[-73.9671216345905,40.7985130656357]],[[-73.9675806095711,40.7978753356952],[-73.9675542041664,40.7979114536128]],[[-73.9680396276959,40.7972577660677],[-73.9675806095711,40.7978753356952]],[[-73.9684777284873,40.7966515621501],[-73.9682758507185,40.7969309021591],[-73.9681985557634,40.7970378566394],[-73.9680396276959,40.7972577660677]],[[-73.9689572096506,40.7959967856893],[-73.9684777284873,40.7966515621501]],[[-73.9694168809331,40.7953690529367],[-73.9689572096506,40.7959967856893]],[[-73.9698460993279,40.7947791772606],[-73.9694168809331,40.7953690529367]],[[-73.9698720754926,40.7947434783216],[-73.9698460993279,40.7947791772606]],[[-73.9703693034567,40.794060010497],[-73.9698720754926,40.7947434783216]],[[-73.9708595726362,40.7933884162972],[-73.9703693034567,40.794060010497]],[[-73.971316766954,40.7927611253441],[-73.9708595726362,40.7933884162972]],[[-73.9717745668321,40.7921356336672],[-73.9715535655245,40.7924375891918],[-73.9715102560852,40.7924967620873],[-73.971316766954,40.7927611253441]],[[-73.9722341143892,40.7915064754966],[-73.9717745668321,40.7921356336672]],[[-73.972691164419,40.7908790077835],[-73.9722341143892,40.7915064754966]],[[-73.9731491537339,40.7902514303574],[-73.972691164419,40.7908790077835]],[[-73.9736083076939,40.789623049873],[-73.9731491537339,40.7902514303574]],[[-73.9740651654064,40.7889970262957],[-73.973921253605,40.7891942278411],[-73.9738529070551,40.7892878824614],[-73.9736083076939,40.789623049873]],[[-73.9745242669566,40.7883675173061],[-73.9740651654064,40.7889970262957]],[[-73.9750156153312,40.7876938780618],[-73.9745242669566,40.7883675173061]],[[-73.975514229334,40.7870107397116],[-73.9750156153312,40.7876938780618]],[[-73.9759773804676,40.7863772525941],[-73.975514229334,40.7870107397116]],[[-73.9764409269941,40.7857431711061],[-73.9759773804676,40.7863772525941]],[[-73.9769034918844,40.7851060879262],[-73.9764409269941,40.7857431711061]],[[-73.9773665454283,40.7844727120908],[-73.9769034918844,40.7851060879262]],[[-73.9778276959116,40.7838390476093],[-73.9773665454283,40.7844727120908]],[[-73.9783272357826,40.7831550044749],[-73.9778276959116,40.7838390476093]],[[-73.9788242898724,40.7824732090026],[-73.9783272357826,40.7831550044749]],[[-73.9792863923241,40.781847264976],[-73.9788242898724,40.7824732090026]],[[-73.9797493207341,40.7812036135127],[-73.9795141255392,40.781530627964],[-73.9792863923241,40.781847264976]],[[-73.9802118111275,40.780568687719],[-73.9797493207341,40.7812036135127]],[[-73.9806750983434,40.7799334530714],[-73.9802118111275,40.780568687719]],[[-73.981136113533,40.7793001621148],[-73.9806750983434,40.7799334530714]],[[-73.9816227097287,40.778616353353],[-73.9811364809102,40.7792996569931],[-73.981136113533,40.7793001621148]]]},"properties":{"OBJECTID":7540,"Borough":"Manhattan","Feat_Type":"Mapped_St","Feat_statu":"City_St","Street_NM":"Amsterdam Avenue","HonoraryNM":"None","Old_ST_NM":"None","Streetwidt":"100","Route_Type":"Mjr_st","RoadwayTyp":"Surface_ST","Build_Stat":"Improved","Record_ST":"N","Paper_ST":"N","Stair_ST":"N","CCO_ST":"N","Marg_Wharf":"N","Edit_Date":null,"Shape_Leng":23640.9261087,"Shape__Length":23640.926108713847}},{"type":"Feature","id":29080,"geometry":{"type":"LineString","coordinates":[[-73.9548551554565,40.8000391819971],[-73.954855574825,40.8000393586592],[-73.9576968457128,40.8012396223043]]},"properties":{"OBJECTID":29080,"Borough":"Manhattan","Feat_Type":"Mapped_St","Feat_statu":"City_St","Street_NM":"West 111 Street","HonoraryNM":"None","Old_ST_NM":"None","Streetwidt":"60","Route_Type":"Gen_use","RoadwayTyp":"Surface_ST","Build_Stat":"Improved","Record_ST":"N","Paper_ST":"N","Stair_ST":"N","CCO_ST":"N","Marg_Wharf":"N","Edit_Date":null,"Shape_Leng":900.15097196,"Shape__Length":900.15097195907549}},{"type":"Feature","id":2940,"geometry":{"type":"LineString","coordinates":[[-73.9549680100112,40.8100728315699],[-73.9545065952863,40.8107046099947]]},"properties":{"OBJECTID":2940,"Borough":"Manhattan","Feat_Type":"Mapped_St","Feat_statu":"City_St","Street_NM":"Morningside Avenue","HonoraryNM":"Reverend Walter L. Harding Place","Old_ST_NM":"None","Streetwidt":"100","Route_Type":"Gen_use","RoadwayTyp":"Surface_ST","Build_Stat":"Improved","Record_ST":"N","Paper_ST":"N","Stair_ST":"N","CCO_ST":"N","Marg_Wharf":"N","Edit_Date":null,"Shape_Leng":263.24391943,"Shape__Length":263.24391941837536}},{"type":"Feature","id":14842,"geometry":{"type":"LineString","coordinates":[[-73.953110974953,40.8101150693679],[-73.9532779856881,40.8098879009928],[-73.9532779951796,40.8098878865887]]},"properties":{"OBJECTID":14842,"Borough":"Manhattan","Feat_Type":"Mapped_St","Feat_statu":"City_St","Street_NM":"Manhattan Avenue","HonoraryNM":"None","Old_ST_NM":"None","Streetwidt":"\u003e80","Route_Type":"Gen_use","RoadwayTyp":"Surface_ST","Build_Stat":"Improved","Record_ST":"N","Paper_ST":"N","Stair_ST":"N","CCO_ST":"N","Marg_Wharf":"N","Edit_Date":null,"Shape_Leng":94.80865235,"Shape__Length":94.808652344848213}},{"type":"Feature","id":3727,"geometry":{"type":"LineString","coordinates":[[-73.9597936997298,40.8138317520637],[-73.9606886357023,40.8141995266296]]},"properties":{"OBJECTID":3727,"Borough":"Manhattan","Feat_Type":"Mapped_St","Feat_statu":"City_St","Street_NM":"La Salle Street","HonoraryNM":"None","Old_ST_NM":"None","Streetwidt":"80","Route_Type":"Gen_use","RoadwayTyp":"Surface_ST","Build_Stat":"Improved","Record_ST":"N","Paper_ST":"N","Stair_ST":"N","CCO_ST":"N","Marg_Wharf":"N","Edit_Date":null,"Shape_Leng":281.64070776,"Shape__Length":281.64070776011658}},{"type":"Feature","id":3919,"geometry":{"type":"LineString","coordinates":[[-73.9579500642709,40.808061668563],[-73.9596497440296,40.8087621701804]]},"properties":{"OBJECTID":3919,"Borough":"Manhattan","Feat_Type":"Mapped_St","Feat_statu":"City_St","Street_NM":"West 119 Street","HonoraryNM":"None","Old_ST_NM":"None","Streetwidt":"60","Route_Type":"Gen_use","RoadwayTyp":"Surface_ST","Build_Stat":"Improved","Record_ST":"N","Paper_ST":"N","Stair_ST":"N","CCO_ST":"N","Marg_Wharf":"N","Edit_Date":null,"Shape_Leng":535.282221,"Shape__Length":535.28222100079131}},{"type":"Feature","id":14831,"geometry":{"type":"MultiLineString","coordinates":[[[-73.9648515419884,40.8067151856633],[-73.9643901714884,40.8073414343775]],[[-73.9653019330538,40.8060848758929],[-73.9648515419884,40.8067151856633]],[[-73.965762425279,40.8054598091044],[-73.9653019330538,40.8060848758929]],[[-73.9662153642474,40.804835498224],[-73.965762425279,40.8054598091044]],[[-73.9667025106803,40.8041767522103],[-73.9662153642474,40.804835498224]],[[-73.9671304094647,40.8035719207748],[-73.9667025106803,40.8041767522103]],[[-73.9675930098471,40.8029416754679],[-73.9671304094647,40.8035719207748]]]},"properties":{"OBJECTID":14831,"Borough":"Manhattan","Feat_Type":"Mapped_St","Feat_statu":"City_St","Street_NM":"Broadway","HonoraryNM":"None","Old_ST_NM":"None","Streetwidt":"150","Route_Type":"Mjr_st","RoadwayTyp":"Surface_ST","Build_Stat":"Improved","Record_ST":"N","Paper_ST":"N","Stair_ST":"N","CCO_ST":"N","Marg_Wharf":"N","Edit_Date":null,"Shape_Leng":1831.91892432,"Shape__Length":1831.9189243357068}},{"type":"Feature","id":6558,"geometry":{"type":"MultiLineString","coordinates":[[[-73.9530623846962,40.809895559506],[-73.9530065859205,40.8092455626568]],[[-73.9530065859205,40.8092455626568],[-73.9529594828379,40.8084072363553]],[[-73.9529594828379,40.8084072363553],[-73.952924303782,40.8077811064245]],[[-73.952924303782,40.8077811064245],[-73.952911905777,40.8075604315349]],[[-73.952911905777,40.8075604315349],[-73.9528646822009,40.8067199040985]],[[-73.9528646822009,40.8067199040985],[-73.9528176189732,40.8058822230705]],[[-73.9528176189732,40.8058822230705],[-73.9527703299042,40.8050404823694]],[[-73.9527703299042,40.8050404823694],[-73.9527229905366,40.8041978284083]],[[-73.9527229905366,40.8041978284083],[-73.9526719122632,40.8032886051914]]]},"properties":{"OBJECTID":6558,"Borough":"Manhattan","Feat_Type":"Mapped_St","Feat_statu":"City_St","Street_NM":"St. Nicholas Avenue","HonoraryNM":"Harriet Tubman Avenue","Old_ST_NM":"None","Streetwidt":"80","Route_Type":"Mjr_st","RoadwayTyp":"Surface_ST","Build_Stat":"Improved","Record_ST":"N","Paper_ST":"N","Stair_ST":"N","CCO_ST":"N","Marg_Wharf":"N","Edit_Date":null,"Shape_Leng":2409.62647263,"Shape__Length":2409.6264726439449}},{"type":"Feature","id":8098,"geometry":{"type":"MultiLineString","coordinates":[[[-73.9554129895315,40.8069748439489],[-73.9568068775889,40.8075539862367]],[[-73.9539583082074,40.806361596423],[-73.955412179136,40.806974506849],[-73.9554129895315,40.8069748439489]],[[-73.9528176189732,40.8058822230705],[-73.9539583082074,40.806361596423]],[[-73.9511143847947,40.8051622941335],[-73.9528087404839,40.8058784913723],[-73.9528176189732,40.8058822230705]],[[-73.9482816161902,40.8039685014054],[-73.9511143847947,40.8051622941335]],[[-73.945052714115,40.8026068749793],[-73.948274448892,40.8039654806179],[-73.9482816161902,40.8039685014054]]]},"properties":{"OBJECTID":8098,"Borough":"Manhattan","Feat_Type":"Mapped_St","Feat_statu":"City_St","Street_NM":"West 119 Street","HonoraryNM":"None","Old_ST_NM":"None","Streetwidt":"60","Route_Type":"Gen_use","RoadwayTyp":"Surface_ST","Build_Stat":"Improved","Record_ST":"N","Paper_ST":"N","Stair_ST":"N","CCO_ST":"N","Marg_Wharf":"N","Edit_Date":null,"Shape_Leng":3719.90279257,"Shape__Length":3719.9027925589289}},{"type":"Feature","id":2814,"geometry":{"type":"LineString","coordinates":[[-73.9584825534838,40.8006787527995],[-73.9593515122151,40.8010409848558]]},"properties":{"OBJECTID":2814,"Borough":"Manhattan","Feat_Type":"Mapped_St","Feat_statu":"City_St","Street_NM":"Cathedral Parkway","HonoraryNM":"None","Old_ST_NM":"None","Streetwidt":"130","Route_Type":"Mjr_st","RoadwayTyp":"Surface_ST","Build_Stat":"Improved","Record_ST":"N","Paper_ST":"N","Stair_ST":"N","CCO_ST":"N","Marg_Wharf":"N","Edit_Date":null,"Shape_Leng":274.40173669,"Shape__Length":274.40173670218138}},{"type":"Feature","id":5966,"geometry":{"type":"MultiLineString","coordinates":[[[-73.9542599120491,40.8110408627675],[-73.9540123675848,40.8113780583734]],[[-73.9542895363585,40.8110005087983],[-73.9542599120491,40.8110408627675]]]},"properties":{"OBJECTID":5966,"Borough":"Manhattan","Feat_Type":"Mapped_St","Feat_statu":"City_St","Street_NM":"Roosevelt Square","HonoraryNM":"None","Old_ST_NM":"None","Streetwidt":"\u003e100","Route_Type":"Gen_use","RoadwayTyp":"Surface_ST","Build_Stat":"Improved","Record_ST":"N","Paper_ST":"N","Stair_ST":"N","CCO_ST":"N","Marg_Wharf":"N","Edit_Date":null,"Shape_Leng":157.50584186,"Shape__Length":157.50584185382502}},{"type":"Feature","id":9647,"geometry":{"type":"MultiLineString","coordinates":[[[-73.9584825534838,40.8006787527995],[-73.958462349263,40.8007108078005],[-73.9584364146866,40.8007403852591],[-73.9584052644108,40.8007668973313],[-73.9583695185218,40.8007898183452],[-73.9583298859417,40.8008086919996],[-73.9582871549409,40.8008231430675],[-73.9582421741726,40.8008328845937],[-73.9581958384482,40.8008377241932],[-73.9581490674068,40.8008375640437],[-73.9581027901044,40.8008324071839],[-73.9580579272379,40.8008223575068],[-73.9580153698177,40.8008076143489]],[[-73.9580153698177,40.8008076143489],[-73.9579715467007,40.8007836865212],[-73.9579333935289,40.8007546873325],[-73.9579019147068,40.8007213807787],[-73.9578779403657,40.8006846433545],[-73.9578621003073,40.8006454433313],[-73.9578548133579,40.8006048119375],[-73.9578562696103,40.8005638199379],[-73.9578664316298,40.8005235470172]],[[-73.9583344884542,40.8003733283373],[-73.958373103652,40.8003929812787],[-73.9584077478714,40.8004165229317],[-73.9584377471329,40.8004434965039],[-73.9584625211112,40.8004733776989],[-73.9584815866827,40.8005055864246],[-73.9584945745103,40.8005394967037],[-73.9585012314054,40.8005744492816],[-73.9585014286156,40.8006097660369],[-73.9584951618189,40.8006447598872],[-73.9584825534838,40.8006787527995]],[[-73.9578664316298,40.8005235470172],[-73.9578849595366,40.8004911196011],[-73.957908155209,40.8004604750739],[-73.9579357257031,40.8004319996404],[-73.9579673247677,40.8004060533709],[-73.9580025516659,40.800382962097],[-73.9580409642087,40.8003630183166],[-73.958089131979,40.8003519705019],[-73.958138824021,40.8003459768231],[-73.9581891266402,40.800345148609],[-73.9582391143536,40.8003494999313],[-73.9582878664771,40.8003589512135],[-73.9583344884542,40.8003733283373]]]},"properties":{"OBJECTID":9647,"Borough":"Manhattan","Feat_Type":"Mapped_St","Feat_statu":"City_St","Street_NM":"Frederick Douglass Circle","HonoraryNM":"None","Old_ST_NM":"None","Streetwidt":"Unknown","Route_Type":"Mjr_st","RoadwayTyp":"Surface_ST","Build_Stat":"Improved","Record_ST":"N","Paper_ST":"N","Stair_ST":"N","CCO_ST":"N","Marg_Wharf":"N","Edit_Date":null,"Shape_Leng":564.91622674,"Shape__Length":564.4465841363193}},{"type":"Feature","id":1769,"geometry":{"type":"LineString","coordinates":[[-73.9536253223249,40.8103270024857],[-73.9542599120491,40.8110408627675]]},"properties":{"OBJECTID":1769,"Borough":"Manhattan","Feat_Type":"Mapped_St","Feat_statu":"City_St","Street_NM":"Hancock Place","HonoraryNM":"None","Old_ST_NM":"None","Streetwidt":"100","Route_Type":"Mjr_st","RoadwayTyp":"Surface_ST","Build_Stat":"Improved","Record_ST":"N","Paper_ST":"N","Stair_ST":"N","CCO_ST":"N","Marg_Wharf":"N","Edit_Date":null,"Shape_Leng":313.85197402,"Shape__Length":313.85197402313582}},{"type":"Feature","id":11811,"geometry":{"type":"LineString","coordinates":[[-73.9611997299233,40.8160535588131],[-73.96122001613,40.8161326671033],[-73.961236744632,40.8162089376272],[-73.9612551426206,40.8162862694942],[-73.9612610037362,40.8163109063617],[-73.9612708767091,40.8163911205531],[-73.9612741154678,40.8164716467881],[-73.9612707047634,40.8165521689878],[-73.9612606601645,40.8166323710824],[-73.9612440197607,40.8167119370084],[-73.9612208500874,40.816790554313]]},"properties":{"OBJECTID":11811,"Borough":"Manhattan","Feat_Type":"Mapped_St","Feat_statu":"City_St","Street_NM":"Riverside Drive East","HonoraryNM":"None","Old_ST_NM":"None","Streetwidt":"Unknown","Route_Type":"Gen_use","RoadwayTyp":"Surface_ST","Build_Stat":"Improved","Record_ST":"N","Paper_ST":"N","Stair_ST":"N","CCO_ST":"N","Marg_Wharf":"N","Edit_Date":null,"Shape_Leng":271.43093675,"Shape__Length":271.40206573257825}},{"type":"Feature","id":10892,"geometry":{"type":"MultiLineString","coordinates":[[[-73.9648515419884,40.8067151856633],[-73.9668859201561,40.8075645517692]],[[-73.9620097256445,40.8055175397087],[-73.9648515419884,40.8067151856633]],[[-73.9600761240162,40.8047142988531],[-73.9620097256445,40.8055175397087]]]},"properties":{"OBJECTID":10892,"Borough":"Manhattan","Feat_Type":"Mapped_St","Feat_statu":"City_St","Street_NM":"West 114 Street","HonoraryNM":"None","Old_ST_NM":"None","Streetwidt":"60","Route_Type":"Gen_use","RoadwayTyp":"Surface_ST","Build_Stat":"Improved","Record_ST":"N","Paper_ST":"N","Stair_ST":"N","CCO_ST":"N","Marg_Wharf":"N","Edit_Date":null,"Shape_Leng":2152.31427723,"Shape__Length":2152.314277225611}},{"type":"Feature","id":218,"geometry":{"type":"LineString","coordinates":[[-73.9593581928465,40.8061291537288],[-73.961055065146,40.8068292205386]]},"properties":{"OBJECTID":218,"Borough":"Manhattan","Feat_Type":"Mapped_St","Feat_statu":"City_St","Street_NM":"West 116 Street","HonoraryNM":"None","Old_ST_NM":"None","Streetwidt":"100","Route_Type":"Gen_use","RoadwayTyp":"Surface_ST","Build_Stat":"Improved","Record_ST":"N","Paper_ST":"N","Stair_ST":"N","CCO_ST":"N","Marg_Wharf":"N","Edit_Date":null,"Shape_Leng":534.53552763,"Shape__Length":534.535527628585}},{"type":"Feature","id":15269,"geometry":{"type":"LineString","coordinates":[[-73.9605628153596,40.8158904554151],[-73.9615285259191,40.8145047633465],[-73.9619096737136,40.8139578377364],[-73.961942124384,40.81391034091],[-73.9619792811385,40.8138636551731],[-73.9620358392243,40.8138062652972],[-73.962085785126,40.8137690425604],[-73.962141901239,40.8137403090163],[-73.9622095993286,40.8137076260575]]},"properties":{"OBJECTID":15269,"Borough":"Manhattan","Feat_Type":"Mapped_St","Feat_statu":"City_St","Street_NM":"Riverside Drive East","HonoraryNM":"None","Old_ST_NM":"None","Streetwidt":"Unknown","Route_Type":"Gen_use","RoadwayTyp":"Surface_ST","Build_Stat":"Improved","Record_ST":"N","Paper_ST":"N","Stair_ST":"N","CCO_ST":"N","Marg_Wharf":"N","Edit_Date":null,"Shape_Leng":922.52535576,"Shape__Length":922.52535575685624}},{"type":"Feature","id":14782,"geometry":{"type":"MultiLineString","coordinates":[[[-73.9630170396091,40.8126325956765],[-73.9630171663986,40.8126326479461]],[[-73.9621070577431,40.8122598354814],[-73.9630170396091,40.8126325956765]],[[-73.9611125084532,40.8118385747998],[-73.9612149522585,40.8118884347447],[-73.9621070577431,40.8122598354814]],[[-73.9582743680557,40.8106363239526],[-73.960994337224,40.8117885671652],[-73.9611125084532,40.8118385747998]]]},"properties":{"OBJECTID":14782,"Borough":"Manhattan","Feat_Type":"Mapped_St","Feat_statu":"City_St","Street_NM":"West 122 Street","HonoraryNM":"None","Old_ST_NM":"None","Streetwidt":"80","Route_Type":"Gen_use","RoadwayTyp":"Surface_ST","Build_Stat":"Improved","Record_ST":"N","Paper_ST":"N","Stair_ST":"N","CCO_ST":"N","Marg_Wharf":"N","Edit_Date":null,"Shape_Leng":1500.98580183,"Shape__Length":1500.9858018462089}},{"type":"Feature","id":4875,"geometry":{"type":"LineString","coordinates":[[-73.9610950822204,40.8017633374918],[-73.9610793790289,40.8018086327028],[-73.9603197162035,40.8039997921211],[-73.9600761240162,40.8047142988531],[-73.9598326525879,40.8054301575816],[-73.9593581928465,40.8061291537288],[-73.9584080660904,40.8074274876538],[-73.9579500642709,40.808061668563],[-73.9576178321162,40.8086796218902],[-73.9572433742394,40.8093981252766],[-73.9571992689771,40.8094839101709],[-73.9571435324882,40.8096045183875],[-73.9571434612733,40.8096046813512],[-73.9571434256024,40.8096048614375],[-73.9571221418737,40.8097123819972],[-73.957122118095,40.8097124990531],[-73.9571221180138,40.8097126251228],[-73.9571166530859,40.8097753562866],[-73.957119617013,40.8098381842364],[-73.9571309782388,40.8099004578998],[-73.9571506186861,40.8099615297723],[-73.9571783349348,40.8100207658236],[-73.9572138382159,40.8100775527016],[-73.9572567627053,40.8101313004374],[-73.9573066607767,40.8101814505483],[-73.957363014848,40.810227484147],[-73.9573982037749,40.8102536512176],[-73.957437277549,40.8102764131278],[-73.9574796710485,40.8102954409834],[-73.9575247681536,40.8103104572005],[-73.9582743680557,40.8106363239526]]},"properties":{"OBJECTID":4875,"Borough":"Manhattan","Feat_Type":"Mapped_St","Feat_statu":"City_St","Street_NM":"Morningside Drive","HonoraryNM":"None","Old_ST_NM":"None","Streetwidt":"80","Route_Type":"Gen_use","RoadwayTyp":"Surface_ST","Build_Stat":"Improved","Record_ST":"N","Paper_ST":"N","Stair_ST":"N","CCO_ST":"N","Marg_Wharf":"N","Edit_Date":null,"Shape_Leng":3616.83224433,"Shape__Length":3616.7099532307625}},{"type":"Feature","id":11273,"geometry":{"type":"LineString","coordinates":[[-73.9531299818671,40.8126998858587],[-73.9531112463879,40.8135033742178],[-73.9530765446554,40.8143075592609],[-73.9529753128572,40.8150787210534],[-73.9528691214052,40.815853907657],[-73.952764096841,40.8165513357216],[-73.9522732922709,40.817228919717],[-73.9518689838323,40.8177808904579],[-73.951831534188,40.8178280158323],[-73.9517886921096,40.8178724104341],[-73.9517408015895,40.8179137196057],[-73.9516752452607,40.8179645801292],[-73.9516077388898,40.8180139449719],[-73.9514815104714,40.8180863341988],[-73.9513513981062,40.8181546387956],[-73.9512176282913,40.8182187372779],[-73.9508603917923,40.8183941059321]]},"properties":{"OBJECTID":11273,"Borough":"Manhattan","Feat_Type":"Mapped_St","Feat_statu":"City_St","Street_NM":"Convent Avenue","HonoraryNM":"None","Old_ST_NM":"None","Streetwidt":"75","Route_Type":"Gen_use","RoadwayTyp":"Surface_ST","Build_Stat":"Improved","Record_ST":"N","Paper_ST":"N","Stair_ST":"N","CCO_ST":"N","Marg_Wharf":"N","Edit_Date":null,"Shape_Leng":2281.04532428,"Shape__Length":2281.0137366571093}},{"type":"Feature","id":8556,"geometry":{"type":"MultiLineString","coordinates":[[[-73.9695611159997,40.8029461551873],[-73.9691220256762,40.8035712007971]],[[-73.9700488641318,40.8022732850855],[-73.9695611159997,40.8029461551873]],[[-73.9710106821804,40.8009757774897],[-73.9705460715962,40.8015984719903],[-73.9700488641318,40.8022732850855]],[[-73.9714605474424,40.8003419292259],[-73.9710106821804,40.8009757774897]],[[-73.9719442573263,40.7996958523006],[-73.9719396980886,40.7997000502198],[-73.9714605474424,40.8003419292259]],[[-73.9725316248564,40.7991549439523],[-73.9719442573263,40.7996958523006]],[[-73.9731456437798,40.7985927221523],[-73.9725316248564,40.7991549439523]],[[-73.9734636638989,40.7978961377614],[-73.9734436068728,40.7980012178529],[-73.973414844345,40.7981051234813],[-73.973377489014,40.7982074386355],[-73.9733316914979,40.798307752714],[-73.9732776344087,40.7984056641267],[-73.9732155359073,40.798500781195],[-73.9731456437798,40.7985927221523]],[[-73.9736528967989,40.797156591728],[-73.9735929028239,40.797339487515],[-73.9735413258207,40.7975238593158],[-73.9734982287468,40.7977094847326],[-73.9734636638989,40.7978961377614]],[[-73.97411311362,40.7965349161681],[-73.974025564543,40.7965934208618],[-73.9739530454934,40.7966537623033],[-73.9738874114381,40.7967184960956],[-73.9738291199481,40.7967871685024],[-73.9737785800282,40.7968593014623],[-73.973736143822,40.7969343898852],[-73.9737021077936,40.7970119097567],[-73.9736767103565,40.7970913190377],[-73.9736528967989,40.797156591728]]]},"properties":{"OBJECTID":8556,"Borough":"Manhattan","Feat_Type":"Mapped_St","Feat_statu":"City_St","Street_NM":"Riverside Drive","HonoraryNM":"None","Old_ST_NM":"None","Streetwidt":"31","Route_Type":"Gen_use","RoadwayTyp":"Surface_ST","Build_Stat":"Improved","Record_ST":"N","Paper_ST":"N","Stair_ST":"N","CCO_ST":"N","Marg_Wharf":"N","Edit_Date":null,"Shape_Leng":2946.5091522,"Shape__Length":2946.3866498638122}},{"type":"Feature","id":14519,"geometry":{"type":"MultiLineString","coordinates":[[[-73.9549584851767,40.8076045046856],[-73.95634637513,40.8081816312185]],[[-73.9535011289392,40.8069895646786],[-73.9549502579493,40.8076010831794],[-73.9549584851767,40.8076045046856]],[[-73.9528646822009,40.8067199040985],[-73.9535011289392,40.8069895646786]],[[-73.9506555850492,40.8057929520419],[-73.9528588093511,40.8067174163214],[-73.9528646822009,40.8067199040985]],[[-73.9478213969115,40.8045978427033],[-73.9506555850492,40.8057929520419]],[[-73.9461327449578,40.8038856340918],[-73.947814422671,40.8045949021193],[-73.9478213969115,40.8045978427033]],[[-73.9446010415168,40.8032335169495],[-73.9461327449578,40.8038856340918]],[[-73.9446005878023,40.8032333240247],[-73.9446010415168,40.8032335169495]]]},"properties":{"OBJECTID":14519,"Borough":"Manhattan","Feat_Type":"Mapped_St","Feat_statu":"City_St","Street_NM":"West 120 Street","HonoraryNM":"None","Old_ST_NM":"None","Streetwidt":"60","Route_Type":"Gen_use","RoadwayTyp":"Surface_ST","Build_Stat":"Improved","Record_ST":"N","Paper_ST":"N","Stair_ST":"N","CCO_ST":"N","Marg_Wharf":"N","Edit_Date":null,"Shape_Leng":3718.06421127,"Shape__Length":3718.0642112695709}},{"type":"Feature","id":4103,"geometry":{"type":"LineString","coordinates":[[-73.9605628153596,40.8158904554151],[-73.9605183012298,40.8160220658458],[-73.9604946804313,40.8161587622201],[-73.9604946685512,40.8161588081413],[-73.9604946685244,40.8161588531662],[-73.9604931637774,40.8162976813848],[-73.9604931637346,40.8162977534245],[-73.9604931755447,40.8162978254683],[-73.9605140614297,40.8164357077269],[-73.9605140732291,40.8164357977807],[-73.9605140968814,40.8164358878385],[-73.9605566404826,40.8165697441745],[-73.9605566759671,40.8165698693557],[-73.9605567470044,40.8165700044545],[-73.960619338042,40.8166971409075],[-73.9606932973116,40.8168024783664],[-73.960748618277,40.816917463661],[-73.9607823986483,40.8170391052803],[-73.9607929099698,40.8171636845032],[-73.9607929217438,40.8171638186812],[-73.9607929098107,40.8171639546522],[-73.9607798579055,40.8172876055516],[-73.9607798459729,40.8172877406221],[-73.9607798103342,40.8172878756845],[-73.9607442875836,40.8174071533232],[-73.9606886190019,40.8175187950727]]},"properties":{"OBJECTID":4103,"Borough":"Manhattan","Feat_Type":"Mapped_St","Feat_statu":"City_St","Street_NM":"Riverside Drive","HonoraryNM":"None","Old_ST_NM":"None","Streetwidt":"Unknown","Route_Type":"Gen_use","RoadwayTyp":"Surface_ST","Build_Stat":"Improved","Record_ST":"N","Paper_ST":"N","Stair_ST":"N","CCO_ST":"N","Marg_Wharf":"N","Edit_Date":null,"Shape_Leng":613.08588778,"Shape__Length":613.0858877853326}},{"type":"Feature","id":13898,"geometry":{"type":"MultiLineString","coordinates":[[[-73.9545021316928,40.8082324374856],[-73.9558856142746,40.8088105258942]],[[-73.9530416409392,40.8076188808685],[-73.9544927006628,40.808228496785],[-73.9545021316928,40.8082324374856]],[[-73.952911905777,40.8075604315349],[-73.9530416409392,40.8076188808685]],[[-73.9501978215742,40.8064208430808],[-73.9502939985733,40.806461218818],[-73.9529059393676,40.8075577438117],[-73.952911905777,40.8075604315349]],[[-73.947362007694,40.805226035248],[-73.9501978215742,40.8064208430808]],[[-73.9456940474187,40.8045232246374],[-73.947362007694,40.805226035248]]]},"properties":{"OBJECTID":13898,"Borough":"Manhattan","Feat_Type":"Mapped_St","Feat_statu":"City_St","Street_NM":"West 121 Street","HonoraryNM":"None","Old_ST_NM":"None","Streetwidt":"60","Route_Type":"Gen_use","RoadwayTyp":"Surface_ST","Build_Stat":"Improved","Record_ST":"N","Paper_ST":"N","Stair_ST":"N","CCO_ST":"N","Marg_Wharf":"N","Edit_Date":null,"Shape_Leng":3224.95750588,"Shape__Length":3224.9575058686378}},{"type":"Feature","id":4295,"geometry":{"type":"MultiLineString","coordinates":[[[-73.9563225899695,40.8031236203944],[-73.9558623027209,40.8037519933644]],[[-73.9567795501095,40.8024957215441],[-73.9563225899695,40.8031236203944]],[[-73.9572389319532,40.8018662368425],[-73.9567795501095,40.8024957215441]],[[-73.9576968457128,40.8012396223043],[-73.9572389319532,40.8018662368425]],[[-73.9580153698177,40.8008076143489],[-73.9576968457128,40.8012396223043]]]},"properties":{"OBJECTID":4295,"Borough":"Manhattan","Feat_Type":"Mapped_St","Feat_statu":"City_St","Street_NM":"Frederick Douglass Boulevard","HonoraryNM":"None","Old_ST_NM":"None","Streetwidt":"100","Route_Type":"Mjr_st","RoadwayTyp":"Surface_ST","Build_Stat":"Improved","Record_ST":"N","Paper_ST":"N","Stair_ST":"N","CCO_ST":"N","Marg_Wharf":"N","Edit_Date":null,"Shape_Leng":1227.23169481,"Shape__Length":1227.2316948125529}},{"type":"Feature","id":14771,"geometry":{"type":"LineString","coordinates":[[-73.9540123675848,40.8113780583734],[-73.9548360992205,40.8117335141974]]},"properties":{"OBJECTID":14771,"Borough":"Manhattan","Feat_Type":"Mapped_St","Feat_statu":"City_St","Street_NM":"Roosevelt Square","HonoraryNM":"None","Old_ST_NM":"None","Streetwidt":"\u003e100","Route_Type":"Mjr_st","RoadwayTyp":"Surface_ST","Build_Stat":"Improved","Record_ST":"N","Paper_ST":"N","Stair_ST":"N","CCO_ST":"N","Marg_Wharf":"N","Edit_Date":null,"Shape_Leng":262.23266643,"Shape__Length":262.23266642806044}},{"type":"Feature","id":13735,"geometry":{"type":"MultiLineString","coordinates":[[[-73.9596810963169,40.8137900044041],[-73.9597936997298,40.8138317520637]],[[-73.9591569992393,40.8135956916071],[-73.9596810963169,40.8137900044041]]]},"properties":{"OBJECTID":13735,"Borough":"Manhattan","Feat_Type":"Mapped_St","Feat_statu":"City_St","Street_NM":"La Salle Street","HonoraryNM":"None","Old_ST_NM":"None","Streetwidt":"60-80","Route_Type":"Gen_use","RoadwayTyp":"Surface_ST","Build_Stat":"Improved","Record_ST":"N","Paper_ST":"N","Stair_ST":"N","CCO_ST":"N","Marg_Wharf":"N","Edit_Date":null,"Shape_Leng":196.1089892,"Shape__Length":196.10898919797006}},{"type":"Feature","id":4358,"geometry":{"type":"LineString","coordinates":[[-73.9615708207867,40.8112136398373],[-73.9614614895653,40.8111676050167],[-73.958728317385,40.8100167952672]]},"properties":{"OBJECTID":4358,"Borough":"Manhattan","Feat_Type":"Mapped_St","Feat_statu":"City_St","Street_NM":"West 121 Street","HonoraryNM":"None","Old_ST_NM":"None","Streetwidt":"60","Route_Type":"Gen_use","RoadwayTyp":"Surface_ST","Build_Stat":"Improved","Record_ST":"N","Paper_ST":"N","Stair_ST":"N","CCO_ST":"N","Marg_Wharf":"N","Edit_Date":null,"Shape_Leng":899.60926911,"Shape__Length":899.609269107355}},{"type":"Feature","id":9267,"geometry":{"type":"MultiLineString","coordinates":[[[-73.9532779951796,40.8098878865887],[-73.9535299719328,40.809555198557],[-73.9535801465877,40.8094862145006]],[[-73.9535801465877,40.8094862145006],[-73.9539867988689,40.8089271078312],[-73.9540368149633,40.8088598227462]],[[-73.9540368149633,40.8088598227462],[-73.954454794102,40.8082975158153],[-73.9545021316928,40.8082324374856]],[[-73.9545021316928,40.8082324374856],[-73.9549143734833,40.8076656961186],[-73.9549584851767,40.8076045046856]],[[-73.9549584851767,40.8076045046856],[-73.9553652031307,40.8070402943971],[-73.9554129895315,40.8069748439489]],[[-73.9554129895315,40.8069748439489],[-73.9558261324716,40.8064089730449],[-73.9558723452121,40.8063454848837]],[[-73.9558723452121,40.8063454848837],[-73.9562821874778,40.8057824241855],[-73.9563296026983,40.8057164022879]],[[-73.9563296026983,40.8057164022879],[-73.9568165993648,40.8050382814973]],[[-73.9568165993648,40.8050382814973],[-73.95689812609,40.8049247573144],[-73.9573186778345,40.8043641191549]]]},"properties":{"OBJECTID":9267,"Borough":"Manhattan","Feat_Type":"Mapped_St","Feat_statu":"City_St","Street_NM":"Manhattan Avenue","HonoraryNM":"None","Old_ST_NM":"None","Streetwidt":"80","Route_Type":"Gen_use","RoadwayTyp":"Surface_ST","Build_Stat":"Improved","Record_ST":"N","Paper_ST":"N","Stair_ST":"N","CCO_ST":"N","Marg_Wharf":"N","Edit_Date":null,"Shape_Leng":2302.53956491,"Shape__Length":2302.5395649132224}},{"type":"Feature","id":12871,"geometry":{"type":"MultiLineString","coordinates":[[[-73.9700488641318,40.8022732850855],[-73.9702173906379,40.8023441268822]],[[-73.968585050415,40.8016437446748],[-73.9700488641318,40.8022732850855]],[[-73.9678752383829,40.8013599728666],[-73.9679856016736,40.8014065413664],[-73.968585050415,40.8016437446748]],[[-73.9657128837317,40.8004463446107],[-73.9677604464307,40.8013117911288],[-73.9678752383829,40.8013599728666]],[[-73.9628712417314,40.7992479514433],[-73.9657128837317,40.8004463446107]],[[-73.9614792394382,40.7986624311234],[-73.9628712417314,40.7992479514433]],[[-73.9600460035269,40.7980495098589],[-73.9614792394382,40.7986624311234]]]},"properties":{"OBJECTID":12871,"Borough":"Manhattan","Feat_Type":"Mapped_St","Feat_statu":"City_St","Street_NM":"West 106 Street / Duke Ellington","HonoraryNM":"None","Old_ST_NM":"None","Streetwidt":"100","Route_Type":"Gen_use","RoadwayTyp":"Surface_ST","Build_Stat":"Improved","Record_ST":"N","Paper_ST":"N","Stair_ST":"N","CCO_ST":"N","Marg_Wharf":"N","Edit_Date":null,"Shape_Leng":3221.67238037,"Shape__Length":3221.672380376197}},{"type":"Feature","id":11637,"geometry":{"type":"MultiLineString","coordinates":[[[-73.9572389319532,40.8018662368425],[-73.9586898322,40.8024780697226]],[[-73.9543967242501,40.8006676131826],[-73.9572389319532,40.8018662368425]],[[-73.9524595416526,40.7998515508053],[-73.9543956035575,40.8006671408776],[-73.9543967242501,40.8006676131826]],[[-73.9515632750974,40.7994804906733],[-73.9524595416526,40.7998515508053]],[[-73.9515512878418,40.7994755274854],[-73.9515632750974,40.7994804906733]]]},"properties":{"OBJECTID":11637,"Borough":"Manhattan","Feat_Type":"Mapped_St","Feat_statu":"City_St","Street_NM":"West 112 Street","HonoraryNM":"None","Old_ST_NM":"None","Streetwidt":"60","Route_Type":"Gen_use","RoadwayTyp":"Surface_ST","Build_Stat":"Improved","Record_ST":"N","Paper_ST":"N","Stair_ST":"N","CCO_ST":"N","Marg_Wharf":"N","Edit_Date":null,"Shape_Leng":2258.93976631,"Shape__Length":2258.9397663232339}},{"type":"Feature","id":14293,"geometry":{"type":"MultiLineString","coordinates":[[[-73.959720239102,40.8155346118621],[-73.9605628153596,40.8158904554151]],[[-73.9587152588079,40.8151229507078],[-73.959720239102,40.8155346118621]]]},"properties":{"OBJECTID":14293,"Borough":"Manhattan","Feat_Type":"Mapped_St","Feat_statu":"City_St","Street_NM":"Tiemann Place","HonoraryNM":"None","Old_ST_NM":"None","Streetwidt":"100","Route_Type":"Gen_use","RoadwayTyp":"Surface_ST","Build_Stat":"Improved","Record_ST":"N","Paper_ST":"N","Stair_ST":"N","CCO_ST":"N","Marg_Wharf":"N","Edit_Date":null,"Shape_Leng":582.87305294,"Shape__Length":582.87305295498027}},{"type":"Feature","id":9175,"geometry":{"type":"MultiLineString","coordinates":[[[-73.9681123116453,40.8023553513752],[-73.9695611159997,40.8029461551873]],[[-73.9677978875903,40.8022122341072],[-73.9678018767829,40.8022139227567],[-73.9681123116453,40.8023553513752]],[[-73.9652168571059,40.801119866746],[-73.9677978875903,40.8022122341072]],[[-73.9623781215491,40.7999226438888],[-73.9652168571059,40.801119866746]],[[-73.9609846164649,40.7993370181163],[-73.9623781215491,40.7999226438888]],[[-73.959538028523,40.7987268001908],[-73.9609846164649,40.7993370181163]]]},"properties":{"OBJECTID":9175,"Borough":"Manhattan","Feat_Type":"Mapped_St","Feat_statu":"City_St","Street_NM":"West 107 Street","HonoraryNM":"None","Old_ST_NM":"None","Streetwidt":"60","Route_Type":"Gen_use","RoadwayTyp":"Surface_ST","Build_Stat":"Improved","Record_ST":"N","Paper_ST":"N","Stair_ST":"N","CCO_ST":"N","Marg_Wharf":"N","Edit_Date":null,"Shape_Leng":3172.45429032,"Shape__Length":3172.4542903103015}},{"type":"Feature","id":2483,"geometry":{"type":"LineString","coordinates":[[-73.953080134997,40.8101023616007],[-73.9530623846962,40.809895559506]]},"properties":{"OBJECTID":2483,"Borough":"Manhattan","Feat_Type":"Mapped_St","Feat_statu":"City_St","Street_NM":"St. Nicholas Avenue","HonoraryNM":"Harriet Tubman Avenue","Old_ST_NM":"None","Streetwidt":"width varies ~100","Route_Type":"Mjr_st","RoadwayTyp":"Surface_ST","Build_Stat":"Improved","Record_ST":"N","Paper_ST":"N","Stair_ST":"N","CCO_ST":"N","Marg_Wharf":"N","Edit_Date":null,"Shape_Leng":75.50539516,"Shape__Length":75.505395157318546}},{"type":"Feature","id":3141,"geometry":{"type":"LineString","coordinates":[[-73.9557083402714,40.814152237883],[-73.9569194665665,40.8155533653708]]},"properties":{"OBJECTID":3141,"Borough":"Manhattan","Feat_Type":"Mapped_St","Feat_statu":"City_St","Street_NM":"West 126 Street","HonoraryNM":"None","Old_ST_NM":"None","Streetwidt":"76","Route_Type":"Gen_use","RoadwayTyp":"Surface_ST","Build_Stat":"Improved","Record_ST":"N","Paper_ST":"N","Stair_ST":"N","CCO_ST":"N","Marg_Wharf":"N","Edit_Date":null,"Shape_Leng":610.71998632,"Shape__Length":610.71998633196586}},{"type":"Feature","id":8102,"geometry":{"type":"MultiLineString","coordinates":[[[-73.9586202320089,40.7999853007021],[-73.9583344884542,40.8003733283373]],[[-73.9590781305533,40.7993605085076],[-73.9586202320089,40.7999853007021]],[[-73.959538028523,40.7987268001908],[-73.9590781305533,40.7993605085076]],[[-73.9600460035269,40.7980495098589],[-73.959538028523,40.7987268001908]],[[-73.960524156962,40.7973767437291],[-73.9600460035269,40.7980495098589]],[[-73.9609811576354,40.7967469186327],[-73.960524156962,40.7973767437291]],[[-73.9614420469027,40.7961191010805],[-73.9609811576354,40.7967469186327]],[[-73.9619012944338,40.7954875440084],[-73.9614420469027,40.7961191010805]],[[-73.9623612417342,40.7948603346909],[-73.9619012944338,40.7954875440084]],[[-73.9628073465538,40.7942440871064],[-73.9623612417342,40.7948603346909]],[[-73.9641550004078,40.7924017075976],[-73.9637124057119,40.7930212079772],[-73.9628073465538,40.7942440871064]],[[-73.9646868476507,40.7916722997274],[-73.9641774253566,40.7923703186192],[-73.9641550004078,40.7924017075976]],[[-73.9651784953533,40.7909986136766],[-73.9646868476507,40.7916722997274]],[[-73.9656326368701,40.7903757376473],[-73.9651784953533,40.7909986136766]],[[-73.9660964467041,40.7897426617412],[-73.9656341391049,40.790373676849],[-73.9656326368701,40.7903757376473]],[[-73.9665537082375,40.7891154253596],[-73.9660964467041,40.7897426617412]],[[-73.967011211509,40.7884850624357],[-73.9665537082375,40.7891154253596]],[[-73.967450524628,40.7878689933593],[-73.967011211509,40.7884850624357]],[[-73.9679284049226,40.787229842638],[-73.967450524628,40.7878689933593]],[[-73.9683862343303,40.7866039685716],[-73.9679284049226,40.787229842638]],[[-73.9688452303513,40.7859756597889],[-73.9683862343303,40.7866039685716]],[[-73.9693371755832,40.7853015511815],[-73.9688452303513,40.7859756597889]],[[-73.9698336970958,40.7846191822043],[-73.9693371755832,40.7853015511815]],[[-73.9703021241465,40.7839836847995],[-73.9698336970958,40.7846191822043]],[[-73.9707615728075,40.783348408279],[-73.9703021241465,40.7839836847995]],[[-73.9712243647617,40.7827145264796],[-73.9707615728075,40.783348408279]],[[-73.9717244974608,40.7820297474569],[-73.9712243647617,40.7827145264796]],[[-73.9735726174326,40.7794861325956],[-73.9717244974608,40.7820297474569]],[[-73.974068124305,40.778813687001],[-73.9735726174326,40.7794861325956]],[[-73.9745337569805,40.778176055041],[-73.974068124305,40.778813687001]],[[-73.97499888231,40.7775408154656],[-73.9745337569805,40.778176055041]],[[-73.975461675133,40.7769073753626],[-73.97499888231,40.7775408154656]],[[-73.9759501599814,40.7762368857221],[-73.9754621148355,40.7769067730199],[-73.975461675133,40.7769073753626]],[[-73.9764590813122,40.7755406212291],[-73.975956616727,40.7762280243218],[-73.9759501599814,40.7762368857221]],[[-73.9769131257134,40.7749173940307],[-73.9764590813122,40.7755406212291]],[[-73.9773722935072,40.7742892762614],[-73.9769131257134,40.7749173940307]],[[-73.9778278363663,40.7736644607532],[-73.9773722935072,40.7742892762614]],[[-73.9782836441356,40.7730401477186],[-73.9778278363663,40.7736644607532]],[[-73.9787239108943,40.7724271672909],[-73.9782836441356,40.7730401477186]],[[-73.9791935882098,40.7717895346599],[-73.9787239108943,40.7724271672909]],[[-73.9796537771088,40.7711635959189],[-73.9791935882098,40.7717895346599]],[[-73.9801132588236,40.7705366375918],[-73.9796537771088,40.7711635959189]],[[-73.980565150206,40.7699135932855],[-73.9801132588236,40.7705366375918]],[[-73.9810243438689,40.7692811020699],[-73.980565150206,40.7699135932855]],[[-73.9816494902489,40.7684445903747],[-73.9810243438689,40.7692811020699]]]},"properties":{"OBJECTID":8102,"Borough":"Manhattan","Feat_Type":"Mapped_St","Feat_statu":"City_St","Street_NM":"Central Park West","HonoraryNM":"None","Old_ST_NM":"None","Streetwidt":"100","Route_Type":"Mjr_st","RoadwayTyp":"Surface_ST","Build_Stat":"Improved","Record_ST":"N","Paper_ST":"N","Stair_ST":"N","CCO_ST":"N","Marg_Wharf":"N","Edit_Date":null,"Shape_Leng":13304.5718968,"Shape__Length":13304.571896807121}},{"type":"Feature","id":10492,"geometry":{"type":"MultiLineString","coordinates":[[[-73.9606886357023,40.8141995266296],[-73.959720239102,40.8155346118621]],[[-73.9621070577431,40.8122598354814],[-73.9606886357023,40.8141995266296]],[[-73.9630598880759,40.8109554666315],[-73.9621070577431,40.8122598354814]]]},"properties":{"OBJECTID":10492,"Borough":"Manhattan","Feat_Type":"Mapped_St","Feat_statu":"City_St","Street_NM":"Claremont Avenue","HonoraryNM":"None","Old_ST_NM":"None","Streetwidt":"80","Route_Type":"Gen_use","RoadwayTyp":"Surface_ST","Build_Stat":"Improved","Record_ST":"N","Paper_ST":"N","Stair_ST":"N","CCO_ST":"N","Marg_Wharf":"N","Edit_Date":null,"Shape_Leng":1907.35145341,"Shape__Length":1907.3514534183514}},{"type":"Feature","id":4492,"geometry":{"type":"LineString","coordinates":[[-73.9548360992205,40.8117335141974],[-73.9542895363585,40.8110005087983]]},"properties":{"OBJECTID":4492,"Borough":"Manhattan","Feat_Type":"Mapped_St","Feat_statu":"City_St","Street_NM":"Roosevelt Square","HonoraryNM":"None","Old_ST_NM":"None","Streetwidt":"\u003e100","Route_Type":"Mjr_st","RoadwayTyp":"Surface_ST","Build_Stat":"Improved","Record_ST":"N","Paper_ST":"N","Stair_ST":"N","CCO_ST":"N","Marg_Wharf":"N","Edit_Date":null,"Shape_Leng":306.939986,"Shape__Length":306.93998600759045}},{"type":"Feature","id":16045,"geometry":{"type":"MultiLineString","coordinates":[[[-73.9681123116453,40.8023553513752],[-73.9680058605086,40.8025215756191]],[[-73.968585050415,40.8016437446748],[-73.9681123116453,40.8023553513752]],[[-73.9695059142302,40.8003382680122],[-73.9690472409139,40.8009649653294],[-73.968585050415,40.8016437446748]],[[-73.9699655798657,40.7997097410546],[-73.9695059142302,40.8003382680122]]]},"properties":{"OBJECTID":16045,"Borough":"Manhattan","Feat_Type":"Mapped_St","Feat_statu":"City_St","Street_NM":"West End Avenue","HonoraryNM":"None","Old_ST_NM":"None","Streetwidt":"100","Route_Type":"Mjr_st","RoadwayTyp":"Surface_ST","Build_Stat":"Improved","Record_ST":"N","Paper_ST":"N","Stair_ST":"N","CCO_ST":"N","Marg_Wharf":"N","Edit_Date":null,"Shape_Leng":1159.47337851,"Shape__Length":1159.47337851498}},{"type":"Feature","id":12387,"geometry":{"type":"MultiLineString","coordinates":[[[-73.9458253878761,40.8327737429573],[-73.9453338690914,40.8334554421157]],[[-73.9467705738527,40.8314797767425],[-73.9458253878761,40.8327737429573]],[[-73.9472211430898,40.8308563901816],[-73.9472186780144,40.8308597938249],[-73.9467705738527,40.8314797767425]],[[-73.947228693792,40.8308459632035],[-73.9472211430898,40.8308563901816]],[[-73.9476740030178,40.8302310046396],[-73.947228693792,40.8308459632035]],[[-73.9481387251859,40.8296069823402],[-73.9476740030178,40.8302310046396]],[[-73.9485971587388,40.8289924861455],[-73.9481387251859,40.8296069823402]],[[-73.9490493199209,40.8283636890341],[-73.9485971587388,40.8289924861455]],[[-73.9494952013243,40.8277348873377],[-73.9490493199209,40.8283636890341]],[[-73.9499536154338,40.8271108556169],[-73.9494952013243,40.8277348873377]],[[-73.9504486115456,40.8264406612223],[-73.9499536154338,40.8271108556169]],[[-73.9509448822897,40.8257662211383],[-73.9504513729077,40.8264369226505],[-73.9504486115456,40.8264406612223]],[[-73.9513976100064,40.8251437146095],[-73.9509448822897,40.8257662211383]],[[-73.9518516303121,40.8245170428892],[-73.9513976100064,40.8251437146095]],[[-73.9523021831687,40.8238951098974],[-73.9518516303121,40.8245170428892]],[[-73.9527627240244,40.8232700238379],[-73.9523021831687,40.8238951098974]],[[-73.953220184684,40.8226519341851],[-73.9527627240244,40.8232700238379]],[[-73.9536735894187,40.8220260688452],[-73.953220184684,40.8226519341851]],[[-73.9541269469334,40.8213978639537],[-73.9536735894187,40.8220260688452]],[[-73.9545825178979,40.8207756725057],[-73.9541269469334,40.8213978639537]],[[-73.9550781919379,40.8201054488344],[-73.9545825178979,40.8207756725057]],[[-73.955570826645,40.8194382015346],[-73.9550781919379,40.8201054488344]],[[-73.9560262957927,40.8188091702829],[-73.955570826645,40.8194382015346]],[[-73.956490691836,40.8181846952518],[-73.9560262957927,40.8188091702829]],[[-73.956938071206,40.8175565280032],[-73.956490691836,40.8181846952518]],[[-73.9573915607862,40.8169484783179],[-73.956938071206,40.8175565280032]],[[-73.95784209967,40.8163337800443],[-73.9573915607862,40.8169484783179]],[[-73.9582959141285,40.8156990675866],[-73.95784209967,40.8163337800443]],[[-73.9587152588079,40.8151229507078],[-73.9582959141285,40.8156990675866]],[[-73.9596810963169,40.8137900044041],[-73.9587152588079,40.8151229507078]],[[-73.9606577979002,40.8124671498207],[-73.960178813639,40.8131095066268],[-73.9596834853876,40.8137867076179],[-73.9596810963169,40.8137900044041]],[[-73.9611125084532,40.8118385747998],[-73.9606577979002,40.8124671498207]],[[-73.9615708207867,40.8112136398373],[-73.9611125084532,40.8118385747998]],[[-73.9620570268998,40.8105415512993],[-73.9615708207867,40.8112136398373]],[[-73.9638841784867,40.8080232882922],[-73.9629349073713,40.8093274459773],[-73.9624759500352,40.8099586790147],[-73.9620570268998,40.8105415512993]]]},"properties":{"OBJECTID":12387,"Borough":"Manhattan","Feat_Type":"Mapped_St","Feat_statu":"City_St","Street_NM":"Broadway","HonoraryNM":"None","Old_ST_NM":"None","Streetwidt":"150","Route_Type":"Mjr_st","RoadwayTyp":"Surface_ST","Build_Stat":"Improved","Record_ST":"N","Paper_ST":"N","Stair_ST":"N","CCO_ST":"N","Marg_Wharf":"N","Edit_Date":null,"Shape_Leng":10593.4181304,"Shape__Length":10593.418130418186}},{"type":"Feature","id":4933,"geometry":{"type":"MultiLineString","coordinates":[[[-73.9551933277696,40.8135576295359],[-73.9557083402714,40.814152237883]],[[-73.9535452682432,40.8120590985886],[-73.9541081729011,40.8123047204421],[-73.9551933277696,40.8135576295359]],[[-73.9520872251071,40.8114446046648],[-73.952102689621,40.8114511306944],[-73.9535452682432,40.8120590985886]],[[-73.9506811921413,40.8108512410705],[-73.9520872251071,40.8114446046648]]]},"properties":{"OBJECTID":4933,"Borough":"Manhattan","Feat_Type":"Mapped_St","Feat_statu":"City_St","Street_NM":"West 126 Street","HonoraryNM":"None","Old_ST_NM":"None","Streetwidt":"60","Route_Type":"Gen_use","RoadwayTyp":"Surface_ST","Build_Stat":"Improved","Record_ST":"N","Paper_ST":"N","Stair_ST":"N","CCO_ST":"N","Marg_Wharf":"N","Edit_Date":null,"Shape_Leng":1892.23924415,"Shape__Length":1892.2392441521711}},{"type":"Feature","id":9416,"geometry":{"type":"MultiLineString","coordinates":[[[-73.9603587298947,40.8179673997188],[-73.9604774450476,40.81809718405],[-73.9608158603844,40.8184671785942],[-73.9609120345538,40.8185731546763],[-73.9609551169867,40.8186206254496]],[[-73.9594947287876,40.8170157515008],[-73.9603587298947,40.8179673997188]],[[-73.9582959141285,40.8156990675866],[-73.9583964064683,40.8158051644443],[-73.9594947287876,40.8170157515008]],[[-73.9578296579166,40.8151643268452],[-73.9582009718685,40.8155886952899],[-73.9582959141285,40.8156990675866]],[[-73.956271019814,40.8133833008509],[-73.9570788245297,40.8143063711329],[-73.9571083392089,40.8143400985385],[-73.957170739405,40.8144114024038],[-73.9578296579166,40.8151643268452]],[[-73.9548360992205,40.8117335141974],[-73.9549010274234,40.8118081665631],[-73.9549723722278,40.8118901973743],[-73.9555035207196,40.8125008887878],[-73.956271019814,40.8133833008509]]]},"properties":{"OBJECTID":9416,"Borough":"Manhattan","Feat_Type":"Mapped_St","Feat_statu":"City_St","Street_NM":"West 125 Street","HonoraryNM":"None","Old_ST_NM":"None","Streetwidt":"100","Route_Type":"Mjr_st","RoadwayTyp":"Surface_ST","Build_Stat":"Improved","Record_ST":"N","Paper_ST":"N","Stair_ST":"N","CCO_ST":"N","Marg_Wharf":"N","Edit_Date":null,"Shape_Leng":3027.52920268,"Shape__Length":3027.5292026837024}},{"type":"Feature","id":2225,"geometry":{"type":"LineString","coordinates":[[-73.9516652168523,40.8094983362518],[-73.953080134997,40.8101023616007]]},"properties":{"OBJECTID":2225,"Borough":"Manhattan","Feat_Type":"Mapped_St","Feat_statu":"City_St","Street_NM":"West 124 Street","HonoraryNM":"None","Old_ST_NM":"None","Streetwidt":"60","Route_Type":"Gen_use","RoadwayTyp":"Surface_ST","Build_Stat":"Improved","Record_ST":"N","Paper_ST":"N","Stair_ST":"N","CCO_ST":"N","Marg_Wharf":"N","Edit_Date":null,"Shape_Leng":449.27249454,"Shape__Length":449.27249454889568}},{"type":"Feature","id":21232,"geometry":{"type":"LineString","coordinates":[[-73.9758341497645,40.7971569624602],[-73.9754956387549,40.7978968262267],[-73.9750508050372,40.7991005681964],[-73.9749832944006,40.7992961870811],[-73.9747967653358,40.7997559441719],[-73.9746842574009,40.8000058315162],[-73.9744949273959,40.800379711335],[-73.9743261981807,40.8006819633947],[-73.9739701033557,40.8012434438764],[-73.9735359355383,40.8018878791039],[-73.9731242795261,40.8024860448391],[-73.9725792417313,40.8032554586023],[-73.9707650671204,40.8056656488954],[-73.9701633213909,40.806420267389],[-73.9692886251949,40.8075849989683],[-73.9687819263848,40.8083056090808],[-73.9683863527159,40.8088778399173],[-73.9679496774868,40.8095592460154],[-73.9676331190006,40.8100633292987],[-73.9671479732071,40.8108358489993],[-73.9665105920478,40.8116939768915],[-73.9658000063821,40.8126506407173],[-73.9651319115304,40.8135500682553],[-73.9649987383874,40.8137755304747],[-73.9647163958551,40.8142775077339],[-73.9644335510746,40.8147443340964],[-73.9641946214534,40.8151136585318],[-73.9639833291867,40.8154269531473],[-73.9637614000525,40.8157456884233],[-73.9634975368855,40.8160670097242],[-73.9630662716605,40.8165448337193],[-73.9626761935323,40.8169538840443],[-73.9621779915882,40.8174428077043],[-73.96163757688,40.817948129395],[-73.9609551169867,40.8186206254496]]},"properties":{"OBJECTID":21232,"Borough":"Manhattan","Feat_Type":"Mapped_St","Feat_statu":"City_St","Street_NM":"Henry Hudson Parkway","HonoraryNM":"None","Old_ST_NM":"None","Streetwidt":"Unknown","Route_Type":"Artrl","RoadwayTyp":"Surface_ST","Build_Stat":"Improved","Record_ST":"N","Paper_ST":"N","Stair_ST":"N","CCO_ST":"N","Marg_Wharf":"N","Edit_Date":null,"Shape_Leng":8879.29233833,"Shape__Length":8879.2923383326925}},{"type":"Feature","id":6562,"geometry":{"type":"MultiLineString","coordinates":[[[-73.9551933277696,40.8135576295359],[-73.9552048177891,40.8135624057366]],[[-73.9531299818671,40.8126998858587],[-73.9551933277696,40.8135576295359]],[[-73.951510260901,40.8120174159375],[-73.9531299818671,40.8126998858587]],[[-73.9502171667921,40.8114858566294],[-73.9515068106327,40.8120159619836],[-73.951510260901,40.8120174159375]]]},"properties":{"OBJECTID":6562,"Borough":"Manhattan","Feat_Type":"Mapped_St","Feat_statu":"City_St","Street_NM":"West 127 Street","HonoraryNM":"None","Old_ST_NM":"None","Streetwidt":"60","Route_Type":"Gen_use","RoadwayTyp":"Surface_ST","Build_Stat":"Improved","Record_ST":"N","Paper_ST":"N","Stair_ST":"N","CCO_ST":"N","Marg_Wharf":"N","Edit_Date":null,"Shape_Leng":1574.35886893,"Shape__Length":1574.35886891578}},{"type":"Feature","id":9270,"geometry":{"type":"LineString","coordinates":[[-73.9653929704632,40.8086740683417],[-73.9657622476637,40.8088188967494],[-73.9658155754386,40.8088498545895]]},"properties":{"OBJECTID":9270,"Borough":"Manhattan","Feat_Type":"Mapped_St","Feat_statu":"City_St","Street_NM":"West 116 Street","HonoraryNM":"None","Old_ST_NM":"None","Streetwidt":"100","Route_Type":"Gen_use","RoadwayTyp":"Surface_ST","Build_Stat":"Improved","Record_ST":"N","Paper_ST":"N","Stair_ST":"N","CCO_ST":"N","Marg_Wharf":"N","Edit_Date":null,"Shape_Leng":133.61959952,"Shape__Length":133.61959950787059}},{"type":"Feature","id":2099,"geometry":{"type":"LineString","coordinates":[[-73.9545065608827,40.810704658608],[-73.9542895363585,40.8110005087983]]},"properties":{"OBJECTID":2099,"Borough":"Manhattan","Feat_Type":"Mapped_St","Feat_statu":"City_St","Street_NM":"Morningside Avenue","HonoraryNM":"None","Old_ST_NM":"None","Streetwidt":"100","Route_Type":"Gen_use","RoadwayTyp":"Surface_ST","Build_Stat":"Improved","Record_ST":"N","Paper_ST":"N","Stair_ST":"N","CCO_ST":"N","Marg_Wharf":"N","Edit_Date":null,"Shape_Leng":123.40023301,"Shape__Length":123.4002330224547}},{"type":"Feature","id":6178,"geometry":{"type":"MultiLineString","coordinates":[[[-73.9537450787695,40.8103763465527],[-73.9545065608827,40.810704658608]],[[-73.9536253223249,40.8103270024857],[-73.9537450787695,40.8103763465527]],[[-73.953110974953,40.8101150693679],[-73.9536253223249,40.8103270024857]],[[-73.953080134997,40.8101023616007],[-73.953110974953,40.8101150693679]]]},"properties":{"OBJECTID":6178,"Borough":"Manhattan","Feat_Type":"Mapped_St","Feat_statu":"City_St","Street_NM":"West 124 Street","HonoraryNM":"None","Old_ST_NM":"None","Streetwidt":"\u003e75","Route_Type":"Gen_use","RoadwayTyp":"Surface_ST","Build_Stat":"Improved","Record_ST":"N","Paper_ST":"N","Stair_ST":"N","CCO_ST":"N","Marg_Wharf":"N","Edit_Date":null,"Shape_Leng":451.76392083,"Shape__Length":451.76392083420427}},{"type":"Feature","id":14431,"geometry":{"type":"LineString","coordinates":[[-73.952531186471,40.8032248055104],[-73.9520360309822,40.803906305296]]},"properties":{"OBJECTID":14431,"Borough":"Manhattan","Feat_Type":"Mapped_St","Feat_statu":"City_St","Street_NM":"7 Avenue","HonoraryNM":"Zora Neale Hurston Place","Old_ST_NM":"None","Streetwidt":"150","Route_Type":"Gen_use","RoadwayTyp":"Surface_ST","Build_Stat":"Improved","Record_ST":"N","Paper_ST":"N","Stair_ST":"N","CCO_ST":"N","Marg_Wharf":"N","Edit_Date":null,"Shape_Leng":283.62303732,"Shape__Length":283.62303732736854}},{"type":"Feature","id":5202,"geometry":{"type":"MultiLineString","coordinates":[[[-73.9558723452121,40.8063454848837],[-73.9572672540653,40.8069244482618]],[[-73.9544174817792,40.8057334559882],[-73.955870656898,40.8063447845501],[-73.9558723452121,40.8063454848837]],[[-73.9527703299042,40.8050404823694],[-73.9544174817792,40.8057334559882]],[[-73.9515731379815,40.8045348130804],[-73.9527607489871,40.8050364514135],[-73.9527703299042,40.8050404823694]],[[-73.9487389737073,40.8033430588007],[-73.9515731379815,40.8045348130804]],[[-73.9455100736891,40.801978507612],[-73.9487294276321,40.8033390446335],[-73.9487389737073,40.8033430588007]]]},"properties":{"OBJECTID":5202,"Borough":"Manhattan","Feat_Type":"Mapped_St","Feat_statu":"City_St","Street_NM":"West 118 Street","HonoraryNM":"None","Old_ST_NM":"None","Streetwidt":"60","Route_Type":"Gen_use","RoadwayTyp":"Surface_ST","Build_Stat":"Improved","Record_ST":"N","Paper_ST":"N","Stair_ST":"N","CCO_ST":"N","Marg_Wharf":"N","Edit_Date":null,"Shape_Leng":3720.45511143,"Shape__Length":3720.4551114258597}},{"type":"Feature","id":1376,"geometry":{"type":"LineString","coordinates":[[-73.9648846225589,40.8084530755615],[-73.9645606795601,40.808889700044]]},"properties":{"OBJECTID":1376,"Borough":"Manhattan","Feat_Type":"Mapped_St","Feat_statu":"City_St","Street_NM":"Claremont Avenue","HonoraryNM":"None","Old_ST_NM":"None","Streetwidt":"\u003e80","Route_Type":"Gen_use","RoadwayTyp":"Surface_ST","Build_Stat":"Improved","Record_ST":"N","Paper_ST":"N","Stair_ST":"N","CCO_ST":"N","Marg_Wharf":"N","Edit_Date":null,"Shape_Leng":182.61339373,"Shape__Length":182.61339373325239}},{"type":"Feature","id":7281,"geometry":{"type":"MultiLineString","coordinates":[[[-73.9667025106803,40.8041767522103],[-73.9668047152379,40.8042158363168],[-73.9679144946074,40.804688788099],[-73.96801567837,40.8047319086804]],[[-73.9638627039582,40.8029803136481],[-73.9665987571292,40.8041310398928],[-73.9667025106803,40.8041767522103]],[[-73.9610793790289,40.8018086327028],[-73.9638627039582,40.8029803136481]]]},"properties":{"OBJECTID":7281,"Borough":"Manhattan","Feat_Type":"Mapped_St","Feat_statu":"City_St","Street_NM":"Cathedral Parkway","HonoraryNM":"None","Old_ST_NM":"None","Streetwidt":"100","Route_Type":"Mjr_st","RoadwayTyp":"Surface_ST","Build_Stat":"Improved","Record_ST":"N","Paper_ST":"N","Stair_ST":"N","CCO_ST":"N","Marg_Wharf":"N","Edit_Date":null,"Shape_Leng":2195.93636028,"Shape__Length":2195.9363602715521}},{"type":"Feature","id":5907,"geometry":{"type":"LineString","coordinates":[[-73.9558623027209,40.8037519933644],[-73.9573186778345,40.8043641191549]]},"properties":{"OBJECTID":5907,"Borough":"Manhattan","Feat_Type":"Mapped_St","Feat_statu":"City_St","Street_NM":"West 115 Street","HonoraryNM":"None","Old_ST_NM":"None","Streetwidt":"60","Route_Type":"Gen_use","RoadwayTyp":"Surface_ST","Build_Stat":"Improved","Record_ST":"N","Paper_ST":"N","Stair_ST":"N","CCO_ST":"N","Marg_Wharf":"N","Edit_Date":null,"Shape_Leng":460.76377017,"Shape__Length":460.76377018569912}},{"type":"Feature","id":6757,"geometry":{"type":"MultiLineString","coordinates":[[[-73.9525926947559,40.8107736104108],[-73.9540123675848,40.8113780583734]],[[-73.9511669233829,40.8101811720669],[-73.9525926947559,40.8107736104108]],[[-73.9483280079042,40.808980551355],[-73.9484071265907,40.8090140141808],[-73.94978309835,40.8095959454895],[-73.9511669233829,40.8101811720669]],[[-73.9454911633691,40.8077841838286],[-73.9455404313205,40.8078049654006],[-73.9469075884382,40.8083815420214],[-73.9482349326825,40.8089413028116],[-73.9483280079042,40.808980551355]],[[-73.9422645448305,40.8064240148309],[-73.9438421864358,40.8070890891891],[-73.945399318839,40.8077454837732],[-73.9454833868402,40.8077809041385],[-73.9454911633691,40.8077841838286]]]},"properties":{"OBJECTID":6757,"Borough":"Manhattan","Feat_Type":"Mapped_St","Feat_statu":"City_St","Street_NM":"West 125 Street","HonoraryNM":"None","Old_ST_NM":"None","Streetwidt":"100","Route_Type":"Mjr_st","RoadwayTyp":"Surface_ST","Build_Stat":"Improved","Record_ST":"N","Paper_ST":"N","Stair_ST":"N","CCO_ST":"N","Marg_Wharf":"N","Edit_Date":null,"Shape_Leng":3719.43489355,"Shape__Length":3719.4348935652838}},{"type":"Feature","id":8446,"geometry":{"type":"MultiLineString","coordinates":[[[-73.9639659374713,40.8113270069906],[-73.9640305282079,40.811353491888]],[[-73.9630598880759,40.8109554666315],[-73.963932300779,40.8113132134544],[-73.9639659374713,40.8113270069906]],[[-73.9620570268998,40.8105415512993],[-73.9621544260716,40.8105816743779],[-73.9630598880759,40.8109554666315]]]},"properties":{"OBJECTID":8446,"Borough":"Manhattan","Feat_Type":"Mapped_St","Feat_statu":"City_St","Street_NM":"West 120 Street","HonoraryNM":"None","Old_ST_NM":"None","Streetwidt":"100","Route_Type":"Gen_use","RoadwayTyp":"Surface_ST","Build_Stat":"Improved","Record_ST":"N","Paper_ST":"N","Stair_ST":"N","CCO_ST":"N","Marg_Wharf":"N","Edit_Date":null,"Shape_Leng":621.2541971,"Shape__Length":621.25419709040739}},{"type":"Feature","id":1190,"geometry":{"type":"MultiLineString","coordinates":[[[-73.9710106821804,40.8009757774897],[-73.9712228919916,40.8010656806704]],[[-73.9695059142302,40.8003382680122],[-73.9710106821804,40.8009757774897]],[[-73.968209156263,40.7997947391725],[-73.9695059142302,40.8003382680122]],[[-73.9666632590972,40.7991405551804],[-73.968209156263,40.7997947391725]]]},"properties":{"OBJECTID":1190,"Borough":"Manhattan","Feat_Type":"Mapped_St","Feat_statu":"City_St","Street_NM":"West 104 Street","HonoraryNM":"None","Old_ST_NM":"None","Streetwidt":"60","Route_Type":"Gen_use","RoadwayTyp":"Surface_ST","Build_Stat":"Improved","Record_ST":"N","Paper_ST":"N","Stair_ST":"N","CCO_ST":"N","Marg_Wharf":"N","Edit_Date":null,"Shape_Leng":1444.1643374,"Shape__Length":1444.1643374172177}},{"type":"Feature","id":12382,"geometry":{"type":"MultiLineString","coordinates":[[[-73.9521266734355,40.8088704943572],[-73.9516652168523,40.8094983362518]],[[-73.9525865543289,40.8082462969257],[-73.9521266734355,40.8088704943572]],[[-73.952924303782,40.8077811064245],[-73.9529188836074,40.80778860086],[-73.9525865543289,40.8082462969257]],[[-73.9530416409392,40.8076188808685],[-73.952924303782,40.8077811064245]],[[-73.9535011289392,40.8069895646786],[-73.9530416409392,40.8076188808685]],[[-73.9539583082074,40.806361596423],[-73.9535011289392,40.8069895646786]],[[-73.9544174817792,40.8057334559882],[-73.9539583082074,40.806361596423]],[[-73.9548759475881,40.8051051603027],[-73.9544174817792,40.8057334559882]],[[-73.9553698948325,40.8044281414792],[-73.9548759475881,40.8051051603027]],[[-73.9558623027209,40.8037519933644],[-73.9553698948325,40.8044281414792]]]},"properties":{"OBJECTID":12382,"Borough":"Manhattan","Feat_Type":"Mapped_St","Feat_statu":"City_St","Street_NM":"Frederick Douglass Boulevard","HonoraryNM":"None","Old_ST_NM":"None","Streetwidt":"100","Route_Type":"Mjr_st","RoadwayTyp":"Surface_ST","Build_Stat":"Improved","Record_ST":"N","Paper_ST":"N","Stair_ST":"N","CCO_ST":"N","Marg_Wharf":"N","Edit_Date":null,"Shape_Leng":2394.40964631,"Shape__Length":2394.4096463076348}},{"type":"Feature","id":11875,"geometry":{"type":"MultiLineString","coordinates":[[[-73.9578103394353,40.8112730538161],[-73.9606577979002,40.8124671498207]],[[-73.9549680100112,40.8100728315699],[-73.9578103394353,40.8112730538161]],[[-73.9535801465877,40.8094862145006],[-73.9549680100112,40.8100728315699]],[[-73.9530065859205,40.8092455626568],[-73.9535772153574,40.8094849751355],[-73.9535801465877,40.8094862145006]],[[-73.9521266734355,40.8088704943572],[-73.9530065859205,40.8092455626568]],[[-73.9492717323982,40.8076726076621],[-73.9521266734355,40.8088704943572]],[[-73.9464482917798,40.8064754570656],[-73.9492717323982,40.8076726076621]],[[-73.9447835157338,40.805769532693],[-73.9464482917798,40.8064754570656]]]},"properties":{"OBJECTID":11875,"Borough":"Manhattan","Feat_Type":"Mapped_St","Feat_statu":"City_St","Street_NM":"West 123 Street","HonoraryNM":"None","Old_ST_NM":"None","Streetwidt":"60","Route_Type":"Gen_use","RoadwayTyp":"Surface_ST","Build_Stat":"Improved","Record_ST":"N","Paper_ST":"N","Stair_ST":"N","CCO_ST":"N","Marg_Wharf":"N","Edit_Date":null,"Shape_Leng":5026.4894227,"Shape__Length":5026.4894226974311}},{"type":"Feature","id":3660,"geometry":{"type":"MultiLineString","coordinates":[[[-73.9619366143637,40.8162478246162],[-73.9619171330344,40.8162581865069],[-73.9618614508999,40.8162786219937],[-73.9618032289382,40.8162944523708],[-73.961743125095,40.8163054995541],[-73.9616818162521,40.8163116385968],[-73.9616199970401,40.8163127994891],[-73.9615558263133,40.816307643478],[-73.9614932953109,40.8162955370419],[-73.9614337017922,40.8162767318562],[-73.9613782829827,40.816251618255],[-73.961328187131,40.8162207162162],[-73.961284453362,40.8161846681499],[-73.9612479891668,40.8161442208804],[-73.9612195514455,40.8161002130318],[-73.9611997299233,40.8160535588131]],[[-73.9619547783954,40.8162361610692],[-73.9619366143637,40.8162478246162]]]},"properties":{"OBJECTID":3660,"Borough":"Manhattan","Feat_Type":"Mapped_St","Feat_statu":"City_St","Street_NM":"Riverside Drive West","HonoraryNM":"None","Old_ST_NM":"None","Streetwidt":"Unknown","Route_Type":"Gen_use","RoadwayTyp":"Surface_ST","Build_Stat":"Improved","Record_ST":"N","Paper_ST":"N","Stair_ST":"N","CCO_ST":"N","Marg_Wharf":"N","Edit_Date":null,"Shape_Leng":259.68641937,"Shape__Length":259.50235403684155}},{"type":"Feature","id":18327,"geometry":{"type":"LineString","coordinates":[[-73.9636728023106,40.8079382319577],[-73.9611968324593,40.8069062042253]]},"properties":{"OBJECTID":18327,"Borough":"Manhattan","Feat_Type":"Not_mapped","Feat_statu":"Way_on_record","Street_NM":"West 116 Street","HonoraryNM":"None","Old_ST_NM":"None","Streetwidt":"n/a","Route_Type":"Other","RoadwayTyp":"Walkway","Build_Stat":"Improved","Record_ST":"N","Paper_ST":"N","Stair_ST":"N","CCO_ST":"N","Marg_Wharf":"N","Edit_Date":null,"Shape_Leng":781.7908807,"Shape__Length":781.79088068458748}},{"type":"Feature","id":4115,"geometry":{"type":"MultiLineString","coordinates":[[[-73.9582376388773,40.8031094654999],[-73.9582502219712,40.8031147622901]],[[-73.9567795501095,40.8024957215441],[-73.9582376388773,40.8031094654999]],[[-73.9539378538178,40.8012966330377],[-73.9567795501095,40.8024957215441]],[[-73.9525087933912,40.8006938262382],[-73.9539359310953,40.8012958218201],[-73.9539378538178,40.8012966330377]],[[-73.9511075731963,40.8001037519307],[-73.9525087933912,40.8006938262382]],[[-73.951095872605,40.8000988248375],[-73.9511075731963,40.8001037519307]]]},"properties":{"OBJECTID":4115,"Borough":"Manhattan","Feat_Type":"Mapped_St","Feat_statu":"City_St","Street_NM":"West 113 Street","HonoraryNM":"None","Old_ST_NM":"None","Streetwidt":"60","Route_Type":"Gen_use","RoadwayTyp":"Surface_ST","Build_Stat":"Improved","Record_ST":"N","Paper_ST":"N","Stair_ST":"N","CCO_ST":"N","Marg_Wharf":"N","Edit_Date":null,"Shape_Leng":2265.10907944,"Shape__Length":2265.1090794354091}},{"type":"Feature","id":2618,"geometry":{"type":"MultiLineString","coordinates":[[[-73.9681025635108,40.8057362192746],[-73.9680901679818,40.8057597260613],[-73.9679712878855,40.8059851779359],[-73.9677651966635,40.8063835955934],[-73.9675042305916,40.8068337256355],[-73.9674020356901,40.8070006185744],[-73.967012883692,40.8076134861239]],[[-73.9693267187329,40.8036553530295],[-73.9691660484681,40.8039083764628],[-73.9689884346603,40.8041880822883],[-73.9687520958195,40.8045602648546],[-73.9685605766777,40.8048618600479],[-73.9681293093566,40.8056854961831],[-73.9681025635108,40.8057362192746]]]},"properties":{"OBJECTID":2618,"Borough":"Manhattan","Feat_Type":"Mapped_St","Feat_statu":"City_St","Street_NM":"Riverside Drive","HonoraryNM":"None","Old_ST_NM":"None","Streetwidt":"64","Route_Type":"Gen_use","RoadwayTyp":"Surface_ST","Build_Stat":"Improved","Record_ST":"N","Paper_ST":"N","Stair_ST":"N","CCO_ST":"N","Marg_Wharf":"N","Edit_Date":null,"Shape_Leng":1578.80925618,"Shape__Length":1578.80925617593}},{"type":"Feature","id":6697,"geometry":{"type":"MultiLineString","coordinates":[[[-73.965762425279,40.8054598091044],[-73.9673747055322,40.8061352318236]],[[-73.9629265530312,40.8042655479245],[-73.965762425279,40.8054598091044]],[[-73.9629262307673,40.8042654127461],[-73.9629265530312,40.8042655479245]]]},"properties":{"OBJECTID":6697,"Borough":"Manhattan","Feat_Type":"Mapped_St","Feat_statu":"City_St","Street_NM":"West 112 Street","HonoraryNM":"None","Old_ST_NM":"None","Streetwidt":"60","Route_Type":"Gen_use","RoadwayTyp":"Surface_ST","Build_Stat":"Improved","Record_ST":"N","Paper_ST":"N","Stair_ST":"N","CCO_ST":"N","Marg_Wharf":"N","Edit_Date":null,"Shape_Leng":1407.39396274,"Shape__Length":1407.3939627275338}},{"type":"Feature","id":1367,"geometry":{"type":"LineString","coordinates":[[-73.9691220256762,40.8035712007971],[-73.9686481390496,40.8042145963874]]},"properties":{"OBJECTID":1367,"Borough":"Manhattan","Feat_Type":"Mapped_St","Feat_statu":"City_St","Street_NM":"Riverside Drive","HonoraryNM":"None","Old_ST_NM":"None","Streetwidt":"42","Route_Type":"Gen_use","RoadwayTyp":"Surface_ST","Build_Stat":"Improved","Record_ST":"N","Paper_ST":"N","Stair_ST":"N","CCO_ST":"N","Marg_Wharf":"N","Edit_Date":null,"Shape_Leng":268.62780844,"Shape__Length":268.62780843627218}},{"type":"Feature","id":85,"geometry":{"type":"MultiLineString","coordinates":[[[-73.9634781601605,40.8103814784522],[-73.9630598880759,40.8109554666315]],[[-73.9645606795601,40.808889700044],[-73.9634781601605,40.8103814784522]]]},"properties":{"OBJECTID":85,"Borough":"Manhattan","Feat_Type":"Mapped_St","Feat_statu":"City_St","Street_NM":"Claremont Avenue","HonoraryNM":"None","Old_ST_NM":"None","Streetwidt":"80","Route_Type":"Gen_use","RoadwayTyp":"Surface_ST","Build_Stat":"Improved","Record_ST":"N","Paper_ST":"N","Stair_ST":"N","CCO_ST":"N","Marg_Wharf":"N","Edit_Date":null,"Shape_Leng":859.68476079,"Shape__Length":859.684760779583}},{"type":"Feature","id":14271,"geometry":{"type":"MultiLineString","coordinates":[[[-73.9509372909937,40.8125862475748],[-73.9503516294322,40.8131676670122]],[[-73.951510260901,40.8120174159375],[-73.9509372909937,40.8125862475748]],[[-73.9520872251071,40.8114446046648],[-73.951510260901,40.8120174159375]],[[-73.9525926947559,40.8107736104108],[-73.9520872251071,40.8114446046648]],[[-73.953080134997,40.8101023616007],[-73.9525926947559,40.8107736104108]]]},"properties":{"OBJECTID":14271,"Borough":"Manhattan","Feat_Type":"Mapped_St","Feat_statu":"City_St","Street_NM":"St. Nicholas Avenue","HonoraryNM":"Harriet Tubman Avenue","Old_ST_NM":"None","Streetwidt":"100","Route_Type":"Mjr_st","RoadwayTyp":"Surface_ST","Build_Stat":"Improved","Record_ST":"N","Paper_ST":"N","Stair_ST":"N","CCO_ST":"N","Marg_Wharf":"N","Edit_Date":null,"Shape_Leng":1351.5106823,"Shape__Length":1351.5106823066324}},{"type":"Feature","id":14071,"geometry":{"type":"LineString","coordinates":[[-73.9535452682432,40.8120590985886],[-73.9531299818671,40.8126998858587]]},"properties":{"OBJECTID":14071,"Borough":"Manhattan","Feat_Type":"Mapped_St","Feat_statu":"City_St","Street_NM":"Morningside Avenue","HonoraryNM":"None","Old_ST_NM":"None","Streetwidt":"75","Route_Type":"Gen_use","RoadwayTyp":"Surface_ST","Build_Stat":"Improved","Record_ST":"N","Paper_ST":"N","Stair_ST":"N","CCO_ST":"N","Marg_Wharf":"N","Edit_Date":null,"Shape_Leng":260.22951734,"Shape__Length":260.22951733734055}},{"type":"Feature","id":6634,"geometry":{"type":"LineString","coordinates":[[-73.9584080660904,40.8074274876538],[-73.9601071298215,40.8081283695956]]},"properties":{"OBJECTID":6634,"Borough":"Manhattan","Feat_Type":"Mapped_St","Feat_statu":"City_St","Street_NM":"West 118 Street","HonoraryNM":"None","Old_ST_NM":"None","Streetwidt":"60","Route_Type":"Gen_use","RoadwayTyp":"Surface_ST","Build_Stat":"Improved","Record_ST":"N","Paper_ST":"N","Stair_ST":"N","CCO_ST":"N","Marg_Wharf":"N","Edit_Date":null,"Shape_Leng":535.20234827,"Shape__Length":535.20234827878346}},{"type":"Feature","id":16278,"geometry":{"type":"LineString","coordinates":[[-73.9576178321162,40.8086796218902],[-73.9592189024818,40.8093485850665]]},"properties":{"OBJECTID":16278,"Borough":"Manhattan","Feat_Type":"Mapped_St","Feat_statu":"City_St","Street_NM":"West 120 Street","HonoraryNM":"None","Old_ST_NM":"None","Streetwidt":"100","Route_Type":"Gen_use","RoadwayTyp":"Surface_ST","Build_Stat":"Improved","Record_ST":"N","Paper_ST":"N","Stair_ST":"N","CCO_ST":"N","Marg_Wharf":"N","Edit_Date":null,"Shape_Leng":505.81309667,"Shape__Length":505.81309667428872}},{"type":"Feature","id":8655,"geometry":{"type":"MultiLineString","coordinates":[[[-73.9554311866639,40.8094374301151],[-73.9549680100112,40.8100728315699]],[[-73.9558856142746,40.8088105258942],[-73.9554311866639,40.8094374301151]],[[-73.95634637513,40.8081816312185],[-73.9558856142746,40.8088105258942]],[[-73.9568068775889,40.8075539862367],[-73.95634637513,40.8081816312185]],[[-73.9572672540653,40.8069244482618],[-73.9568068775889,40.8075539862367]],[[-73.9577231986178,40.8062992651759],[-73.9572672540653,40.8069244482618]],[[-73.9581831124773,40.8056050674515],[-73.9577231986178,40.8062992651759]]]},"properties":{"OBJECTID":8655,"Borough":"Manhattan","Feat_Type":"Mapped_St","Feat_statu":"City_St","Street_NM":"Morningside Avenue","HonoraryNM":"None","Old_ST_NM":"None","Streetwidt":"100","Route_Type":"Gen_use","RoadwayTyp":"Surface_ST","Build_Stat":"Improved","Record_ST":"N","Paper_ST":"N","Stair_ST":"N","CCO_ST":"N","Marg_Wharf":"N","Edit_Date":null,"Shape_Leng":1855.402852,"Shape__Length":1855.4028520058364}},{"type":"Feature","id":6428,"geometry":{"type":"LineString","coordinates":[[-73.9552902882148,40.799442677012],[-73.9553679543436,40.7994747018567],[-73.9578664316298,40.8005235470172]]},"properties":{"OBJECTID":6428,"Borough":"Manhattan","Feat_Type":"Mapped_St","Feat_statu":"City_St","Street_NM":"Central Park North","HonoraryNM":"None","Old_ST_NM":"None","Streetwidt":"90","Route_Type":"Mjr_st","RoadwayTyp":"Surface_ST","Build_Stat":"Improved","Record_ST":"N","Paper_ST":"N","Stair_ST":"N","CCO_ST":"N","Marg_Wharf":"N","Edit_Date":null,"Shape_Leng":814.7362434,"Shape__Length":814.73624341234824}},{"type":"Feature","id":13467,"geometry":{"type":"LineString","coordinates":[[-73.94882195633,40.8083027424163],[-73.948899877998,40.8083355100924],[-73.9516652168523,40.8094983362518]]},"properties":{"OBJECTID":13467,"Borough":"Manhattan","Feat_Type":"Mapped_St","Feat_statu":"City_St","Street_NM":"West 124 Street","HonoraryNM":"None","Old_ST_NM":"None","Streetwidt":"60","Route_Type":"Gen_use","RoadwayTyp":"Surface_ST","Build_Stat":"Improved","Record_ST":"N","Paper_ST":"N","Stair_ST":"N","CCO_ST":"N","Marg_Wharf":"N","Edit_Date":null,"Shape_Leng":899.5895332,"Shape__Length":899.58953318751628}},{"type":"Feature","id":12164,"geometry":{"type":"LineString","coordinates":[[-73.9578296579166,40.8151643268452],[-73.9569194665665,40.8155533653708]]},"properties":{"OBJECTID":12164,"Borough":"Manhattan","Feat_Type":"Mapped_St","Feat_statu":"City_St","Street_NM":"Old Broadway","HonoraryNM":"None","Old_ST_NM":"None","Streetwidt":"65","Route_Type":"Gen_use","RoadwayTyp":"Surface_ST","Build_Stat":"Improved","Record_ST":"N","Paper_ST":"N","Stair_ST":"N","CCO_ST":"N","Marg_Wharf":"N","Edit_Date":null,"Shape_Leng":289.0763091,"Shape__Length":289.07630908986641}},{"type":"Feature","id":5973,"geometry":{"type":"LineString","coordinates":[[-73.9615500217617,40.8061440622896],[-73.9598326525879,40.8054301575816]]},"properties":{"OBJECTID":5973,"Borough":"Manhattan","Feat_Type":"Mapped_St","Feat_statu":"City_St","Street_NM":"West 115 Street","HonoraryNM":"None","Old_ST_NM":"None","Streetwidt":"60","Route_Type":"Gen_use","RoadwayTyp":"Surface_ST","Build_Stat":"Improved","Record_ST":"N","Paper_ST":"N","Stair_ST":"N","CCO_ST":"N","Marg_Wharf":"N","Edit_Date":null,"Shape_Leng":541.934935,"Shape__Length":541.93493498752446}},{"type":"Feature","id":13813,"geometry":{"type":"LineString","coordinates":[[-73.9573186778345,40.8043641191549],[-73.9582521513114,40.8047718033937]]},"properties":{"OBJECTID":13813,"Borough":"Manhattan","Feat_Type":"Mapped_St","Feat_statu":"City_St","Street_NM":"West 115 Street","HonoraryNM":"None","Old_ST_NM":"None","Streetwidt":"60","Route_Type":"Gen_use","RoadwayTyp":"Surface_ST","Build_Stat":"Improved","Record_ST":"N","Paper_ST":"N","Stair_ST":"N","CCO_ST":"N","Marg_Wharf":"N","Edit_Date":null,"Shape_Leng":298.07285808,"Shape__Length":298.07285807879674}},{"type":"Feature","id":6033,"geometry":{"type":"LineString","coordinates":[[-73.9658204609902,40.7987769450984],[-73.9666632590972,40.7991405551804]]},"properties":{"OBJECTID":6033,"Borough":"Manhattan","Feat_Type":"Mapped_St","Feat_statu":"City_St","Street_NM":"West 104 Street","HonoraryNM":"None","Old_ST_NM":"None","Streetwidt":"Unknown but \u003c80","Route_Type":"Gen_use","RoadwayTyp":"Surface_ST","Build_Stat":"Improved","Record_ST":"N","Paper_ST":"N","Stair_ST":"N","CCO_ST":"N","Marg_Wharf":"N","Edit_Date":null,"Shape_Leng":268.32750649,"Shape__Length":268.32750648493072}},{"type":"Feature","id":11961,"geometry":{"type":"LineString","coordinates":[[-73.9612208500874,40.816790554313],[-73.961339389718,40.8167075772995],[-73.9614326986776,40.8166250815972],[-73.9615310002396,40.816546002169],[-73.9616340785781,40.816470514527],[-73.961741703652,40.8163987851744],[-73.9618536418733,40.8163309716083],[-73.9619696442543,40.816267222316],[-73.962036689896,40.8162214424267],[-73.9620989419286,40.8161719103523],[-73.9621560374928,40.8161189132398],[-73.9622076433525,40.8160627607587]]},"properties":{"OBJECTID":11961,"Borough":"Manhattan","Feat_Type":"Mapped_St","Feat_statu":"City_St","Street_NM":"Riverside Drive West","HonoraryNM":"None","Old_ST_NM":"None","Streetwidt":"Unknown","Route_Type":"Gen_use","RoadwayTyp":"Surface_ST","Build_Stat":"Improved","Record_ST":"N","Paper_ST":"N","Stair_ST":"N","CCO_ST":"N","Marg_Wharf":"N","Edit_Date":null,"Shape_Leng":382.24144549,"Shape__Length":382.1953766945623}},{"type":"Feature","id":14852,"geometry":{"type":"LineString","coordinates":[[-73.9643901714884,40.8073414343775],[-73.9664596964735,40.8082094743872],[-73.9665325082264,40.8082395992013]]},"properties":{"OBJECTID":14852,"Borough":"Manhattan","Feat_Type":"Mapped_St","Feat_statu":"City_St","Street_NM":"West 115 Street","HonoraryNM":"None","Old_ST_NM":"None","Streetwidt":"60","Route_Type":"Gen_use","RoadwayTyp":"Surface_ST","Build_Stat":"Improved","Record_ST":"N","Paper_ST":"N","Stair_ST":"N","CCO_ST":"N","Marg_Wharf":"N","Edit_Date":null,"Shape_Leng":677.35670953,"Shape__Length":677.35670952920816}},{"type":"Feature","id":543,"geometry":{"type":"MultiLineString","coordinates":[[[-73.9530294340944,40.8025418522829],[-73.9558623027209,40.8037519933644]],[[-73.9525899339904,40.8023699165764],[-73.9530284069745,40.8025414133214],[-73.9530294340944,40.8025418522829]]]},"properties":{"OBJECTID":543,"Borough":"Manhattan","Feat_Type":"Mapped_St","Feat_statu":"City_St","Street_NM":"West 115 Street","HonoraryNM":"None","Old_ST_NM":"None","Streetwidt":"60","Route_Type":"Gen_use","RoadwayTyp":"Surface_ST","Build_Stat":"Improved","Record_ST":"N","Paper_ST":"N","Stair_ST":"N","CCO_ST":"N","Marg_Wharf":"N","Edit_Date":null,"Shape_Leng":1036.5739749,"Shape__Length":1036.5739748820977}},{"type":"Feature","id":4822,"geometry":{"type":"LineString","coordinates":[[-73.9677346360922,40.8025429436134],[-73.9675930098471,40.8029416754679]]},"properties":{"OBJECTID":4822,"Borough":"Manhattan","Feat_Type":"Mapped_St","Feat_statu":"City_St","Street_NM":"Broadway","HonoraryNM":"None","Old_ST_NM":"None","Streetwidt":"\u003e150","Route_Type":"Mjr_st","RoadwayTyp":"Surface_ST","Build_Stat":"Improved","Record_ST":"N","Paper_ST":"N","Stair_ST":"N","CCO_ST":"N","Marg_Wharf":"N","Edit_Date":null,"Shape_Leng":150.47044001,"Shape__Length":150.47044000007529}},{"type":"Feature","id":2409,"geometry":{"type":"MultiLineString","coordinates":[[[-73.9497272350565,40.8070420602615],[-73.9492717323982,40.8076726076621]],[[-73.9497273181019,40.8070419450339],[-73.9497272350565,40.8070420602615]],[[-73.9501978215742,40.8064208430808],[-73.9497273181019,40.8070419450339]],[[-73.9506555850492,40.8057929520419],[-73.9501978215742,40.8064208430808]],[[-73.9511143847947,40.8051622941335],[-73.9506555850492,40.8057929520419]],[[-73.9515731379815,40.8045348130804],[-73.9511143847947,40.8051622941335]],[[-73.9520360309822,40.803906305296],[-73.9515731379815,40.8045348130804]]]},"properties":{"OBJECTID":2409,"Borough":"Manhattan","Feat_Type":"Mapped_St","Feat_statu":"City_St","Street_NM":"Adam Clayton Powell Jr. Boulevard","HonoraryNM":"None","Old_ST_NM":"None","Streetwidt":"150","Route_Type":"Gen_use","RoadwayTyp":"Surface_ST","Build_Stat":"Improved","Record_ST":"N","Paper_ST":"N","Stair_ST":"N","CCO_ST":"N","Marg_Wharf":"N","Edit_Date":null,"Shape_Leng":1571.19950038,"Shape__Length":1571.1995003719837}},{"type":"Feature","id":6296,"geometry":{"type":"MultiLineString","coordinates":[[[-73.9511669233829,40.8101811720669],[-73.9506811921413,40.8108512410705]],[[-73.9516652168523,40.8094983362518],[-73.9511669233829,40.8101811720669]]]},"properties":{"OBJECTID":6296,"Borough":"Manhattan","Feat_Type":"Mapped_St","Feat_statu":"City_St","Street_NM":"Frederick Douglass Boulevard","HonoraryNM":"None","Old_ST_NM":"None","Streetwidt":"100","Route_Type":"Mjr_st","RoadwayTyp":"Surface_ST","Build_Stat":"Improved","Record_ST":"N","Paper_ST":"N","Stair_ST":"N","CCO_ST":"N","Marg_Wharf":"N","Edit_Date":null,"Shape_Leng":563.17315466,"Shape__Length":563.17315466293564}},{"type":"Feature","id":1113,"geometry":{"type":"LineString","coordinates":[[-73.9534904144484,40.8136635272828],[-73.955459754106,40.8144953036682]]},"properties":{"OBJECTID":1113,"Borough":"Manhattan","Feat_Type":"Mapped_St","Feat_statu":"City_St","Street_NM":"West 128 Street","HonoraryNM":"None","Old_ST_NM":"None","Streetwidt":"60","Route_Type":"Gen_use","RoadwayTyp":"Surface_ST","Build_Stat":"Improved","Record_ST":"N","Paper_ST":"N","Stair_ST":"N","CCO_ST":"N","Marg_Wharf":"N","Edit_Date":null,"Shape_Leng":623.6976232,"Shape__Length":623.69762320932739}},{"type":"Feature","id":5713,"geometry":{"type":"MultiLineString","coordinates":[[[-73.9630170396091,40.8126325956765],[-73.9622095993286,40.8137076260575]],[[-73.9639659374713,40.8113270069906],[-73.9638738957374,40.8114547201013],[-73.9632826513346,40.812275091159],[-73.9630171344967,40.8126324696373],[-73.9630170396091,40.8126325956765]]]},"properties":{"OBJECTID":5713,"Borough":"Manhattan","Feat_Type":"Mapped_St","Feat_statu":"City_St","Street_NM":"Riverside Drive East","HonoraryNM":"None","Old_ST_NM":"None","Streetwidt":"Unknown","Route_Type":"Gen_use","RoadwayTyp":"Surface_ST","Build_Stat":"Improved","Record_ST":"N","Paper_ST":"N","Stair_ST":"N","CCO_ST":"N","Marg_Wharf":"N","Edit_Date":null,"Shape_Leng":994.34412345,"Shape__Length":994.34412344675911}},{"type":"Feature","id":7657,"geometry":{"type":"LineString","coordinates":[[-73.958728317385,40.8100167952672],[-73.9572433742394,40.8093981252766]]},"properties":{"OBJECTID":7657,"Borough":"Manhattan","Feat_Type":"Mapped_St","Feat_statu":"City_St","Street_NM":"West 121 Street","HonoraryNM":"George Carlin Way","Old_ST_NM":"None","Streetwidt":"60","Route_Type":"Gen_use","RoadwayTyp":"Surface_ST","Build_Stat":"Improved","Record_ST":"N","Paper_ST":"N","Stair_ST":"N","CCO_ST":"N","Marg_Wharf":"N","Edit_Date":null,"Shape_Leng":468.81137626,"Shape__Length":468.81137624453356}},{"type":"Feature","id":2347,"geometry":{"type":"MultiLineString","coordinates":[[[-73.9671393800938,40.8068517627644],[-73.9653019330538,40.8060848758929]],[[-73.9653019330538,40.8060848758929],[-73.9624763758141,40.8048936559568]],[[-73.9624763758141,40.8048936559568],[-73.9603197162035,40.8039997921211]]]},"properties":{"OBJECTID":2347,"Borough":"Manhattan","Feat_Type":"Mapped_St","Feat_statu":"City_St","Street_NM":"West 113 Street","HonoraryNM":"None","Old_ST_NM":"None","Streetwidt":"60","Route_Type":"Gen_use","RoadwayTyp":"Surface_ST","Build_Stat":"Improved","Record_ST":"N","Paper_ST":"N","Stair_ST":"N","CCO_ST":"N","Marg_Wharf":"N","Edit_Date":null,"Shape_Leng":2155.02989763,"Shape__Length":2155.0298976335612}},{"type":"Feature","id":12898,"geometry":{"type":"MultiLineString","coordinates":[[[-73.9596482936886,40.8011646979545],[-73.9591488465162,40.8018520442048]],[[-73.9600665198858,40.8005939450342],[-73.9596482936886,40.8011646979545]],[[-73.9605280366235,40.7999666179937],[-73.9600665198858,40.8005939450342]],[[-73.9609846164649,40.7993370181163],[-73.9605280366235,40.7999666179937]],[[-73.9614792394382,40.7986624311234],[-73.9609846164649,40.7993370181163]],[[-73.9619826872514,40.7979964716374],[-73.9614792394382,40.7986624311234]],[[-73.9624368578279,40.7973463066154],[-73.9619826872514,40.7979964716374]],[[-73.9628872215468,40.7967285024807],[-73.9624368578279,40.7973463066154]],[[-73.9633510563714,40.7960982288878],[-73.9632891568978,40.7961823402022],[-73.9628872215468,40.7967285024807]],[[-73.963807415523,40.795471507997],[-73.9633510563714,40.7960982288878]],[[-73.9643038662664,40.7947948559239],[-73.963807415523,40.795471507997]]]},"properties":{"OBJECTID":12898,"Borough":"Manhattan","Feat_Type":"Mapped_St","Feat_statu":"City_St","Street_NM":"Manhattan Avenue","HonoraryNM":"None","Old_ST_NM":"None","Streetwidt":"80","Route_Type":"Gen_use","RoadwayTyp":"Surface_ST","Build_Stat":"Improved","Record_ST":"N","Paper_ST":"N","Stair_ST":"N","CCO_ST":"N","Marg_Wharf":"N","Edit_Date":null,"Shape_Leng":2940.84668373,"Shape__Length":2940.8466837401957}},{"type":"Feature","id":280,"geometry":{"type":"MultiLineString","coordinates":[[[-73.9712228919916,40.8010656806704],[-73.9710374130155,40.801320503417],[-73.9702754482495,40.8023673117067],[-73.9696213981073,40.8032552862634],[-73.9693267187329,40.8036553530295]],[[-73.9742841884284,40.7966082200279],[-73.9742289618641,40.7966825583662],[-73.9741794421299,40.7967591843248],[-73.9741357952303,40.796837844007],[-73.974115928484,40.7969050789695],[-73.9741006477799,40.79701402701],[-73.974101754966,40.7971225284796],[-73.9741301466258,40.7972403832611],[-73.9741503061774,40.7973592123296],[-73.9741621768278,40.7974786860935],[-73.9741657254845,40.7975984686617],[-73.9741609427522,40.797718226848],[-73.9741353491958,40.7978334508509],[-73.9741020679862,40.7979475357882],[-73.974070369559,40.7980530330047],[-73.9740298058365,40.7981567632346],[-73.9739805463993,40.7982582942671],[-73.9739227940055,40.7983572074047],[-73.9738567881484,40.7984530929619],[-73.9737828026857,40.7985455529658],[-73.973737174831,40.7986162534095],[-73.9735895962715,40.7988015380027],[-73.9730048202114,40.7995293645479],[-73.9726149194386,40.7999125692671],[-73.9725557218079,40.7999617269592],[-73.9716338446157,40.8005831617358],[-73.9715008454496,40.8007108107293],[-73.9714130891088,40.8008033468204],[-73.9713036198601,40.800939209465],[-73.9712259250573,40.801061513917],[-73.9712228919916,40.8010656806704]],[[-73.9750177721853,40.796025885773],[-73.9748911574627,40.7961036074289],[-73.9747686989284,40.7961850849393],[-73.9746505909538,40.796270190489],[-73.9745370184363,40.7963587908582],[-73.9744281615396,40.796450745622],[-73.9743528294995,40.7965277162234],[-73.9742841884284,40.7966082200279]],[[-73.975382645647,40.7957666563],[-73.9750177721853,40.796025885773]],[[-73.9757821254397,40.7954710770502],[-73.9757192389849,40.7955249884641],[-73.9756516708756,40.7955755228799],[-73.975382645647,40.7957666563]],[[-73.9762346635646,40.7948355469594],[-73.9761730941653,40.7949566253988],[-73.9761029752281,40.7950749888244],[-73.9760245142008,40.7951902878697],[-73.9759379422306,40.7953021848787],[-73.9758435129815,40.7954103485023],[-73.9757821254397,40.7954710770502]],[[-73.9763062353022,40.79403959879],[-73.9763074385012,40.7940514081972],[-73.9762839456181,40.7943942994329],[-73.9762551145985,40.794736955416],[-73.9762346635646,40.7948355469594]],[[-73.9765688439193,40.7933342023568],[-73.9764986361952,40.7934423930827],[-73.9764481718805,40.7935104263869],[-73.9764048418249,40.7935812436748],[-73.9763689092429,40.7936544127681],[-73.9763405947017,40.7937294879712],[-73.9763200678249,40.7938060136715],[-73.9763074567722,40.7938835225397],[-73.9763028363865,40.7939615427316],[-73.9763062353022,40.79403959879]],[[-73.977093102815,40.7927318279618],[-73.9770370644643,40.7927734955728],[-73.9769831795751,40.79281677188],[-73.9769439010807,40.792851461211],[-73.9769090637001,40.7928887889837],[-73.9768789708761,40.7929284301824],[-73.9767728932273,40.7930674299046],[-73.9766619152791,40.7932042015969],[-73.9765688439193,40.7933342023568]],[[-73.9776903254592,40.7921706325519],[-73.9775182273678,40.7922801404957],[-73.9774311880334,40.792345757364],[-73.977350161409,40.7924156806402],[-73.977275514913,40.7924895934331],[-73.9772075899085,40.7925671599357],[-73.9771466934087,40.7926480272246],[-73.977093102815,40.7927318279618]],[[-73.9786714304847,40.7917603467146],[-73.9785044781698,40.7918305106198],[-73.9782486778978,40.7919273321775],[-73.9779962615371,40.7920291560925],[-73.9777473996885,40.7921359130812],[-73.9776903254592,40.7921706325519]],[[-73.9793968553482,40.7912530826047],[-73.9792844939746,40.7913773135394],[-73.9792844465642,40.7913773675609],[-73.9791533316099,40.7914923108328],[-73.9791532723536,40.7914923558471],[-73.9791532012489,40.7914924008592],[-73.979005406877,40.7915957515009],[-73.9788436944004,40.7916855558697],[-73.9786714304847,40.7917603467146]],[[-73.9798639093048,40.7906224274679],[-73.9793968553482,40.7912530826047]],[[-73.9803580389498,40.7899488301124],[-73.9798639093048,40.7906224274679]],[[-73.9808541158663,40.789262957066],[-73.9803580389498,40.7899488301124]],[[-73.981063566118,40.7885147474288],[-73.9810580475172,40.7886683179585],[-73.9810340354355,40.7888218224077],[-73.9809916238917,40.7889733427137],[-73.9809313227725,40.7891209788834],[-73.9808541158663,40.789262957066]],[[-73.981144123736,40.787702409639],[-73.981063566118,40.7885147474288]],[[-73.9812299904313,40.786924552747],[-73.981144123736,40.787702409639]],[[-73.9814369914403,40.7861871198632],[-73.9813955131174,40.7862559384906],[-73.9813588751623,40.7863263274589],[-73.9813271819016,40.7863980886794],[-73.9812918594952,40.7864831298942],[-73.9812640561919,40.7865697689082],[-73.9812438953423,40.7866576212329],[-73.9812314659419,40.7867462978703],[-73.9812268250004,40.7868354062133],[-73.9812299904313,40.786924552747]],[[-73.9819868214286,40.7855915956966],[-73.9817231398681,40.7858474604687],[-73.981678247288,40.7858916526496],[-73.9816268127995,40.7859433134286],[-73.9815792695355,40.7859970855813],[-73.9815357691953,40.7860527989421],[-73.981484004637,40.7861189504705],[-73.9814369914403,40.7861871198632]],[[-73.9826391784504,40.784982861378],[-73.9824700409685,40.785130976374],[-73.9823051990224,40.7852818626209],[-73.9821447308323,40.78543544991],[-73.9819868214286,40.7855915956966]]]},"properties":{"OBJECTID":280,"Borough":"Manhattan","Feat_Type":"Mapped_St","Feat_statu":"City_St","Street_NM":"Riverside Drive","HonoraryNM":"None","Old_ST_NM":"None","Streetwidt":"65","Route_Type":"Gen_use","RoadwayTyp":"Surface_ST","Build_Stat":"Improved","Record_ST":"N","Paper_ST":"N","Stair_ST":"N","CCO_ST":"N","Marg_Wharf":"N","Edit_Date":null,"Shape_Leng":8041.72365735,"Shape__Length":8041.3573578755977}},{"type":"Feature","id":7396,"geometry":{"type":"MultiLineString","coordinates":[[[-73.9573186778345,40.8043641191549],[-73.9577832177431,40.8037365119188]],[[-73.9577832177431,40.8037365119188],[-73.9582376388773,40.8031094654999]],[[-73.9582376388773,40.8031094654999],[-73.9591488465162,40.8018520442048]]]},"properties":{"OBJECTID":7396,"Borough":"Manhattan","Feat_Type":"Mapped_St","Feat_statu":"City_St","Street_NM":"St. Nicholas Avenue","HonoraryNM":"Harriet Tubman Avenue","Old_ST_NM":"None","Streetwidt":"80","Route_Type":"Gen_use","RoadwayTyp":"Surface_ST","Build_Stat":"Improved","Record_ST":"N","Paper_ST":"N","Stair_ST":"N","CCO_ST":"N","Marg_Wharf":"N","Edit_Date":null,"Shape_Leng":1046.13851085,"Shape__Length":1046.1385108462548}},{"type":"Feature","id":2882,"geometry":{"type":"MultiLineString","coordinates":[[[-73.9633620062342,40.7985722475111],[-73.9662071733041,40.7997691061031]],[[-73.9619826872514,40.7979964716374],[-73.9633620062342,40.7985722475111]],[[-73.960524156962,40.7973767437291],[-73.9619826872514,40.7979964716374]]]},"properties":{"OBJECTID":2882,"Borough":"Manhattan","Feat_Type":"Mapped_St","Feat_statu":"City_St","Street_NM":"West 105 Street","HonoraryNM":"None","Old_ST_NM":"None","Streetwidt":"60","Route_Type":"Gen_use","RoadwayTyp":"Surface_ST","Build_Stat":"Improved","Record_ST":"N","Paper_ST":"N","Stair_ST":"N","CCO_ST":"N","Marg_Wharf":"N","Edit_Date":null,"Shape_Leng":1798.75683994,"Shape__Length":1798.7568399270506}},{"type":"Feature","id":9855,"geometry":{"type":"MultiLineString","coordinates":[[[-73.9644255188456,40.8107634146558],[-73.964055826502,40.8112893465144]],[[-73.9658155754386,40.8088498545895],[-73.9644255188456,40.8107634146558]],[[-73.9665325082264,40.8082395992013],[-73.9658155754386,40.8088498545895]],[[-73.967012883692,40.8076134861239],[-73.9665325082264,40.8082395992013]]]},"properties":{"OBJECTID":9855,"Borough":"Manhattan","Feat_Type":"Mapped_St","Feat_statu":"City_St","Street_NM":"Riverside Drive","HonoraryNM":"None","Old_ST_NM":"None","Streetwidt":"Unknown","Route_Type":"Gen_use","RoadwayTyp":"Surface_ST","Build_Stat":"Improved","Record_ST":"N","Paper_ST":"N","Stair_ST":"N","CCO_ST":"N","Marg_Wharf":"N","Edit_Date":null,"Shape_Leng":1575.63401544,"Shape__Length":1575.6340154388408}},{"type":"Feature","id":12111,"geometry":{"type":"MultiLineString","coordinates":[[[-73.9622076433525,40.8160627607587],[-73.962149914758,40.8161160728634],[-73.9620843408178,40.8161649924359],[-73.9620130327915,40.8162090383929],[-73.9619366143637,40.8162478246162]],[[-73.9640305282079,40.811353491888],[-73.9639898936507,40.8114741396019],[-73.9639577086374,40.8115962505482],[-73.9639340634726,40.8117194834733],[-73.9639190259462,40.8118434935131],[-73.9639126354056,40.8119679339915],[-73.9639264501814,40.8121363295789],[-73.9639311067238,40.8123050149573],[-73.9639265968229,40.812473701966],[-73.9639129276757,40.8126421042477],[-73.9638901218879,40.8128099345479],[-73.9638605109169,40.8129572025463],[-73.9638495524198,40.8129919403062],[-73.9638106324719,40.813115269244],[-73.9632957039732,40.8140957121822],[-73.9624341831954,40.8157360056593],[-73.9623941536858,40.8158227356993],[-73.9623549955224,40.8158859351185],[-73.9623107393328,40.8159471625699],[-73.9622615594776,40.8160061803735],[-73.9622076433525,40.8160627607587]],[[-73.964055826502,40.8112893465144],[-73.9640305282079,40.811353491888]]]},"properties":{"OBJECTID":12111,"Borough":"Manhattan","Feat_Type":"Mapped_St","Feat_statu":"City_St","Street_NM":"Riverside Drive West","HonoraryNM":"None","Old_ST_NM":"None","Streetwidt":"Unknown","Route_Type":"Gen_use","RoadwayTyp":"Surface_ST","Build_Stat":"Improved","Record_ST":"N","Paper_ST":"N","Stair_ST":"N","CCO_ST":"N","Marg_Wharf":"N","Edit_Date":null,"Shape_Leng":1937.00230168,"Shape__Length":1936.9049285967399}},{"type":"Feature","id":19536,"geometry":{"type":"LineString","coordinates":[[-73.9536253223249,40.8103270024857],[-73.95304220588,40.8096605077878]]},"properties":{"OBJECTID":19536,"Borough":"Manhattan","Feat_Type":"Mapped_St","Feat_statu":"City_St","Street_NM":"Hancock Place","HonoraryNM":"None","Old_ST_NM":"None","Streetwidt":"\u003e100","Route_Type":"Mjr_st","RoadwayTyp":"Walkway","Build_Stat":"Improved","Record_ST":"N","Paper_ST":"N","Stair_ST":"N","CCO_ST":"N","Marg_Wharf":"N","Edit_Date":null,"Shape_Leng":291.58490999,"Shape__Length":291.58490999592453}},{"type":"Feature","id":3200,"geometry":{"type":"MultiLineString","coordinates":[[[-73.9677978875903,40.8022122341072],[-73.9677346360922,40.8025429436134]],[[-73.9678752383829,40.8013599728666],[-73.9678276645262,40.8020565407239],[-73.9677978875903,40.8022122341072]],[[-73.968209156263,40.7997947391725],[-73.9681863807176,40.7998394147706],[-73.9679738840685,40.8005151248844],[-73.9678752383829,40.8013599728666]],[[-73.9685626931865,40.7991155056219],[-73.9685375111703,40.7991506740643],[-73.968209156263,40.7997947391725]]]},"properties":{"OBJECTID":3200,"Borough":"Manhattan","Feat_Type":"Mapped_St","Feat_statu":"City_St","Street_NM":"Broadway","HonoraryNM":"None","Old_ST_NM":"None","Streetwidt":"150","Route_Type":"Mjr_st","RoadwayTyp":"Surface_ST","Build_Stat":"Improved","Record_ST":"N","Paper_ST":"N","Stair_ST":"N","CCO_ST":"N","Marg_Wharf":"N","Edit_Date":null,"Shape_Leng":1279.02810388,"Shape__Length":1279.0281038767675}},{"type":"Feature","id":2410,"geometry":{"type":"LineString","coordinates":[[-73.9648846225589,40.8084530755615],[-73.9653929704632,40.8086740683417]]},"properties":{"OBJECTID":2410,"Borough":"Manhattan","Feat_Type":"Mapped_St","Feat_statu":"City_St","Street_NM":"West 116 Street","HonoraryNM":"None","Old_ST_NM":"None","Streetwidt":"\u003e100","Route_Type":"Gen_use","RoadwayTyp":"Surface_ST","Build_Stat":"Improved","Record_ST":"N","Paper_ST":"N","Stair_ST":"N","CCO_ST":"N","Marg_Wharf":"N","Edit_Date":null,"Shape_Leng":162.13089938,"Shape__Length":162.13089937882444}},{"type":"Feature","id":143,"geometry":{"type":"LineString","coordinates":[[-73.9540123675848,40.8113780583734],[-73.9535452682432,40.8120590985886]]},"properties":{"OBJECTID":143,"Borough":"Manhattan","Feat_Type":"Mapped_St","Feat_statu":"City_St","Street_NM":"Morningside Avenue","HonoraryNM":"None","Old_ST_NM":"None","Streetwidt":"100","Route_Type":"Gen_use","RoadwayTyp":"Surface_ST","Build_Stat":"Improved","Record_ST":"N","Paper_ST":"N","Stair_ST":"N","CCO_ST":"N","Marg_Wharf":"N","Edit_Date":null,"Shape_Leng":279.79590805,"Shape__Length":279.7959080614487}},{"type":"Feature","id":10934,"geometry":{"type":"LineString","coordinates":[[-73.96801567837,40.8047319086804],[-73.9680452697356,40.8047468309459],[-73.9680802081169,40.8047643823395],[-73.9681116962893,40.8047853681708],[-73.9681391537507,40.8048094010677],[-73.9681577813563,40.8048330992356],[-73.9681709744126,40.8048588175198],[-73.96817836825,40.8048858435268],[-73.9681797570165,40.8049134261852],[-73.9681810187862,40.8049414149334],[-73.9681665499826,40.8050085980468],[-73.9681463113859,40.8050749141845],[-73.9681203908125,40.80514007881],[-73.9680257679257,40.8053269375939],[-73.9679233169407,40.8055113978902],[-73.967913249817,40.8055330295679],[-73.9679080588786,40.8055556315386],[-73.9679078854595,40.8055785752942],[-73.9679127381691,40.8056012205827],[-73.9679224786597,40.8056229379164],[-73.9679368370256,40.8056431220839],[-73.9679554141638,40.805661210161],[-73.9679776912464,40.8056766986229],[-73.9680030474904,40.8056891559563],[-73.9680081314503,40.8056918327484],[-73.9681025635108,40.8057362192746]]},"properties":{"OBJECTID":10934,"Borough":"Manhattan","Feat_Type":"Mapped_St","Feat_statu":"City_St","Street_NM":"Riverside Drive","HonoraryNM":"None","Old_ST_NM":"None","Streetwidt":"Unknown","Route_Type":"Gen_use","RoadwayTyp":"Surface_ST","Build_Stat":"Improved","Record_ST":"N","Paper_ST":"N","Stair_ST":"N","CCO_ST":"N","Marg_Wharf":"N","Edit_Date":null,"Shape_Leng":423.21954738,"Shape__Length":423.03274003284827}},{"type":"Feature","id":6758,"geometry":{"type":"MultiLineString","coordinates":[[[-73.9668859201561,40.8075645517692],[-73.967012883692,40.8076134861239]],[[-73.9671393800938,40.8068517627644],[-73.9668859201561,40.8075645517692]],[[-73.9673747055322,40.8061352318236],[-73.9671393800938,40.8068517627644]],[[-73.9677256166298,40.8054616676101],[-73.9677130567793,40.8054768374951],[-73.9676381381893,40.8055805017009],[-73.967570405599,40.8056869837369],[-73.9675100440507,40.8057959946078],[-73.9674572148907,40.805907240808],[-73.9674120616961,40.8060204216219],[-73.9673747055322,40.8061352318236]],[[-73.96801567837,40.8047319086804],[-73.9679309972242,40.8048306239404],[-73.9678907308995,40.8050387440955],[-73.9678448891377,40.8052406042092],[-73.9678239574219,40.8052984292929],[-73.967796978865,40.8053547884726],[-73.9677641278373,40.805409318892],[-73.9677256166298,40.8054616676101]],[[-73.9686481390496,40.8042145963874],[-73.9685619271963,40.8043032882502],[-73.9684700022918,40.8043886034157],[-73.9683725907788,40.8044703276137],[-73.9682699380599,40.8045482591863],[-73.9681622966488,40.8046222027812],[-73.9680499356489,40.8046919756577],[-73.96801567837,40.8047319086804]]]},"properties":{"OBJECTID":6758,"Borough":"Manhattan","Feat_Type":"Mapped_St","Feat_statu":"City_St","Street_NM":"Riverside Drive","HonoraryNM":"None","Old_ST_NM":"None","Streetwidt":"Unknown","Route_Type":"Gen_use","RoadwayTyp":"Surface_ST","Build_Stat":"Improved","Record_ST":"N","Paper_ST":"N","Stair_ST":"N","CCO_ST":"N","Marg_Wharf":"N","Edit_Date":null,"Shape_Leng":1382.62693236,"Shape__Length":1382.5491304070206}},{"type":"Feature","id":15511,"geometry":{"type":"LineString","coordinates":[[-73.9634781601605,40.8103814784522],[-73.9643772092248,40.8107439408819],[-73.9644189981705,40.810760786792],[-73.9644255188456,40.8107634146558]]},"properties":{"OBJECTID":15511,"Borough":"Manhattan","Feat_Type":"Mapped_St","Feat_statu":"City_St","Street_NM":"West 119 Street","HonoraryNM":"None","Old_ST_NM":"None","Streetwidt":"60","Route_Type":"Gen_use","RoadwayTyp":"Surface_ST","Build_Stat":"Improved","Record_ST":"N","Paper_ST":"N","Stair_ST":"N","CCO_ST":"N","Marg_Wharf":"N","Edit_Date":null,"Shape_Leng":296.8802782,"Shape__Length":296.8802781998462}},{"type":"Feature","id":5785,"geometry":{"type":"LineString","coordinates":[[-73.9622095993286,40.8137076260575],[-73.9621719279989,40.8139239852261],[-73.9621489873039,40.8139975024102],[-73.9621218193833,40.8140845535766],[-73.9620069007018,40.8142521379512],[-73.9619039518493,40.8144084006072],[-73.9618035181669,40.8145513222324],[-73.961698066865,40.8146942411999],[-73.961617920324,40.8148105479931],[-73.9615075364908,40.8149757533461],[-73.9614144050957,40.8151486528092],[-73.961339830949,40.8153276736923],[-73.9612898129755,40.8154942344845],[-73.9612539348516,40.815632656765],[-73.9612269217639,40.8157722373504],[-73.9612088403339,40.8159126475878],[-73.9611997299233,40.8160535588131]]},"properties":{"OBJECTID":5785,"Borough":"Manhattan","Feat_Type":"Mapped_St","Feat_statu":"City_St","Street_NM":"Riverside Drive East","HonoraryNM":"None","Old_ST_NM":"None","Streetwidt":"Unknown","Route_Type":"Gen_use","RoadwayTyp":"Surface_ST","Build_Stat":"Improved","Record_ST":"N","Paper_ST":"N","Stair_ST":"N","CCO_ST":"N","Marg_Wharf":"N","Edit_Date":null,"Shape_Leng":910.54624842,"Shape__Length":910.52612981451546}},{"type":"Feature","id":29079,"geometry":{"type":"LineString","coordinates":[[-73.9576968457128,40.8012396223043],[-73.9591488465162,40.8018520442048]]},"properties":{"OBJECTID":29079,"Borough":"Manhattan","Feat_Type":"Mapped_St","Feat_statu":"City_St","Street_NM":"West 111 Street","HonoraryNM":"None","Old_ST_NM":"None","Streetwidt":"60","Route_Type":"Gen_use","RoadwayTyp":"Surface_ST","Build_Stat":"Improved","Record_ST":"N","Paper_ST":"N","Stair_ST":"N","CCO_ST":"N","Marg_Wharf":"N","Edit_Date":null,"Shape_Leng":459.77000302,"Shape__Length":459.7700030067619}},{"type":"Feature","id":11830,"geometry":{"type":"LineString","coordinates":[[-73.9620570268998,40.8105415512993],[-73.9592189024818,40.8093485850665]]},"properties":{"OBJECTID":11830,"Borough":"Manhattan","Feat_Type":"Mapped_St","Feat_statu":"City_St","Street_NM":"West 120 Street","HonoraryNM":"Teachers College Way","Old_ST_NM":"None","Streetwidt":"100","Route_Type":"Gen_use","RoadwayTyp":"Surface_ST","Build_Stat":"Improved","Record_ST":"N","Paper_ST":"N","Stair_ST":"N","CCO_ST":"N","Marg_Wharf":"N","Edit_Date":null,"Shape_Leng":897.87122152,"Shape__Length":897.87122152823372}},{"type":"Feature","id":14386,"geometry":{"type":"LineString","coordinates":[[-73.9638841784867,40.8080232882922],[-73.9643901714884,40.8073414343775]]},"properties":{"OBJECTID":14386,"Borough":"Manhattan","Feat_Type":"Mapped_St","Feat_statu":"City_St","Street_NM":"Broadway","HonoraryNM":"Grace Gold Way","Old_ST_NM":"None","Streetwidt":"150","Route_Type":"Mjr_st","RoadwayTyp":"Surface_ST","Build_Stat":"Improved","Record_ST":"N","Paper_ST":"N","Stair_ST":"N","CCO_ST":"N","Marg_Wharf":"N","Edit_Date":null,"Shape_Leng":285.19357316,"Shape__Length":285.19357316034262}},{"type":"Feature","id":9546,"geometry":{"type":"MultiLineString","coordinates":[[[-73.9577832177431,40.8037365119188],[-73.9582044465848,40.8039025472027]],[[-73.9563225899695,40.8031236203944],[-73.9577832177431,40.8037365119188]],[[-73.9534791953399,40.8019253485245],[-73.9563225899695,40.8031236203944]],[[-73.9534791953399,40.8019253485245],[-73.9534781694071,40.8019249158709]],[[-73.9534781694071,40.8019249158709],[-73.952557535803,40.8015375241161]],[[-73.952557535803,40.8015375241161],[-73.9506479613152,40.800732347815]],[[-73.9506479613152,40.800732347815],[-73.9506373457803,40.80072787139]]]},"properties":{"OBJECTID":9546,"Borough":"Manhattan","Feat_Type":"Mapped_St","Feat_statu":"City_St","Street_NM":"West 114 Street","HonoraryNM":"None","Old_ST_NM":"None","Streetwidt":"60","Route_Type":"Gen_use","RoadwayTyp":"Surface_ST","Build_Stat":"Improved","Record_ST":"N","Paper_ST":"N","Stair_ST":"N","CCO_ST":"N","Marg_Wharf":"N","Edit_Date":null,"Shape_Leng":2393.12434916,"Shape__Length":2393.1243491589184}},{"type":"Feature","id":8550,"geometry":{"type":"MultiLineString","coordinates":[[[-73.9526077657951,40.8031198379309],[-73.952531186471,40.8032248055104]],[[-73.9530294340944,40.8025418522829],[-73.9526077657951,40.8031198379309]],[[-73.9534791953399,40.8019253485245],[-73.9530294340944,40.8025418522829]],[[-73.9539378538178,40.8012966330377],[-73.9534791953399,40.8019253485245]],[[-73.9543967242501,40.8006676131826],[-73.9539378538178,40.8012966330377]],[[-73.9548551554565,40.8000391819971],[-73.9543967242501,40.8006676131826]],[[-73.9552902882148,40.799442677012],[-73.9548551554565,40.8000391819971]]]},"properties":{"OBJECTID":8550,"Borough":"Manhattan","Feat_Type":"Mapped_St","Feat_statu":"City_St","Street_NM":"Adam Clayton Powell Jr. Boulevard","HonoraryNM":"None","Old_ST_NM":"None","Streetwidt":"150","Route_Type":"Mjr_st","RoadwayTyp":"Surface_ST","Build_Stat":"Improved","Record_ST":"N","Paper_ST":"N","Stair_ST":"N","CCO_ST":"N","Marg_Wharf":"N","Edit_Date":null,"Shape_Leng":1575.5302713,"Shape__Length":1575.5302712893415}},{"type":"Feature","id":6108,"geometry":{"type":"MultiLineString","coordinates":[[[-73.9563296026983,40.8057164022879],[-73.9577231986178,40.8062992651759]],[[-73.9548759475881,40.8051051603027],[-73.9563273836218,40.8057154739337],[-73.9563296026983,40.8057164022879]],[[-73.9527229905366,40.8041978284083],[-73.952724689414,40.8041985495041],[-73.9548759475881,40.8051051603027]],[[-73.9520360309822,40.803906305296],[-73.9527229905366,40.8041978284083]],[[-73.9491999823066,40.8027126100571],[-73.9520360309822,40.803906305296]],[[-73.9459693320765,40.8013506705558],[-73.9491885965162,40.8027078179861],[-73.9491999823066,40.8027126100571]]]},"properties":{"OBJECTID":6108,"Borough":"Manhattan","Feat_Type":"Mapped_St","Feat_statu":"City_St","Street_NM":"West 117 Street","HonoraryNM":"None","Old_ST_NM":"None","Streetwidt":"60","Route_Type":"Gen_use","RoadwayTyp":"Surface_ST","Build_Stat":"Improved","Record_ST":"N","Paper_ST":"N","Stair_ST":"N","CCO_ST":"N","Marg_Wharf":"N","Edit_Date":null,"Shape_Leng":3720.14153864,"Shape__Length":3720.1415386571407}},{"type":"Feature","id":13482,"geometry":{"type":"MultiLineString","coordinates":[[[-73.9582521513114,40.8047718033937],[-73.9582720112545,40.8054007296915],[-73.9581831124773,40.8056050674515]],[[-73.9582044465848,40.8039025472027],[-73.9582521513114,40.8047718033937]],[[-73.9582502219712,40.8031147622901],[-73.9582044465848,40.8039025472027]]]},"properties":{"OBJECTID":13482,"Borough":"Manhattan","Feat_Type":"Mapped_St","Feat_statu":"City_St","Street_NM":"Morningside Avenue","HonoraryNM":"None","Old_ST_NM":"None","Streetwidt":"80","Route_Type":"Gen_use","RoadwayTyp":"Surface_ST","Build_Stat":"Improved","Record_ST":"N","Paper_ST":"N","Stair_ST":"N","CCO_ST":"N","Marg_Wharf":"N","Edit_Date":null,"Shape_Leng":911.88904755,"Shape__Length":911.88904754719044}},{"type":"Feature","id":15191,"geometry":{"type":"MultiLineString","coordinates":[[[-73.9540368149633,40.8088598227462],[-73.9554311866639,40.8094374301151]],[[-73.9529594828379,40.8084072363553],[-73.9540342557661,40.80885876274],[-73.9540368149633,40.8088598227462]],[[-73.9525865543289,40.8082462969257],[-73.9529531015451,40.8084045556697],[-73.9529594828379,40.8084072363553]],[[-73.9497273181019,40.8070419450339],[-73.9525865543289,40.8082462969257]]]},"properties":{"OBJECTID":15191,"Borough":"Manhattan","Feat_Type":"Mapped_St","Feat_statu":"City_St","Street_NM":"West 122 Street","HonoraryNM":"None","Old_ST_NM":"None","Streetwidt":"60","Route_Type":"Gen_use","RoadwayTyp":"Surface_ST","Build_Stat":"Improved","Record_ST":"N","Paper_ST":"N","Stair_ST":"N","CCO_ST":"N","Marg_Wharf":"N","Edit_Date":null,"Shape_Leng":1804.16901277,"Shape__Length":1804.1690127584066}},{"type":"Feature","id":13462,"geometry":{"type":"MultiLineString","coordinates":[[[-73.9671304094647,40.8035719207748],[-73.9686481390496,40.8042145963874]],[[-73.9643024410547,40.802380925408],[-73.9671304094647,40.8035719207748]],[[-73.9614589884066,40.8011798155657],[-73.9643024410547,40.802380925408]],[[-73.9600665198858,40.8005939450342],[-73.9614589884066,40.8011798155657]],[[-73.9586202320089,40.7999853007021],[-73.9600665198858,40.8005939450342]]]},"properties":{"OBJECTID":13462,"Borough":"Manhattan","Feat_Type":"Mapped_St","Feat_statu":"City_St","Street_NM":"West 109 Street","HonoraryNM":"None","Old_ST_NM":"None","Streetwidt":"60","Route_Type":"Gen_use","RoadwayTyp":"Surface_ST","Build_Stat":"Improved","Record_ST":"N","Paper_ST":"N","Stair_ST":"N","CCO_ST":"N","Marg_Wharf":"N","Edit_Date":null,"Shape_Leng":3175.23143434,"Shape__Length":3175.2314343299649}},{"type":"Feature","id":9526,"geometry":{"type":"LineString","coordinates":[[-73.9568285152658,40.8126198079517],[-73.9591569992393,40.8135956916071]]},"properties":{"OBJECTID":9526,"Borough":"Manhattan","Feat_Type":"Mapped_St","Feat_statu":"City_St","Street_NM":"La Salle Street","HonoraryNM":"None","Old_ST_NM":"None","Streetwidt":"60","Route_Type":"Gen_use","RoadwayTyp":"Surface_ST","Build_Stat":"Improved","Record_ST":"N","Paper_ST":"N","Stair_ST":"N","CCO_ST":"N","Marg_Wharf":"N","Edit_Date":null,"Shape_Leng":736.11000047,"Shape__Length":736.110000467724}},{"type":"Feature","id":14615,"geometry":{"type":"MultiLineString","coordinates":[[[-73.9568165993648,40.8050382814973],[-73.956823061047,40.8050410070256],[-73.9581831124773,40.8056050674515]],[[-73.9553698948325,40.8044281414792],[-73.9568165993648,40.8050382814973]],[[-73.9526719122632,40.8032886051914],[-73.9553698948325,40.8044281414792]],[[-73.9526111543443,40.8032623081737],[-73.9526247388099,40.8032686793845],[-73.9526719122632,40.8032886051914]],[[-73.952531186471,40.8032248055104],[-73.9526111543443,40.8032623081737]],[[-73.9496940621573,40.8020369192595],[-73.9497462698565,40.8020589286182],[-73.9524283297012,40.8031835922977],[-73.952531186471,40.8032248055104]],[[-73.9464627733285,40.8006735811687],[-73.9480654295118,40.8013497878983],[-73.9496060069238,40.8019997766316],[-73.9496815877565,40.802031660303],[-73.9496940621573,40.8020369192595]]]},"properties":{"OBJECTID":14615,"Borough":"Manhattan","Feat_Type":"Mapped_St","Feat_statu":"City_St","Street_NM":"West 116 Street","HonoraryNM":"None","Old_ST_NM":"None","Streetwidt":"100","Route_Type":"Mjr_st","RoadwayTyp":"Surface_ST","Build_Stat":"Improved","Record_ST":"N","Paper_ST":"N","Stair_ST":"N","CCO_ST":"N","Marg_Wharf":"N","Edit_Date":null,"Shape_Leng":3709.07913865,"Shape__Length":3709.0791386550159}},{"type":"Feature","id":15646,"geometry":{"type":"LineString","coordinates":[[-73.9745418980068,40.7832508093244],[-73.9740596251871,40.7839093908593],[-73.9735977143455,40.7845463998609],[-73.9731353476646,40.7851784189667],[-73.9726737531348,40.7858128748987],[-73.9721755922058,40.7864947323941],[-73.971681925341,40.7871715189492],[-73.9712230066334,40.787800883509],[-73.9707647906612,40.7884290198782],[-73.9703006877089,40.7890610259042],[-73.9698522572189,40.7896819039114],[-73.9697712671099,40.7897914862598],[-73.9697297268994,40.7898476909239],[-73.9696857064592,40.7899072492858],[-73.96963956618,40.7899696787691],[-73.9695950808415,40.7900298691244],[-73.9695464602186,40.7900956522805],[-73.9693924174133,40.7903040738081],[-73.9689297103508,40.7909356692814],[-73.9689296652978,40.7909357323043],[-73.9684679792411,40.7915694981467],[-73.9684676460831,40.7915699555099],[-73.9680174732748,40.7921927977642],[-73.9675244237565,40.7928638299174],[-73.96701541112,40.793568263889],[-73.9669994873791,40.793590055041],[-73.9665918479241,40.7941478830874],[-73.9662276477294,40.7946462578519],[-73.9662275078149,40.7946464478164],[-73.9656296865261,40.7954644925342],[-73.9655625926508,40.7955570844373],[-73.9654817958821,40.7956685853997],[-73.9654160023837,40.7957593829075],[-73.9653556656304,40.7958426484335],[-73.9652955326787,40.7959256339328],[-73.9652275224534,40.7960194878595],[-73.9651730809325,40.7960946181471],[-73.965108292137,40.7961840281065],[-73.9650513779814,40.7962625695807],[-73.9649720309076,40.796372068802],[-73.9649187971336,40.7964455316067],[-73.9648675755386,40.796516216957],[-73.9647904417489,40.7966226604271],[-73.96471776752,40.7967229493916],[-73.9646655316339,40.7967950337155],[-73.9645883971986,40.7969014761452],[-73.9645327292905,40.7969782968824],[-73.9642885787291,40.7973152155537],[-73.9642322104921,40.7973929994587],[-73.9640924508467,40.7975858583698],[-73.9640371648203,40.7976621485843],[-73.9639822925249,40.7977378679838],[-73.9639278387079,40.797813008466],[-73.9638464886013,40.7979252653912],[-73.9633620062342,40.7985722475111],[-73.9628712417314,40.7992479514433],[-73.9623781215491,40.7999226438888],[-73.9619185768402,40.8005516719252],[-73.9614589884066,40.8011798155657],[-73.9610457544207,40.8017429272295]]},"properties":{"OBJECTID":15646,"Borough":"Manhattan","Feat_Type":"Mapped_St","Feat_statu":"City_St","Street_NM":"Columbus Avenue","HonoraryNM":"None","Old_ST_NM":"None","Streetwidt":"100","Route_Type":"Gen_use","RoadwayTyp":"Surface_ST","Build_Stat":"Improved","Record_ST":"N","Paper_ST":"N","Stair_ST":"N","CCO_ST":"N","Marg_Wharf":"N","Edit_Date":null,"Shape_Leng":7704.37483087,"Shape__Length":7704.3748308749509}},{"type":"Feature","id":14999,"geometry":{"type":"MultiLineString","coordinates":[[[-73.9662153642474,40.804835498224],[-73.9677256166298,40.8054616676101]],[[-73.9633893285072,40.8036372682789],[-73.9662153642474,40.804835498224]]]},"properties":{"OBJECTID":14999,"Borough":"Manhattan","Feat_Type":"Mapped_St","Feat_statu":"City_St","Street_NM":"West 111 Street","HonoraryNM":"None","Old_ST_NM":"None","Streetwidt":"60","Route_Type":"Gen_use","RoadwayTyp":"Surface_ST","Build_Stat":"Improved","Record_ST":"N","Paper_ST":"N","Stair_ST":"N","CCO_ST":"N","Marg_Wharf":"N","Edit_Date":null,"Shape_Leng":1372.23020752,"Shape__Length":1372.2302075369685}},{"type":"Feature","id":4820,"geometry":{"type":"LineString","coordinates":[[-73.9638841784867,40.8080232882922],[-73.9648846225589,40.8084530755615]]},"properties":{"OBJECTID":4820,"Borough":"Manhattan","Feat_Type":"Mapped_St","Feat_statu":"City_St","Street_NM":"West 116 Street","HonoraryNM":"None","Old_ST_NM":"None","Streetwidt":"100","Route_Type":"Gen_use","RoadwayTyp":"Surface_ST","Build_Stat":"Improved","Record_ST":"N","Paper_ST":"N","Stair_ST":"N","CCO_ST":"N","Marg_Wharf":"N","Edit_Date":null,"Shape_Leng":318.15507413,"Shape__Length":318.1550741282025}}]}