{
  "type": "FeatureCollection",
  "features": [
    {
      "type": "Feature",
      "properties": {
        "ip": "162.159.129.232",
        "url": "https://images-ext-1.discordapp.net/external/Z5dK99txNHeIq2M-t81qNQI70qIWOiMEBoaOgJYBv8s/%3Fv%3D4%3Fs%3D400/https/avatars.githubusercontent.com/u/109859956?format=webp&width=160&height=160",
        "city": "Toronto",
        "region": "Ontario",
        "country": "Canada",
        "org": "Cloudflare, Inc.",
        "timezone": "America/Toronto",
        "source": "ip-api.com"
      },
      "geometry": {
        "type": "Point",
        "coordinates": [
          -79.3832,
          43.6532
        ]
      }
    },
    {
      "type": "Feature",
      "properties": {
        "ip": "162.159.129.232",
        "url": "https://images-ext-1.discordapp.net/external/ywwz6shdK_3cYKEd19O6bgBYnjrch1RFDgWC2i_4Bmc/https/2050-materials.com/wp-content/uploads/2024/09/careers.webp?format=webp&width=800&height=410",
        "city": "Toronto",
        "region": "Ontario",
        "country": "Canada",
        "org": "Cloudflare, Inc.",
        "timezone": "America/Toronto",
        "source": "ip-api.com"
      },
      "geometry": {
        "type": "Point",
        "coordinates": [
          -79.3832,
          43.6532
        ]
      }
    },
    {
      "type": "Feature",
      "properties": {
        "ip": "162.159.129.232",
        "url": "https://images-ext-1.discordapp.net/external/yQJG8wnix0pmH0ceX3lKzeCsz8Ah9leAXHSYHXNBj_o/https/static.wixstatic.com/media/989bd0_da6c7be7f1394e2991d1bf1eb97c9cf9~mv2.png/v1/fill/w_6000%2Ch_5300%2Cal_c/989bd0_da6c7be7f1394e2991d1bf1eb97c9cf9~mv2.png?format=webp&quality=lossless&width=680&height=600",
        "city": "Toronto",
        "region": "Ontario",
        "country": "Canada",
        "org": "Cloudflare, Inc.",
        "timezone": "America/Toronto",
        "source": "ip-api.com"
      },
      "geometry": {
        "type": "Point",
        "coordinates": [
          -79.3832,
          43.6532
        ]
      }
    },
    {
      "type": "Feature",
      "properties": {
        "ip": "162.159.129.232",
        "url": "https://images-ext-1.discordapp.net/external/dBtOItZ8kNTh540-GuD7l27bjcH80BmdctlUhBirFUY/%3Fcalendar_avatar%3Dhttps%253A%252F%252Fimages.lumacdn.com%252Fcalendars%252Fhj%252F68d50507-f483-404f-bb45-230e570bb022.jpg%26calendar_name%3DCursor%2520Community%26color0%3D%2523000000%26color1%3D%2523fcfcfc%26color2%3D%2523949494%26color3%3D%2523454545%26host_avatar%3Dhttps%253A%252F%252Fimages.lumacdn.com%252Favatars%252Fll%252F956949e1-8635-4c1b-9fa9-f62968212e44.png%26host_name%3DCursor%2520Community%26img%3Dhttps%253A%252F%252Fimages.lumacdn.com%252Fevent-covers%252Fp0%252Fe1ac12f2-87b2-4ebf-b7c7-6f276abfeccc.png%26name%3DCursor%2520New%2520York/https/social-images.lu.ma/cdn-cgi/image/format%3Dauto%2Cfit%3Dcover%2Cdpr%3D1%2Canim%3Dfalse%2Cbackground%3Dwhite%2Cquality%3D75%2Cwidth%3D800%2Cheight%3D419/api/event-one?format=webp&width=800&height=420",
        "city": "Toronto",
        "region": "Ontario",
        "country": "Canada",
        "org": "Cloudflare, Inc.",
        "timezone": "America/Toronto",
        "source": "ip-api.com"
      },
      "geometry": {
        "type": "Point",
        "coordinates": [
          -79.3832,
          43.6532
        ]
      }
    },
    {
      "type": "Feature",
      "properties": {
        "ip": "162.159.129.232",
        "url": "https://images-ext-1.discordapp.net/external/kpLFSv3oFSG1UsCrLICXQx29MHja15fsA1NKFrz4cEU/%3Fformat%3D1500w/http/static1.squarespace.com/static/57bb3c10bebafb700491c863/t/63dc0dbd90140d043b155cf2/1675365821705/Screenshot%2B2023-02-02%2Bat%2B2.23.19%2BPM.png?format=webp&quality=lossless&width=160&height=108",
        "city": "Toronto",
        "region": "Ontario",
        "country": "Canada",
        "org": "Cloudflare, Inc.",
        "timezone": "America/Toronto",
        "source": "ip-api.com"
      },
      "geometry": {
        "type": "Point",
        "coordinates": [
          -79.3832,
          43.6532
        ]
      }
    },
    {
      "type": "Feature",
      "properties": {
        "ip": "162.159.129.232",
        "url": "https://images-ext-1.discordapp.net/external/Sbc3VYUbBY2lJY1wjvPUHnPDsCxE5hrmWOmAhr_ABh8/%3Fformat%3D1500w/http/static1.squarespace.com/static/5f0743f3373293218019646d/t/66b68633b256a2175dedda8d/1723237939688/Save%2Bthe%2Bdate.png?format=webp&quality=lossless&width=160&height=160",
        "city": "Toronto",
        "region": "Ontario",
        "country": "Canada",
        "org": "Cloudflare, Inc.",
        "timezone": "America/Toronto",
        "source": "ip-api.com"
      },
      "geometry": {
        "type": "Point",
        "coordinates": [
          -79.3832,
          43.6532
        ]
      }
    },
    {
      "type": "Feature",
      "properties": {
        "ip": "162.159.129.232",
        "url": "https://images-ext-1.discordapp.net/external/olKCNIPnsOQWzG05u4MckLkdbjhmKNXrqJEzXYnlqqI/https/newpublic.org/uploads/2025/07/Fr-Eng-PSI-SEO.png?format=webp&quality=lossless&width=800&height=420",
        "city": "Toronto",
        "region": "Ontario",
        "country": "Canada",
        "org": "Cloudflare, Inc.",
        "timezone": "America/Toronto",
        "source": "ip-api.com"
      },
      "geometry": {
        "type": "Point",
        "coordinates": [
          -79.3832,
          43.6532
        ]
      }
    },
    {
      "type": "Feature",
      "properties": {
        "ip": "162.159.129.232",
        "url": "https://images-ext-1.discordapp.net/external/ZVTPxvyoGXobpvQJR47vt-e1idkeA7ASd8Y2vCMbcm0/https/ichef.bbci.co.uk/news/1024/branded_news/92ca/live/478a2040-5d65-11f0-a40e-a1af2950b220.png?format=webp&quality=lossless&width=800&height=450",
        "city": "Toronto",
        "region": "Ontario",
        "country": "Canada",
        "org": "Cloudflare, Inc.",
        "timezone": "America/Toronto",
        "source": "ip-api.com"
      },
      "geometry": {
        "type": "Point",
        "coordinates": [
          -79.3832,
          43.6532
        ]
      }
    },
    {
      "type": "Feature",
      "properties": {
        "ip": "162.159.129.232",
        "url": "https://images-ext-1.discordapp.net/external/_NHZM1pFO39Z-aKRG0fXRLeRVBTXDthhE5NVuurRe2I/https/d3bbdc0r43xzql.cloudfront.net/1000x1000/tc/thumbs/2024-02-22-210145--live-feed-2-web-final.png?format=webp&quality=lossless&width=160&height=120",
        "city": "Toronto",
        "region": "Ontario",
        "country": "Canada",
        "org": "Cloudflare, Inc.",
        "timezone": "America/Toronto",
        "source": "ip-api.com"
      },
      "geometry": {
        "type": "Point",
        "coordinates": [
          -79.3832,
          43.6532
        ]
      }
    },
    {
      "type": "Feature",
      "properties": {
        "ip": "162.159.129.232",
        "url": "https://images-ext-1.discordapp.net/external/zg-K2CS3zNDFjrGwfk6lAyRFRp1Y5lx-rVFyJouOnno/https/fxcollaborative.bamboohr.com/jobs/share_image/30?format=webp&width=800&height=418",
        "city": "Toronto",
        "region": "Ontario",
        "country": "Canada",
        "org": "Cloudflare, Inc.",
        "timezone": "America/Toronto",
        "source": "ip-api.com"
      },
      "geometry": {
        "type": "Point",
        "coordinates": [
          -79.3832,
          43.6532
        ]
      }
    },
    {
      "type": "Feature",
      "properties": {
        "ip": "162.159.129.232",
        "url": "https://images-ext-1.discordapp.net/external/rupfG4gzna2-74PxoO-oRyZ6H58I-J7Qz54JwQXsS_4/https/i.ytimg.com/vi/5KVDDfAkRgc/maxresdefault.jpg?format=webp&width=800&height=450",
        "city": "Toronto",
        "region": "Ontario",
        "country": "Canada",
        "org": "Cloudflare, Inc.",
        "timezone": "America/Toronto",
        "source": "ip-api.com"
      },
      "geometry": {
        "type": "Point",
        "coordinates": [
          -79.3832,
          43.6532
        ]
      }
    },
    {
      "type": "Feature",
      "properties": {
        "ip": "162.159.129.232",
        "url": "https://images-ext-1.discordapp.net/external/1usSF3SBXgf1xgNQeH-GZp31nDG59Wx_BciEiGjdQwQ/%3Fv%3D4%3Fs%3D400/https/avatars.githubusercontent.com/u/126321540?format=webp&width=160&height=160",
        "city": "Toronto",
        "region": "Ontario",
        "country": "Canada",
        "org": "Cloudflare, Inc.",
        "timezone": "America/Toronto",
        "source": "ip-api.com"
      },
      "geometry": {
        "type": "Point",
        "coordinates": [
          -79.3832,
          43.6532
        ]
      }
    },
    {
      "type": "Feature",
      "properties": {
        "ip": "162.159.129.232",
        "url": "https://images-ext-1.discordapp.net/external/cOgubdV907dfBf4LQcqcCVI0W_m6b6No6mvyynwcHno/https/accelerator.carnegiecouncil.org/data-fusion/images/og/open-graph.png?format=webp&quality=lossless&width=160&height=84",
        "city": "Toronto",
        "region": "Ontario",
        "country": "Canada",
        "org": "Cloudflare, Inc.",
        "timezone": "America/Toronto",
        "source": "ip-api.com"
      },
      "geometry": {
        "type": "Point",
        "coordinates": [
          -79.3832,
          43.6532
        ]
      }
    },
    {
      "type": "Feature",
      "properties": {
        "ip": "162.159.129.232",
        "url": "https://images-ext-1.discordapp.net/external/lQ1mu39TmRs9qIpgAo_-kBulJio7wxgCnIDx70UtgxQ/https/media.tenor.com/d0LnDBfmDQUAAAAe/doolwind-the-office.png?width=600&height=600",
        "city": "Toronto",
        "region": "Ontario",
        "country": "Canada",
        "org": "Cloudflare, Inc.",
        "timezone": "America/Toronto",
        "source": "ip-api.com"
      },
      "geometry": {
        "type": "Point",
        "coordinates": [
          -79.3832,
          43.6532
        ]
      }
    },
    {
      "type": "Feature",
      "properties": {
        "ip": "162.159.129.232",
        "url": "https://images-ext-1.discordapp.net/external/Ct7ozXcKisuaplxSNv6QRIpQpm95a0w4DXM3qAH1-DQ/%3Fv%3D4%3Fs%3D400/https/avatars.githubusercontent.com/u/123268757?format=webp&width=160&height=160",
        "city": "Toronto",
        "region": "Ontario",
        "country": "Canada",
        "org": "Cloudflare, Inc.",
        "timezone": "America/Toronto",
        "source": "ip-api.com"
      },
      "geometry": {
        "type": "Point",
        "coordinates": [
          -79.3832,
          43.6532
        ]
      }
    },
    {
      "type": "Feature",
      "properties": {
        "ip": "162.159.129.232",
        "url": "https://images-ext-1.discordapp.net/external/4_Rr05ypq-plnPup73QInXks-75gA-eZa5_TSiSMCpg/%3Fw%3D1000%26h%3D1778%26fit%3Dclip/https/partiful.imgix.net/user/UltzDz2O7YWQMbfcdt27iICvnXo2/H2ziJa7cZQquCedrnJsMO?format=webp&width=338&height=600",
        "city": "Toronto",
        "region": "Ontario",
        "country": "Canada",
        "org": "Cloudflare, Inc.",
        "timezone": "America/Toronto",
        "source": "ip-api.com"
      },
      "geometry": {
        "type": "Point",
        "coordinates": [
          -79.3832,
          43.6532
        ]
      }
    },
    {
      "type": "Feature",
      "properties": {
        "ip": "162.159.129.232",
        "url": "https://images-ext-1.discordapp.net/external/yztIPxUl7LF2SylIdfQJWTCfRVp1STN3_qy2KZauoTU/%3Fv%3D4%3Fs%3D400/https/avatars.githubusercontent.com/u/108262121?format=webp&width=160&height=160",
        "city": "Toronto",
        "region": "Ontario",
        "country": "Canada",
        "org": "Cloudflare, Inc.",
        "timezone": "America/Toronto",
        "source": "ip-api.com"
      },
      "geometry": {
        "type": "Point",
        "coordinates": [
          -79.3832,
          43.6532
        ]
      }
    },
    {
      "type": "Feature",
      "properties": {
        "ip": "162.159.129.232",
        "url": "https://images-ext-1.discordapp.net/external/iA2tVgFPNTmfCq_IGZ-oxi_nDECeQ8Fjm-csI8CFhOo/https/static01.nyt.com/images/2024/07/14/opinion/05angwin/05angwin-videoSixteenByNine3000.jpg?format=webp&width=800&height=450",
        "city": "Toronto",
        "region": "Ontario",
        "country": "Canada",
        "org": "Cloudflare, Inc.",
        "timezone": "America/Toronto",
        "source": "ip-api.com"
      },
      "geometry": {
        "type": "Point",
        "coordinates": [
          -79.3832,
          43.6532
        ]
      }
    },
    {
      "type": "Feature",
      "properties": {
        "ip": "162.159.129.232",
        "url": "https://images-ext-1.discordapp.net/external/AtjAkdzZAPWrIkE5t6x6wLIB-iS_v89sATLHOaBEkGk/%3Fcalendar_avatar%3Dhttps%253A%252F%252Fimages.lumacdn.com%252Fcalendars%252F7x%252Ffbe209ab-f7a0-43a5-a4bb-c49badbf075e%26calendar_name%3DHacks%252FHackers%26color0%3D%2523312e3f%26color1%3D%25235f7379%26color2%3D%2523923948%26color3%3D%2523ca8c40%26host_avatar%3Dhttps%253A%252F%252Fimages.lumacdn.com%252Favatars%252Fh2%252F6214232f-3c98-4548-873f-6c4b9d4ea7e0%26host_name%3DBurt%2520Herman%26img%3Dhttps%253A%252F%252Fimages.lumacdn.com%252Fevent-covers%252Fm5%252F4c43c9f2-6be4-4105-b544-d8b9fa63ee28%26name%3DOpen%2520Source%2520AI%2520Hackathon%253A%2520Catalyzing%2520new%2520forms%2520of%2520journalism%2520and%2520civic%2520information/https/social-images.lu.ma/cdn-cgi/image/format%3Dauto%2Cfit%3Dcover%2Cdpr%3D1%2Cquality%3D75%2Cwidth%3D800%2Cheight%3D419/api/event-one?format=webp&width=800&height=420",
        "city": "Toronto",
        "region": "Ontario",
        "country": "Canada",
        "org": "Cloudflare, Inc.",
        "timezone": "America/Toronto",
        "source": "ip-api.com"
      },
      "geometry": {
        "type": "Point",
        "coordinates": [
          -79.3832,
          43.6532
        ]
      }
    },
    {
      "type": "Feature",
      "properties": {
        "ip": "162.159.129.232",
        "url": "https://images-ext-1.discordapp.net/external/J5_x5w0WZ825BGCYRzwiK3l07886_vFWxQgzX1pxzG0/https/news.artnet.com/app/news-upload/2017/06/trip.jpg?format=webp&width=160&height=56",
        "city": "Toronto",
        "region": "Ontario",
        "country": "Canada",
        "org": "Cloudflare, Inc.",
        "timezone": "America/Toronto",
        "source": "ip-api.com"
      },
      "geometry": {
        "type": "Point",
        "coordinates": [
          -79.3832,
          43.6532
        ]
      }
    },
    {
      "type": "Feature",
      "properties": {
        "ip": "162.159.129.232",
        "url": "https://images-ext-1.discordapp.net/external/fzA9zKPBbEwCmm8S3SbkC6stDX-tsVuki4xH2otIOwQ/https/static.rhizome.org/media/blog/dc858b17-0c84-4404-91d2-577962e2978b.jpg?format=webp&width=160&height=90",
        "city": "Toronto",
        "region": "Ontario",
        "country": "Canada",
        "org": "Cloudflare, Inc.",
        "timezone": "America/Toronto",
        "source": "ip-api.com"
      },
      "geometry": {
        "type": "Point",
        "coordinates": [
          -79.3832,
          43.6532
        ]
      }
    },
    {
      "type": "Feature",
      "properties": {
        "ip": "162.159.129.232",
        "url": "https://images-ext-1.discordapp.net/external/muBwKor_xJMxBg5f0aWc3yBgPdE5AEJlQZ5XHjyA890/https/media.tenor.com/Eiy9WdHo1WMAAAAe/%25E5%25B0%258F%25E7%258C%25AB%25E5%2590%2583%25E6%2583%258A-what.png?width=600&height=600",
        "city": "Toronto",
        "region": "Ontario",
        "country": "Canada",
        "org": "Cloudflare, Inc.",
        "timezone": "America/Toronto",
        "source": "ip-api.com"
      },
      "geometry": {
        "type": "Point",
        "coordinates": [
          -79.3832,
          43.6532
        ]
      }
    },
    {
      "type": "Feature",
      "properties": {
        "ip": "162.159.129.232",
        "url": "https://images-ext-1.discordapp.net/external/N0FLsTHmPHYsiIzL7yqXbv6XaM0JldknD5t5-1eaxqI/https/www.filepicker.io/api/file/Re04n6OnTZuBL1cG86mv?format=webp&width=128&height=160",
        "city": "Toronto",
        "region": "Ontario",
        "country": "Canada",
        "org": "Cloudflare, Inc.",
        "timezone": "America/Toronto",
        "source": "ip-api.com"
      },
      "geometry": {
        "type": "Point",
        "coordinates": [
          -79.3832,
          43.6532
        ]
      }
    },
    {
      "type": "Feature",
      "properties": {
        "ip": "162.159.129.232",
        "url": "https://images-ext-1.discordapp.net/external/RNQgSwY7BR02G4i5OakOSel1V8KoWzsVljkHjX_HoPw/%3Fw%3D576%26h%3D720%26fit%3Dclip/https/partiful.imgix.net/user/SfRRVD2VlvjQJaa8IalR/9YxmCOrLJHDi-FWrmZkeb?format=webp&width=480&height=600",
        "city": "Toronto",
        "region": "Ontario",
        "country": "Canada",
        "org": "Cloudflare, Inc.",
        "timezone": "America/Toronto",
        "source": "ip-api.com"
      },
      "geometry": {
        "type": "Point",
        "coordinates": [
          -79.3832,
          43.6532
        ]
      }
    },
    {
      "type": "Feature",
      "properties": {
        "ip": "162.159.129.232",
        "url": "https://images-ext-1.discordapp.net/external/MIxfJgY80RHuK9Af7n9R2oLBDfI_AzuPHFJHpTqZjpQ/https/www.filepicker.io/api/file/k2K0zQt0R2emIhjQpxn8?format=webp&width=160&height=160",
        "city": "Toronto",
        "region": "Ontario",
        "country": "Canada",
        "org": "Cloudflare, Inc.",
        "timezone": "America/Toronto",
        "source": "ip-api.com"
      },
      "geometry": {
        "type": "Point",
        "coordinates": [
          -79.3832,
          43.6532
        ]
      }
    },
    {
      "type": "Feature",
      "properties": {
        "ip": "162.159.129.232",
        "url": "https://images-ext-1.discordapp.net/external/FbgqQJyMOOOY9KBMBE_1lPF8looyJwk7lFHUw9s8AqY/https/sfpc.study/images/sessions/meta.jpg?format=webp&width=800&height=418",
        "city": "Toronto",
        "region": "Ontario",
        "country": "Canada",
        "org": "Cloudflare, Inc.",
        "timezone": "America/Toronto",
        "source": "ip-api.com"
      },
      "geometry": {
        "type": "Point",
        "coordinates": [
          -79.3832,
          43.6532
        ]
      }
    },
    {
      "type": "Feature",
      "properties": {
        "ip": "162.159.129.232",
        "url": "https://images-ext-1.discordapp.net/external/2UDBrstC2KwgKW9kvUZ8QPKwk6tMn2IpJE5ESgPshDI/https/opengraph.githubassets.com/ad41776f23a94575cd063bea5f44965153eaa866a1add9da8638536ae9787ba7/isohale/cdw-public?format=webp&width=800&height=400",
        "city": "Toronto",
        "region": "Ontario",
        "country": "Canada",
        "org": "Cloudflare, Inc.",
        "timezone": "America/Toronto",
        "source": "ip-api.com"
      },
      "geometry": {
        "type": "Point",
        "coordinates": [
          -79.3832,
          43.6532
        ]
      }
    },
    {
      "type": "Feature",
      "properties": {
        "ip": "162.159.129.232",
        "url": "https://images-ext-1.discordapp.net/external/5sAdUS5XcnyGdkhfRzO1bz8lMMOpqqT-wMF_s1W5yLM/https/opengraph.githubassets.com/1811eafaa5dc9da997d8017f6d3401814883eb416827631a9dc47ac09ac1f9be/Mintherbi/-cdpmp-ScratchDataSheet?format=webp&width=800&height=400",
        "city": "Toronto",
        "region": "Ontario",
        "country": "Canada",
        "org": "Cloudflare, Inc.",
        "timezone": "America/Toronto",
        "source": "ip-api.com"
      },
      "geometry": {
        "type": "Point",
        "coordinates": [
          -79.3832,
          43.6532
        ]
      }
    },
    {
      "type": "Feature",
      "properties": {
        "ip": "162.159.129.232",
        "url": "https://images-ext-1.discordapp.net/external/tS2vYLfE2h5iJ51-0VROMUlhYQBjfr5xEWNgo2hUzpk/https/thefunambulist.net/app/uploads/2021/05/cropped-favicon.png?format=webp&quality=lossless&width=600&height=600",
        "city": "Toronto",
        "region": "Ontario",
        "country": "Canada",
        "org": "Cloudflare, Inc.",
        "timezone": "America/Toronto",
        "source": "ip-api.com"
      },
      "geometry": {
        "type": "Point",
        "coordinates": [
          -79.3832,
          43.6532
        ]
      }
    },
    {
      "type": "Feature",
      "properties": {
        "ip": "162.159.129.232",
        "url": "https://images-ext-1.discordapp.net/external/-oj21ViaxVabTjmwE-ZNOES3xv3ONNlMVnMv3Kq01Lg/https/opengraph.githubassets.com/ed8ce83a6ee32e2d0238d771aadb7c9e478b38f58bab9c409689fda1b1183165/mapping-systems/sample-mapbox-webmap?format=webp&width=800&height=400",
        "city": "Toronto",
        "region": "Ontario",
        "country": "Canada",
        "org": "Cloudflare, Inc.",
        "timezone": "America/Toronto",
        "source": "ip-api.com"
      },
      "geometry": {
        "type": "Point",
        "coordinates": [
          -79.3832,
          43.6532
        ]
      }
    },
    {
      "type": "Feature",
      "properties": {
        "ip": "162.159.129.232",
        "url": "https://images-ext-1.discordapp.net/external/rJWPFfzQIM-5DHwNv9cXCXXXWg5Zeo7wH8eonKaTEiM/%3Fv%3D4%3Fs%3D400/https/avatars.githubusercontent.com/u/216686127?format=webp&width=160&height=160",
        "city": "Toronto",
        "region": "Ontario",
        "country": "Canada",
        "org": "Cloudflare, Inc.",
        "timezone": "America/Toronto",
        "source": "ip-api.com"
      },
      "geometry": {
        "type": "Point",
        "coordinates": [
          -79.3832,
          43.6532
        ]
      }
    },
    {
      "type": "Feature",
      "properties": {
        "ip": "162.159.129.232",
        "url": "https://images-ext-1.discordapp.net/external/53GbcIK8NgI0NIXMbmfPo_mDefKG5NYMYGN4j4SROEw/%3Fcalendar_avatar%3Dhttps%253A%252F%252Fcdn.lu.ma%252Favatars-default%252Fcommunity_avatar_16.png%26calendar_name%26color0%3D%2523ecdac9%26color1%3D%2523a3986a%26color2%3D%252335de3e%26color3%3D%2523201a16%26host_avatar%3Dhttps%253A%252F%252Fimages.lumacdn.com%252Favatars%252Fma%252Fef0d0efb-2890-4884-b9d6-4522e0bc2e6a%26host_name%3DNEW%2520INC%26img%3Dhttps%253A%252F%252Fimages.lumacdn.com%252Fevent-covers%252Fzd%252Ffb368b20-1053-42b4-b375-8c45c18d03bb%26name%3DSSSNAKESSS%253A%2520A%2520Lunar%2520New%2520Year%2520Celebration%2520and%2520Mahjong%2520Tournament/https/social-images.lu.ma/cdn-cgi/image/format%3Dauto%2Cfit%3Dcover%2Cdpr%3D1%2Canim%3Dfalse%2Cbackground%3Dwhite%2Cquality%3D75%2Cwidth%3D800%2Cheight%3D419/api/event-one?format=webp&width=800&height=420",
        "city": "Toronto",
        "region": "Ontario",
        "country": "Canada",
        "org": "Cloudflare, Inc.",
        "timezone": "America/Toronto",
        "source": "ip-api.com"
      },
      "geometry": {
        "type": "Point",
        "coordinates": [
          -79.3832,
          43.6532
        ]
      }
    },
    {
      "type": "Feature",
      "properties": {
        "ip": "162.159.129.232",
        "url": "https://images-ext-1.discordapp.net/external/GhLFgDh86JPhvIgO-gIZr3F4U_LPdF4oLj3vQiDe_kc/%3Fcalendar_avatar%3Dhttps%253A%252F%252Fimages.lumacdn.com%252Fcalendars%252Fap%252Fbde2f0a2-9bb1-430b-a6a6-5a824a3933da%26calendar_name%3DExternal%2520Affairs%26color0%3D%2523f70100%26color1%3D%252398ad3c%26color2%3D%25234a8369%26color3%3D%252316648f%26host_avatar%3Dhttps%253A%252F%252Fimages.lumacdn.com%252Favatars%252Fpb%252F2c5506cd-7224-4175-96fd-a5ece5d84ee0%26host_name%3DJustin%2520Morris-Marano%26img%3Dhttps%253A%252F%252Fimages.lumacdn.com%252Fevent-covers%252Fov%252F8d083726-43d5-45f6-926e-75cb1e08c477.gif%26name%3DLive%2520TEA%2520Demonstration%2520%2526%2520Gathering/https/social-images.lu.ma/cdn-cgi/image/format%3Dauto%2Cfit%3Dcover%2Cdpr%3D1%2Canim%3Dfalse%2Cbackground%3Dwhite%2Cquality%3D75%2Cwidth%3D800%2Cheight%3D419/api/event-one?format=webp&width=800&height=420",
        "city": "Toronto",
        "region": "Ontario",
        "country": "Canada",
        "org": "Cloudflare, Inc.",
        "timezone": "America/Toronto",
        "source": "ip-api.com"
      },
      "geometry": {
        "type": "Point",
        "coordinates": [
          -79.3832,
          43.6532
        ]
      }
    },
    {
      "type": "Feature",
      "properties": {
        "ip": "162.159.129.232",
        "url": "https://images-ext-1.discordapp.net/external/muBwKor_xJMxBg5f0aWc3yBgPdE5AEJlQZ5XHjyA890/https/media.tenor.com/Eiy9WdHo1WMAAAAe/%25E5%25B0%258F%25E7%258C%25AB%25E5%2590%2583%25E6%2583%258A-what.png?format=webp&quality=lossless&width=600&height=600",
        "city": "Toronto",
        "region": "Ontario",
        "country": "Canada",
        "org": "Cloudflare, Inc.",
        "timezone": "America/Toronto",
        "source": "ip-api.com"
      },
      "geometry": {
        "type": "Point",
        "coordinates": [
          -79.3832,
          43.6532
        ]
      }
    },
    {
      "type": "Feature",
      "properties": {
        "ip": "162.159.129.232",
        "url": "https://images-ext-1.discordapp.net/external/qyE-7NLWoGTg9xsCTf1MkcXEjTkTRp1KN_PfLcaOZRE/https/canalprojects.org/assets/cp-building.jpg?format=webp&width=160&height=138",
        "city": "Toronto",
        "region": "Ontario",
        "country": "Canada",
        "org": "Cloudflare, Inc.",
        "timezone": "America/Toronto",
        "source": "ip-api.com"
      },
      "geometry": {
        "type": "Point",
        "coordinates": [
          -79.3832,
          43.6532
        ]
      }
    },
    {
      "type": "Feature",
      "properties": {
        "ip": "162.159.129.232",
        "url": "https://images-ext-1.discordapp.net/external/bMz7Pn58LKM5kVRlk365VC7i_Ibu8kQP7JR_EPVGe1M/%3Fv%3D4%3Fs%3D400/https/avatars.githubusercontent.com/u/218684715?format=webp&width=160&height=160",
        "city": "Toronto",
        "region": "Ontario",
        "country": "Canada",
        "org": "Cloudflare, Inc.",
        "timezone": "America/Toronto",
        "source": "ip-api.com"
      },
      "geometry": {
        "type": "Point",
        "coordinates": [
          -79.3832,
          43.6532
        ]
      }
    },
    {
      "type": "Feature",
      "properties": {
        "ip": "162.159.129.232",
        "url": "https://images-ext-1.discordapp.net/external/GY1dx1KVyyp9XeSb5Ea1usRGKdLxY0RzHZ6cwqqIs4E/%3Fformat%3D1500w/http/static1.squarespace.com/static/63c8288d6e066055de08106a/t/6668af9be0f2a7580af2a12f/1718136732024/OutofArchitecture_Social.png?format=webp&quality=lossless&width=160&height=104",
        "city": "Toronto",
        "region": "Ontario",
        "country": "Canada",
        "org": "Cloudflare, Inc.",
        "timezone": "America/Toronto",
        "source": "ip-api.com"
      },
      "geometry": {
        "type": "Point",
        "coordinates": [
          -79.3832,
          43.6532
        ]
      }
    },
    {
      "type": "Feature",
      "properties": {
        "ip": "162.159.129.232",
        "url": "https://images-ext-1.discordapp.net/external/cTX8Jj71xKFkLZGvM5UM_p6E71EfNZlrEq-PwzRsxCE/%3Fformat%3D1500w/http/static1.squarespace.com/static/5fd80374dba154430f785869/t/65dca2b5e928e624f0d80385/1708958390073/240225_WoM_Logo_WoM_FullLogo_Black.png?format=webp&quality=lossless&width=160&height=32",
        "city": "Toronto",
        "region": "Ontario",
        "country": "Canada",
        "org": "Cloudflare, Inc.",
        "timezone": "America/Toronto",
        "source": "ip-api.com"
      },
      "geometry": {
        "type": "Point",
        "coordinates": [
          -79.3832,
          43.6532
        ]
      }
    },
    {
      "type": "Feature",
      "properties": {
        "ip": "162.159.129.232",
        "url": "https://images-ext-1.discordapp.net/external/oC-V1Dw8qM74u7Ck67QjRvPMpDEqJd913lbDF6O5YEY/https/innovation.nj.gov/assets/images/innovation-OG-image.jpg?format=webp&width=160&height=84",
        "city": "Toronto",
        "region": "Ontario",
        "country": "Canada",
        "org": "Cloudflare, Inc.",
        "timezone": "America/Toronto",
        "source": "ip-api.com"
      },
      "geometry": {
        "type": "Point",
        "coordinates": [
          -79.3832,
          43.6532
        ]
      }
    },
    {
      "type": "Feature",
      "properties": {
        "ip": "162.159.129.232",
        "url": "https://images-ext-1.discordapp.net/external/oy8XuLak20pVaEVoo3daoHItFVlqdB09UtCrIjf2dtE/https/cait.rutgers.edu/wp-content/uploads/2022/08/picture1.jpg?format=webp&width=418&height=600",
        "city": "Toronto",
        "region": "Ontario",
        "country": "Canada",
        "org": "Cloudflare, Inc.",
        "timezone": "America/Toronto",
        "source": "ip-api.com"
      },
      "geometry": {
        "type": "Point",
        "coordinates": [
          -79.3832,
          43.6532
        ]
      }
    },
    {
      "type": "Feature",
      "properties": {
        "ip": "162.159.129.232",
        "url": "https://images-ext-1.discordapp.net/external/G2kqPTtxPxUNDyP58--AdJYey3hq7jAaVG8OH5mrtgQ/%3Fv%3D4%3Fs%3D400/https/avatars.githubusercontent.com/u/189416928?format=webp&width=160&height=160",
        "city": "Toronto",
        "region": "Ontario",
        "country": "Canada",
        "org": "Cloudflare, Inc.",
        "timezone": "America/Toronto",
        "source": "ip-api.com"
      },
      "geometry": {
        "type": "Point",
        "coordinates": [
          -79.3832,
          43.6532
        ]
      }
    },
    {
      "type": "Feature",
      "properties": {
        "ip": "162.159.129.232",
        "url": "https://images-ext-1.discordapp.net/external/noWkmmlG5PjIGUKn0S5hHn2_cF3uWOGxOFnMaJjsOLA/https/lh4.googleusercontent.com/3GoDTZiZSSHHa1MENxBnbudgLSVSDF93N7rVYmhMI_ToQg7aB8LEvaRGxWVKgjz_aAsfvmbNQV8%3Dw1200-h630-p?format=webp&width=160&height=160",
        "city": "Toronto",
        "region": "Ontario",
        "country": "Canada",
        "org": "Cloudflare, Inc.",
        "timezone": "America/Toronto",
        "source": "ip-api.com"
      },
      "geometry": {
        "type": "Point",
        "coordinates": [
          -79.3832,
          43.6532
        ]
      }
    },
    {
      "type": "Feature",
      "properties": {
        "ip": "162.159.129.232",
        "url": "https://images-ext-1.discordapp.net/external/es1-ou514w-c1JmRDGvmE42JqOwudB3Y80h_OFDwRFI/%3Fw%3D1200/https/images.e-flux-systems.com/FSP_Web_Platform_preview.jpg?format=webp&width=800&height=500",
        "city": "Toronto",
        "region": "Ontario",
        "country": "Canada",
        "org": "Cloudflare, Inc.",
        "timezone": "America/Toronto",
        "source": "ip-api.com"
      },
      "geometry": {
        "type": "Point",
        "coordinates": [
          -79.3832,
          43.6532
        ]
      }
    },
    {
      "type": "Feature",
      "properties": {
        "ip": "162.159.129.232",
        "url": "https://images-ext-1.discordapp.net/external/UNkUmNE_qAb2N6OkwDmgXUMMPI0yMPD-n7ma7tIOa90/https/static.licdn.com/aero-v1/sc/h/c45fy346jw096z9pbphyyhdz7?format=webp&width=800&height=458",
        "city": "Toronto",
        "region": "Ontario",
        "country": "Canada",
        "org": "Cloudflare, Inc.",
        "timezone": "America/Toronto",
        "source": "ip-api.com"
      },
      "geometry": {
        "type": "Point",
        "coordinates": [
          -79.3832,
          43.6532
        ]
      }
    },
    {
      "type": "Feature",
      "properties": {
        "ip": "162.159.129.232",
        "url": "https://images-ext-1.discordapp.net/external/2hKOfdVgjQLhPxOxQmr53eomgDu10u3KhjFc_ZI1iiI/https/images.universe.com/6b58f0ad-c181-46f6-9e9d-67df600af8f6/-/scale_crop/940x492/-/progressive/yes/?format=webp&width=160&height=84",
        "city": "Toronto",
        "region": "Ontario",
        "country": "Canada",
        "org": "Cloudflare, Inc.",
        "timezone": "America/Toronto",
        "source": "ip-api.com"
      },
      "geometry": {
        "type": "Point",
        "coordinates": [
          -79.3832,
          43.6532
        ]
      }
    },
    {
      "type": "Feature",
      "properties": {
        "ip": "162.159.129.232",
        "url": "https://images-ext-1.discordapp.net/external/GknnCjizMYMXTf7AxtPGiAkqk1cGv6dwIUxYVc4g3cA/https/github.githubassets.com/images/modules/open_graph/github-logo.png?format=webp&quality=lossless&width=160&height=160",
        "city": "Toronto",
        "region": "Ontario",
        "country": "Canada",
        "org": "Cloudflare, Inc.",
        "timezone": "America/Toronto",
        "source": "ip-api.com"
      },
      "geometry": {
        "type": "Point",
        "coordinates": [
          -79.3832,
          43.6532
        ]
      }
    },
    {
      "type": "Feature",
      "properties": {
        "ip": "162.159.129.232",
        "url": "https://images-ext-1.discordapp.net/external/4EE46iNwGdmKSyNNXntX0dP2xeE6TBcsQUeKf9JxO_w/https/styles.redditmedia.com/t5_2yipe/styles/communityIcon_zhojl6vfcis81.png?format=webp&quality=lossless&width=160&height=160",
        "city": "Toronto",
        "region": "Ontario",
        "country": "Canada",
        "org": "Cloudflare, Inc.",
        "timezone": "America/Toronto",
        "source": "ip-api.com"
      },
      "geometry": {
        "type": "Point",
        "coordinates": [
          -79.3832,
          43.6532
        ]
      }
    },
    {
      "type": "Feature",
      "properties": {
        "ip": "162.159.129.232",
        "url": "https://images-ext-1.discordapp.net/external/Q7YKXPxmAawcUSaOgAxEt-5GpACUOgurYGdgnK9D0Bo/https/lede-admin.mass.streetsblog.org/wp-content/uploads/sites/49/2020/12/sneckdown_creditDougGordonTransAlt.jpg?format=webp&width=800&height=586",
        "city": "Toronto",
        "region": "Ontario",
        "country": "Canada",
        "org": "Cloudflare, Inc.",
        "timezone": "America/Toronto",
        "source": "ip-api.com"
      },
      "geometry": {
        "type": "Point",
        "coordinates": [
          -79.3832,
          43.6532
        ]
      }
    },
    {
      "type": "Feature",
      "properties": {
        "ip": "162.159.129.232",
        "url": "https://images-ext-1.discordapp.net/external/brbgcLXS6eYrxkBcKUj8c0pVNz9Ey5PAGHiflCSZak8/https/media.tenor.com/d0LnDBfmDQUAAAPo/doolwind-the-office.mp4",
        "city": "Toronto",
        "region": "Ontario",
        "country": "Canada",
        "org": "Cloudflare, Inc.",
        "timezone": "America/Toronto",
        "source": "ip-api.com"
      },
      "geometry": {
        "type": "Point",
        "coordinates": [
          -79.3832,
          43.6532
        ]
      }
    },
    {
      "type": "Feature",
      "properties": {
        "ip": "162.159.129.232",
        "url": "https://images-ext-1.discordapp.net/external/fhS7ou3SUeZWCWXRPvOdcWB_kOEWt3JzLlmC3LypNk0/https/calendar.aiany.org/wp-content/uploads/sites/3/2025/03/Arclinea-showroom.jpg?format=webp&width=800&height=534",
        "city": "Toronto",
        "region": "Ontario",
        "country": "Canada",
        "org": "Cloudflare, Inc.",
        "timezone": "America/Toronto",
        "source": "ip-api.com"
      },
      "geometry": {
        "type": "Point",
        "coordinates": [
          -79.3832,
          43.6532
        ]
      }
    },
    {
      "type": "Feature",
      "properties": {
        "ip": "162.159.129.232",
        "url": "https://images-ext-1.discordapp.net/external/B5sZ-wXLW8tgYOci1H4PvVLjglwv_6hOkWnGCI27DxM/%3Ffit%3Dmax%26format%3D%26quality%3D95%26w%3D2048%26compress%3Dtrue%26fit%3Dmax/https/d37vpt3xizf75m.cloudfront.net/api/file/QPBC3aLmQTSi7DLh40Lm/convert?format=webp&width=160&height=90",
        "city": "Toronto",
        "region": "Ontario",
        "country": "Canada",
        "org": "Cloudflare, Inc.",
        "timezone": "America/Toronto",
        "source": "ip-api.com"
      },
      "geometry": {
        "type": "Point",
        "coordinates": [
          -79.3832,
          43.6532
        ]
      }
    },
    {
      "type": "Feature",
      "properties": {
        "ip": "162.159.129.232",
        "url": "https://images-ext-1.discordapp.net/external/U02oEAg8AIBLh2groMxQtoE_gXMX0T8JFsEJymML1fE/%3F1749904952/https/iibawards-prod.s3.amazonaws.com/posts/main_images/000/000/680/page.png?format=webp&quality=lossless&width=800&height=450",
        "city": "Toronto",
        "region": "Ontario",
        "country": "Canada",
        "org": "Cloudflare, Inc.",
        "timezone": "America/Toronto",
        "source": "ip-api.com"
      },
      "geometry": {
        "type": "Point",
        "coordinates": [
          -79.3832,
          43.6532
        ]
      }
    },
    {
      "type": "Feature",
      "properties": {
        "ip": "162.159.129.232",
        "url": "https://images-ext-1.discordapp.net/external/rRiKdqp3V0Y6IwCbacH0_C4LBigd6zX1l5YdBGBqVvk/%3Fw%3D1000%26auto%3Dformat%252Ccompress%26q%3D75%26sharp%3D10%26rect%3D0%252C0%252C1458%252C729%26s%3Da01356464922f25d3d3e0e97e419411c/https/img.evbuc.com/https%253A%252F%252Fcdn.evbuc.com%252Fimages%252F685363649%252F111983572959%252F1%252Foriginal.20240129-232224?format=webp&width=800&height=400",
        "city": "Toronto",
        "region": "Ontario",
        "country": "Canada",
        "org": "Cloudflare, Inc.",
        "timezone": "America/Toronto",
        "source": "ip-api.com"
      },
      "geometry": {
        "type": "Point",
        "coordinates": [
          -79.3832,
          43.6532
        ]
      }
    },
    {
      "type": "Feature",
      "properties": {
        "ip": "162.159.129.232",
        "url": "https://images-ext-1.discordapp.net/external/bwUZcnLvJF4tsnzRjqOXTDncu_aXpigyQJesev8iPcA/https/is1-ssl.mzstatic.com/image/thumb/Purple221/v4/ad/09/69/ad096986-b3c2-8843-60c8-b605fd1af0e8/AppIcon-0-0-1x_U007epad-0-1-85-220.png/1920x1080bb-80.png?format=webp&quality=lossless&width=600&height=600",
        "city": "Toronto",
        "region": "Ontario",
        "country": "Canada",
        "org": "Cloudflare, Inc.",
        "timezone": "America/Toronto",
        "source": "ip-api.com"
      },
      "geometry": {
        "type": "Point",
        "coordinates": [
          -79.3832,
          43.6532
        ]
      }
    },
    {
      "type": "Feature",
      "properties": {
        "ip": "162.159.129.232",
        "url": "https://images-ext-1.discordapp.net/external/mj8jR2zkfG7L1e9dzqEQ0CZ9BE5ZWiYQZIk9entXL5E/https/www.filepicker.io/api/file/Dlk12NuRCS5Bt3Om7GBp?format=webp&width=160&height=146",
        "city": "Toronto",
        "region": "Ontario",
        "country": "Canada",
        "org": "Cloudflare, Inc.",
        "timezone": "America/Toronto",
        "source": "ip-api.com"
      },
      "geometry": {
        "type": "Point",
        "coordinates": [
          -79.3832,
          43.6532
        ]
      }
    },
    {
      "type": "Feature",
      "properties": {
        "ip": "162.159.129.232",
        "url": "https://images-ext-1.discordapp.net/external/DvqoJ1j_1ksnvXVMg1IDkPc4bZWsX2-zOU39v0o6ew0/https/dublab-api-1.s3.amazonaws.com/uploads/2019/02/social.jpg?format=webp&width=800&height=420",
        "city": "Toronto",
        "region": "Ontario",
        "country": "Canada",
        "org": "Cloudflare, Inc.",
        "timezone": "America/Toronto",
        "source": "ip-api.com"
      },
      "geometry": {
        "type": "Point",
        "coordinates": [
          -79.3832,
          43.6532
        ]
      }
    },
    {
      "type": "Feature",
      "properties": {
        "ip": "162.159.129.232",
        "url": "https://images-ext-1.discordapp.net/external/DRJnvZHyhYrQBejUFq27lyylg1vIN_pp3d8qd76Mslc/https/www.filepicker.io/api/file/aWPgwZcdRCW6L7BVpDfQ?format=webp&width=128&height=160",
        "city": "Toronto",
        "region": "Ontario",
        "country": "Canada",
        "org": "Cloudflare, Inc.",
        "timezone": "America/Toronto",
        "source": "ip-api.com"
      },
      "geometry": {
        "type": "Point",
        "coordinates": [
          -79.3832,
          43.6532
        ]
      }
    },
    {
      "type": "Feature",
      "properties": {
        "ip": "162.159.129.232",
        "url": "https://images-ext-1.discordapp.net/external/I9xRC1lUdfGB7kpCxmAaMlv5CaztmGX0QGMXN2o9OrY/https/acleddata.bamboohr.com/jobs/share_image/33?format=webp&width=800&height=418",
        "city": "Toronto",
        "region": "Ontario",
        "country": "Canada",
        "org": "Cloudflare, Inc.",
        "timezone": "America/Toronto",
        "source": "ip-api.com"
      },
      "geometry": {
        "type": "Point",
        "coordinates": [
          -79.3832,
          43.6532
        ]
      }
    },
    {
      "type": "Feature",
      "properties": {
        "ip": "162.159.129.232",
        "url": "https://images-ext-1.discordapp.net/external/2DOeo6rIHdYCBe_GF_hZtZzUJOC7xlrwJiTfAFONjl0/https/www.filepicker.io/api/file/fDJnp9UuQ5ihxN0SEGyD?format=webp&width=160&height=118",
        "city": "Toronto",
        "region": "Ontario",
        "country": "Canada",
        "org": "Cloudflare, Inc.",
        "timezone": "America/Toronto",
        "source": "ip-api.com"
      },
      "geometry": {
        "type": "Point",
        "coordinates": [
          -79.3832,
          43.6532
        ]
      }
    },
    {
      "type": "Feature",
      "properties": {
        "ip": "162.159.129.232",
        "url": "https://images-ext-1.discordapp.net/external/QtUUGNX7MVnSiyM20KGGNoauRnX8FKlcRYKDAcBp_y4/https/gizmodo.com/app/uploads/2024/02/f9c98b77802d80d316fc03cd6f69f14f.jpg?format=webp&width=800&height=450",
        "city": "Toronto",
        "region": "Ontario",
        "country": "Canada",
        "org": "Cloudflare, Inc.",
        "timezone": "America/Toronto",
        "source": "ip-api.com"
      },
      "geometry": {
        "type": "Point",
        "coordinates": [
          -79.3832,
          43.6532
        ]
      }
    },
    {
      "type": "Feature",
      "properties": {
        "ip": "162.159.129.232",
        "url": "https://images-ext-1.discordapp.net/external/bBDa8K1v6dk6-vb2bhHC_vbybP1Tb_WNnIwlJI-pwVs/%3Fv%3D4%3Fs%3D400/https/avatars.githubusercontent.com/u/218855069?format=webp&width=160&height=160",
        "city": "Toronto",
        "region": "Ontario",
        "country": "Canada",
        "org": "Cloudflare, Inc.",
        "timezone": "America/Toronto",
        "source": "ip-api.com"
      },
      "geometry": {
        "type": "Point",
        "coordinates": [
          -79.3832,
          43.6532
        ]
      }
    },
    {
      "type": "Feature",
      "properties": {
        "ip": "162.159.129.232",
        "url": "https://images-ext-1.discordapp.net/external/ULyVhGOmVDrmU0kehFGC5jLbTV70YMB0jBy846YP2kk/https/d1n0c1ufntxbvh.cloudfront.net/photo/0e171b71/104216/1200x/?format=webp&width=800&height=450",
        "city": "Toronto",
        "region": "Ontario",
        "country": "Canada",
        "org": "Cloudflare, Inc.",
        "timezone": "America/Toronto",
        "source": "ip-api.com"
      },
      "geometry": {
        "type": "Point",
        "coordinates": [
          -79.3832,
          43.6532
        ]
      }
    },
    {
      "type": "Feature",
      "properties": {
        "ip": "162.159.129.232",
        "url": "https://images-ext-1.discordapp.net/external/o59loS_aApnV-bCr9IHVVwQcFDTVZD2E5ljqwQpjxdo/https/www.filepicker.io/api/file/IdtQm5uMQM6RDL0sHIsX?format=webp&width=160&height=160",
        "city": "Toronto",
        "region": "Ontario",
        "country": "Canada",
        "org": "Cloudflare, Inc.",
        "timezone": "America/Toronto",
        "source": "ip-api.com"
      },
      "geometry": {
        "type": "Point",
        "coordinates": [
          -79.3832,
          43.6532
        ]
      }
    },
    {
      "type": "Feature",
      "properties": {
        "ip": "162.159.129.232",
        "url": "https://images-ext-1.discordapp.net/external/PXz-JxOIMGEZkRmDfzUJJgKqzyqGiKywYqFNXGHEl2Q/https/share.redd.it/preview/post/1lt8ksh?format=webp&width=800&height=418",
        "city": "Toronto",
        "region": "Ontario",
        "country": "Canada",
        "org": "Cloudflare, Inc.",
        "timezone": "America/Toronto",
        "source": "ip-api.com"
      },
      "geometry": {
        "type": "Point",
        "coordinates": [
          -79.3832,
          43.6532
        ]
      }
    },
    {
      "type": "Feature",
      "properties": {
        "ip": "162.159.129.232",
        "url": "https://images-ext-1.discordapp.net/external/eM0FKt8wOv6-EZJiNysGVdYgmK2SEAEHlR10i7bk290/https/wildlabs.net/sites/default/files/2024-02/luca-bravo-_QdFx92MO2U-unsplash.jpg?format=webp&width=160&height=106",
        "city": "Toronto",
        "region": "Ontario",
        "country": "Canada",
        "org": "Cloudflare, Inc.",
        "timezone": "America/Toronto",
        "source": "ip-api.com"
      },
      "geometry": {
        "type": "Point",
        "coordinates": [
          -79.3832,
          43.6532
        ]
      }
    },
    {
      "type": "Feature",
      "properties": {
        "ip": "162.159.129.232",
        "url": "https://images-ext-1.discordapp.net/external/lMRDuZvyzl9RybK3e-jtmNvuMDyTqi_8BG__57Vcm08/%3Fw%3D1000%26h%3D1250%26fit%3Dclip/https/partiful.imgix.net/user/5rfK3C0s51d24bEgOr6VEYgPwXl2/-b36RjcjHYZ8Noih3i8Nq?format=webp&width=480&height=600",
        "city": "Toronto",
        "region": "Ontario",
        "country": "Canada",
        "org": "Cloudflare, Inc.",
        "timezone": "America/Toronto",
        "source": "ip-api.com"
      },
      "geometry": {
        "type": "Point",
        "coordinates": [
          -79.3832,
          43.6532
        ]
      }
    },
    {
      "type": "Feature",
      "properties": {
        "ip": "162.159.129.232",
        "url": "https://images-ext-1.discordapp.net/external/7Z0EdWdk6oJyR2zuDbXoeHh5ysyBT4UxfDh8K8KAWnY/https/www.google.com/maps/vt/data%3D0kA8bVloT-6NNVi2oVcdIA3RJilkq_VfFPQDTvqe4KUohQ0k42JC7JrhSRoXZN5XQpt8JuVhgpq12W8k8cbAE77p_73rwnVB_kuRTWTsuBhTYRAcLNFfZUnaCtnTufxuYYYZ69rM3y8s5GFh1e31RxVrhN6fx-tZEd1w6-uaDj6n58Mg?format=webp&width=800&height=420",
        "city": "Toronto",
        "region": "Ontario",
        "country": "Canada",
        "org": "Cloudflare, Inc.",
        "timezone": "America/Toronto",
        "source": "ip-api.com"
      },
      "geometry": {
        "type": "Point",
        "coordinates": [
          -79.3832,
          43.6532
        ]
      }
    },
    {
      "type": "Feature",
      "properties": {
        "ip": "162.159.129.232",
        "url": "https://images-ext-1.discordapp.net/external/EtlfAeaBEtyUWaIb_-ffSmrEnTIXtf3E8hN6zTsCT0I/https/cdn.evbuc.com/images/1049386393/143573830600/1/logo.20250609-230335?format=webp&width=800&height=400",
        "city": "Toronto",
        "region": "Ontario",
        "country": "Canada",
        "org": "Cloudflare, Inc.",
        "timezone": "America/Toronto",
        "source": "ip-api.com"
      },
      "geometry": {
        "type": "Point",
        "coordinates": [
          -79.3832,
          43.6532
        ]
      }
    },
    {
      "type": "Feature",
      "properties": {
        "ip": "162.159.129.232",
        "url": "https://images-ext-1.discordapp.net/external/CcLRljzBunPmX9Z1xcTc3M4cSbE_DJJrAuOsUf9UTMk/%3Fv%3D4%3Fs%3D400/https/avatars.githubusercontent.com/u/214896278?format=webp&width=160&height=160",
        "city": "Toronto",
        "region": "Ontario",
        "country": "Canada",
        "org": "Cloudflare, Inc.",
        "timezone": "America/Toronto",
        "source": "ip-api.com"
      },
      "geometry": {
        "type": "Point",
        "coordinates": [
          -79.3832,
          43.6532
        ]
      }
    },
    {
      "type": "Feature",
      "properties": {
        "ip": "162.159.129.232",
        "url": "https://images-ext-1.discordapp.net/external/bcCPfDOT8up6hpiq-3I0VdwE4xJe8J5DMCGC9EyL1eY/https/images.are.na/eyJidWNrZXQiOiJhcmVuYV9pbWFnZXMiLCJrZXkiOiIzNjQ0NTM2NS9vcmlnaW5hbF9lNTcxZTBkNzBlYzM1YmVhMjAyNTA1MDQtMi13Nm93eC5wbmciLCJlZGl0cyI6eyJyZXNpemUiOnsid2lkdGgiOjEyMDAsImhlaWdodCI6NjMwLCJmaXQiOiJjb3ZlciIsIndpdGhvdXRFbmxhcmdlbWVudCI6dHJ1ZX0sIndlYnAiOnsicXVhbGl0eSI6ODB9LCJqcGVnIjp7InF1YWxpdHkiOjgwfSwicm90YXRlIjpudWxsfX0%3D?format=webp&width=800&height=420",
        "city": "Toronto",
        "region": "Ontario",
        "country": "Canada",
        "org": "Cloudflare, Inc.",
        "timezone": "America/Toronto",
        "source": "ip-api.com"
      },
      "geometry": {
        "type": "Point",
        "coordinates": [
          -79.3832,
          43.6532
        ]
      }
    },
    {
      "type": "Feature",
      "properties": {
        "ip": "162.159.129.232",
        "url": "https://images-ext-1.discordapp.net/external/HKs_5x6XfxnGhwYvW_HSRNF9eJi-2OLSFlZsddgqOWs/%3Ftable%3Dblock%26id%3D15f28a10-7db1-806a-b336-cd7e8b13514c%26spaceId%3Df24cff84-11d1-49ed-aab7-2a9fcf5c2957%26width%3D2000%26userId%3D%26cache%3Dv2/https/zippy-kitchen-4cf.notion.site/image/https%253A%252F%252Fprod-files-secure.s3.us-west-2.amazonaws.com%252Ff24cff84-11d1-49ed-aab7-2a9fcf5c2957%252F5f6aa585-b6f1-4de6-bdba-90f76a946f81%252FWorking_15.jpg?format=webp&width=800&height=450",
        "city": "Toronto",
        "region": "Ontario",
        "country": "Canada",
        "org": "Cloudflare, Inc.",
        "timezone": "America/Toronto",
        "source": "ip-api.com"
      },
      "geometry": {
        "type": "Point",
        "coordinates": [
          -79.3832,
          43.6532
        ]
      }
    },
    {
      "type": "Feature",
      "properties": {
        "ip": "162.159.129.232",
        "url": "https://images-ext-1.discordapp.net/external/AEkIfQYakss5xhkKh04TdMSBulS61hUJb25Q-dt6SIM/https/static.licdn.com/scds/common/u/images/email/artdeco/logos/96/linkedin-bug-color.png?format=webp&quality=lossless&width=192&height=192",
        "city": "Toronto",
        "region": "Ontario",
        "country": "Canada",
        "org": "Cloudflare, Inc.",
        "timezone": "America/Toronto",
        "source": "ip-api.com"
      },
      "geometry": {
        "type": "Point",
        "coordinates": [
          -79.3832,
          43.6532
        ]
      }
    },
    {
      "type": "Feature",
      "properties": {
        "ip": "162.159.129.232",
        "url": "https://images-ext-1.discordapp.net/external/p4CEq-GNeMH4r8anSHQF1ZSOLjxYcy5TvLYyhNBevSw/https/labs.rs/wp-content/uploads/2017/02/cropped-Lab-01.png?format=webp&quality=lossless&width=160&height=160",
        "city": "Toronto",
        "region": "Ontario",
        "country": "Canada",
        "org": "Cloudflare, Inc.",
        "timezone": "America/Toronto",
        "source": "ip-api.com"
      },
      "geometry": {
        "type": "Point",
        "coordinates": [
          -79.3832,
          43.6532
        ]
      }
    },
    {
      "type": "Feature",
      "properties": {
        "ip": "162.159.129.232",
        "url": "https://images-ext-1.discordapp.net/external/PuU_itbjsDDfV7SeuJ5Y0Jwk8HQp7xUItZivbHRJqnw/https/framerusercontent.com/images/tELu3AjfxPV813IJf10sQy9ljk.jpg?format=webp&width=800&height=420",
        "city": "Toronto",
        "region": "Ontario",
        "country": "Canada",
        "org": "Cloudflare, Inc.",
        "timezone": "America/Toronto",
        "source": "ip-api.com"
      },
      "geometry": {
        "type": "Point",
        "coordinates": [
          -79.3832,
          43.6532
        ]
      }
    },
    {
      "type": "Feature",
      "properties": {
        "ip": "162.159.129.232",
        "url": "https://images-ext-1.discordapp.net/external/ROocx5p4B6z1m5qfLovCnHpWZSuRFPAj0Q9tekCqyFg/%3Fauth%3D25b2cf5abb21465047ec9a83ebb7a0540821f85ac5d1da3bf39ad5565e302be6%26width%3D1440/https/bostonglobe-prod.cdn.arcpublishing.com/resizer/v2/Y2ENOG742JCM3OVZPPKP3Y7XIA.jpeg?format=webp&width=800&height=566",
        "city": "Toronto",
        "region": "Ontario",
        "country": "Canada",
        "org": "Cloudflare, Inc.",
        "timezone": "America/Toronto",
        "source": "ip-api.com"
      },
      "geometry": {
        "type": "Point",
        "coordinates": [
          -79.3832,
          43.6532
        ]
      }
    },
    {
      "type": "Feature",
      "properties": {
        "ip": "162.159.129.232",
        "url": "https://images-ext-1.discordapp.net/external/okNX7DRnhSNCIqIWpickyfwBnd0Fzj7AXf--9RaOEw4/https/www.radicalxchange.org/images/logos/open-graph-logo.png?format=webp&quality=lossless&width=600&height=600",
        "city": "Toronto",
        "region": "Ontario",
        "country": "Canada",
        "org": "Cloudflare, Inc.",
        "timezone": "America/Toronto",
        "source": "ip-api.com"
      },
      "geometry": {
        "type": "Point",
        "coordinates": [
          -79.3832,
          43.6532
        ]
      }
    },
    {
      "type": "Feature",
      "properties": {
        "ip": "162.159.129.232",
        "url": "https://images-ext-1.discordapp.net/external/NRufmE3vgdc2fziSXhd_w6hgHXeBVWE-jnNTpi_ouTs/https/climate.cityofnewyork.us/wp-content/uploads/2024/04/solar-panel-full-web.jpg?format=webp&width=800&height=534",
        "city": "Toronto",
        "region": "Ontario",
        "country": "Canada",
        "org": "Cloudflare, Inc.",
        "timezone": "America/Toronto",
        "source": "ip-api.com"
      },
      "geometry": {
        "type": "Point",
        "coordinates": [
          -79.3832,
          43.6532
        ]
      }
    },
    {
      "type": "Feature",
      "properties": {
        "ip": "162.159.129.232",
        "url": "https://images-ext-1.discordapp.net/external/AwFVPQqev2TxRnYGJW8EpKwU6JFcGRkvSZZY5srlxDo/%3Fw%3D1000%26auto%3Dformat%252Ccompress%26q%3D75%26sharp%3D10%26rect%3D0%252C0%252C2048%252C1024%26s%3Dd1e0d55b362d588fb1a55715ace4d859/https/img.evbuc.com/https%253A%252F%252Fcdn.evbuc.com%252Fimages%252F690404709%252F73882583%252F1%252Foriginal.20240205-193917?format=webp&width=800&height=400",
        "city": "Toronto",
        "region": "Ontario",
        "country": "Canada",
        "org": "Cloudflare, Inc.",
        "timezone": "America/Toronto",
        "source": "ip-api.com"
      },
      "geometry": {
        "type": "Point",
        "coordinates": [
          -79.3832,
          43.6532
        ]
      }
    },
    {
      "type": "Feature",
      "properties": {
        "ip": "162.159.129.232",
        "url": "https://images-ext-1.discordapp.net/external/wY_YzTPpb6vRJtghseo0qdnVgBvg8fMByxuUP685sQE/%3Fv%3D4%3Fs%3D400/https/avatars.githubusercontent.com/u/215305481?format=webp&width=160&height=160",
        "city": "Toronto",
        "region": "Ontario",
        "country": "Canada",
        "org": "Cloudflare, Inc.",
        "timezone": "America/Toronto",
        "source": "ip-api.com"
      },
      "geometry": {
        "type": "Point",
        "coordinates": [
          -79.3832,
          43.6532
        ]
      }
    },
    {
      "type": "Feature",
      "properties": {
        "ip": "162.159.129.232",
        "url": "https://images-ext-1.discordapp.net/external/jHUQEP5GDgXyPUZGs4Xa_AgWZV2NzFcUkAp7jPRPr14/%3Fpanoid%3D8RRAC5nqen3ueK8UzT2Nxg%26cb_client%3Dsearch.gws-prod.gps%26w%3D900%26h%3D900%26yaw%3D214.2298%26pitch%3D0%26thumbfov%3D100/https/streetviewpixels-pa.googleapis.com/v1/thumbnail?format=webp&width=160&height=160",
        "city": "Toronto",
        "region": "Ontario",
        "country": "Canada",
        "org": "Cloudflare, Inc.",
        "timezone": "America/Toronto",
        "source": "ip-api.com"
      },
      "geometry": {
        "type": "Point",
        "coordinates": [
          -79.3832,
          43.6532
        ]
      }
    },
    {
      "type": "Feature",
      "properties": {
        "ip": "162.159.129.232",
        "url": "https://images-ext-1.discordapp.net/external/O1KLy20wj_n4eoZUklt-BSb8d4cpNy5EdUxjz8yLGL8/%3Fv%3D4%3Fs%3D400/https/avatars.githubusercontent.com/u/55261319?format=webp&width=160&height=160",
        "city": "Toronto",
        "region": "Ontario",
        "country": "Canada",
        "org": "Cloudflare, Inc.",
        "timezone": "America/Toronto",
        "source": "ip-api.com"
      },
      "geometry": {
        "type": "Point",
        "coordinates": [
          -79.3832,
          43.6532
        ]
      }
    },
    {
      "type": "Feature",
      "properties": {
        "ip": "162.159.129.232",
        "url": "https://images-ext-1.discordapp.net/external/lQ1mu39TmRs9qIpgAo_-kBulJio7wxgCnIDx70UtgxQ/https/media.tenor.com/d0LnDBfmDQUAAAAe/doolwind-the-office.png?format=webp&quality=lossless&width=600&height=600",
        "city": "Toronto",
        "region": "Ontario",
        "country": "Canada",
        "org": "Cloudflare, Inc.",
        "timezone": "America/Toronto",
        "source": "ip-api.com"
      },
      "geometry": {
        "type": "Point",
        "coordinates": [
          -79.3832,
          43.6532
        ]
      }
    },
    {
      "type": "Feature",
      "properties": {
        "ip": "162.159.129.232",
        "url": "https://images-ext-1.discordapp.net/external/JpLfGhR-Xn6XI5_yhXKK7Lj-W630wkIlnI_V3P4VsfA/https/freight.cargo.site/w/1000/i/M1654179874062176898445367063680/Screen-Shot-2024-02-29-at-4.13.54-PM.jpeg?format=webp&width=800&height=448",
        "city": "Toronto",
        "region": "Ontario",
        "country": "Canada",
        "org": "Cloudflare, Inc.",
        "timezone": "America/Toronto",
        "source": "ip-api.com"
      },
      "geometry": {
        "type": "Point",
        "coordinates": [
          -79.3832,
          43.6532
        ]
      }
    },
    {
      "type": "Feature",
      "properties": {
        "ip": "162.159.129.232",
        "url": "https://images-ext-1.discordapp.net/external/39haEc0HAQIbSiICdGLjOABnKiC7L_BEm_KoKWMWBq8/https/s3-media0.fl.yelpcdn.com/bphoto/-emfu1DHWNot1Qt1kmi3sg/o.jpg?format=webp&width=152&height=160",
        "city": "Toronto",
        "region": "Ontario",
        "country": "Canada",
        "org": "Cloudflare, Inc.",
        "timezone": "America/Toronto",
        "source": "ip-api.com"
      },
      "geometry": {
        "type": "Point",
        "coordinates": [
          -79.3832,
          43.6532
        ]
      }
    },
    {
      "type": "Feature",
      "properties": {
        "ip": "162.159.129.232",
        "url": "https://images-ext-1.discordapp.net/external/tiblQZ_4MY5AYtAdS2epO7ajIU8qyW0jaN2weAxeUwM/%3Fyear%3D2024%26h%3D1688%26w%3D3000%26s%3Df3ba95ab1e519107f2a319b19bc4525342721cb2cd3cb602d6cd7094c4bae864%26k%3DZQJBKqZ0VN%26tw%3D1/https/static01.nyt.com/images/2023/10/29/upshot/neighborhoods-promo/neighborhoods-promo-videoSixteenByNine3000-v4.jpg?format=webp&width=800&height=450",
        "city": "Toronto",
        "region": "Ontario",
        "country": "Canada",
        "org": "Cloudflare, Inc.",
        "timezone": "America/Toronto",
        "source": "ip-api.com"
      },
      "geometry": {
        "type": "Point",
        "coordinates": [
          -79.3832,
          43.6532
        ]
      }
    },
    {
      "type": "Feature",
      "properties": {
        "ip": "162.159.129.232",
        "url": "https://images-ext-1.discordapp.net/external/BvC-qL3S7645Mc_C-xlDVZp4b6IuWhry-_zrI08zl2M/https/is1-ssl.mzstatic.com/image/thumb/Podcasts221/v4/56/99/9a/56999a64-1d7c-0e42-12e6-0498773b084b/mza_808661140435173480.jpg/1200x1200bf-60.jpg?format=webp&width=160&height=160",
        "city": "Toronto",
        "region": "Ontario",
        "country": "Canada",
        "org": "Cloudflare, Inc.",
        "timezone": "America/Toronto",
        "source": "ip-api.com"
      },
      "geometry": {
        "type": "Point",
        "coordinates": [
          -79.3832,
          43.6532
        ]
      }
    },
    {
      "type": "Feature",
      "properties": {
        "ip": "162.159.129.232",
        "url": "https://images-ext-1.discordapp.net/external/mlbuvG-nVLXqAyZ_SVI4nO_W5PzuBaO-fZ5ayAV-9Sw/%3Fv%3D4%3Fs%3D400/https/avatars.githubusercontent.com/u/217088024?format=webp&width=160&height=160",
        "city": "Toronto",
        "region": "Ontario",
        "country": "Canada",
        "org": "Cloudflare, Inc.",
        "timezone": "America/Toronto",
        "source": "ip-api.com"
      },
      "geometry": {
        "type": "Point",
        "coordinates": [
          -79.3832,
          43.6532
        ]
      }
    },
    {
      "type": "Feature",
      "properties": {
        "ip": "162.159.129.232",
        "url": "https://images-ext-1.discordapp.net/external/OGtJy8QTMqukc4JciJYwAE0HeODs4DccWH39RItAFY8/https/cdn-assets-eu.frontify.com/s3/frontify-enterprise-files-eu/eyJvYXV0aCI6eyJjbGllbnRfaWQiOiJjbGllbnQtdWtjYnZ6Nmxnc21ibXZ4ayJ9LCJwYXRoIjoicmFtYm9sbFwvZmlsZVwvMnR6Q2t4NXNzU1FmTWZ2OGlSdTMucG5nIn0%3Aramboll%3AVxYWgvOnRdGhO2OLcAbJiSy3BDOX-P4jQrzfPllVv4Q?format=webp&width=160&height=90",
        "city": "Toronto",
        "region": "Ontario",
        "country": "Canada",
        "org": "Cloudflare, Inc.",
        "timezone": "America/Toronto",
        "source": "ip-api.com"
      },
      "geometry": {
        "type": "Point",
        "coordinates": [
          -79.3832,
          43.6532
        ]
      }
    },
    {
      "type": "Feature",
      "properties": {
        "ip": "162.159.129.232",
        "url": "https://images-ext-1.discordapp.net/external/DA0uCyEGX8s-dEFKeDoJ0wO9IxRt_ETyU7_5mL4EJCA/%3Fcalendar_avatar%3Dhttps%253A%252F%252Fcdn.lu.ma%252Favatars-default%252Fcommunity_avatar_16.png%26calendar_name%26color0%3D%2523fdfdfd%26color1%3D%25232eb4fc%26color2%3D%2523ff5f5e%26color3%3D%2523111111%26host_avatar%3Dhttps%253A%252F%252Fcdn.lu.ma%252Favatars%252Fph%252F46b23e9d-09c8-4b1a-b263-183f15db132c%26host_name%3DAll%2520Tech%2520Is%2520Human%26img%3Dhttps%253A%252F%252Fimages.lumacdn.com%252Fevent-covers%252Fvc%252Ff6c5dffa-c829-4328-b43a-fe7837e87557.png%26name%3DResponsible%2520Tech%2520Mixer%2520%252B%2520live%2520podcast%2520taping%2520of%2520Ethical%2520Machines/https/social-images.lu.ma/cdn-cgi/image/format%3Dauto%2Cfit%3Dcover%2Cdpr%3D1%2Canim%3Dfalse%2Cbackground%3Dwhite%2Cquality%3D75%2Cwidth%3D800%2Cheight%3D419/api/event-one?format=webp&width=800&height=420",
        "city": "Toronto",
        "region": "Ontario",
        "country": "Canada",
        "org": "Cloudflare, Inc.",
        "timezone": "America/Toronto",
        "source": "ip-api.com"
      },
      "geometry": {
        "type": "Point",
        "coordinates": [
          -79.3832,
          43.6532
        ]
      }
    },
    {
      "type": "Feature",
      "properties": {
        "ip": "162.159.129.232",
        "url": "https://images-ext-1.discordapp.net/external/J-BWPFU8U7BLJM3M-ng8Lx8I2XjafQrVphi-3IgVWQg/https/data.cityofnewyork.us/stylesheets/images/common/socrata_logo_square.png?format=webp&quality=lossless&width=158&height=160",
        "city": "Toronto",
        "region": "Ontario",
        "country": "Canada",
        "org": "Cloudflare, Inc.",
        "timezone": "America/Toronto",
        "source": "ip-api.com"
      },
      "geometry": {
        "type": "Point",
        "coordinates": [
          -79.3832,
          43.6532
        ]
      }
    },
    {
      "type": "Feature",
      "properties": {
        "ip": "162.159.129.232",
        "url": "https://images-ext-1.discordapp.net/external/wPza4hNpZ4x08aKWAh1SelVyGJUyz9F7lHrCm6K-pdg/https/bronxmuseum.org/wp-content/uploads/2023/10/Visions-2030-Logo-for-Website-e1740599366895.jpg?format=webp&width=800&height=534",
        "city": "Toronto",
        "region": "Ontario",
        "country": "Canada",
        "org": "Cloudflare, Inc.",
        "timezone": "America/Toronto",
        "source": "ip-api.com"
      },
      "geometry": {
        "type": "Point",
        "coordinates": [
          -79.3832,
          43.6532
        ]
      }
    },
    {
      "type": "Feature",
      "properties": {
        "ip": "162.159.129.232",
        "url": "https://images-ext-1.discordapp.net/external/h5Yy6VKO22NOpYB4zyoh7wi-9DiS-MVz9ufsut3zucM/%3F1571926186/https/s2-recruiting.cdn.greenhouse.io/external_greenhouse_job_boards/logos/400/459/200/original/Data___Society_logo_%28black%29.jpg?format=webp&width=160&height=66",
        "city": "Toronto",
        "region": "Ontario",
        "country": "Canada",
        "org": "Cloudflare, Inc.",
        "timezone": "America/Toronto",
        "source": "ip-api.com"
      },
      "geometry": {
        "type": "Point",
        "coordinates": [
          -79.3832,
          43.6532
        ]
      }
    },
    {
      "type": "Feature",
      "properties": {
        "ip": "162.159.129.232",
        "url": "https://images-ext-1.discordapp.net/external/dt_4kvDv5s0dgj__ZUZxURjVPGz2AQgaaaGhGsOnFpw/%3Fw%3D1000%26auto%3Dformat%252Ccompress%26q%3D75%26sharp%3D10%26rect%3D0%252C0%252C940%252C470%26s%3D8ac242a1a45d6acc5d3cec9acde9632b/https/img.evbuc.com/https%253A%252F%252Fcdn.evbuc.com%252Fimages%252F827082249%252F570754524105%252F1%252Foriginal.20240814-180743?format=webp&width=800&height=400",
        "city": "Toronto",
        "region": "Ontario",
        "country": "Canada",
        "org": "Cloudflare, Inc.",
        "timezone": "America/Toronto",
        "source": "ip-api.com"
      },
      "geometry": {
        "type": "Point",
        "coordinates": [
          -79.3832,
          43.6532
        ]
      }
    },
    {
      "type": "Feature",
      "properties": {
        "ip": "162.159.129.232",
        "url": "https://images-ext-1.discordapp.net/external/PsnAJVdWzVstaCf1fWeeubgjiDtxl9vzDInZjpsR96U/%3Fv%3D4%3Fs%3D400/https/avatars.githubusercontent.com/u/215236684?format=webp&width=160&height=160",
        "city": "Toronto",
        "region": "Ontario",
        "country": "Canada",
        "org": "Cloudflare, Inc.",
        "timezone": "America/Toronto",
        "source": "ip-api.com"
      },
      "geometry": {
        "type": "Point",
        "coordinates": [
          -79.3832,
          43.6532
        ]
      }
    },
    {
      "type": "Feature",
      "properties": {
        "ip": "162.159.129.232",
        "url": "https://images-ext-1.discordapp.net/external/7Rm9XfrNk780Yn12OFMZk1b2r7H54GS1yEdq143Z7z0/%3Fv%3D4%3Fs%3D400/https/avatars.githubusercontent.com/u/215182722?format=webp&width=160&height=160",
        "city": "Toronto",
        "region": "Ontario",
        "country": "Canada",
        "org": "Cloudflare, Inc.",
        "timezone": "America/Toronto",
        "source": "ip-api.com"
      },
      "geometry": {
        "type": "Point",
        "coordinates": [
          -79.3832,
          43.6532
        ]
      }
    },
    {
      "type": "Feature",
      "properties": {
        "ip": "162.159.129.232",
        "url": "https://images-ext-1.discordapp.net/external/XfQPTWo0Jp8j0j20zqKrDLBS_2BNzKR8kXrMHW-XF6c/%3Fw%3D1000%26auto%3Dformat%252Ccompress%26q%3D75%26sharp%3D10%26rect%3D0%252C11%252C1200%252C600%26s%3D5aaa9ac68c08f78f28e5269d1407b891/https/img.evbuc.com/https%253A%252F%252Fcdn.evbuc.com%252Fimages%252F760561269%252F257592332040%252F1%252Foriginal.20240506-141501?format=webp&width=800&height=400",
        "city": "Toronto",
        "region": "Ontario",
        "country": "Canada",
        "org": "Cloudflare, Inc.",
        "timezone": "America/Toronto",
        "source": "ip-api.com"
      },
      "geometry": {
        "type": "Point",
        "coordinates": [
          -79.3832,
          43.6532
        ]
      }
    },
    {
      "type": "Feature",
      "properties": {
        "ip": "162.159.129.232",
        "url": "https://images-ext-1.discordapp.net/external/BCqkOV4syrX1uISccMVlcl1KsdlBck18Q5dSkIwrcPE/https/lh7-us.googleusercontent.com/docs/AHkbwyK8zSj6BwrjtjjWw0et7iblK1EXNpCxBTW9Sh5ISV4K4JPGzRdgaNypnp55tylWT88DlzyO3D1jCkphtQhkEbaKIW6TJt6sPuT1SUlAh_jGzxrO9Gc%3Dw1200-h630-p?format=webp&width=160&height=84",
        "city": "Toronto",
        "region": "Ontario",
        "country": "Canada",
        "org": "Cloudflare, Inc.",
        "timezone": "America/Toronto",
        "source": "ip-api.com"
      },
      "geometry": {
        "type": "Point",
        "coordinates": [
          -79.3832,
          43.6532
        ]
      }
    },
    {
      "type": "Feature",
      "properties": {
        "ip": "162.159.129.232",
        "url": "https://images-ext-1.discordapp.net/external/YyICj-LqqXiRMIsJSLEmT-3LzJ48m578fVWw4O-NlS0/https/labs.rs/wp-content/uploads/2015/04/data-flow-cities-01.jpg?format=webp&width=800&height=394",
        "city": "Toronto",
        "region": "Ontario",
        "country": "Canada",
        "org": "Cloudflare, Inc.",
        "timezone": "America/Toronto",
        "source": "ip-api.com"
      },
      "geometry": {
        "type": "Point",
        "coordinates": [
          -79.3832,
          43.6532
        ]
      }
    },
    {
      "type": "Feature",
      "properties": {
        "ip": "162.159.129.232",
        "url": "https://images-ext-1.discordapp.net/external/kRy9e9Bh3Tx0zeMdkJQsRlR9BA4l9VQLd-LYdOr5l7g/https/images.are.na/eyJidWNrZXQiOiJhcmVuYV9pbWFnZXMiLCJrZXkiOiI5MDY5NDY3L29yaWdpbmFsXzJkNzllNDQzMjViODNiMDUyMDIwMTAxMS00LTZoNmVjNS5qcGciLCJlZGl0cyI6eyJyZXNpemUiOnsid2lkdGgiOjEyMDAsImhlaWdodCI6NjMwLCJmaXQiOiJjb3ZlciIsIndpdGhvdXRFbmxhcmdlbWVudCI6dHJ1ZX0sIndlYnAiOnsicXVhbGl0eSI6ODB9LCJqcGVnIjp7InF1YWxpdHkiOjgwfSwicm90YXRlIjpudWxsfX0%3D?format=webp&width=800&height=492",
        "city": "Toronto",
        "region": "Ontario",
        "country": "Canada",
        "org": "Cloudflare, Inc.",
        "timezone": "America/Toronto",
        "source": "ip-api.com"
      },
      "geometry": {
        "type": "Point",
        "coordinates": [
          -79.3832,
          43.6532
        ]
      }
    },
    {
      "type": "Feature",
      "properties": {
        "ip": "162.159.128.233",
        "url": "https://discord.com/assets/cf49490a99e876f7.js",
        "city": "Toronto",
        "region": "Ontario",
        "country": "Canada",
        "org": "Cloudflare, Inc.",
        "timezone": "America/Toronto",
        "source": "ip-api.com"
      },
      "geometry": {
        "type": "Point",
        "coordinates": [
          -79.3832,
          43.6532
        ]
      }
    },
    {
      "type": "Feature",
      "properties": {
        "ip": "162.159.128.233",
        "url": "https://discord.com/assets/7997f1aeada0faf0.js",
        "city": "Toronto",
        "region": "Ontario",
        "country": "Canada",
        "org": "Cloudflare, Inc.",
        "timezone": "America/Toronto",
        "source": "ip-api.com"
      },
      "geometry": {
        "type": "Point",
        "coordinates": [
          -79.3832,
          43.6532
        ]
      }
    },
    {
      "type": "Feature",
      "properties": {
        "ip": "162.159.128.233",
        "url": "https://discord.com/api/v9/users/@me/settings-proto/2",
        "city": "Toronto",
        "region": "Ontario",
        "country": "Canada",
        "org": "Cloudflare, Inc.",
        "timezone": "America/Toronto",
        "source": "ip-api.com"
      },
      "geometry": {
        "type": "Point",
        "coordinates": [
          -79.3832,
          43.6532
        ]
      }
    },
    {
      "type": "Feature",
      "properties": {
        "ip": "162.159.128.233",
        "url": "https://discord.com/assets/3d3c9ed40f1d6182.js",
        "city": "Toronto",
        "region": "Ontario",
        "country": "Canada",
        "org": "Cloudflare, Inc.",
        "timezone": "America/Toronto",
        "source": "ip-api.com"
      },
      "geometry": {
        "type": "Point",
        "coordinates": [
          -79.3832,
          43.6532
        ]
      }
    },
    {
      "type": "Feature",
      "properties": {
        "ip": "162.159.128.233",
        "url": "https://discord.com/assets/7556a504b5f38b50.js",
        "city": "Toronto",
        "region": "Ontario",
        "country": "Canada",
        "org": "Cloudflare, Inc.",
        "timezone": "America/Toronto",
        "source": "ip-api.com"
      },
      "geometry": {
        "type": "Point",
        "coordinates": [
          -79.3832,
          43.6532
        ]
      }
    },
    {
      "type": "Feature",
      "properties": {
        "ip": "162.159.128.233",
        "url": "https://discord.com/assets/753b4e9a8f4ddd54.svg",
        "city": "Toronto",
        "region": "Ontario",
        "country": "Canada",
        "org": "Cloudflare, Inc.",
        "timezone": "America/Toronto",
        "source": "ip-api.com"
      },
      "geometry": {
        "type": "Point",
        "coordinates": [
          -79.3832,
          43.6532
        ]
      }
    },
    {
      "type": "Feature",
      "properties": {
        "ip": "162.159.128.233",
        "url": "https://discord.com/assets/bbab646b38e8330d.js",
        "city": "Toronto",
        "region": "Ontario",
        "country": "Canada",
        "org": "Cloudflare, Inc.",
        "timezone": "America/Toronto",
        "source": "ip-api.com"
      },
      "geometry": {
        "type": "Point",
        "coordinates": [
          -79.3832,
          43.6532
        ]
      }
    },
    {
      "type": "Feature",
      "properties": {
        "ip": "162.159.128.233",
        "url": "https://discord.com/assets/e6f8b766337dc423.js",
        "city": "Toronto",
        "region": "Ontario",
        "country": "Canada",
        "org": "Cloudflare, Inc.",
        "timezone": "America/Toronto",
        "source": "ip-api.com"
      },
      "geometry": {
        "type": "Point",
        "coordinates": [
          -79.3832,
          43.6532
        ]
      }
    },
    {
      "type": "Feature",
      "properties": {
        "ip": "162.159.128.233",
        "url": "https://discord.com/assets/bb25e7976f9c129b.js",
        "city": "Toronto",
        "region": "Ontario",
        "country": "Canada",
        "org": "Cloudflare, Inc.",
        "timezone": "America/Toronto",
        "source": "ip-api.com"
      },
      "geometry": {
        "type": "Point",
        "coordinates": [
          -79.3832,
          43.6532
        ]
      }
    },
    {
      "type": "Feature",
      "properties": {
        "ip": "162.159.128.233",
        "url": "https://discord.com/assets/9fe8d11c9ea4f888.js",
        "city": "Toronto",
        "region": "Ontario",
        "country": "Canada",
        "org": "Cloudflare, Inc.",
        "timezone": "America/Toronto",
        "source": "ip-api.com"
      },
      "geometry": {
        "type": "Point",
        "coordinates": [
          -79.3832,
          43.6532
        ]
      }
    },
    {
      "type": "Feature",
      "properties": {
        "ip": "162.159.128.233",
        "url": "https://discord.com/assets/d824c95b24a227ce.js",
        "city": "Toronto",
        "region": "Ontario",
        "country": "Canada",
        "org": "Cloudflare, Inc.",
        "timezone": "America/Toronto",
        "source": "ip-api.com"
      },
      "geometry": {
        "type": "Point",
        "coordinates": [
          -79.3832,
          43.6532
        ]
      }
    },
    {
      "type": "Feature",
      "properties": {
        "ip": "162.159.128.233",
        "url": "https://discord.com/assets/36e7b68ea0c05ae7.woff2",
        "city": "Toronto",
        "region": "Ontario",
        "country": "Canada",
        "org": "Cloudflare, Inc.",
        "timezone": "America/Toronto",
        "source": "ip-api.com"
      },
      "geometry": {
        "type": "Point",
        "coordinates": [
          -79.3832,
          43.6532
        ]
      }
    },
    {
      "type": "Feature",
      "properties": {
        "ip": "162.159.128.233",
        "url": "https://discord.com/api/v9/channels/1113848227515613224/messages/1399706682061488209/ack",
        "city": "Toronto",
        "region": "Ontario",
        "country": "Canada",
        "org": "Cloudflare, Inc.",
        "timezone": "America/Toronto",
        "source": "ip-api.com"
      },
      "geometry": {
        "type": "Point",
        "coordinates": [
          -79.3832,
          43.6532
        ]
      }
    },
    {
      "type": "Feature",
      "properties": {
        "ip": "162.159.128.233",
        "url": "https://discord.com/assets/196378c5fdb975ab.js",
        "city": "Toronto",
        "region": "Ontario",
        "country": "Canada",
        "org": "Cloudflare, Inc.",
        "timezone": "America/Toronto",
        "source": "ip-api.com"
      },
      "geometry": {
        "type": "Point",
        "coordinates": [
          -79.3832,
          43.6532
        ]
      }
    },
    {
      "type": "Feature",
      "properties": {
        "ip": "162.159.128.233",
        "url": "https://discord.com/api/v9/users/@me/collectibles-marketing?platform=0",
        "city": "Toronto",
        "region": "Ontario",
        "country": "Canada",
        "org": "Cloudflare, Inc.",
        "timezone": "America/Toronto",
        "source": "ip-api.com"
      },
      "geometry": {
        "type": "Point",
        "coordinates": [
          -79.3832,
          43.6532
        ]
      }
    },
    {
      "type": "Feature",
      "properties": {
        "ip": "162.159.128.233",
        "url": "https://discord.com/assets/d528244c79ded7af.js",
        "city": "Toronto",
        "region": "Ontario",
        "country": "Canada",
        "org": "Cloudflare, Inc.",
        "timezone": "America/Toronto",
        "source": "ip-api.com"
      },
      "geometry": {
        "type": "Point",
        "coordinates": [
          -79.3832,
          43.6532
        ]
      }
    },
    {
      "type": "Feature",
      "properties": {
        "ip": "162.159.128.233",
        "url": "https://discord.com/assets/bc6de6e589ec50e7.js",
        "city": "Toronto",
        "region": "Ontario",
        "country": "Canada",
        "org": "Cloudflare, Inc.",
        "timezone": "America/Toronto",
        "source": "ip-api.com"
      },
      "geometry": {
        "type": "Point",
        "coordinates": [
          -79.3832,
          43.6532
        ]
      }
    },
    {
      "type": "Feature",
      "properties": {
        "ip": "162.159.128.233",
        "url": "https://discord.com/assets/5e40a46c14f43b52.wasm",
        "city": "Toronto",
        "region": "Ontario",
        "country": "Canada",
        "org": "Cloudflare, Inc.",
        "timezone": "America/Toronto",
        "source": "ip-api.com"
      },
      "geometry": {
        "type": "Point",
        "coordinates": [
          -79.3832,
          43.6532
        ]
      }
    },
    {
      "type": "Feature",
      "properties": {
        "ip": "162.159.128.233",
        "url": "https://discord.com/assets/231d8d626d212bde.js",
        "city": "Toronto",
        "region": "Ontario",
        "country": "Canada",
        "org": "Cloudflare, Inc.",
        "timezone": "America/Toronto",
        "source": "ip-api.com"
      },
      "geometry": {
        "type": "Point",
        "coordinates": [
          -79.3832,
          43.6532
        ]
      }
    },
    {
      "type": "Feature",
      "properties": {
        "ip": "162.159.128.233",
        "url": "https://discord.com/assets/4c3d5abd4471766b.js",
        "city": "Toronto",
        "region": "Ontario",
        "country": "Canada",
        "org": "Cloudflare, Inc.",
        "timezone": "America/Toronto",
        "source": "ip-api.com"
      },
      "geometry": {
        "type": "Point",
        "coordinates": [
          -79.3832,
          43.6532
        ]
      }
    },
    {
      "type": "Feature",
      "properties": {
        "ip": "162.159.128.233",
        "url": "https://discord.com/assets/46cb74074372123b.js",
        "city": "Toronto",
        "region": "Ontario",
        "country": "Canada",
        "org": "Cloudflare, Inc.",
        "timezone": "America/Toronto",
        "source": "ip-api.com"
      },
      "geometry": {
        "type": "Point",
        "coordinates": [
          -79.3832,
          43.6532
        ]
      }
    },
    {
      "type": "Feature",
      "properties": {
        "ip": "162.159.128.233",
        "url": "https://discord.com/assets/31bcef2ea8539653.js",
        "city": "Toronto",
        "region": "Ontario",
        "country": "Canada",
        "org": "Cloudflare, Inc.",
        "timezone": "America/Toronto",
        "source": "ip-api.com"
      },
      "geometry": {
        "type": "Point",
        "coordinates": [
          -79.3832,
          43.6532
        ]
      }
    },
    {
      "type": "Feature",
      "properties": {
        "ip": "162.159.128.233",
        "url": "https://discord.com/assets/078fa1c3f2b417f6.svg",
        "city": "Toronto",
        "region": "Ontario",
        "country": "Canada",
        "org": "Cloudflare, Inc.",
        "timezone": "America/Toronto",
        "source": "ip-api.com"
      },
      "geometry": {
        "type": "Point",
        "coordinates": [
          -79.3832,
          43.6532
        ]
      }
    },
    {
      "type": "Feature",
      "properties": {
        "ip": "162.159.128.233",
        "url": "https://discord.com/assets/a1ffe77458fdca25.css",
        "city": "Toronto",
        "region": "Ontario",
        "country": "Canada",
        "org": "Cloudflare, Inc.",
        "timezone": "America/Toronto",
        "source": "ip-api.com"
      },
      "geometry": {
        "type": "Point",
        "coordinates": [
          -79.3832,
          43.6532
        ]
      }
    },
    {
      "type": "Feature",
      "properties": {
        "ip": "162.159.128.233",
        "url": "https://discord.com/assets/2a8d6e19cf0b59d4.js",
        "city": "Toronto",
        "region": "Ontario",
        "country": "Canada",
        "org": "Cloudflare, Inc.",
        "timezone": "America/Toronto",
        "source": "ip-api.com"
      },
      "geometry": {
        "type": "Point",
        "coordinates": [
          -79.3832,
          43.6532
        ]
      }
    },
    {
      "type": "Feature",
      "properties": {
        "ip": "162.159.128.233",
        "url": "https://discord.com/assets/sentry.40a9e8e0545f59d7.js",
        "city": "Toronto",
        "region": "Ontario",
        "country": "Canada",
        "org": "Cloudflare, Inc.",
        "timezone": "America/Toronto",
        "source": "ip-api.com"
      },
      "geometry": {
        "type": "Point",
        "coordinates": [
          -79.3832,
          43.6532
        ]
      }
    },
    {
      "type": "Feature",
      "properties": {
        "ip": "162.159.128.233",
        "url": "https://discord.com/assets/8c8a4b6bce955dd8.js",
        "city": "Toronto",
        "region": "Ontario",
        "country": "Canada",
        "org": "Cloudflare, Inc.",
        "timezone": "America/Toronto",
        "source": "ip-api.com"
      },
      "geometry": {
        "type": "Point",
        "coordinates": [
          -79.3832,
          43.6532
        ]
      }
    },
    {
      "type": "Feature",
      "properties": {
        "ip": "162.159.128.233",
        "url": "https://discord.com/assets/19b3765062649c00.js",
        "city": "Toronto",
        "region": "Ontario",
        "country": "Canada",
        "org": "Cloudflare, Inc.",
        "timezone": "America/Toronto",
        "source": "ip-api.com"
      },
      "geometry": {
        "type": "Point",
        "coordinates": [
          -79.3832,
          43.6532
        ]
      }
    },
    {
      "type": "Feature",
      "properties": {
        "ip": "162.159.128.233",
        "url": "https://discord.com/assets/e5fec5f0db63eb8f.svg",
        "city": "Toronto",
        "region": "Ontario",
        "country": "Canada",
        "org": "Cloudflare, Inc.",
        "timezone": "America/Toronto",
        "source": "ip-api.com"
      },
      "geometry": {
        "type": "Point",
        "coordinates": [
          -79.3832,
          43.6532
        ]
      }
    },
    {
      "type": "Feature",
      "properties": {
        "ip": "162.159.128.233",
        "url": "https://discord.com/api/v9/guilds/622102/scheduled-events/undefined?country_code=US",
        "city": "Toronto",
        "region": "Ontario",
        "country": "Canada",
        "org": "Cloudflare, Inc.",
        "timezone": "America/Toronto",
        "source": "ip-api.com"
      },
      "geometry": {
        "type": "Point",
        "coordinates": [
          -79.3832,
          43.6532
        ]
      }
    },
    {
      "type": "Feature",
      "properties": {
        "ip": "162.159.128.233",
        "url": "https://discord.com/api/v9/content-inventory/users/@me?for_game_profile=false&feature=inbox",
        "city": "Toronto",
        "region": "Ontario",
        "country": "Canada",
        "org": "Cloudflare, Inc.",
        "timezone": "America/Toronto",
        "source": "ip-api.com"
      },
      "geometry": {
        "type": "Point",
        "coordinates": [
          -79.3832,
          43.6532
        ]
      }
    },
    {
      "type": "Feature",
      "properties": {
        "ip": "162.159.128.233",
        "url": "https://discord.com/assets/40f70cedbdb462aa.js",
        "city": "Toronto",
        "region": "Ontario",
        "country": "Canada",
        "org": "Cloudflare, Inc.",
        "timezone": "America/Toronto",
        "source": "ip-api.com"
      },
      "geometry": {
        "type": "Point",
        "coordinates": [
          -79.3832,
          43.6532
        ]
      }
    },
    {
      "type": "Feature",
      "properties": {
        "ip": "162.159.128.233",
        "url": "https://discord.com/assets/6c82fab2c0fb97a0.js",
        "city": "Toronto",
        "region": "Ontario",
        "country": "Canada",
        "org": "Cloudflare, Inc.",
        "timezone": "America/Toronto",
        "source": "ip-api.com"
      },
      "geometry": {
        "type": "Point",
        "coordinates": [
          -79.3832,
          43.6532
        ]
      }
    },
    {
      "type": "Feature",
      "properties": {
        "ip": "162.159.128.233",
        "url": "https://discord.com/assets/e52f0cba712e2fb4.woff2",
        "city": "Toronto",
        "region": "Ontario",
        "country": "Canada",
        "org": "Cloudflare, Inc.",
        "timezone": "America/Toronto",
        "source": "ip-api.com"
      },
      "geometry": {
        "type": "Point",
        "coordinates": [
          -79.3832,
          43.6532
        ]
      }
    },
    {
      "type": "Feature",
      "properties": {
        "ip": "162.159.128.233",
        "url": "https://discord.com/assets/27392be9681e2767.js",
        "city": "Toronto",
        "region": "Ontario",
        "country": "Canada",
        "org": "Cloudflare, Inc.",
        "timezone": "America/Toronto",
        "source": "ip-api.com"
      },
      "geometry": {
        "type": "Point",
        "coordinates": [
          -79.3832,
          43.6532
        ]
      }
    },
    {
      "type": "Feature",
      "properties": {
        "ip": "162.159.128.233",
        "url": "https://discord.com/assets/5a2d3f9f840718c5.js",
        "city": "Toronto",
        "region": "Ontario",
        "country": "Canada",
        "org": "Cloudflare, Inc.",
        "timezone": "America/Toronto",
        "source": "ip-api.com"
      },
      "geometry": {
        "type": "Point",
        "coordinates": [
          -79.3832,
          43.6532
        ]
      }
    },
    {
      "type": "Feature",
      "properties": {
        "ip": "162.159.128.233",
        "url": "https://discord.com/assets/cb907ed954f0f3e7.js",
        "city": "Toronto",
        "region": "Ontario",
        "country": "Canada",
        "org": "Cloudflare, Inc.",
        "timezone": "America/Toronto",
        "source": "ip-api.com"
      },
      "geometry": {
        "type": "Point",
        "coordinates": [
          -79.3832,
          43.6532
        ]
      }
    },
    {
      "type": "Feature",
      "properties": {
        "ip": "162.159.128.233",
        "url": "https://discord.com/assets/ba7ea799dbe629ce.svg",
        "city": "Toronto",
        "region": "Ontario",
        "country": "Canada",
        "org": "Cloudflare, Inc.",
        "timezone": "America/Toronto",
        "source": "ip-api.com"
      },
      "geometry": {
        "type": "Point",
        "coordinates": [
          -79.3832,
          43.6532
        ]
      }
    },
    {
      "type": "Feature",
      "properties": {
        "ip": "162.159.128.233",
        "url": "https://discord.com/api/v9/channels/1126284197892456498/messages/1400512888891899994/ack",
        "city": "Toronto",
        "region": "Ontario",
        "country": "Canada",
        "org": "Cloudflare, Inc.",
        "timezone": "America/Toronto",
        "source": "ip-api.com"
      },
      "geometry": {
        "type": "Point",
        "coordinates": [
          -79.3832,
          43.6532
        ]
      }
    },
    {
      "type": "Feature",
      "properties": {
        "ip": "162.159.128.233",
        "url": "https://discord.com/assets/873c3fa62f432bff.js",
        "city": "Toronto",
        "region": "Ontario",
        "country": "Canada",
        "org": "Cloudflare, Inc.",
        "timezone": "America/Toronto",
        "source": "ip-api.com"
      },
      "geometry": {
        "type": "Point",
        "coordinates": [
          -79.3832,
          43.6532
        ]
      }
    },
    {
      "type": "Feature",
      "properties": {
        "ip": "162.159.128.233",
        "url": "https://discord.com/assets/f57113997ceafaa7.js",
        "city": "Toronto",
        "region": "Ontario",
        "country": "Canada",
        "org": "Cloudflare, Inc.",
        "timezone": "America/Toronto",
        "source": "ip-api.com"
      },
      "geometry": {
        "type": "Point",
        "coordinates": [
          -79.3832,
          43.6532
        ]
      }
    },
    {
      "type": "Feature",
      "properties": {
        "ip": "162.159.128.233",
        "url": "https://discord.com/assets/26c6b7e21a448667.js",
        "city": "Toronto",
        "region": "Ontario",
        "country": "Canada",
        "org": "Cloudflare, Inc.",
        "timezone": "America/Toronto",
        "source": "ip-api.com"
      },
      "geometry": {
        "type": "Point",
        "coordinates": [
          -79.3832,
          43.6532
        ]
      }
    },
    {
      "type": "Feature",
      "properties": {
        "ip": "162.159.128.233",
        "url": "https://discord.com/assets/843915cb05425159.js",
        "city": "Toronto",
        "region": "Ontario",
        "country": "Canada",
        "org": "Cloudflare, Inc.",
        "timezone": "America/Toronto",
        "source": "ip-api.com"
      },
      "geometry": {
        "type": "Point",
        "coordinates": [
          -79.3832,
          43.6532
        ]
      }
    },
    {
      "type": "Feature",
      "properties": {
        "ip": "162.159.128.233",
        "url": "https://discord.com/assets/43a93713398f9faf.js",
        "city": "Toronto",
        "region": "Ontario",
        "country": "Canada",
        "org": "Cloudflare, Inc.",
        "timezone": "America/Toronto",
        "source": "ip-api.com"
      },
      "geometry": {
        "type": "Point",
        "coordinates": [
          -79.3832,
          43.6532
        ]
      }
    },
    {
      "type": "Feature",
      "properties": {
        "ip": "162.159.128.233",
        "url": "https://discord.com/assets/7c1ae62eb0b1edd0.svg",
        "city": "Toronto",
        "region": "Ontario",
        "country": "Canada",
        "org": "Cloudflare, Inc.",
        "timezone": "America/Toronto",
        "source": "ip-api.com"
      },
      "geometry": {
        "type": "Point",
        "coordinates": [
          -79.3832,
          43.6532
        ]
      }
    },
    {
      "type": "Feature",
      "properties": {
        "ip": "162.159.128.233",
        "url": "https://discord.com/assets/75fcea119fcc0bf4.js",
        "city": "Toronto",
        "region": "Ontario",
        "country": "Canada",
        "org": "Cloudflare, Inc.",
        "timezone": "America/Toronto",
        "source": "ip-api.com"
      },
      "geometry": {
        "type": "Point",
        "coordinates": [
          -79.3832,
          43.6532
        ]
      }
    },
    {
      "type": "Feature",
      "properties": {
        "ip": "162.159.128.233",
        "url": "https://discord.com/stickers/819128604311027752.json",
        "city": "Toronto",
        "region": "Ontario",
        "country": "Canada",
        "org": "Cloudflare, Inc.",
        "timezone": "America/Toronto",
        "source": "ip-api.com"
      },
      "geometry": {
        "type": "Point",
        "coordinates": [
          -79.3832,
          43.6532
        ]
      }
    },
    {
      "type": "Feature",
      "properties": {
        "ip": "162.159.128.233",
        "url": "https://discord.com/api/v9/science",
        "city": "Toronto",
        "region": "Ontario",
        "country": "Canada",
        "org": "Cloudflare, Inc.",
        "timezone": "America/Toronto",
        "source": "ip-api.com"
      },
      "geometry": {
        "type": "Point",
        "coordinates": [
          -79.3832,
          43.6532
        ]
      }
    },
    {
      "type": "Feature",
      "properties": {
        "ip": "162.159.128.233",
        "url": "https://discord.com/assets/a2ac841c980a012a.js",
        "city": "Toronto",
        "region": "Ontario",
        "country": "Canada",
        "org": "Cloudflare, Inc.",
        "timezone": "America/Toronto",
        "source": "ip-api.com"
      },
      "geometry": {
        "type": "Point",
        "coordinates": [
          -79.3832,
          43.6532
        ]
      }
    },
    {
      "type": "Feature",
      "properties": {
        "ip": "162.159.128.233",
        "url": "https://discord.com/assets/70ad9abeb74d9701.js",
        "city": "Toronto",
        "region": "Ontario",
        "country": "Canada",
        "org": "Cloudflare, Inc.",
        "timezone": "America/Toronto",
        "source": "ip-api.com"
      },
      "geometry": {
        "type": "Point",
        "coordinates": [
          -79.3832,
          43.6532
        ]
      }
    },
    {
      "type": "Feature",
      "properties": {
        "ip": "162.159.128.233",
        "url": "https://discord.com/assets/dd60208c6bbaebc7.js",
        "city": "Toronto",
        "region": "Ontario",
        "country": "Canada",
        "org": "Cloudflare, Inc.",
        "timezone": "America/Toronto",
        "source": "ip-api.com"
      },
      "geometry": {
        "type": "Point",
        "coordinates": [
          -79.3832,
          43.6532
        ]
      }
    },
    {
      "type": "Feature",
      "properties": {
        "ip": "162.159.128.233",
        "url": "https://discord.com/assets/f72b5ce64feb2086.woff2",
        "city": "Toronto",
        "region": "Ontario",
        "country": "Canada",
        "org": "Cloudflare, Inc.",
        "timezone": "America/Toronto",
        "source": "ip-api.com"
      },
      "geometry": {
        "type": "Point",
        "coordinates": [
          -79.3832,
          43.6532
        ]
      }
    },
    {
      "type": "Feature",
      "properties": {
        "ip": "162.159.128.233",
        "url": "https://discord.com/assets/e45847ad5b798e06.js",
        "city": "Toronto",
        "region": "Ontario",
        "country": "Canada",
        "org": "Cloudflare, Inc.",
        "timezone": "America/Toronto",
        "source": "ip-api.com"
      },
      "geometry": {
        "type": "Point",
        "coordinates": [
          -79.3832,
          43.6532
        ]
      }
    },
    {
      "type": "Feature",
      "properties": {
        "ip": "162.159.128.233",
        "url": "https://discord.com/assets/0bf93813a511ddc5.js",
        "city": "Toronto",
        "region": "Ontario",
        "country": "Canada",
        "org": "Cloudflare, Inc.",
        "timezone": "America/Toronto",
        "source": "ip-api.com"
      },
      "geometry": {
        "type": "Point",
        "coordinates": [
          -79.3832,
          43.6532
        ]
      }
    },
    {
      "type": "Feature",
      "properties": {
        "ip": "162.159.128.233",
        "url": "https://discord.com/api/v9/quests/@me",
        "city": "Toronto",
        "region": "Ontario",
        "country": "Canada",
        "org": "Cloudflare, Inc.",
        "timezone": "America/Toronto",
        "source": "ip-api.com"
      },
      "geometry": {
        "type": "Point",
        "coordinates": [
          -79.3832,
          43.6532
        ]
      }
    },
    {
      "type": "Feature",
      "properties": {
        "ip": "162.159.128.233",
        "url": "https://discord.com/assets/49e0cdb559850c29.js",
        "city": "Toronto",
        "region": "Ontario",
        "country": "Canada",
        "org": "Cloudflare, Inc.",
        "timezone": "America/Toronto",
        "source": "ip-api.com"
      },
      "geometry": {
        "type": "Point",
        "coordinates": [
          -79.3832,
          43.6532
        ]
      }
    },
    {
      "type": "Feature",
      "properties": {
        "ip": "162.159.128.233",
        "url": "https://discord.com/assets/892264756facac07.svg",
        "city": "Toronto",
        "region": "Ontario",
        "country": "Canada",
        "org": "Cloudflare, Inc.",
        "timezone": "America/Toronto",
        "source": "ip-api.com"
      },
      "geometry": {
        "type": "Point",
        "coordinates": [
          -79.3832,
          43.6532
        ]
      }
    },
    {
      "type": "Feature",
      "properties": {
        "ip": "162.159.128.233",
        "url": "https://discord.com/assets/000647364ecea6c3.js",
        "city": "Toronto",
        "region": "Ontario",
        "country": "Canada",
        "org": "Cloudflare, Inc.",
        "timezone": "America/Toronto",
        "source": "ip-api.com"
      },
      "geometry": {
        "type": "Point",
        "coordinates": [
          -79.3832,
          43.6532
        ]
      }
    },
    {
      "type": "Feature",
      "properties": {
        "ip": "162.159.128.233",
        "url": "https://discord.com/api/v9/channels/1248658042917228544/messages?limit=50",
        "city": "Toronto",
        "region": "Ontario",
        "country": "Canada",
        "org": "Cloudflare, Inc.",
        "timezone": "America/Toronto",
        "source": "ip-api.com"
      },
      "geometry": {
        "type": "Point",
        "coordinates": [
          -79.3832,
          43.6532
        ]
      }
    },
    {
      "type": "Feature",
      "properties": {
        "ip": "162.159.128.233",
        "url": "https://discord.com/assets/90af1a7ba3d3cbcd.js",
        "city": "Toronto",
        "region": "Ontario",
        "country": "Canada",
        "org": "Cloudflare, Inc.",
        "timezone": "America/Toronto",
        "source": "ip-api.com"
      },
      "geometry": {
        "type": "Point",
        "coordinates": [
          -79.3832,
          43.6532
        ]
      }
    },
    {
      "type": "Feature",
      "properties": {
        "ip": "162.159.128.233",
        "url": "https://discord.com/assets/a6b1ba6fa378a731.svg",
        "city": "Toronto",
        "region": "Ontario",
        "country": "Canada",
        "org": "Cloudflare, Inc.",
        "timezone": "America/Toronto",
        "source": "ip-api.com"
      },
      "geometry": {
        "type": "Point",
        "coordinates": [
          -79.3832,
          43.6532
        ]
      }
    },
    {
      "type": "Feature",
      "properties": {
        "ip": "162.159.128.233",
        "url": "https://discord.com/assets/09f288f81cf769ab.svg",
        "city": "Toronto",
        "region": "Ontario",
        "country": "Canada",
        "org": "Cloudflare, Inc.",
        "timezone": "America/Toronto",
        "source": "ip-api.com"
      },
      "geometry": {
        "type": "Point",
        "coordinates": [
          -79.3832,
          43.6532
        ]
      }
    },
    {
      "type": "Feature",
      "properties": {
        "ip": "162.159.128.233",
        "url": "https://discord.com/assets/3326f304f2277ee5.js",
        "city": "Toronto",
        "region": "Ontario",
        "country": "Canada",
        "org": "Cloudflare, Inc.",
        "timezone": "America/Toronto",
        "source": "ip-api.com"
      },
      "geometry": {
        "type": "Point",
        "coordinates": [
          -79.3832,
          43.6532
        ]
      }
    },
    {
      "type": "Feature",
      "properties": {
        "ip": "162.159.128.233",
        "url": "https://discord.com/assets/72fd3a25fdcd324b.js",
        "city": "Toronto",
        "region": "Ontario",
        "country": "Canada",
        "org": "Cloudflare, Inc.",
        "timezone": "America/Toronto",
        "source": "ip-api.com"
      },
      "geometry": {
        "type": "Point",
        "coordinates": [
          -79.3832,
          43.6532
        ]
      }
    },
    {
      "type": "Feature",
      "properties": {
        "ip": "162.159.128.233",
        "url": "https://discord.com/assets/8b4aa48d095fa081.module.wasm",
        "city": "Toronto",
        "region": "Ontario",
        "country": "Canada",
        "org": "Cloudflare, Inc.",
        "timezone": "America/Toronto",
        "source": "ip-api.com"
      },
      "geometry": {
        "type": "Point",
        "coordinates": [
          -79.3832,
          43.6532
        ]
      }
    },
    {
      "type": "Feature",
      "properties": {
        "ip": "162.159.128.233",
        "url": "https://discord.com/api/v9/channels/1113844691981582457/messages/1398089768700477450/ack",
        "city": "Toronto",
        "region": "Ontario",
        "country": "Canada",
        "org": "Cloudflare, Inc.",
        "timezone": "America/Toronto",
        "source": "ip-api.com"
      },
      "geometry": {
        "type": "Point",
        "coordinates": [
          -79.3832,
          43.6532
        ]
      }
    },
    {
      "type": "Feature",
      "properties": {
        "ip": "162.159.128.233",
        "url": "https://discord.com/assets/c95f240e6467ab3b.js",
        "city": "Toronto",
        "region": "Ontario",
        "country": "Canada",
        "org": "Cloudflare, Inc.",
        "timezone": "America/Toronto",
        "source": "ip-api.com"
      },
      "geometry": {
        "type": "Point",
        "coordinates": [
          -79.3832,
          43.6532
        ]
      }
    },
    {
      "type": "Feature",
      "properties": {
        "ip": "162.159.128.233",
        "url": "https://discord.com/api/v9/channels/1126279738533625856/messages?limit=50",
        "city": "Toronto",
        "region": "Ontario",
        "country": "Canada",
        "org": "Cloudflare, Inc.",
        "timezone": "America/Toronto",
        "source": "ip-api.com"
      },
      "geometry": {
        "type": "Point",
        "coordinates": [
          -79.3832,
          43.6532
        ]
      }
    },
    {
      "type": "Feature",
      "properties": {
        "ip": "162.159.128.233",
        "url": "https://discord.com/assets/8af07220bbb1105f.js",
        "city": "Toronto",
        "region": "Ontario",
        "country": "Canada",
        "org": "Cloudflare, Inc.",
        "timezone": "America/Toronto",
        "source": "ip-api.com"
      },
      "geometry": {
        "type": "Point",
        "coordinates": [
          -79.3832,
          43.6532
        ]
      }
    },
    {
      "type": "Feature",
      "properties": {
        "ip": "162.159.128.233",
        "url": "https://discord.com/assets/43bef53eed3e42dc.js",
        "city": "Toronto",
        "region": "Ontario",
        "country": "Canada",
        "org": "Cloudflare, Inc.",
        "timezone": "America/Toronto",
        "source": "ip-api.com"
      },
      "geometry": {
        "type": "Point",
        "coordinates": [
          -79.3832,
          43.6532
        ]
      }
    },
    {
      "type": "Feature",
      "properties": {
        "ip": "162.159.128.233",
        "url": "https://discord.com/assets/5154bb006deadc07.js",
        "city": "Toronto",
        "region": "Ontario",
        "country": "Canada",
        "org": "Cloudflare, Inc.",
        "timezone": "America/Toronto",
        "source": "ip-api.com"
      },
      "geometry": {
        "type": "Point",
        "coordinates": [
          -79.3832,
          43.6532
        ]
      }
    },
    {
      "type": "Feature",
      "properties": {
        "ip": "162.159.128.233",
        "url": "https://discord.com/api/v9/app-recommendations?locale=zh-CN&channel_id=1113844069932732439&location=contextual_image&with_commands=true",
        "city": "Toronto",
        "region": "Ontario",
        "country": "Canada",
        "org": "Cloudflare, Inc.",
        "timezone": "America/Toronto",
        "source": "ip-api.com"
      },
      "geometry": {
        "type": "Point",
        "coordinates": [
          -79.3832,
          43.6532
        ]
      }
    },
    {
      "type": "Feature",
      "properties": {
        "ip": "162.159.128.233",
        "url": "https://discord.com/assets/web.b65ccb9ae6ce137c.js",
        "city": "Toronto",
        "region": "Ontario",
        "country": "Canada",
        "org": "Cloudflare, Inc.",
        "timezone": "America/Toronto",
        "source": "ip-api.com"
      },
      "geometry": {
        "type": "Point",
        "coordinates": [
          -79.3832,
          43.6532
        ]
      }
    },
    {
      "type": "Feature",
      "properties": {
        "ip": "162.159.128.233",
        "url": "https://discord.com/assets/14a08eca2a4634f5.js",
        "city": "Toronto",
        "region": "Ontario",
        "country": "Canada",
        "org": "Cloudflare, Inc.",
        "timezone": "America/Toronto",
        "source": "ip-api.com"
      },
      "geometry": {
        "type": "Point",
        "coordinates": [
          -79.3832,
          43.6532
        ]
      }
    },
    {
      "type": "Feature",
      "properties": {
        "ip": "162.159.128.233",
        "url": "https://discord.com/assets/a9b774483ee003af.js",
        "city": "Toronto",
        "region": "Ontario",
        "country": "Canada",
        "org": "Cloudflare, Inc.",
        "timezone": "America/Toronto",
        "source": "ip-api.com"
      },
      "geometry": {
        "type": "Point",
        "coordinates": [
          -79.3832,
          43.6532
        ]
      }
    },
    {
      "type": "Feature",
      "properties": {
        "ip": "162.159.128.233",
        "url": "https://discord.com/assets/58a76b2430663605.svg",
        "city": "Toronto",
        "region": "Ontario",
        "country": "Canada",
        "org": "Cloudflare, Inc.",
        "timezone": "America/Toronto",
        "source": "ip-api.com"
      },
      "geometry": {
        "type": "Point",
        "coordinates": [
          -79.3832,
          43.6532
        ]
      }
    },
    {
      "type": "Feature",
      "properties": {
        "ip": "162.159.128.233",
        "url": "https://discord.com/stickers/754108890559283200.json",
        "city": "Toronto",
        "region": "Ontario",
        "country": "Canada",
        "org": "Cloudflare, Inc.",
        "timezone": "America/Toronto",
        "source": "ip-api.com"
      },
      "geometry": {
        "type": "Point",
        "coordinates": [
          -79.3832,
          43.6532
        ]
      }
    },
    {
      "type": "Feature",
      "properties": {
        "ip": "162.159.128.233",
        "url": "https://discord.com/assets/cbf784858a44feaf.js",
        "city": "Toronto",
        "region": "Ontario",
        "country": "Canada",
        "org": "Cloudflare, Inc.",
        "timezone": "America/Toronto",
        "source": "ip-api.com"
      },
      "geometry": {
        "type": "Point",
        "coordinates": [
          -79.3832,
          43.6532
        ]
      }
    },
    {
      "type": "Feature",
      "properties": {
        "ip": "162.159.128.233",
        "url": "https://discord.com/assets/4f3fe8dad4bc1cdd.js",
        "city": "Toronto",
        "region": "Ontario",
        "country": "Canada",
        "org": "Cloudflare, Inc.",
        "timezone": "America/Toronto",
        "source": "ip-api.com"
      },
      "geometry": {
        "type": "Point",
        "coordinates": [
          -79.3832,
          43.6532
        ]
      }
    },
    {
      "type": "Feature",
      "properties": {
        "ip": "162.159.128.233",
        "url": "https://discord.com/assets/6370ccbfb20a1489.js",
        "city": "Toronto",
        "region": "Ontario",
        "country": "Canada",
        "org": "Cloudflare, Inc.",
        "timezone": "America/Toronto",
        "source": "ip-api.com"
      },
      "geometry": {
        "type": "Point",
        "coordinates": [
          -79.3832,
          43.6532
        ]
      }
    },
    {
      "type": "Feature",
      "properties": {
        "ip": "162.159.128.233",
        "url": "https://discord.com/assets/a7bd71d6389d0dfe.svg",
        "city": "Toronto",
        "region": "Ontario",
        "country": "Canada",
        "org": "Cloudflare, Inc.",
        "timezone": "America/Toronto",
        "source": "ip-api.com"
      },
      "geometry": {
        "type": "Point",
        "coordinates": [
          -79.3832,
          43.6532
        ]
      }
    },
    {
      "type": "Feature",
      "properties": {
        "ip": "162.159.128.233",
        "url": "https://discord.com/assets/f89b66e97ea52ba7.svg",
        "city": "Toronto",
        "region": "Ontario",
        "country": "Canada",
        "org": "Cloudflare, Inc.",
        "timezone": "America/Toronto",
        "source": "ip-api.com"
      },
      "geometry": {
        "type": "Point",
        "coordinates": [
          -79.3832,
          43.6532
        ]
      }
    },
    {
      "type": "Feature",
      "properties": {
        "ip": "162.159.128.233",
        "url": "https://discord.com/api/v9/users/@me/billing/location-info",
        "city": "Toronto",
        "region": "Ontario",
        "country": "Canada",
        "org": "Cloudflare, Inc.",
        "timezone": "America/Toronto",
        "source": "ip-api.com"
      },
      "geometry": {
        "type": "Point",
        "coordinates": [
          -79.3832,
          43.6532
        ]
      }
    },
    {
      "type": "Feature",
      "properties": {
        "ip": "162.159.128.233",
        "url": "https://discord.com/assets/a6c3b5cdbd626623.js",
        "city": "Toronto",
        "region": "Ontario",
        "country": "Canada",
        "org": "Cloudflare, Inc.",
        "timezone": "America/Toronto",
        "source": "ip-api.com"
      },
      "geometry": {
        "type": "Point",
        "coordinates": [
          -79.3832,
          43.6532
        ]
      }
    },
    {
      "type": "Feature",
      "properties": {
        "ip": "162.159.128.233",
        "url": "https://discord.com/assets/f44f03cf35281222.js",
        "city": "Toronto",
        "region": "Ontario",
        "country": "Canada",
        "org": "Cloudflare, Inc.",
        "timezone": "America/Toronto",
        "source": "ip-api.com"
      },
      "geometry": {
        "type": "Point",
        "coordinates": [
          -79.3832,
          43.6532
        ]
      }
    },
    {
      "type": "Feature",
      "properties": {
        "ip": "162.159.128.233",
        "url": "https://discord.com/assets/1ac4cbf1d4a0df9b.js",
        "city": "Toronto",
        "region": "Ontario",
        "country": "Canada",
        "org": "Cloudflare, Inc.",
        "timezone": "America/Toronto",
        "source": "ip-api.com"
      },
      "geometry": {
        "type": "Point",
        "coordinates": [
          -79.3832,
          43.6532
        ]
      }
    },
    {
      "type": "Feature",
      "properties": {
        "ip": "162.159.128.233",
        "url": "https://discord.com/assets/c56a70982e3591f9.js",
        "city": "Toronto",
        "region": "Ontario",
        "country": "Canada",
        "org": "Cloudflare, Inc.",
        "timezone": "America/Toronto",
        "source": "ip-api.com"
      },
      "geometry": {
        "type": "Point",
        "coordinates": [
          -79.3832,
          43.6532
        ]
      }
    },
    {
      "type": "Feature",
      "properties": {
        "ip": "162.159.128.233",
        "url": "https://discord.com/assets/a933ca5cdfc06d06.svg",
        "city": "Toronto",
        "region": "Ontario",
        "country": "Canada",
        "org": "Cloudflare, Inc.",
        "timezone": "America/Toronto",
        "source": "ip-api.com"
      },
      "geometry": {
        "type": "Point",
        "coordinates": [
          -79.3832,
          43.6532
        ]
      }
    },
    {
      "type": "Feature",
      "properties": {
        "ip": "162.159.128.233",
        "url": "https://discord.com/assets/012f45cddc526860.js",
        "city": "Toronto",
        "region": "Ontario",
        "country": "Canada",
        "org": "Cloudflare, Inc.",
        "timezone": "America/Toronto",
        "source": "ip-api.com"
      },
      "geometry": {
        "type": "Point",
        "coordinates": [
          -79.3832,
          43.6532
        ]
      }
    },
    {
      "type": "Feature",
      "properties": {
        "ip": "162.159.128.233",
        "url": "https://discord.com/assets/b2aa77bf0e23e660.svg",
        "city": "Toronto",
        "region": "Ontario",
        "country": "Canada",
        "org": "Cloudflare, Inc.",
        "timezone": "America/Toronto",
        "source": "ip-api.com"
      },
      "geometry": {
        "type": "Point",
        "coordinates": [
          -79.3832,
          43.6532
        ]
      }
    },
    {
      "type": "Feature",
      "properties": {
        "ip": "162.159.128.233",
        "url": "https://discord.com/assets/version.stable.json?_=5846711",
        "city": "Toronto",
        "region": "Ontario",
        "country": "Canada",
        "org": "Cloudflare, Inc.",
        "timezone": "America/Toronto",
        "source": "ip-api.com"
      },
      "geometry": {
        "type": "Point",
        "coordinates": [
          -79.3832,
          43.6532
        ]
      }
    },
    {
      "type": "Feature",
      "properties": {
        "ip": "162.159.128.233",
        "url": "https://discord.com/assets/2df2c3ff74408972.woff2",
        "city": "Toronto",
        "region": "Ontario",
        "country": "Canada",
        "org": "Cloudflare, Inc.",
        "timezone": "America/Toronto",
        "source": "ip-api.com"
      },
      "geometry": {
        "type": "Point",
        "coordinates": [
          -79.3832,
          43.6532
        ]
      }
    },
    {
      "type": "Feature",
      "properties": {
        "ip": "162.159.128.233",
        "url": "https://discord.com/assets/6e18f93a63e0cf5d.js",
        "city": "Toronto",
        "region": "Ontario",
        "country": "Canada",
        "org": "Cloudflare, Inc.",
        "timezone": "America/Toronto",
        "source": "ip-api.com"
      },
      "geometry": {
        "type": "Point",
        "coordinates": [
          -79.3832,
          43.6532
        ]
      }
    },
    {
      "type": "Feature",
      "properties": {
        "ip": "162.159.128.233",
        "url": "https://discord.com/assets/15f799a915e5de90.svg",
        "city": "Toronto",
        "region": "Ontario",
        "country": "Canada",
        "org": "Cloudflare, Inc.",
        "timezone": "America/Toronto",
        "source": "ip-api.com"
      },
      "geometry": {
        "type": "Point",
        "coordinates": [
          -79.3832,
          43.6532
        ]
      }
    },
    {
      "type": "Feature",
      "properties": {
        "ip": "162.159.128.233",
        "url": "https://discord.com/assets/e11ca054138531bf.js",
        "city": "Toronto",
        "region": "Ontario",
        "country": "Canada",
        "org": "Cloudflare, Inc.",
        "timezone": "America/Toronto",
        "source": "ip-api.com"
      },
      "geometry": {
        "type": "Point",
        "coordinates": [
          -79.3832,
          43.6532
        ]
      }
    },
    {
      "type": "Feature",
      "properties": {
        "ip": "162.159.128.233",
        "url": "https://discord.com/assets/03c10480fa205fd8.js",
        "city": "Toronto",
        "region": "Ontario",
        "country": "Canada",
        "org": "Cloudflare, Inc.",
        "timezone": "America/Toronto",
        "source": "ip-api.com"
      },
      "geometry": {
        "type": "Point",
        "coordinates": [
          -79.3832,
          43.6532
        ]
      }
    },
    {
      "type": "Feature",
      "properties": {
        "ip": "162.159.128.233",
        "url": "https://discord.com/assets/e4a502bfc6589d65.svg",
        "city": "Toronto",
        "region": "Ontario",
        "country": "Canada",
        "org": "Cloudflare, Inc.",
        "timezone": "America/Toronto",
        "source": "ip-api.com"
      },
      "geometry": {
        "type": "Point",
        "coordinates": [
          -79.3832,
          43.6532
        ]
      }
    },
    {
      "type": "Feature",
      "properties": {
        "ip": "162.159.128.233",
        "url": "https://discord.com/assets/6c3ab694e4b1d4a1.js",
        "city": "Toronto",
        "region": "Ontario",
        "country": "Canada",
        "org": "Cloudflare, Inc.",
        "timezone": "America/Toronto",
        "source": "ip-api.com"
      },
      "geometry": {
        "type": "Point",
        "coordinates": [
          -79.3832,
          43.6532
        ]
      }
    },
    {
      "type": "Feature",
      "properties": {
        "ip": "162.159.128.233",
        "url": "https://discord.com/stickers/751606379340365864.json",
        "city": "Toronto",
        "region": "Ontario",
        "country": "Canada",
        "org": "Cloudflare, Inc.",
        "timezone": "America/Toronto",
        "source": "ip-api.com"
      },
      "geometry": {
        "type": "Point",
        "coordinates": [
          -79.3832,
          43.6532
        ]
      }
    },
    {
      "type": "Feature",
      "properties": {
        "ip": "162.159.128.233",
        "url": "https://discord.com/assets/56ffac86b89e4e78.js",
        "city": "Toronto",
        "region": "Ontario",
        "country": "Canada",
        "org": "Cloudflare, Inc.",
        "timezone": "America/Toronto",
        "source": "ip-api.com"
      },
      "geometry": {
        "type": "Point",
        "coordinates": [
          -79.3832,
          43.6532
        ]
      }
    },
    {
      "type": "Feature",
      "properties": {
        "ip": "162.159.128.233",
        "url": "https://discord.com/assets/8d4731884ff0e2cc.svg",
        "city": "Toronto",
        "region": "Ontario",
        "country": "Canada",
        "org": "Cloudflare, Inc.",
        "timezone": "America/Toronto",
        "source": "ip-api.com"
      },
      "geometry": {
        "type": "Point",
        "coordinates": [
          -79.3832,
          43.6532
        ]
      }
    },
    {
      "type": "Feature",
      "properties": {
        "ip": "162.159.128.233",
        "url": "https://discord.com/assets/f753793200a49ad6.svg",
        "city": "Toronto",
        "region": "Ontario",
        "country": "Canada",
        "org": "Cloudflare, Inc.",
        "timezone": "America/Toronto",
        "source": "ip-api.com"
      },
      "geometry": {
        "type": "Point",
        "coordinates": [
          -79.3832,
          43.6532
        ]
      }
    },
    {
      "type": "Feature",
      "properties": {
        "ip": "162.159.128.233",
        "url": "https://discord.com/assets/798bfad56a9985be.js",
        "city": "Toronto",
        "region": "Ontario",
        "country": "Canada",
        "org": "Cloudflare, Inc.",
        "timezone": "America/Toronto",
        "source": "ip-api.com"
      },
      "geometry": {
        "type": "Point",
        "coordinates": [
          -79.3832,
          43.6532
        ]
      }
    },
    {
      "type": "Feature",
      "properties": {
        "ip": "162.159.128.233",
        "url": "https://discord.com/assets/9811b405dc8e999f.svg",
        "city": "Toronto",
        "region": "Ontario",
        "country": "Canada",
        "org": "Cloudflare, Inc.",
        "timezone": "America/Toronto",
        "source": "ip-api.com"
      },
      "geometry": {
        "type": "Point",
        "coordinates": [
          -79.3832,
          43.6532
        ]
      }
    },
    {
      "type": "Feature",
      "properties": {
        "ip": "162.159.128.233",
        "url": "https://discord.com/assets/051752c90c96621c.svg",
        "city": "Toronto",
        "region": "Ontario",
        "country": "Canada",
        "org": "Cloudflare, Inc.",
        "timezone": "America/Toronto",
        "source": "ip-api.com"
      },
      "geometry": {
        "type": "Point",
        "coordinates": [
          -79.3832,
          43.6532
        ]
      }
    },
    {
      "type": "Feature",
      "properties": {
        "ip": "162.159.128.233",
        "url": "https://discord.com/assets/2bdc1fbb613bf031.js",
        "city": "Toronto",
        "region": "Ontario",
        "country": "Canada",
        "org": "Cloudflare, Inc.",
        "timezone": "America/Toronto",
        "source": "ip-api.com"
      },
      "geometry": {
        "type": "Point",
        "coordinates": [
          -79.3832,
          43.6532
        ]
      }
    },
    {
      "type": "Feature",
      "properties": {
        "ip": "162.159.128.233",
        "url": "https://discord.com/assets/05fd2df887d628c6.js",
        "city": "Toronto",
        "region": "Ontario",
        "country": "Canada",
        "org": "Cloudflare, Inc.",
        "timezone": "America/Toronto",
        "source": "ip-api.com"
      },
      "geometry": {
        "type": "Point",
        "coordinates": [
          -79.3832,
          43.6532
        ]
      }
    },
    {
      "type": "Feature",
      "properties": {
        "ip": "162.159.128.233",
        "url": "https://discord.com/assets/abadac0cb5b28805.js",
        "city": "Toronto",
        "region": "Ontario",
        "country": "Canada",
        "org": "Cloudflare, Inc.",
        "timezone": "America/Toronto",
        "source": "ip-api.com"
      },
      "geometry": {
        "type": "Point",
        "coordinates": [
          -79.3832,
          43.6532
        ]
      }
    },
    {
      "type": "Feature",
      "properties": {
        "ip": "162.159.128.233",
        "url": "https://discord.com/assets/a42338c030af6d9c.svg",
        "city": "Toronto",
        "region": "Ontario",
        "country": "Canada",
        "org": "Cloudflare, Inc.",
        "timezone": "America/Toronto",
        "source": "ip-api.com"
      },
      "geometry": {
        "type": "Point",
        "coordinates": [
          -79.3832,
          43.6532
        ]
      }
    },
    {
      "type": "Feature",
      "properties": {
        "ip": "162.159.128.233",
        "url": "https://discord.com/api/v9/channels/1126284197892456498/messages?limit=50",
        "city": "Toronto",
        "region": "Ontario",
        "country": "Canada",
        "org": "Cloudflare, Inc.",
        "timezone": "America/Toronto",
        "source": "ip-api.com"
      },
      "geometry": {
        "type": "Point",
        "coordinates": [
          -79.3832,
          43.6532
        ]
      }
    },
    {
      "type": "Feature",
      "properties": {
        "ip": "162.159.128.233",
        "url": "https://discord.com/stickers/816087792291282944.json",
        "city": "Toronto",
        "region": "Ontario",
        "country": "Canada",
        "org": "Cloudflare, Inc.",
        "timezone": "America/Toronto",
        "source": "ip-api.com"
      },
      "geometry": {
        "type": "Point",
        "coordinates": [
          -79.3832,
          43.6532
        ]
      }
    },
    {
      "type": "Feature",
      "properties": {
        "ip": "162.159.128.233",
        "url": "https://discord.com/assets/258c84cc77a8b096.js",
        "city": "Toronto",
        "region": "Ontario",
        "country": "Canada",
        "org": "Cloudflare, Inc.",
        "timezone": "America/Toronto",
        "source": "ip-api.com"
      },
      "geometry": {
        "type": "Point",
        "coordinates": [
          -79.3832,
          43.6532
        ]
      }
    },
    {
      "type": "Feature",
      "properties": {
        "ip": "162.159.128.233",
        "url": "https://discord.com/assets/63d410962cbd559a.js",
        "city": "Toronto",
        "region": "Ontario",
        "country": "Canada",
        "org": "Cloudflare, Inc.",
        "timezone": "America/Toronto",
        "source": "ip-api.com"
      },
      "geometry": {
        "type": "Point",
        "coordinates": [
          -79.3832,
          43.6532
        ]
      }
    },
    {
      "type": "Feature",
      "properties": {
        "ip": "162.159.128.233",
        "url": "https://discord.com/assets/c46a961e385872cf.svg",
        "city": "Toronto",
        "region": "Ontario",
        "country": "Canada",
        "org": "Cloudflare, Inc.",
        "timezone": "America/Toronto",
        "source": "ip-api.com"
      },
      "geometry": {
        "type": "Point",
        "coordinates": [
          -79.3832,
          43.6532
        ]
      }
    },
    {
      "type": "Feature",
      "properties": {
        "ip": "162.159.128.233",
        "url": "https://discord.com/assets/28a1c17233aefa03.svg",
        "city": "Toronto",
        "region": "Ontario",
        "country": "Canada",
        "org": "Cloudflare, Inc.",
        "timezone": "America/Toronto",
        "source": "ip-api.com"
      },
      "geometry": {
        "type": "Point",
        "coordinates": [
          -79.3832,
          43.6532
        ]
      }
    },
    {
      "type": "Feature",
      "properties": {
        "ip": "162.159.128.233",
        "url": "https://discord.com/assets/607676c4d5d72659.svg",
        "city": "Toronto",
        "region": "Ontario",
        "country": "Canada",
        "org": "Cloudflare, Inc.",
        "timezone": "America/Toronto",
        "source": "ip-api.com"
      },
      "geometry": {
        "type": "Point",
        "coordinates": [
          -79.3832,
          43.6532
        ]
      }
    },
    {
      "type": "Feature",
      "properties": {
        "ip": "162.159.128.233",
        "url": "https://discord.com/assets/a4a3d323feb11add.woff2",
        "city": "Toronto",
        "region": "Ontario",
        "country": "Canada",
        "org": "Cloudflare, Inc.",
        "timezone": "America/Toronto",
        "source": "ip-api.com"
      },
      "geometry": {
        "type": "Point",
        "coordinates": [
          -79.3832,
          43.6532
        ]
      }
    },
    {
      "type": "Feature",
      "properties": {
        "ip": "162.159.128.233",
        "url": "https://discord.com/assets/b3f10771476ee28a.svg",
        "city": "Toronto",
        "region": "Ontario",
        "country": "Canada",
        "org": "Cloudflare, Inc.",
        "timezone": "America/Toronto",
        "source": "ip-api.com"
      },
      "geometry": {
        "type": "Point",
        "coordinates": [
          -79.3832,
          43.6532
        ]
      }
    },
    {
      "type": "Feature",
      "properties": {
        "ip": "162.159.128.233",
        "url": "https://discord.com/assets/2e44c929023f5913.svg",
        "city": "Toronto",
        "region": "Ontario",
        "country": "Canada",
        "org": "Cloudflare, Inc.",
        "timezone": "America/Toronto",
        "source": "ip-api.com"
      },
      "geometry": {
        "type": "Point",
        "coordinates": [
          -79.3832,
          43.6532
        ]
      }
    },
    {
      "type": "Feature",
      "properties": {
        "ip": "162.159.128.233",
        "url": "https://discord.com/assets/libdiscoreWasmFetch.afe0221f70e51bfa.js",
        "city": "Toronto",
        "region": "Ontario",
        "country": "Canada",
        "org": "Cloudflare, Inc.",
        "timezone": "America/Toronto",
        "source": "ip-api.com"
      },
      "geometry": {
        "type": "Point",
        "coordinates": [
          -79.3832,
          43.6532
        ]
      }
    },
    {
      "type": "Feature",
      "properties": {
        "ip": "162.159.128.233",
        "url": "https://discord.com/assets/dc74eeedab0a2b89.js",
        "city": "Toronto",
        "region": "Ontario",
        "country": "Canada",
        "org": "Cloudflare, Inc.",
        "timezone": "America/Toronto",
        "source": "ip-api.com"
      },
      "geometry": {
        "type": "Point",
        "coordinates": [
          -79.3832,
          43.6532
        ]
      }
    },
    {
      "type": "Feature",
      "properties": {
        "ip": "162.159.128.233",
        "url": "https://discord.com/assets/5000a4145eda5ad7.svg",
        "city": "Toronto",
        "region": "Ontario",
        "country": "Canada",
        "org": "Cloudflare, Inc.",
        "timezone": "America/Toronto",
        "source": "ip-api.com"
      },
      "geometry": {
        "type": "Point",
        "coordinates": [
          -79.3832,
          43.6532
        ]
      }
    },
    {
      "type": "Feature",
      "properties": {
        "ip": "162.159.128.233",
        "url": "https://discord.com/assets/71c9d883c17cb3be.js",
        "city": "Toronto",
        "region": "Ontario",
        "country": "Canada",
        "org": "Cloudflare, Inc.",
        "timezone": "America/Toronto",
        "source": "ip-api.com"
      },
      "geometry": {
        "type": "Point",
        "coordinates": [
          -79.3832,
          43.6532
        ]
      }
    },
    {
      "type": "Feature",
      "properties": {
        "ip": "162.159.128.233",
        "url": "https://discord.com/assets/74f2d71cf84926a3.svg",
        "city": "Toronto",
        "region": "Ontario",
        "country": "Canada",
        "org": "Cloudflare, Inc.",
        "timezone": "America/Toronto",
        "source": "ip-api.com"
      },
      "geometry": {
        "type": "Point",
        "coordinates": [
          -79.3832,
          43.6532
        ]
      }
    },
    {
      "type": "Feature",
      "properties": {
        "ip": "162.159.128.233",
        "url": "https://discord.com/assets/ee2eb49cc8717afa.svg",
        "city": "Toronto",
        "region": "Ontario",
        "country": "Canada",
        "org": "Cloudflare, Inc.",
        "timezone": "America/Toronto",
        "source": "ip-api.com"
      },
      "geometry": {
        "type": "Point",
        "coordinates": [
          -79.3832,
          43.6532
        ]
      }
    },
    {
      "type": "Feature",
      "properties": {
        "ip": "162.159.128.233",
        "url": "https://discord.com/assets/5f20af75bca0b153.svg",
        "city": "Toronto",
        "region": "Ontario",
        "country": "Canada",
        "org": "Cloudflare, Inc.",
        "timezone": "America/Toronto",
        "source": "ip-api.com"
      },
      "geometry": {
        "type": "Point",
        "coordinates": [
          -79.3832,
          43.6532
        ]
      }
    },
    {
      "type": "Feature",
      "properties": {
        "ip": "162.159.128.233",
        "url": "https://discord.com/assets/48fbc1b6f2127f50.js",
        "city": "Toronto",
        "region": "Ontario",
        "country": "Canada",
        "org": "Cloudflare, Inc.",
        "timezone": "America/Toronto",
        "source": "ip-api.com"
      },
      "geometry": {
        "type": "Point",
        "coordinates": [
          -79.3832,
          43.6532
        ]
      }
    },
    {
      "type": "Feature",
      "properties": {
        "ip": "162.159.128.233",
        "url": "https://discord.com/assets/6fa1edcbe3d68d91.js",
        "city": "Toronto",
        "region": "Ontario",
        "country": "Canada",
        "org": "Cloudflare, Inc.",
        "timezone": "America/Toronto",
        "source": "ip-api.com"
      },
      "geometry": {
        "type": "Point",
        "coordinates": [
          -79.3832,
          43.6532
        ]
      }
    },
    {
      "type": "Feature",
      "properties": {
        "ip": "162.159.128.233",
        "url": "https://discord.com/assets/cb2006dbced0e246.woff2",
        "city": "Toronto",
        "region": "Ontario",
        "country": "Canada",
        "org": "Cloudflare, Inc.",
        "timezone": "America/Toronto",
        "source": "ip-api.com"
      },
      "geometry": {
        "type": "Point",
        "coordinates": [
          -79.3832,
          43.6532
        ]
      }
    },
    {
      "type": "Feature",
      "properties": {
        "ip": "162.159.128.233",
        "url": "https://discord.com/assets/efbb512f391ad078.svg",
        "city": "Toronto",
        "region": "Ontario",
        "country": "Canada",
        "org": "Cloudflare, Inc.",
        "timezone": "America/Toronto",
        "source": "ip-api.com"
      },
      "geometry": {
        "type": "Point",
        "coordinates": [
          -79.3832,
          43.6532
        ]
      }
    },
    {
      "type": "Feature",
      "properties": {
        "ip": "162.159.128.233",
        "url": "https://discord.com/assets/e7755fcfd764c994.js",
        "city": "Toronto",
        "region": "Ontario",
        "country": "Canada",
        "org": "Cloudflare, Inc.",
        "timezone": "America/Toronto",
        "source": "ip-api.com"
      },
      "geometry": {
        "type": "Point",
        "coordinates": [
          -79.3832,
          43.6532
        ]
      }
    },
    {
      "type": "Feature",
      "properties": {
        "ip": "162.159.128.233",
        "url": "https://discord.com/assets/2399d0a1d9de5fef.js",
        "city": "Toronto",
        "region": "Ontario",
        "country": "Canada",
        "org": "Cloudflare, Inc.",
        "timezone": "America/Toronto",
        "source": "ip-api.com"
      },
      "geometry": {
        "type": "Point",
        "coordinates": [
          -79.3832,
          43.6532
        ]
      }
    },
    {
      "type": "Feature",
      "properties": {
        "ip": "162.159.128.233",
        "url": "https://discord.com/assets/ce485fafb715634e.svg",
        "city": "Toronto",
        "region": "Ontario",
        "country": "Canada",
        "org": "Cloudflare, Inc.",
        "timezone": "America/Toronto",
        "source": "ip-api.com"
      },
      "geometry": {
        "type": "Point",
        "coordinates": [
          -79.3832,
          43.6532
        ]
      }
    },
    {
      "type": "Feature",
      "properties": {
        "ip": "162.159.128.233",
        "url": "https://discord.com/api/v9/channels/1113844069932732439/messages?before=1378090522907771080&limit=50",
        "city": "Toronto",
        "region": "Ontario",
        "country": "Canada",
        "org": "Cloudflare, Inc.",
        "timezone": "America/Toronto",
        "source": "ip-api.com"
      },
      "geometry": {
        "type": "Point",
        "coordinates": [
          -79.3832,
          43.6532
        ]
      }
    },
    {
      "type": "Feature",
      "properties": {
        "ip": "162.159.128.233",
        "url": "https://discord.com/assets/favicon.ico",
        "city": "Toronto",
        "region": "Ontario",
        "country": "Canada",
        "org": "Cloudflare, Inc.",
        "timezone": "America/Toronto",
        "source": "ip-api.com"
      },
      "geometry": {
        "type": "Point",
        "coordinates": [
          -79.3832,
          43.6532
        ]
      }
    },
    {
      "type": "Feature",
      "properties": {
        "ip": "162.159.128.233",
        "url": "https://discord.com/assets/e063520c645a77c0.js",
        "city": "Toronto",
        "region": "Ontario",
        "country": "Canada",
        "org": "Cloudflare, Inc.",
        "timezone": "America/Toronto",
        "source": "ip-api.com"
      },
      "geometry": {
        "type": "Point",
        "coordinates": [
          -79.3832,
          43.6532
        ]
      }
    },
    {
      "type": "Feature",
      "properties": {
        "ip": "162.159.128.233",
        "url": "https://discord.com/assets/ab0c93a28a7db47d.js",
        "city": "Toronto",
        "region": "Ontario",
        "country": "Canada",
        "org": "Cloudflare, Inc.",
        "timezone": "America/Toronto",
        "source": "ip-api.com"
      },
      "geometry": {
        "type": "Point",
        "coordinates": [
          -79.3832,
          43.6532
        ]
      }
    },
    {
      "type": "Feature",
      "properties": {
        "ip": "162.159.128.233",
        "url": "https://discord.com/assets/5ff6e93b1dd6de49.js",
        "city": "Toronto",
        "region": "Ontario",
        "country": "Canada",
        "org": "Cloudflare, Inc.",
        "timezone": "America/Toronto",
        "source": "ip-api.com"
      },
      "geometry": {
        "type": "Point",
        "coordinates": [
          -79.3832,
          43.6532
        ]
      }
    },
    {
      "type": "Feature",
      "properties": {
        "ip": "162.159.128.233",
        "url": "https://discord.com/api/v9/channels/1113848227515613224/messages?before=1351571333196283924&limit=50",
        "city": "Toronto",
        "region": "Ontario",
        "country": "Canada",
        "org": "Cloudflare, Inc.",
        "timezone": "America/Toronto",
        "source": "ip-api.com"
      },
      "geometry": {
        "type": "Point",
        "coordinates": [
          -79.3832,
          43.6532
        ]
      }
    },
    {
      "type": "Feature",
      "properties": {
        "ip": "162.159.128.233",
        "url": "https://discord.com/assets/a14fba49c0332534.js",
        "city": "Toronto",
        "region": "Ontario",
        "country": "Canada",
        "org": "Cloudflare, Inc.",
        "timezone": "America/Toronto",
        "source": "ip-api.com"
      },
      "geometry": {
        "type": "Point",
        "coordinates": [
          -79.3832,
          43.6532
        ]
      }
    },
    {
      "type": "Feature",
      "properties": {
        "ip": "162.159.128.233",
        "url": "https://discord.com/assets/8668fc96b0c7eccd.svg",
        "city": "Toronto",
        "region": "Ontario",
        "country": "Canada",
        "org": "Cloudflare, Inc.",
        "timezone": "America/Toronto",
        "source": "ip-api.com"
      },
      "geometry": {
        "type": "Point",
        "coordinates": [
          -79.3832,
          43.6532
        ]
      }
    },
    {
      "type": "Feature",
      "properties": {
        "ip": "162.159.128.233",
        "url": "https://discord.com/api/v9/applications/detectable",
        "city": "Toronto",
        "region": "Ontario",
        "country": "Canada",
        "org": "Cloudflare, Inc.",
        "timezone": "America/Toronto",
        "source": "ip-api.com"
      },
      "geometry": {
        "type": "Point",
        "coordinates": [
          -79.3832,
          43.6532
        ]
      }
    },
    {
      "type": "Feature",
      "properties": {
        "ip": "162.159.128.233",
        "url": "https://discord.com/channels/1113844069932732436/1248658042917228544",
        "city": "Toronto",
        "region": "Ontario",
        "country": "Canada",
        "org": "Cloudflare, Inc.",
        "timezone": "America/Toronto",
        "source": "ip-api.com"
      },
      "geometry": {
        "type": "Point",
        "coordinates": [
          -79.3832,
          43.6532
        ]
      }
    },
    {
      "type": "Feature",
      "properties": {
        "ip": "162.159.128.233",
        "url": "https://discord.com/assets/7a6a566c2e88a35d.woff2",
        "city": "Toronto",
        "region": "Ontario",
        "country": "Canada",
        "org": "Cloudflare, Inc.",
        "timezone": "America/Toronto",
        "source": "ip-api.com"
      },
      "geometry": {
        "type": "Point",
        "coordinates": [
          -79.3832,
          43.6532
        ]
      }
    },
    {
      "type": "Feature",
      "properties": {
        "ip": "162.159.128.233",
        "url": "https://discord.com/assets/eb8cd8178527ddd8.js",
        "city": "Toronto",
        "region": "Ontario",
        "country": "Canada",
        "org": "Cloudflare, Inc.",
        "timezone": "America/Toronto",
        "source": "ip-api.com"
      },
      "geometry": {
        "type": "Point",
        "coordinates": [
          -79.3832,
          43.6532
        ]
      }
    },
    {
      "type": "Feature",
      "properties": {
        "ip": "162.159.128.233",
        "url": "https://discord.com/assets/35ac37e14048728f.js",
        "city": "Toronto",
        "region": "Ontario",
        "country": "Canada",
        "org": "Cloudflare, Inc.",
        "timezone": "America/Toronto",
        "source": "ip-api.com"
      },
      "geometry": {
        "type": "Point",
        "coordinates": [
          -79.3832,
          43.6532
        ]
      }
    },
    {
      "type": "Feature",
      "properties": {
        "ip": "162.159.128.233",
        "url": "https://discord.com/api/v9/channels/1113848227515613224/messages?limit=50",
        "city": "Toronto",
        "region": "Ontario",
        "country": "Canada",
        "org": "Cloudflare, Inc.",
        "timezone": "America/Toronto",
        "source": "ip-api.com"
      },
      "geometry": {
        "type": "Point",
        "coordinates": [
          -79.3832,
          43.6532
        ]
      }
    },
    {
      "type": "Feature",
      "properties": {
        "ip": "162.159.128.233",
        "url": "https://discord.com/assets/d608924869a312af.js",
        "city": "Toronto",
        "region": "Ontario",
        "country": "Canada",
        "org": "Cloudflare, Inc.",
        "timezone": "America/Toronto",
        "source": "ip-api.com"
      },
      "geometry": {
        "type": "Point",
        "coordinates": [
          -79.3832,
          43.6532
        ]
      }
    },
    {
      "type": "Feature",
      "properties": {
        "ip": "162.159.128.233",
        "url": "https://discord.com/assets/88673104d24b6b47.js",
        "city": "Toronto",
        "region": "Ontario",
        "country": "Canada",
        "org": "Cloudflare, Inc.",
        "timezone": "America/Toronto",
        "source": "ip-api.com"
      },
      "geometry": {
        "type": "Point",
        "coordinates": [
          -79.3832,
          43.6532
        ]
      }
    },
    {
      "type": "Feature",
      "properties": {
        "ip": "162.159.128.233",
        "url": "https://discord.com/assets/ce3b8055f5114434.woff2",
        "city": "Toronto",
        "region": "Ontario",
        "country": "Canada",
        "org": "Cloudflare, Inc.",
        "timezone": "America/Toronto",
        "source": "ip-api.com"
      },
      "geometry": {
        "type": "Point",
        "coordinates": [
          -79.3832,
          43.6532
        ]
      }
    },
    {
      "type": "Feature",
      "properties": {
        "ip": "162.159.128.233",
        "url": "https://discord.com/assets/ed3a958a3bb08d4a.svg",
        "city": "Toronto",
        "region": "Ontario",
        "country": "Canada",
        "org": "Cloudflare, Inc.",
        "timezone": "America/Toronto",
        "source": "ip-api.com"
      },
      "geometry": {
        "type": "Point",
        "coordinates": [
          -79.3832,
          43.6532
        ]
      }
    },
    {
      "type": "Feature",
      "properties": {
        "ip": "162.159.128.233",
        "url": "https://discord.com/api/v9/channels/1126284197892456498/messages?before=1395740556520456364&limit=50",
        "city": "Toronto",
        "region": "Ontario",
        "country": "Canada",
        "org": "Cloudflare, Inc.",
        "timezone": "America/Toronto",
        "source": "ip-api.com"
      },
      "geometry": {
        "type": "Point",
        "coordinates": [
          -79.3832,
          43.6532
        ]
      }
    },
    {
      "type": "Feature",
      "properties": {
        "ip": "162.159.128.233",
        "url": "https://discord.com/api/v9/channels/1126279738533625856/messages?before=1392949914153124020&limit=50",
        "city": "Toronto",
        "region": "Ontario",
        "country": "Canada",
        "org": "Cloudflare, Inc.",
        "timezone": "America/Toronto",
        "source": "ip-api.com"
      },
      "geometry": {
        "type": "Point",
        "coordinates": [
          -79.3832,
          43.6532
        ]
      }
    },
    {
      "type": "Feature",
      "properties": {
        "ip": "162.159.128.233",
        "url": "https://discord.com/assets/990e756ae9e3de20.svg",
        "city": "Toronto",
        "region": "Ontario",
        "country": "Canada",
        "org": "Cloudflare, Inc.",
        "timezone": "America/Toronto",
        "source": "ip-api.com"
      },
      "geometry": {
        "type": "Point",
        "coordinates": [
          -79.3832,
          43.6532
        ]
      }
    },
    {
      "type": "Feature",
      "properties": {
        "ip": "162.159.128.233",
        "url": "https://discord.com/assets/37a36b5bf90de28d.js",
        "city": "Toronto",
        "region": "Ontario",
        "country": "Canada",
        "org": "Cloudflare, Inc.",
        "timezone": "America/Toronto",
        "source": "ip-api.com"
      },
      "geometry": {
        "type": "Point",
        "coordinates": [
          -79.3832,
          43.6532
        ]
      }
    },
    {
      "type": "Feature",
      "properties": {
        "ip": "162.159.128.233",
        "url": "https://discord.com/assets/d3d98bd1984b39d6.js",
        "city": "Toronto",
        "region": "Ontario",
        "country": "Canada",
        "org": "Cloudflare, Inc.",
        "timezone": "America/Toronto",
        "source": "ip-api.com"
      },
      "geometry": {
        "type": "Point",
        "coordinates": [
          -79.3832,
          43.6532
        ]
      }
    },
    {
      "type": "Feature",
      "properties": {
        "ip": "162.159.128.233",
        "url": "https://discord.com/assets/9e487a75040f95a5.svg",
        "city": "Toronto",
        "region": "Ontario",
        "country": "Canada",
        "org": "Cloudflare, Inc.",
        "timezone": "America/Toronto",
        "source": "ip-api.com"
      },
      "geometry": {
        "type": "Point",
        "coordinates": [
          -79.3832,
          43.6532
        ]
      }
    },
    {
      "type": "Feature",
      "properties": {
        "ip": "162.159.128.233",
        "url": "https://discord.com/assets/d4a6b94aca98d1e0.js",
        "city": "Toronto",
        "region": "Ontario",
        "country": "Canada",
        "org": "Cloudflare, Inc.",
        "timezone": "America/Toronto",
        "source": "ip-api.com"
      },
      "geometry": {
        "type": "Point",
        "coordinates": [
          -79.3832,
          43.6532
        ]
      }
    },
    {
      "type": "Feature",
      "properties": {
        "ip": "162.159.128.233",
        "url": "https://discord.com/api/v9/users/@me/billing/subscriptions?sync_level=2",
        "city": "Toronto",
        "region": "Ontario",
        "country": "Canada",
        "org": "Cloudflare, Inc.",
        "timezone": "America/Toronto",
        "source": "ip-api.com"
      },
      "geometry": {
        "type": "Point",
        "coordinates": [
          -79.3832,
          43.6532
        ]
      }
    },
    {
      "type": "Feature",
      "properties": {
        "ip": "162.159.128.233",
        "url": "https://discord.com/api/v9/outbound-promotions?locale=zh-CN",
        "city": "Toronto",
        "region": "Ontario",
        "country": "Canada",
        "org": "Cloudflare, Inc.",
        "timezone": "America/Toronto",
        "source": "ip-api.com"
      },
      "geometry": {
        "type": "Point",
        "coordinates": [
          -79.3832,
          43.6532
        ]
      }
    },
    {
      "type": "Feature",
      "properties": {
        "ip": "162.159.128.233",
        "url": "https://discord.com/api/v9/users/@me/library?country_code=US",
        "city": "Toronto",
        "region": "Ontario",
        "country": "Canada",
        "org": "Cloudflare, Inc.",
        "timezone": "America/Toronto",
        "source": "ip-api.com"
      },
      "geometry": {
        "type": "Point",
        "coordinates": [
          -79.3832,
          43.6532
        ]
      }
    },
    {
      "type": "Feature",
      "properties": {
        "ip": "162.159.128.233",
        "url": "https://discord.com/assets/4f56a41d7fd9fb42.svg",
        "city": "Toronto",
        "region": "Ontario",
        "country": "Canada",
        "org": "Cloudflare, Inc.",
        "timezone": "America/Toronto",
        "source": "ip-api.com"
      },
      "geometry": {
        "type": "Point",
        "coordinates": [
          -79.3832,
          43.6532
        ]
      }
    },
    {
      "type": "Feature",
      "properties": {
        "ip": "162.159.128.233",
        "url": "https://discord.com/assets/d17a63d82b16b409.js",
        "city": "Toronto",
        "region": "Ontario",
        "country": "Canada",
        "org": "Cloudflare, Inc.",
        "timezone": "America/Toronto",
        "source": "ip-api.com"
      },
      "geometry": {
        "type": "Point",
        "coordinates": [
          -79.3832,
          43.6532
        ]
      }
    },
    {
      "type": "Feature",
      "properties": {
        "ip": "162.159.128.233",
        "url": "https://discord.com/api/v9/channels/1126279738533625856/messages?before=1389756721966350529&limit=50",
        "city": "Toronto",
        "region": "Ontario",
        "country": "Canada",
        "org": "Cloudflare, Inc.",
        "timezone": "America/Toronto",
        "source": "ip-api.com"
      },
      "geometry": {
        "type": "Point",
        "coordinates": [
          -79.3832,
          43.6532
        ]
      }
    },
    {
      "type": "Feature",
      "properties": {
        "ip": "162.159.128.233",
        "url": "https://discord.com/assets/a496aba645ad058e.js",
        "city": "Toronto",
        "region": "Ontario",
        "country": "Canada",
        "org": "Cloudflare, Inc.",
        "timezone": "America/Toronto",
        "source": "ip-api.com"
      },
      "geometry": {
        "type": "Point",
        "coordinates": [
          -79.3832,
          43.6532
        ]
      }
    },
    {
      "type": "Feature",
      "properties": {
        "ip": "162.159.128.233",
        "url": "https://discord.com/assets/abf07474e03e0f85.js",
        "city": "Toronto",
        "region": "Ontario",
        "country": "Canada",
        "org": "Cloudflare, Inc.",
        "timezone": "America/Toronto",
        "source": "ip-api.com"
      },
      "geometry": {
        "type": "Point",
        "coordinates": [
          -79.3832,
          43.6532
        ]
      }
    },
    {
      "type": "Feature",
      "properties": {
        "ip": "162.159.128.233",
        "url": "https://discord.com/assets/71b3647d60435223.js",
        "city": "Toronto",
        "region": "Ontario",
        "country": "Canada",
        "org": "Cloudflare, Inc.",
        "timezone": "America/Toronto",
        "source": "ip-api.com"
      },
      "geometry": {
        "type": "Point",
        "coordinates": [
          -79.3832,
          43.6532
        ]
      }
    },
    {
      "type": "Feature",
      "properties": {
        "ip": "162.159.128.233",
        "url": "https://discord.com/assets/6525b1adbbc2929d.js",
        "city": "Toronto",
        "region": "Ontario",
        "country": "Canada",
        "org": "Cloudflare, Inc.",
        "timezone": "America/Toronto",
        "source": "ip-api.com"
      },
      "geometry": {
        "type": "Point",
        "coordinates": [
          -79.3832,
          43.6532
        ]
      }
    },
    {
      "type": "Feature",
      "properties": {
        "ip": "162.159.128.233",
        "url": "https://discord.com/assets/7e962a02edc1a125.js",
        "city": "Toronto",
        "region": "Ontario",
        "country": "Canada",
        "org": "Cloudflare, Inc.",
        "timezone": "America/Toronto",
        "source": "ip-api.com"
      },
      "geometry": {
        "type": "Point",
        "coordinates": [
          -79.3832,
          43.6532
        ]
      }
    },
    {
      "type": "Feature",
      "properties": {
        "ip": "162.159.128.233",
        "url": "https://discord.com/assets/0d2cabb5c7040a77.svg",
        "city": "Toronto",
        "region": "Ontario",
        "country": "Canada",
        "org": "Cloudflare, Inc.",
        "timezone": "America/Toronto",
        "source": "ip-api.com"
      },
      "geometry": {
        "type": "Point",
        "coordinates": [
          -79.3832,
          43.6532
        ]
      }
    },
    {
      "type": "Feature",
      "properties": {
        "ip": "162.159.128.233",
        "url": "https://discord.com/assets/91feabbe2a65c290.js",
        "city": "Toronto",
        "region": "Ontario",
        "country": "Canada",
        "org": "Cloudflare, Inc.",
        "timezone": "America/Toronto",
        "source": "ip-api.com"
      },
      "geometry": {
        "type": "Point",
        "coordinates": [
          -79.3832,
          43.6532
        ]
      }
    },
    {
      "type": "Feature",
      "properties": {
        "ip": "162.159.128.233",
        "url": "https://discord.com/assets/249d0a057895c668.woff2",
        "city": "Toronto",
        "region": "Ontario",
        "country": "Canada",
        "org": "Cloudflare, Inc.",
        "timezone": "America/Toronto",
        "source": "ip-api.com"
      },
      "geometry": {
        "type": "Point",
        "coordinates": [
          -79.3832,
          43.6532
        ]
      }
    },
    {
      "type": "Feature",
      "properties": {
        "ip": "162.159.128.233",
        "url": "https://discord.com/assets/471f2f205149671c.svg",
        "city": "Toronto",
        "region": "Ontario",
        "country": "Canada",
        "org": "Cloudflare, Inc.",
        "timezone": "America/Toronto",
        "source": "ip-api.com"
      },
      "geometry": {
        "type": "Point",
        "coordinates": [
          -79.3832,
          43.6532
        ]
      }
    },
    {
      "type": "Feature",
      "properties": {
        "ip": "162.159.128.233",
        "url": "https://discord.com/assets/c687ef6853ca5066.svg",
        "city": "Toronto",
        "region": "Ontario",
        "country": "Canada",
        "org": "Cloudflare, Inc.",
        "timezone": "America/Toronto",
        "source": "ip-api.com"
      },
      "geometry": {
        "type": "Point",
        "coordinates": [
          -79.3832,
          43.6532
        ]
      }
    },
    {
      "type": "Feature",
      "properties": {
        "ip": "162.159.128.233",
        "url": "https://discord.com/assets/2b58bb194af3d99b.js",
        "city": "Toronto",
        "region": "Ontario",
        "country": "Canada",
        "org": "Cloudflare, Inc.",
        "timezone": "America/Toronto",
        "source": "ip-api.com"
      },
      "geometry": {
        "type": "Point",
        "coordinates": [
          -79.3832,
          43.6532
        ]
      }
    },
    {
      "type": "Feature",
      "properties": {
        "ip": "162.159.128.233",
        "url": "https://discord.com/api/v9/channels/1113844069932732439/messages/1400593046013481112/ack",
        "city": "Toronto",
        "region": "Ontario",
        "country": "Canada",
        "org": "Cloudflare, Inc.",
        "timezone": "America/Toronto",
        "source": "ip-api.com"
      },
      "geometry": {
        "type": "Point",
        "coordinates": [
          -79.3832,
          43.6532
        ]
      }
    },
    {
      "type": "Feature",
      "properties": {
        "ip": "162.159.128.233",
        "url": "https://discord.com/assets/11f568e22d042f0e.js",
        "city": "Toronto",
        "region": "Ontario",
        "country": "Canada",
        "org": "Cloudflare, Inc.",
        "timezone": "America/Toronto",
        "source": "ip-api.com"
      },
      "geometry": {
        "type": "Point",
        "coordinates": [
          -79.3832,
          43.6532
        ]
      }
    },
    {
      "type": "Feature",
      "properties": {
        "ip": "162.159.128.233",
        "url": "https://discord.com/assets/decf85f79e02d276.png",
        "city": "Toronto",
        "region": "Ontario",
        "country": "Canada",
        "org": "Cloudflare, Inc.",
        "timezone": "America/Toronto",
        "source": "ip-api.com"
      },
      "geometry": {
        "type": "Point",
        "coordinates": [
          -79.3832,
          43.6532
        ]
      }
    },
    {
      "type": "Feature",
      "properties": {
        "ip": "162.159.128.233",
        "url": "https://discord.com/api/v9/quests/decision?placement=1&client_heartbeat_session_id=c6988c1e-966c-4729-b6f2-92b15946eea5&client_ad_session_id=1d48ea00-65ba-41b8-b402-548374293258",
        "city": "Toronto",
        "region": "Ontario",
        "country": "Canada",
        "org": "Cloudflare, Inc.",
        "timezone": "America/Toronto",
        "source": "ip-api.com"
      },
      "geometry": {
        "type": "Point",
        "coordinates": [
          -79.3832,
          43.6532
        ]
      }
    },
    {
      "type": "Feature",
      "properties": {
        "ip": "162.159.128.233",
        "url": "https://discord.com/assets/1b05b930a77fbff9.png",
        "city": "Toronto",
        "region": "Ontario",
        "country": "Canada",
        "org": "Cloudflare, Inc.",
        "timezone": "America/Toronto",
        "source": "ip-api.com"
      },
      "geometry": {
        "type": "Point",
        "coordinates": [
          -79.3832,
          43.6532
        ]
      }
    },
    {
      "type": "Feature",
      "properties": {
        "ip": "162.159.128.233",
        "url": "https://discord.com/assets/38fe1123b17a1037.svg",
        "city": "Toronto",
        "region": "Ontario",
        "country": "Canada",
        "org": "Cloudflare, Inc.",
        "timezone": "America/Toronto",
        "source": "ip-api.com"
      },
      "geometry": {
        "type": "Point",
        "coordinates": [
          -79.3832,
          43.6532
        ]
      }
    },
    {
      "type": "Feature",
      "properties": {
        "ip": "162.159.128.233",
        "url": "https://discord.com/assets/bc16ed3d9e60d240.js",
        "city": "Toronto",
        "region": "Ontario",
        "country": "Canada",
        "org": "Cloudflare, Inc.",
        "timezone": "America/Toronto",
        "source": "ip-api.com"
      },
      "geometry": {
        "type": "Point",
        "coordinates": [
          -79.3832,
          43.6532
        ]
      }
    },
    {
      "type": "Feature",
      "properties": {
        "ip": "162.159.128.233",
        "url": "https://discord.com/api/v9/guilds/622102/scheduled-events/undefined/users/counts",
        "city": "Toronto",
        "region": "Ontario",
        "country": "Canada",
        "org": "Cloudflare, Inc.",
        "timezone": "America/Toronto",
        "source": "ip-api.com"
      },
      "geometry": {
        "type": "Point",
        "coordinates": [
          -79.3832,
          43.6532
        ]
      }
    },
    {
      "type": "Feature",
      "properties": {
        "ip": "162.159.128.233",
        "url": "https://discord.com/assets/c38a6ce6777828cd.js",
        "city": "Toronto",
        "region": "Ontario",
        "country": "Canada",
        "org": "Cloudflare, Inc.",
        "timezone": "America/Toronto",
        "source": "ip-api.com"
      },
      "geometry": {
        "type": "Point",
        "coordinates": [
          -79.3832,
          43.6532
        ]
      }
    },
    {
      "type": "Feature",
      "properties": {
        "ip": "162.159.128.233",
        "url": "https://discord.com/assets/6d3430017002ee4e.js",
        "city": "Toronto",
        "region": "Ontario",
        "country": "Canada",
        "org": "Cloudflare, Inc.",
        "timezone": "America/Toronto",
        "source": "ip-api.com"
      },
      "geometry": {
        "type": "Point",
        "coordinates": [
          -79.3832,
          43.6532
        ]
      }
    },
    {
      "type": "Feature",
      "properties": {
        "ip": "162.159.128.233",
        "url": "https://discord.com/assets/e4f35196a562fb42.js",
        "city": "Toronto",
        "region": "Ontario",
        "country": "Canada",
        "org": "Cloudflare, Inc.",
        "timezone": "America/Toronto",
        "source": "ip-api.com"
      },
      "geometry": {
        "type": "Point",
        "coordinates": [
          -79.3832,
          43.6532
        ]
      }
    },
    {
      "type": "Feature",
      "properties": {
        "ip": "162.159.128.233",
        "url": "https://discord.com/assets/2f16c5a8620a44e7.js",
        "city": "Toronto",
        "region": "Ontario",
        "country": "Canada",
        "org": "Cloudflare, Inc.",
        "timezone": "America/Toronto",
        "source": "ip-api.com"
      },
      "geometry": {
        "type": "Point",
        "coordinates": [
          -79.3832,
          43.6532
        ]
      }
    },
    {
      "type": "Feature",
      "properties": {
        "ip": "162.159.128.233",
        "url": "https://discord.com/assets/26605baf9dbe43f0.js",
        "city": "Toronto",
        "region": "Ontario",
        "country": "Canada",
        "org": "Cloudflare, Inc.",
        "timezone": "America/Toronto",
        "source": "ip-api.com"
      },
      "geometry": {
        "type": "Point",
        "coordinates": [
          -79.3832,
          43.6532
        ]
      }
    },
    {
      "type": "Feature",
      "properties": {
        "ip": "162.159.128.233",
        "url": "https://discord.com/stickers/749054660769218631.json",
        "city": "Toronto",
        "region": "Ontario",
        "country": "Canada",
        "org": "Cloudflare, Inc.",
        "timezone": "America/Toronto",
        "source": "ip-api.com"
      },
      "geometry": {
        "type": "Point",
        "coordinates": [
          -79.3832,
          43.6532
        ]
      }
    },
    {
      "type": "Feature",
      "properties": {
        "ip": "162.159.128.233",
        "url": "https://discord.com/assets/168783858f4942b9.js",
        "city": "Toronto",
        "region": "Ontario",
        "country": "Canada",
        "org": "Cloudflare, Inc.",
        "timezone": "America/Toronto",
        "source": "ip-api.com"
      },
      "geometry": {
        "type": "Point",
        "coordinates": [
          -79.3832,
          43.6532
        ]
      }
    },
    {
      "type": "Feature",
      "properties": {
        "ip": "162.159.128.233",
        "url": "https://discord.com/assets/9f1a0594edc0200d.svg",
        "city": "Toronto",
        "region": "Ontario",
        "country": "Canada",
        "org": "Cloudflare, Inc.",
        "timezone": "America/Toronto",
        "source": "ip-api.com"
      },
      "geometry": {
        "type": "Point",
        "coordinates": [
          -79.3832,
          43.6532
        ]
      }
    },
    {
      "type": "Feature",
      "properties": {
        "ip": "162.159.128.233",
        "url": "https://discord.com/assets/9d29789aa2772d5e.js",
        "city": "Toronto",
        "region": "Ontario",
        "country": "Canada",
        "org": "Cloudflare, Inc.",
        "timezone": "America/Toronto",
        "source": "ip-api.com"
      },
      "geometry": {
        "type": "Point",
        "coordinates": [
          -79.3832,
          43.6532
        ]
      }
    },
    {
      "type": "Feature",
      "properties": {
        "ip": "162.159.128.233",
        "url": "https://discord.com/assets/bdba16511353c9dd.js",
        "city": "Toronto",
        "region": "Ontario",
        "country": "Canada",
        "org": "Cloudflare, Inc.",
        "timezone": "America/Toronto",
        "source": "ip-api.com"
      },
      "geometry": {
        "type": "Point",
        "coordinates": [
          -79.3832,
          43.6532
        ]
      }
    },
    {
      "type": "Feature",
      "properties": {
        "ip": "162.159.128.233",
        "url": "https://discord.com/assets/2b334d760d25c90d.svg",
        "city": "Toronto",
        "region": "Ontario",
        "country": "Canada",
        "org": "Cloudflare, Inc.",
        "timezone": "America/Toronto",
        "source": "ip-api.com"
      },
      "geometry": {
        "type": "Point",
        "coordinates": [
          -79.3832,
          43.6532
        ]
      }
    },
    {
      "type": "Feature",
      "properties": {
        "ip": "162.159.128.233",
        "url": "https://discord.com/assets/95aa1f1ff050d571.svg",
        "city": "Toronto",
        "region": "Ontario",
        "country": "Canada",
        "org": "Cloudflare, Inc.",
        "timezone": "America/Toronto",
        "source": "ip-api.com"
      },
      "geometry": {
        "type": "Point",
        "coordinates": [
          -79.3832,
          43.6532
        ]
      }
    },
    {
      "type": "Feature",
      "properties": {
        "ip": "162.159.128.233",
        "url": "https://discord.com/assets/a335e93a073530e2.svg",
        "city": "Toronto",
        "region": "Ontario",
        "country": "Canada",
        "org": "Cloudflare, Inc.",
        "timezone": "America/Toronto",
        "source": "ip-api.com"
      },
      "geometry": {
        "type": "Point",
        "coordinates": [
          -79.3832,
          43.6532
        ]
      }
    },
    {
      "type": "Feature",
      "properties": {
        "ip": "162.159.128.233",
        "url": "https://discord.com/assets/4954c93999abe6dc.svg",
        "city": "Toronto",
        "region": "Ontario",
        "country": "Canada",
        "org": "Cloudflare, Inc.",
        "timezone": "America/Toronto",
        "source": "ip-api.com"
      },
      "geometry": {
        "type": "Point",
        "coordinates": [
          -79.3832,
          43.6532
        ]
      }
    },
    {
      "type": "Feature",
      "properties": {
        "ip": "162.159.128.233",
        "url": "https://discord.com/assets/89b718c2467c7f6d.js",
        "city": "Toronto",
        "region": "Ontario",
        "country": "Canada",
        "org": "Cloudflare, Inc.",
        "timezone": "America/Toronto",
        "source": "ip-api.com"
      },
      "geometry": {
        "type": "Point",
        "coordinates": [
          -79.3832,
          43.6532
        ]
      }
    },
    {
      "type": "Feature",
      "properties": {
        "ip": "162.159.128.233",
        "url": "https://discord.com/assets/189422196a4f8b53.woff2",
        "city": "Toronto",
        "region": "Ontario",
        "country": "Canada",
        "org": "Cloudflare, Inc.",
        "timezone": "America/Toronto",
        "source": "ip-api.com"
      },
      "geometry": {
        "type": "Point",
        "coordinates": [
          -79.3832,
          43.6532
        ]
      }
    },
    {
      "type": "Feature",
      "properties": {
        "ip": "162.159.128.233",
        "url": "https://discord.com/assets/68806c3cad066c86.js",
        "city": "Toronto",
        "region": "Ontario",
        "country": "Canada",
        "org": "Cloudflare, Inc.",
        "timezone": "America/Toronto",
        "source": "ip-api.com"
      },
      "geometry": {
        "type": "Point",
        "coordinates": [
          -79.3832,
          43.6532
        ]
      }
    },
    {
      "type": "Feature",
      "properties": {
        "ip": "162.159.128.233",
        "url": "https://discord.com/assets/eba457de35877a45.svg",
        "city": "Toronto",
        "region": "Ontario",
        "country": "Canada",
        "org": "Cloudflare, Inc.",
        "timezone": "America/Toronto",
        "source": "ip-api.com"
      },
      "geometry": {
        "type": "Point",
        "coordinates": [
          -79.3832,
          43.6532
        ]
      }
    },
    {
      "type": "Feature",
      "properties": {
        "ip": "162.159.128.233",
        "url": "https://discord.com/assets/7e745827247a00c3.js",
        "city": "Toronto",
        "region": "Ontario",
        "country": "Canada",
        "org": "Cloudflare, Inc.",
        "timezone": "America/Toronto",
        "source": "ip-api.com"
      },
      "geometry": {
        "type": "Point",
        "coordinates": [
          -79.3832,
          43.6532
        ]
      }
    },
    {
      "type": "Feature",
      "properties": {
        "ip": "162.159.128.233",
        "url": "https://discord.com/assets/09e3f019c2ddf0e3.svg",
        "city": "Toronto",
        "region": "Ontario",
        "country": "Canada",
        "org": "Cloudflare, Inc.",
        "timezone": "America/Toronto",
        "source": "ip-api.com"
      },
      "geometry": {
        "type": "Point",
        "coordinates": [
          -79.3832,
          43.6532
        ]
      }
    },
    {
      "type": "Feature",
      "properties": {
        "ip": "162.159.128.233",
        "url": "https://discord.com/assets/11b263fce382503f.js",
        "city": "Toronto",
        "region": "Ontario",
        "country": "Canada",
        "org": "Cloudflare, Inc.",
        "timezone": "America/Toronto",
        "source": "ip-api.com"
      },
      "geometry": {
        "type": "Point",
        "coordinates": [
          -79.3832,
          43.6532
        ]
      }
    },
    {
      "type": "Feature",
      "properties": {
        "ip": "162.159.128.233",
        "url": "https://discord.com/assets/5c526a66447af6d6.svg",
        "city": "Toronto",
        "region": "Ontario",
        "country": "Canada",
        "org": "Cloudflare, Inc.",
        "timezone": "America/Toronto",
        "source": "ip-api.com"
      },
      "geometry": {
        "type": "Point",
        "coordinates": [
          -79.3832,
          43.6532
        ]
      }
    },
    {
      "type": "Feature",
      "properties": {
        "ip": "162.159.128.233",
        "url": "https://discord.com/assets/935f702c046e8201.js",
        "city": "Toronto",
        "region": "Ontario",
        "country": "Canada",
        "org": "Cloudflare, Inc.",
        "timezone": "America/Toronto",
        "source": "ip-api.com"
      },
      "geometry": {
        "type": "Point",
        "coordinates": [
          -79.3832,
          43.6532
        ]
      }
    },
    {
      "type": "Feature",
      "properties": {
        "ip": "162.159.128.233",
        "url": "https://discord.com/assets/5df2da052fc1ddc6.svg",
        "city": "Toronto",
        "region": "Ontario",
        "country": "Canada",
        "org": "Cloudflare, Inc.",
        "timezone": "America/Toronto",
        "source": "ip-api.com"
      },
      "geometry": {
        "type": "Point",
        "coordinates": [
          -79.3832,
          43.6532
        ]
      }
    },
    {
      "type": "Feature",
      "properties": {
        "ip": "162.159.128.233",
        "url": "https://discord.com/assets/7dc7ad6293a522ec.js",
        "city": "Toronto",
        "region": "Ontario",
        "country": "Canada",
        "org": "Cloudflare, Inc.",
        "timezone": "America/Toronto",
        "source": "ip-api.com"
      },
      "geometry": {
        "type": "Point",
        "coordinates": [
          -79.3832,
          43.6532
        ]
      }
    },
    {
      "type": "Feature",
      "properties": {
        "ip": "162.159.128.233",
        "url": "https://discord.com/assets/9550e9c46199455d.js",
        "city": "Toronto",
        "region": "Ontario",
        "country": "Canada",
        "org": "Cloudflare, Inc.",
        "timezone": "America/Toronto",
        "source": "ip-api.com"
      },
      "geometry": {
        "type": "Point",
        "coordinates": [
          -79.3832,
          43.6532
        ]
      }
    },
    {
      "type": "Feature",
      "properties": {
        "ip": "162.159.128.233",
        "url": "https://discord.com/assets/0f2dc926db9dc0f3.js",
        "city": "Toronto",
        "region": "Ontario",
        "country": "Canada",
        "org": "Cloudflare, Inc.",
        "timezone": "America/Toronto",
        "source": "ip-api.com"
      },
      "geometry": {
        "type": "Point",
        "coordinates": [
          -79.3832,
          43.6532
        ]
      }
    },
    {
      "type": "Feature",
      "properties": {
        "ip": "162.159.128.233",
        "url": "https://discord.com/assets/bd33479f4d17819a.js",
        "city": "Toronto",
        "region": "Ontario",
        "country": "Canada",
        "org": "Cloudflare, Inc.",
        "timezone": "America/Toronto",
        "source": "ip-api.com"
      },
      "geometry": {
        "type": "Point",
        "coordinates": [
          -79.3832,
          43.6532
        ]
      }
    },
    {
      "type": "Feature",
      "properties": {
        "ip": "162.159.128.233",
        "url": "https://discord.com/assets/8b9de960da063cb9.svg",
        "city": "Toronto",
        "region": "Ontario",
        "country": "Canada",
        "org": "Cloudflare, Inc.",
        "timezone": "America/Toronto",
        "source": "ip-api.com"
      },
      "geometry": {
        "type": "Point",
        "coordinates": [
          -79.3832,
          43.6532
        ]
      }
    },
    {
      "type": "Feature",
      "properties": {
        "ip": "162.159.128.233",
        "url": "https://discord.com/assets/d91d7b85b31a7e4c.js",
        "city": "Toronto",
        "region": "Ontario",
        "country": "Canada",
        "org": "Cloudflare, Inc.",
        "timezone": "America/Toronto",
        "source": "ip-api.com"
      },
      "geometry": {
        "type": "Point",
        "coordinates": [
          -79.3832,
          43.6532
        ]
      }
    },
    {
      "type": "Feature",
      "properties": {
        "ip": "162.159.128.233",
        "url": "https://discord.com/assets/169a12410a4923d8.js",
        "city": "Toronto",
        "region": "Ontario",
        "country": "Canada",
        "org": "Cloudflare, Inc.",
        "timezone": "America/Toronto",
        "source": "ip-api.com"
      },
      "geometry": {
        "type": "Point",
        "coordinates": [
          -79.3832,
          43.6532
        ]
      }
    },
    {
      "type": "Feature",
      "properties": {
        "ip": "162.159.128.233",
        "url": "https://discord.com/assets/219b57c92438dc25.svg",
        "city": "Toronto",
        "region": "Ontario",
        "country": "Canada",
        "org": "Cloudflare, Inc.",
        "timezone": "America/Toronto",
        "source": "ip-api.com"
      },
      "geometry": {
        "type": "Point",
        "coordinates": [
          -79.3832,
          43.6532
        ]
      }
    },
    {
      "type": "Feature",
      "properties": {
        "ip": "162.159.128.233",
        "url": "https://discord.com/assets/dd24010f3cf7def7.woff2",
        "city": "Toronto",
        "region": "Ontario",
        "country": "Canada",
        "org": "Cloudflare, Inc.",
        "timezone": "America/Toronto",
        "source": "ip-api.com"
      },
      "geometry": {
        "type": "Point",
        "coordinates": [
          -79.3832,
          43.6532
        ]
      }
    },
    {
      "type": "Feature",
      "properties": {
        "ip": "162.159.128.233",
        "url": "https://discord.com/assets/b83686a7990735f0.js",
        "city": "Toronto",
        "region": "Ontario",
        "country": "Canada",
        "org": "Cloudflare, Inc.",
        "timezone": "America/Toronto",
        "source": "ip-api.com"
      },
      "geometry": {
        "type": "Point",
        "coordinates": [
          -79.3832,
          43.6532
        ]
      }
    },
    {
      "type": "Feature",
      "properties": {
        "ip": "162.159.128.233",
        "url": "https://discord.com/assets/933b21cb603d4d77.js",
        "city": "Toronto",
        "region": "Ontario",
        "country": "Canada",
        "org": "Cloudflare, Inc.",
        "timezone": "America/Toronto",
        "source": "ip-api.com"
      },
      "geometry": {
        "type": "Point",
        "coordinates": [
          -79.3832,
          43.6532
        ]
      }
    },
    {
      "type": "Feature",
      "properties": {
        "ip": "162.159.128.233",
        "url": "https://discord.com/assets/a06696d80b188200.js",
        "city": "Toronto",
        "region": "Ontario",
        "country": "Canada",
        "org": "Cloudflare, Inc.",
        "timezone": "America/Toronto",
        "source": "ip-api.com"
      },
      "geometry": {
        "type": "Point",
        "coordinates": [
          -79.3832,
          43.6532
        ]
      }
    },
    {
      "type": "Feature",
      "properties": {
        "ip": "162.159.128.233",
        "url": "https://discord.com/api/v9/invites/ttBVMP6V?with_counts=true&with_expiration=true&with_permissions=true",
        "city": "Toronto",
        "region": "Ontario",
        "country": "Canada",
        "org": "Cloudflare, Inc.",
        "timezone": "America/Toronto",
        "source": "ip-api.com"
      },
      "geometry": {
        "type": "Point",
        "coordinates": [
          -79.3832,
          43.6532
        ]
      }
    },
    {
      "type": "Feature",
      "properties": {
        "ip": "162.159.128.233",
        "url": "https://discord.com/assets/8e952d08937deac8.js",
        "city": "Toronto",
        "region": "Ontario",
        "country": "Canada",
        "org": "Cloudflare, Inc.",
        "timezone": "America/Toronto",
        "source": "ip-api.com"
      },
      "geometry": {
        "type": "Point",
        "coordinates": [
          -79.3832,
          43.6532
        ]
      }
    },
    {
      "type": "Feature",
      "properties": {
        "ip": "162.159.128.233",
        "url": "https://discord.com/assets/697dcf202361f4ab.js",
        "city": "Toronto",
        "region": "Ontario",
        "country": "Canada",
        "org": "Cloudflare, Inc.",
        "timezone": "America/Toronto",
        "source": "ip-api.com"
      },
      "geometry": {
        "type": "Point",
        "coordinates": [
          -79.3832,
          43.6532
        ]
      }
    },
    {
      "type": "Feature",
      "properties": {
        "ip": "162.159.128.233",
        "url": "https://discord.com/assets/907aa35f115c2dcc.js",
        "city": "Toronto",
        "region": "Ontario",
        "country": "Canada",
        "org": "Cloudflare, Inc.",
        "timezone": "America/Toronto",
        "source": "ip-api.com"
      },
      "geometry": {
        "type": "Point",
        "coordinates": [
          -79.3832,
          43.6532
        ]
      }
    },
    {
      "type": "Feature",
      "properties": {
        "ip": "162.159.128.233",
        "url": "https://discord.com/assets/193d332c7970e925.js",
        "city": "Toronto",
        "region": "Ontario",
        "country": "Canada",
        "org": "Cloudflare, Inc.",
        "timezone": "America/Toronto",
        "source": "ip-api.com"
      },
      "geometry": {
        "type": "Point",
        "coordinates": [
          -79.3832,
          43.6532
        ]
      }
    },
    {
      "type": "Feature",
      "properties": {
        "ip": "162.159.128.233",
        "url": "https://discord.com/assets/34378a8df8efb149.svg",
        "city": "Toronto",
        "region": "Ontario",
        "country": "Canada",
        "org": "Cloudflare, Inc.",
        "timezone": "America/Toronto",
        "source": "ip-api.com"
      },
      "geometry": {
        "type": "Point",
        "coordinates": [
          -79.3832,
          43.6532
        ]
      }
    },
    {
      "type": "Feature",
      "properties": {
        "ip": "162.159.128.233",
        "url": "https://discord.com/assets/0424e06a82d250e2.svg",
        "city": "Toronto",
        "region": "Ontario",
        "country": "Canada",
        "org": "Cloudflare, Inc.",
        "timezone": "America/Toronto",
        "source": "ip-api.com"
      },
      "geometry": {
        "type": "Point",
        "coordinates": [
          -79.3832,
          43.6532
        ]
      }
    },
    {
      "type": "Feature",
      "properties": {
        "ip": "162.159.128.233",
        "url": "https://discord.com/assets/74ae783d060a8a53.js",
        "city": "Toronto",
        "region": "Ontario",
        "country": "Canada",
        "org": "Cloudflare, Inc.",
        "timezone": "America/Toronto",
        "source": "ip-api.com"
      },
      "geometry": {
        "type": "Point",
        "coordinates": [
          -79.3832,
          43.6532
        ]
      }
    },
    {
      "type": "Feature",
      "properties": {
        "ip": "162.159.128.233",
        "url": "https://discord.com/assets/9add10694c665ea0.js",
        "city": "Toronto",
        "region": "Ontario",
        "country": "Canada",
        "org": "Cloudflare, Inc.",
        "timezone": "America/Toronto",
        "source": "ip-api.com"
      },
      "geometry": {
        "type": "Point",
        "coordinates": [
          -79.3832,
          43.6532
        ]
      }
    },
    {
      "type": "Feature",
      "properties": {
        "ip": "162.159.128.233",
        "url": "https://discord.com/api/v9/channels/1113844691981582457/polls/1334583187686555792/answers/6?limit=3&type=2",
        "city": "Toronto",
        "region": "Ontario",
        "country": "Canada",
        "org": "Cloudflare, Inc.",
        "timezone": "America/Toronto",
        "source": "ip-api.com"
      },
      "geometry": {
        "type": "Point",
        "coordinates": [
          -79.3832,
          43.6532
        ]
      }
    },
    {
      "type": "Feature",
      "properties": {
        "ip": "162.159.128.233",
        "url": "https://discord.com/assets/98786b441def875c.js",
        "city": "Toronto",
        "region": "Ontario",
        "country": "Canada",
        "org": "Cloudflare, Inc.",
        "timezone": "America/Toronto",
        "source": "ip-api.com"
      },
      "geometry": {
        "type": "Point",
        "coordinates": [
          -79.3832,
          43.6532
        ]
      }
    },
    {
      "type": "Feature",
      "properties": {
        "ip": "162.159.128.233",
        "url": "https://discord.com/assets/3363060a845a9828.svg",
        "city": "Toronto",
        "region": "Ontario",
        "country": "Canada",
        "org": "Cloudflare, Inc.",
        "timezone": "America/Toronto",
        "source": "ip-api.com"
      },
      "geometry": {
        "type": "Point",
        "coordinates": [
          -79.3832,
          43.6532
        ]
      }
    },
    {
      "type": "Feature",
      "properties": {
        "ip": "162.159.128.233",
        "url": "https://discord.com/api/v9/channels/1113844691981582457/messages?limit=50",
        "city": "Toronto",
        "region": "Ontario",
        "country": "Canada",
        "org": "Cloudflare, Inc.",
        "timezone": "America/Toronto",
        "source": "ip-api.com"
      },
      "geometry": {
        "type": "Point",
        "coordinates": [
          -79.3832,
          43.6532
        ]
      }
    },
    {
      "type": "Feature",
      "properties": {
        "ip": "162.159.128.233",
        "url": "https://discord.com/assets/66d715454104d24e.woff2",
        "city": "Toronto",
        "region": "Ontario",
        "country": "Canada",
        "org": "Cloudflare, Inc.",
        "timezone": "America/Toronto",
        "source": "ip-api.com"
      },
      "geometry": {
        "type": "Point",
        "coordinates": [
          -79.3832,
          43.6532
        ]
      }
    },
    {
      "type": "Feature",
      "properties": {
        "ip": "162.159.128.233",
        "url": "https://discord.com/assets/44022ec0524eabe9.js",
        "city": "Toronto",
        "region": "Ontario",
        "country": "Canada",
        "org": "Cloudflare, Inc.",
        "timezone": "America/Toronto",
        "source": "ip-api.com"
      },
      "geometry": {
        "type": "Point",
        "coordinates": [
          -79.3832,
          43.6532
        ]
      }
    },
    {
      "type": "Feature",
      "properties": {
        "ip": "162.159.128.233",
        "url": "https://discord.com/assets/cfb3fea66c123dc4.js",
        "city": "Toronto",
        "region": "Ontario",
        "country": "Canada",
        "org": "Cloudflare, Inc.",
        "timezone": "America/Toronto",
        "source": "ip-api.com"
      },
      "geometry": {
        "type": "Point",
        "coordinates": [
          -79.3832,
          43.6532
        ]
      }
    },
    {
      "type": "Feature",
      "properties": {
        "ip": "162.159.128.233",
        "url": "https://discord.com/api/v9/users/@me/billing/payment-sources",
        "city": "Toronto",
        "region": "Ontario",
        "country": "Canada",
        "org": "Cloudflare, Inc.",
        "timezone": "America/Toronto",
        "source": "ip-api.com"
      },
      "geometry": {
        "type": "Point",
        "coordinates": [
          -79.3832,
          43.6532
        ]
      }
    },
    {
      "type": "Feature",
      "properties": {
        "ip": "162.159.128.233",
        "url": "https://discord.com/api/v9/channels/1113844069932732439/messages?limit=50",
        "city": "Toronto",
        "region": "Ontario",
        "country": "Canada",
        "org": "Cloudflare, Inc.",
        "timezone": "America/Toronto",
        "source": "ip-api.com"
      },
      "geometry": {
        "type": "Point",
        "coordinates": [
          -79.3832,
          43.6532
        ]
      }
    },
    {
      "type": "Feature",
      "properties": {
        "ip": "162.159.128.233",
        "url": "https://discord.com/assets/70b84e11c04222b5.svg",
        "city": "Toronto",
        "region": "Ontario",
        "country": "Canada",
        "org": "Cloudflare, Inc.",
        "timezone": "America/Toronto",
        "source": "ip-api.com"
      },
      "geometry": {
        "type": "Point",
        "coordinates": [
          -79.3832,
          43.6532
        ]
      }
    },
    {
      "type": "Feature",
      "properties": {
        "ip": "162.159.128.233",
        "url": "https://discord.com/assets/74b9ac2130de3d62.js",
        "city": "Toronto",
        "region": "Ontario",
        "country": "Canada",
        "org": "Cloudflare, Inc.",
        "timezone": "America/Toronto",
        "source": "ip-api.com"
      },
      "geometry": {
        "type": "Point",
        "coordinates": [
          -79.3832,
          43.6532
        ]
      }
    },
    {
      "type": "Feature",
      "properties": {
        "ip": "162.159.128.233",
        "url": "https://discord.com/assets/5ad10c02069c1bbb.js",
        "city": "Toronto",
        "region": "Ontario",
        "country": "Canada",
        "org": "Cloudflare, Inc.",
        "timezone": "America/Toronto",
        "source": "ip-api.com"
      },
      "geometry": {
        "type": "Point",
        "coordinates": [
          -79.3832,
          43.6532
        ]
      }
    },
    {
      "type": "Feature",
      "properties": {
        "ip": "162.159.128.233",
        "url": "https://discord.com/assets/defa3847ece5b043.js",
        "city": "Toronto",
        "region": "Ontario",
        "country": "Canada",
        "org": "Cloudflare, Inc.",
        "timezone": "America/Toronto",
        "source": "ip-api.com"
      },
      "geometry": {
        "type": "Point",
        "coordinates": [
          -79.3832,
          43.6532
        ]
      }
    },
    {
      "type": "Feature",
      "properties": {
        "ip": "162.159.128.233",
        "url": "https://discord.com/assets/e5bddb2a9171637d.svg",
        "city": "Toronto",
        "region": "Ontario",
        "country": "Canada",
        "org": "Cloudflare, Inc.",
        "timezone": "America/Toronto",
        "source": "ip-api.com"
      },
      "geometry": {
        "type": "Point",
        "coordinates": [
          -79.3832,
          43.6532
        ]
      }
    },
    {
      "type": "Feature",
      "properties": {
        "ip": "162.159.128.233",
        "url": "https://discord.com/assets/d5dbd7f30cc68c52.js",
        "city": "Toronto",
        "region": "Ontario",
        "country": "Canada",
        "org": "Cloudflare, Inc.",
        "timezone": "America/Toronto",
        "source": "ip-api.com"
      },
      "geometry": {
        "type": "Point",
        "coordinates": [
          -79.3832,
          43.6532
        ]
      }
    },
    {
      "type": "Feature",
      "properties": {
        "ip": "162.159.128.233",
        "url": "https://discord.com/assets/baf0ec81f2b4e500.js",
        "city": "Toronto",
        "region": "Ontario",
        "country": "Canada",
        "org": "Cloudflare, Inc.",
        "timezone": "America/Toronto",
        "source": "ip-api.com"
      },
      "geometry": {
        "type": "Point",
        "coordinates": [
          -79.3832,
          43.6532
        ]
      }
    },
    {
      "type": "Feature",
      "properties": {
        "ip": "162.159.128.233",
        "url": "https://discord.com/assets/b43629f22aff760c.svg",
        "city": "Toronto",
        "region": "Ontario",
        "country": "Canada",
        "org": "Cloudflare, Inc.",
        "timezone": "America/Toronto",
        "source": "ip-api.com"
      },
      "geometry": {
        "type": "Point",
        "coordinates": [
          -79.3832,
          43.6532
        ]
      }
    },
    {
      "type": "Feature",
      "properties": {
        "ip": "162.159.128.233",
        "url": "https://discord.com/assets/deb6aa42e976ff24.js",
        "city": "Toronto",
        "region": "Ontario",
        "country": "Canada",
        "org": "Cloudflare, Inc.",
        "timezone": "America/Toronto",
        "source": "ip-api.com"
      },
      "geometry": {
        "type": "Point",
        "coordinates": [
          -79.3832,
          43.6532
        ]
      }
    },
    {
      "type": "Feature",
      "properties": {
        "ip": "162.159.128.233",
        "url": "https://discord.com/assets/bfacb770ec75af1d.js",
        "city": "Toronto",
        "region": "Ontario",
        "country": "Canada",
        "org": "Cloudflare, Inc.",
        "timezone": "America/Toronto",
        "source": "ip-api.com"
      },
      "geometry": {
        "type": "Point",
        "coordinates": [
          -79.3832,
          43.6532
        ]
      }
    },
    {
      "type": "Feature",
      "properties": {
        "ip": "162.159.128.233",
        "url": "https://discord.com/assets/bb11dbf72044aea2.js",
        "city": "Toronto",
        "region": "Ontario",
        "country": "Canada",
        "org": "Cloudflare, Inc.",
        "timezone": "America/Toronto",
        "source": "ip-api.com"
      },
      "geometry": {
        "type": "Point",
        "coordinates": [
          -79.3832,
          43.6532
        ]
      }
    },
    {
      "type": "Feature",
      "properties": {
        "ip": "162.159.128.233",
        "url": "https://discord.com/assets/14e7b7bb932136a4.svg",
        "city": "Toronto",
        "region": "Ontario",
        "country": "Canada",
        "org": "Cloudflare, Inc.",
        "timezone": "America/Toronto",
        "source": "ip-api.com"
      },
      "geometry": {
        "type": "Point",
        "coordinates": [
          -79.3832,
          43.6532
        ]
      }
    },
    {
      "type": "Feature",
      "properties": {
        "ip": "162.159.128.233",
        "url": "https://discord.com/assets/b272b33815319bae.woff2",
        "city": "Toronto",
        "region": "Ontario",
        "country": "Canada",
        "org": "Cloudflare, Inc.",
        "timezone": "America/Toronto",
        "source": "ip-api.com"
      },
      "geometry": {
        "type": "Point",
        "coordinates": [
          -79.3832,
          43.6532
        ]
      }
    },
    {
      "type": "Feature",
      "properties": {
        "ip": "162.159.128.233",
        "url": "https://discord.com/assets/4f005b6f65c9239a.js",
        "city": "Toronto",
        "region": "Ontario",
        "country": "Canada",
        "org": "Cloudflare, Inc.",
        "timezone": "America/Toronto",
        "source": "ip-api.com"
      },
      "geometry": {
        "type": "Point",
        "coordinates": [
          -79.3832,
          43.6532
        ]
      }
    },
    {
      "type": "Feature",
      "properties": {
        "ip": "162.159.128.233",
        "url": "https://discord.com/assets/1caf5503bf3cf22e.js",
        "city": "Toronto",
        "region": "Ontario",
        "country": "Canada",
        "org": "Cloudflare, Inc.",
        "timezone": "America/Toronto",
        "source": "ip-api.com"
      },
      "geometry": {
        "type": "Point",
        "coordinates": [
          -79.3832,
          43.6532
        ]
      }
    },
    {
      "type": "Feature",
      "properties": {
        "ip": "23.12.145.61",
        "url": "https://embed-cdn.spotifycdn.com/_next/static/chunks/pages/playlist/%5Bid%5D-f18a0a65cc1413dd.js",
        "city": "Sterling",
        "region": "Virginia",
        "country": "United States",
        "org": "Akamai Technologies, Inc.",
        "timezone": "America/New_York",
        "source": "ip-api.com"
      },
      "geometry": {
        "type": "Point",
        "coordinates": [
          -77.4269,
          39.0024
        ]
      }
    },
    {
      "type": "Feature",
      "properties": {
        "ip": "23.12.145.61",
        "url": "https://embed-cdn.spotifycdn.com/_next/static/bd27e3df-5c86-4893-89b5-0c3ea48692ec/_buildManifest.js",
        "city": "Sterling",
        "region": "Virginia",
        "country": "United States",
        "org": "Akamai Technologies, Inc.",
        "timezone": "America/New_York",
        "source": "ip-api.com"
      },
      "geometry": {
        "type": "Point",
        "coordinates": [
          -77.4269,
          39.0024
        ]
      }
    },
    {
      "type": "Feature",
      "properties": {
        "ip": "23.12.145.61",
        "url": "https://embed-cdn.spotifycdn.com/_next/static/chunks/3803-dc5d1e1611c013e0.js",
        "city": "Sterling",
        "region": "Virginia",
        "country": "United States",
        "org": "Akamai Technologies, Inc.",
        "timezone": "America/New_York",
        "source": "ip-api.com"
      },
      "geometry": {
        "type": "Point",
        "coordinates": [
          -77.4269,
          39.0024
        ]
      }
    },
    {
      "type": "Feature",
      "properties": {
        "ip": "23.12.145.61",
        "url": "https://embed-cdn.spotifycdn.com/_next/static/bd27e3df-5c86-4893-89b5-0c3ea48692ec/_ssgManifest.js",
        "city": "Sterling",
        "region": "Virginia",
        "country": "United States",
        "org": "Akamai Technologies, Inc.",
        "timezone": "America/New_York",
        "source": "ip-api.com"
      },
      "geometry": {
        "type": "Point",
        "coordinates": [
          -77.4269,
          39.0024
        ]
      }
    },
    {
      "type": "Feature",
      "properties": {
        "ip": "23.12.145.61",
        "url": "https://embed-cdn.spotifycdn.com/_next/static/chunks/pages/_app-20005ad2d9a753e2.js",
        "city": "Sterling",
        "region": "Virginia",
        "country": "United States",
        "org": "Akamai Technologies, Inc.",
        "timezone": "America/New_York",
        "source": "ip-api.com"
      },
      "geometry": {
        "type": "Point",
        "coordinates": [
          -77.4269,
          39.0024
        ]
      }
    },
    {
      "type": "Feature",
      "properties": {
        "ip": "23.12.145.61",
        "url": "https://embed-cdn.spotifycdn.com/_next/static/chunks/6888.b51358bf16794ff3.js",
        "city": "Sterling",
        "region": "Virginia",
        "country": "United States",
        "org": "Akamai Technologies, Inc.",
        "timezone": "America/New_York",
        "source": "ip-api.com"
      },
      "geometry": {
        "type": "Point",
        "coordinates": [
          -77.4269,
          39.0024
        ]
      }
    },
    {
      "type": "Feature",
      "properties": {
        "ip": "23.12.145.61",
        "url": "https://embed-cdn.spotifycdn.com/_next/static/chunks/944bb133-e1bcee249b99753f.js",
        "city": "Sterling",
        "region": "Virginia",
        "country": "United States",
        "org": "Akamai Technologies, Inc.",
        "timezone": "America/New_York",
        "source": "ip-api.com"
      },
      "geometry": {
        "type": "Point",
        "coordinates": [
          -77.4269,
          39.0024
        ]
      }
    },
    {
      "type": "Feature",
      "properties": {
        "ip": "23.12.145.61",
        "url": "https://embed-cdn.spotifycdn.com/_next/static/chunks/7692.b6d34dbe4d1bc404.js",
        "city": "Sterling",
        "region": "Virginia",
        "country": "United States",
        "org": "Akamai Technologies, Inc.",
        "timezone": "America/New_York",
        "source": "ip-api.com"
      },
      "geometry": {
        "type": "Point",
        "coordinates": [
          -77.4269,
          39.0024
        ]
      }
    },
    {
      "type": "Feature",
      "properties": {
        "ip": "23.12.145.61",
        "url": "https://embed-cdn.spotifycdn.com/_next/static/css/e1dc6c8413965800.css",
        "city": "Sterling",
        "region": "Virginia",
        "country": "United States",
        "org": "Akamai Technologies, Inc.",
        "timezone": "America/New_York",
        "source": "ip-api.com"
      },
      "geometry": {
        "type": "Point",
        "coordinates": [
          -77.4269,
          39.0024
        ]
      }
    },
    {
      "type": "Feature",
      "properties": {
        "ip": "23.12.145.61",
        "url": "https://embed-cdn.spotifycdn.com/_next/static/css/b7ce9d5a4230c94a.css",
        "city": "Sterling",
        "region": "Virginia",
        "country": "United States",
        "org": "Akamai Technologies, Inc.",
        "timezone": "America/New_York",
        "source": "ip-api.com"
      },
      "geometry": {
        "type": "Point",
        "coordinates": [
          -77.4269,
          39.0024
        ]
      }
    },
    {
      "type": "Feature",
      "properties": {
        "ip": "23.12.145.61",
        "url": "https://embed-cdn.spotifycdn.com/_next/static/chunks/main-59ebfbc275c3a32c.js",
        "city": "Sterling",
        "region": "Virginia",
        "country": "United States",
        "org": "Akamai Technologies, Inc.",
        "timezone": "America/New_York",
        "source": "ip-api.com"
      },
      "geometry": {
        "type": "Point",
        "coordinates": [
          -77.4269,
          39.0024
        ]
      }
    },
    {
      "type": "Feature",
      "properties": {
        "ip": "23.12.145.61",
        "url": "https://embed-cdn.spotifycdn.com/_next/static/chunks/3970.a76933b0c5504153.js",
        "city": "Sterling",
        "region": "Virginia",
        "country": "United States",
        "org": "Akamai Technologies, Inc.",
        "timezone": "America/New_York",
        "source": "ip-api.com"
      },
      "geometry": {
        "type": "Point",
        "coordinates": [
          -77.4269,
          39.0024
        ]
      }
    },
    {
      "type": "Feature",
      "properties": {
        "ip": "23.12.145.61",
        "url": "https://embed-cdn.spotifycdn.com/_next/static/chunks/5975-46060a758c2f81ec.js",
        "city": "Sterling",
        "region": "Virginia",
        "country": "United States",
        "org": "Akamai Technologies, Inc.",
        "timezone": "America/New_York",
        "source": "ip-api.com"
      },
      "geometry": {
        "type": "Point",
        "coordinates": [
          -77.4269,
          39.0024
        ]
      }
    },
    {
      "type": "Feature",
      "properties": {
        "ip": "23.12.145.61",
        "url": "https://embed-cdn.spotifycdn.com/_next/static/chunks/spotify_player_o.1f64e1deae26db80.js",
        "city": "Sterling",
        "region": "Virginia",
        "country": "United States",
        "org": "Akamai Technologies, Inc.",
        "timezone": "America/New_York",
        "source": "ip-api.com"
      },
      "geometry": {
        "type": "Point",
        "coordinates": [
          -77.4269,
          39.0024
        ]
      }
    },
    {
      "type": "Feature",
      "properties": {
        "ip": "23.12.145.61",
        "url": "https://embed-cdn.spotifycdn.com/_next/static/css/56f7c9f957cd7ee0.css",
        "city": "Sterling",
        "region": "Virginia",
        "country": "United States",
        "org": "Akamai Technologies, Inc.",
        "timezone": "America/New_York",
        "source": "ip-api.com"
      },
      "geometry": {
        "type": "Point",
        "coordinates": [
          -77.4269,
          39.0024
        ]
      }
    },
    {
      "type": "Feature",
      "properties": {
        "ip": "23.12.145.61",
        "url": "https://embed-cdn.spotifycdn.com/_next/static/chunks/framework-0e028cd614ee278e.js",
        "city": "Sterling",
        "region": "Virginia",
        "country": "United States",
        "org": "Akamai Technologies, Inc.",
        "timezone": "America/New_York",
        "source": "ip-api.com"
      },
      "geometry": {
        "type": "Point",
        "coordinates": [
          -77.4269,
          39.0024
        ]
      }
    },
    {
      "type": "Feature",
      "properties": {
        "ip": "23.12.145.61",
        "url": "https://embed-cdn.spotifycdn.com/_next/static/chunks/4315-3910de6ba563d60f.js",
        "city": "Sterling",
        "region": "Virginia",
        "country": "United States",
        "org": "Akamai Technologies, Inc.",
        "timezone": "America/New_York",
        "source": "ip-api.com"
      },
      "geometry": {
        "type": "Point",
        "coordinates": [
          -77.4269,
          39.0024
        ]
      }
    },
    {
      "type": "Feature",
      "properties": {
        "ip": "23.12.145.61",
        "url": "https://embed-cdn.spotifycdn.com/_next/static/chunks/6331-c371335781709f29.js",
        "city": "Sterling",
        "region": "Virginia",
        "country": "United States",
        "org": "Akamai Technologies, Inc.",
        "timezone": "America/New_York",
        "source": "ip-api.com"
      },
      "geometry": {
        "type": "Point",
        "coordinates": [
          -77.4269,
          39.0024
        ]
      }
    },
    {
      "type": "Feature",
      "properties": {
        "ip": "23.12.145.61",
        "url": "https://embed-cdn.spotifycdn.com/_next/static/chunks/webpack-8621641b32a85780.js",
        "city": "Sterling",
        "region": "Virginia",
        "country": "United States",
        "org": "Akamai Technologies, Inc.",
        "timezone": "America/New_York",
        "source": "ip-api.com"
      },
      "geometry": {
        "type": "Point",
        "coordinates": [
          -77.4269,
          39.0024
        ]
      }
    },
    {
      "type": "Feature",
      "properties": {
        "ip": "23.12.145.61",
        "url": "https://embed-cdn.spotifycdn.com/_next/static/chunks/071b7324-efc78510ed6e74e8.js",
        "city": "Sterling",
        "region": "Virginia",
        "country": "United States",
        "org": "Akamai Technologies, Inc.",
        "timezone": "America/New_York",
        "source": "ip-api.com"
      },
      "geometry": {
        "type": "Point",
        "coordinates": [
          -77.4269,
          39.0024
        ]
      }
    },
    {
      "type": "Feature",
      "properties": {
        "ip": "162.159.129.233",
        "url": "https://cdn.discordapp.com/avatars/696167017644032010/7c51456f230649508bb8628255c14f4d.webp?size=160",
        "city": "Toronto",
        "region": "Ontario",
        "country": "Canada",
        "org": "Cloudflare, Inc.",
        "timezone": "America/Toronto",
        "source": "ip-api.com"
      },
      "geometry": {
        "type": "Point",
        "coordinates": [
          -79.3832,
          43.6532
        ]
      }
    },
    {
      "type": "Feature",
      "properties": {
        "ip": "162.159.129.233",
        "url": "https://cdn.discordapp.com/avatars/1380562535773634730/157e517cdbf371a47aaead44675714a3.webp?size=160",
        "city": "Toronto",
        "region": "Ontario",
        "country": "Canada",
        "org": "Cloudflare, Inc.",
        "timezone": "America/Toronto",
        "source": "ip-api.com"
      },
      "geometry": {
        "type": "Point",
        "coordinates": [
          -79.3832,
          43.6532
        ]
      }
    },
    {
      "type": "Feature",
      "properties": {
        "ip": "162.159.129.233",
        "url": "https://cdn.discordapp.com/avatars/780689876403093505/0a5adf991e746756306daa70c152c6e9.webp?size=32",
        "city": "Toronto",
        "region": "Ontario",
        "country": "Canada",
        "org": "Cloudflare, Inc.",
        "timezone": "America/Toronto",
        "source": "ip-api.com"
      },
      "geometry": {
        "type": "Point",
        "coordinates": [
          -79.3832,
          43.6532
        ]
      }
    },
    {
      "type": "Feature",
      "properties": {
        "ip": "162.159.129.233",
        "url": "https://cdn.discordapp.com/avatars/1245747523461578842/bdeaf06953c593602ffbf948a4a5aaa7.webp?size=160",
        "city": "Toronto",
        "region": "Ontario",
        "country": "Canada",
        "org": "Cloudflare, Inc.",
        "timezone": "America/Toronto",
        "source": "ip-api.com"
      },
      "geometry": {
        "type": "Point",
        "coordinates": [
          -79.3832,
          43.6532
        ]
      }
    },
    {
      "type": "Feature",
      "properties": {
        "ip": "162.159.129.233",
        "url": "https://cdn.discordapp.com/avatars/1380561158922309813/f7f2e9361e8a54ce6e72580ac7b967af.webp?size=56",
        "city": "Toronto",
        "region": "Ontario",
        "country": "Canada",
        "org": "Cloudflare, Inc.",
        "timezone": "America/Toronto",
        "source": "ip-api.com"
      },
      "geometry": {
        "type": "Point",
        "coordinates": [
          -79.3832,
          43.6532
        ]
      }
    },
    {
      "type": "Feature",
      "properties": {
        "ip": "162.159.129.233",
        "url": "https://cdn.discordapp.com/avatars/769383432911847435/853585976999c350ce76e8213b968597.webp?size=160",
        "city": "Toronto",
        "region": "Ontario",
        "country": "Canada",
        "org": "Cloudflare, Inc.",
        "timezone": "America/Toronto",
        "source": "ip-api.com"
      },
      "geometry": {
        "type": "Point",
        "coordinates": [
          -79.3832,
          43.6532
        ]
      }
    },
    {
      "type": "Feature",
      "properties": {
        "ip": "162.159.129.233",
        "url": "https://cdn.discordapp.com/avatars/511702091408867338/e64824c98a0934c4ce7345d76e400a83.webp?size=160",
        "city": "Toronto",
        "region": "Ontario",
        "country": "Canada",
        "org": "Cloudflare, Inc.",
        "timezone": "America/Toronto",
        "source": "ip-api.com"
      },
      "geometry": {
        "type": "Point",
        "coordinates": [
          -79.3832,
          43.6532
        ]
      }
    },
    {
      "type": "Feature",
      "properties": {
        "ip": "162.159.129.233",
        "url": "https://cdn.discordapp.com/icons/1113844069932732436/4ee7ab8f35f344687caf6b9d17b1dbca.png?size=40",
        "city": "Toronto",
        "region": "Ontario",
        "country": "Canada",
        "org": "Cloudflare, Inc.",
        "timezone": "America/Toronto",
        "source": "ip-api.com"
      },
      "geometry": {
        "type": "Point",
        "coordinates": [
          -79.3832,
          43.6532
        ]
      }
    },
    {
      "type": "Feature",
      "properties": {
        "ip": "162.159.129.233",
        "url": "https://cdn.discordapp.com/avatars/1245747523461578842/bdeaf06953c593602ffbf948a4a5aaa7.webp?size=32",
        "city": "Toronto",
        "region": "Ontario",
        "country": "Canada",
        "org": "Cloudflare, Inc.",
        "timezone": "America/Toronto",
        "source": "ip-api.com"
      },
      "geometry": {
        "type": "Point",
        "coordinates": [
          -79.3832,
          43.6532
        ]
      }
    },
    {
      "type": "Feature",
      "properties": {
        "ip": "162.159.129.233",
        "url": "https://cdn.discordapp.com/avatars/1377284245982023751/9e4db985b85d3e8a1ad1502c1d981fc9.webp?size=160",
        "city": "Toronto",
        "region": "Ontario",
        "country": "Canada",
        "org": "Cloudflare, Inc.",
        "timezone": "America/Toronto",
        "source": "ip-api.com"
      },
      "geometry": {
        "type": "Point",
        "coordinates": [
          -79.3832,
          43.6532
        ]
      }
    },
    {
      "type": "Feature",
      "properties": {
        "ip": "162.159.129.233",
        "url": "https://cdn.discordapp.com/avatars/222845745240211458/69a56371566f461f7cc179cb68aad69d.webp?size=160",
        "city": "Toronto",
        "region": "Ontario",
        "country": "Canada",
        "org": "Cloudflare, Inc.",
        "timezone": "America/Toronto",
        "source": "ip-api.com"
      },
      "geometry": {
        "type": "Point",
        "coordinates": [
          -79.3832,
          43.6532
        ]
      }
    },
    {
      "type": "Feature",
      "properties": {
        "ip": "162.159.129.233",
        "url": "https://cdn.discordapp.com/avatars/855459031237787669/5dbb95e4fb2d2d57ac73cb31625a35dd.webp?size=160",
        "city": "Toronto",
        "region": "Ontario",
        "country": "Canada",
        "org": "Cloudflare, Inc.",
        "timezone": "America/Toronto",
        "source": "ip-api.com"
      },
      "geometry": {
        "type": "Point",
        "coordinates": [
          -79.3832,
          43.6532
        ]
      }
    },
    {
      "type": "Feature",
      "properties": {
        "ip": "162.159.129.233",
        "url": "https://cdn.discordapp.com/icons/1113844069932732436/4ee7ab8f35f344687caf6b9d17b1dbca.png?size=160&quality=lossless",
        "city": "Toronto",
        "region": "Ontario",
        "country": "Canada",
        "org": "Cloudflare, Inc.",
        "timezone": "America/Toronto",
        "source": "ip-api.com"
      },
      "geometry": {
        "type": "Point",
        "coordinates": [
          -79.3832,
          43.6532
        ]
      }
    },
    {
      "type": "Feature",
      "properties": {
        "ip": "162.159.129.233",
        "url": "https://cdn.discordapp.com/avatars/769542503756988476/9678ceb68322a1bd35bf985a8661f175.webp?size=160",
        "city": "Toronto",
        "region": "Ontario",
        "country": "Canada",
        "org": "Cloudflare, Inc.",
        "timezone": "America/Toronto",
        "source": "ip-api.com"
      },
      "geometry": {
        "type": "Point",
        "coordinates": [
          -79.3832,
          43.6532
        ]
      }
    },
    {
      "type": "Feature",
      "properties": {
        "ip": "162.159.129.233",
        "url": "https://cdn.discordapp.com/avatars/1380561158922309813/f7f2e9361e8a54ce6e72580ac7b967af.webp?size=160",
        "city": "Toronto",
        "region": "Ontario",
        "country": "Canada",
        "org": "Cloudflare, Inc.",
        "timezone": "America/Toronto",
        "source": "ip-api.com"
      },
      "geometry": {
        "type": "Point",
        "coordinates": [
          -79.3832,
          43.6532
        ]
      }
    },
    {
      "type": "Feature",
      "properties": {
        "ip": "162.159.129.233",
        "url": "https://cdn.discordapp.com/avatars/1104076965100658778/0f14c3658e4cd91f734b70e7f3136bd5.webp?size=160",
        "city": "Toronto",
        "region": "Ontario",
        "country": "Canada",
        "org": "Cloudflare, Inc.",
        "timezone": "America/Toronto",
        "source": "ip-api.com"
      },
      "geometry": {
        "type": "Point",
        "coordinates": [
          -79.3832,
          43.6532
        ]
      }
    },
    {
      "type": "Feature",
      "properties": {
        "ip": "162.159.129.233",
        "url": "https://cdn.discordapp.com/avatars/511702091408867338/e64824c98a0934c4ce7345d76e400a83.webp?size=32",
        "city": "Toronto",
        "region": "Ontario",
        "country": "Canada",
        "org": "Cloudflare, Inc.",
        "timezone": "America/Toronto",
        "source": "ip-api.com"
      },
      "geometry": {
        "type": "Point",
        "coordinates": [
          -79.3832,
          43.6532
        ]
      }
    },
    {
      "type": "Feature",
      "properties": {
        "ip": "162.159.129.233",
        "url": "https://cdn.discordapp.com/avatars/790018218894688346/0aef5ce59c27fc93d9e398ff1c197740.webp?size=160",
        "city": "Toronto",
        "region": "Ontario",
        "country": "Canada",
        "org": "Cloudflare, Inc.",
        "timezone": "America/Toronto",
        "source": "ip-api.com"
      },
      "geometry": {
        "type": "Point",
        "coordinates": [
          -79.3832,
          43.6532
        ]
      }
    },
    {
      "type": "Feature",
      "properties": {
        "ip": "162.159.130.232",
        "url": "https://media.discordapp.net/attachments/1113844069932732439/1388609274439139400/image.png?ex=688d1c2a&is=688bcaaa&hm=24c24c3c5234c3f769b2e40552cd16af8d6d5fa600a0102247265a66589506b6&=&format=webp&quality=lossless&width=1100&height=662",
        "city": "Toronto",
        "region": "Ontario",
        "country": "Canada",
        "org": "Cloudflare, Inc.",
        "timezone": "America/Toronto",
        "source": "ip-api.com"
      },
      "geometry": {
        "type": "Point",
        "coordinates": [
          -79.3832,
          43.6532
        ]
      }
    },
    {
      "type": "Feature",
      "properties": {
        "ip": "162.159.130.232",
        "url": "https://media.discordapp.net/attachments/1126279738533625856/1398676866516258947/IMG_0117.png?ex=688cd257&is=688b80d7&hm=0acecb1cfc910e8cdc7d6773de31d9c18dcb147b310fc201a1e411949f813143&=&format=webp&quality=lossless&width=324&height=700",
        "city": "Toronto",
        "region": "Ontario",
        "country": "Canada",
        "org": "Cloudflare, Inc.",
        "timezone": "America/Toronto",
        "source": "ip-api.com"
      },
      "geometry": {
        "type": "Point",
        "coordinates": [
          -79.3832,
          43.6532
        ]
      }
    },
    {
      "type": "Feature",
      "properties": {
        "ip": "162.159.130.232",
        "url": "https://media.discordapp.net/stickers/781291131828699156.png?size=56&passthrough=false",
        "city": "Toronto",
        "region": "Ontario",
        "country": "Canada",
        "org": "Cloudflare, Inc.",
        "timezone": "America/Toronto",
        "source": "ip-api.com"
      },
      "geometry": {
        "type": "Point",
        "coordinates": [
          -79.3832,
          43.6532
        ]
      }
    },
    {
      "type": "Feature",
      "properties": {
        "ip": "162.159.130.232",
        "url": "https://media.discordapp.net/attachments/1126279738533625856/1398784527186399284/image0.jpg?ex=688d369b&is=688be51b&hm=1dfde17fe2e7fcf58a12ebf360e9b28f9abbc64f7891f5cec0ba978c7ef7570d&=&format=webp&width=1100&height=508",
        "city": "Toronto",
        "region": "Ontario",
        "country": "Canada",
        "org": "Cloudflare, Inc.",
        "timezone": "America/Toronto",
        "source": "ip-api.com"
      },
      "geometry": {
        "type": "Point",
        "coordinates": [
          -79.3832,
          43.6532
        ]
      }
    },
    {
      "type": "Feature",
      "properties": {
        "ip": "162.159.133.232",
        "url": "https://media.discordapp.net/stickers/773912319839043625.png?size=320",
        "city": "Toronto",
        "region": "Ontario",
        "country": "Canada",
        "org": "Cloudflare, Inc.",
        "timezone": "America/Toronto",
        "source": "ip-api.com"
      },
      "geometry": {
        "type": "Point",
        "coordinates": [
          -79.3832,
          43.6532
        ]
      }
    },
    {
      "type": "Feature",
      "properties": {
        "ip": "162.159.133.232",
        "url": "https://media.discordapp.net/attachments/1113848227515613224/1371536463774351551/IMG_1854.jpg?ex=688cf65e&is=688ba4de&hm=cfebe28a721e50a847373091a4d8a0d325edd71674d6544919639a994571117e&=&format=webp&width=546&height=346",
        "city": "Toronto",
        "region": "Ontario",
        "country": "Canada",
        "org": "Cloudflare, Inc.",
        "timezone": "America/Toronto",
        "source": "ip-api.com"
      },
      "geometry": {
        "type": "Point",
        "coordinates": [
          -79.3832,
          43.6532
        ]
      }
    },
    {
      "type": "Feature",
      "properties": {
        "ip": "162.159.133.232",
        "url": "https://media.discordapp.net/attachments/1113848227515613224/1370783901982916681/IMG_4284.jpg?ex=688cdc7e&is=688b8afe&hm=be7757ad8efb6fa2a9545cf0eb900972e5853346085a3521687416af2709cd34&=&format=webp&width=546&height=546",
        "city": "Toronto",
        "region": "Ontario",
        "country": "Canada",
        "org": "Cloudflare, Inc.",
        "timezone": "America/Toronto",
        "source": "ip-api.com"
      },
      "geometry": {
        "type": "Point",
        "coordinates": [
          -79.3832,
          43.6532
        ]
      }
    },
    {
      "type": "Feature",
      "properties": {
        "ip": "162.159.133.232",
        "url": "https://media.discordapp.net/attachments/1113844069932732439/1373663310410678352/IMG_4812.png?ex=688cca26&is=688b78a6&hm=e3ec6f220879e31bacd15f5548b12303d7e6eeab9fcb7c76ad5af7e4cb1960fa&=&format=webp&quality=lossless&width=546&height=346",
        "city": "Toronto",
        "region": "Ontario",
        "country": "Canada",
        "org": "Cloudflare, Inc.",
        "timezone": "America/Toronto",
        "source": "ip-api.com"
      },
      "geometry": {
        "type": "Point",
        "coordinates": [
          -79.3832,
          43.6532
        ]
      }
    },
    {
      "type": "Feature",
      "properties": {
        "ip": "162.159.133.232",
        "url": "https://media.discordapp.net/attachments/1126284197892456498/1394390036836909179/Screenshot_2025-07-14_at_2.48.06_PM.png?ex=688d0beb&is=688bba6b&hm=4e32b64f29cbbd72f72fa838e83c2fafbde01ba4653739f4fd0eb9e7adb869ce&=&format=webp&quality=lossless&width=1100&height=616",
        "city": "Toronto",
        "region": "Ontario",
        "country": "Canada",
        "org": "Cloudflare, Inc.",
        "timezone": "America/Toronto",
        "source": "ip-api.com"
      },
      "geometry": {
        "type": "Point",
        "coordinates": [
          -79.3832,
          43.6532
        ]
      }
    },
    {
      "type": "Feature",
      "properties": {
        "ip": "162.159.133.232",
        "url": "https://media.discordapp.net/attachments/1126284197892456498/1394390194429624350/Screenshot_2025-07-14_at_2.48.43_PM.png?ex=688d0c10&is=688bba90&hm=cbcaf3ff83d44d439483772e9d579f0aec9b7e2fd551400d378f80d9c6b0a89b&=&format=webp&quality=lossless&width=1100&height=618",
        "city": "Toronto",
        "region": "Ontario",
        "country": "Canada",
        "org": "Cloudflare, Inc.",
        "timezone": "America/Toronto",
        "source": "ip-api.com"
      },
      "geometry": {
        "type": "Point",
        "coordinates": [
          -79.3832,
          43.6532
        ]
      }
    },
    {
      "type": "Feature",
      "properties": {
        "ip": "162.159.133.232",
        "url": "https://media.discordapp.net/attachments/1113848227515613224/1393238071889362995/IMG_2670.png?ex=688ccf91&is=688b7e11&hm=dfdad2a5bacfd4edc6d75b80825cb0011b35b3f8267c9ee0e4307db859f7cf12&=&format=webp&quality=lossless&width=576&height=700",
        "city": "Toronto",
        "region": "Ontario",
        "country": "Canada",
        "org": "Cloudflare, Inc.",
        "timezone": "America/Toronto",
        "source": "ip-api.com"
      },
      "geometry": {
        "type": "Point",
        "coordinates": [
          -79.3832,
          43.6532
        ]
      }
    },
    {
      "type": "Feature",
      "properties": {
        "ip": "162.159.133.232",
        "url": "https://media.discordapp.net/attachments/1113844069932732439/1373415032796221581/IMG_8665.jpg?ex=688d346c&is=688be2ec&hm=b4988f74a988c0dce99e6356baffdf97f9d3be0c3da2de3d8e13c22c15c81ac9&=&format=webp&width=728&height=700",
        "city": "Toronto",
        "region": "Ontario",
        "country": "Canada",
        "org": "Cloudflare, Inc.",
        "timezone": "America/Toronto",
        "source": "ip-api.com"
      },
      "geometry": {
        "type": "Point",
        "coordinates": [
          -79.3832,
          43.6532
        ]
      }
    },
    {
      "type": "Feature",
      "properties": {
        "ip": "162.159.133.232",
        "url": "https://media.discordapp.net/attachments/1126279738533625856/1391501095716651120/image.png?ex=688d1562&is=688bc3e2&hm=3c971f152560434d77b31746c68f70d7156a4a96823c36e3f655e9d9945e4ec4&=&format=webp&quality=lossless&width=584&height=700",
        "city": "Toronto",
        "region": "Ontario",
        "country": "Canada",
        "org": "Cloudflare, Inc.",
        "timezone": "America/Toronto",
        "source": "ip-api.com"
      },
      "geometry": {
        "type": "Point",
        "coordinates": [
          -79.3832,
          43.6532
        ]
      }
    },
    {
      "type": "Feature",
      "properties": {
        "ip": "162.159.133.232",
        "url": "https://media.discordapp.net/attachments/1126284197892456498/1397331405565989054/7eea8c78daa01b987f15533e31defe3c.jpg?ex=688d3348&is=688be1c8&hm=86c86d47ecf33df56ef4452cae5512bb08af1cafe8f66e97f6058f6fbb5dc2c9&=&format=webp&width=322&height=700",
        "city": "Toronto",
        "region": "Ontario",
        "country": "Canada",
        "org": "Cloudflare, Inc.",
        "timezone": "America/Toronto",
        "source": "ip-api.com"
      },
      "geometry": {
        "type": "Point",
        "coordinates": [
          -79.3832,
          43.6532
        ]
      }
    },
    {
      "type": "Feature",
      "properties": {
        "ip": "162.159.133.232",
        "url": "https://media.discordapp.net/attachments/1126279738533625856/1392292628518666280/image.png?ex=688d538e&is=688c020e&hm=aaea1702a4b3095d31be4cb0f535464887b2eb57ea1c033e8662bca0a3243205&=&format=webp&quality=lossless&width=1100&height=642",
        "city": "Toronto",
        "region": "Ontario",
        "country": "Canada",
        "org": "Cloudflare, Inc.",
        "timezone": "America/Toronto",
        "source": "ip-api.com"
      },
      "geometry": {
        "type": "Point",
        "coordinates": [
          -79.3832,
          43.6532
        ]
      }
    },
    {
      "type": "Feature",
      "properties": {
        "ip": "162.159.133.232",
        "url": "https://media.discordapp.net/attachments/1113848227515613224/1370783901290729535/IMG_4282.jpg?ex=688cdc7e&is=688b8afe&hm=8298854a59f2113691b0dc4cb13b82c0594efa661b658c3d162bbd5bff656efc&=&format=webp&width=546&height=546",
        "city": "Toronto",
        "region": "Ontario",
        "country": "Canada",
        "org": "Cloudflare, Inc.",
        "timezone": "America/Toronto",
        "source": "ip-api.com"
      },
      "geometry": {
        "type": "Point",
        "coordinates": [
          -79.3832,
          43.6532
        ]
      }
    },
    {
      "type": "Feature",
      "properties": {
        "ip": "162.159.133.232",
        "url": "https://media.discordapp.net/attachments/1126284197892456498/1394397352625836052/Screenshot_2025-07-14_at_3.16.50_PM.png?ex=688d12bb&is=688bc13b&hm=25bc4e9f556bb145111a7bc47ce18dfd711f28ddd8fe4a313312408de1bf4bde&=&format=webp&quality=lossless&width=1100&height=616",
        "city": "Toronto",
        "region": "Ontario",
        "country": "Canada",
        "org": "Cloudflare, Inc.",
        "timezone": "America/Toronto",
        "source": "ip-api.com"
      },
      "geometry": {
        "type": "Point",
        "coordinates": [
          -79.3832,
          43.6532
        ]
      }
    },
    {
      "type": "Feature",
      "properties": {
        "ip": "162.159.133.232",
        "url": "https://media.discordapp.net/attachments/1113844069932732439/1373661966895415346/IMG_3637.jpg?ex=688cc8e6&is=688b7766&hm=9c23ec61920ad70aaacb1eace6f64a580b0763f0154b2897ca3960a52f8c32da&=&format=webp&width=934&height=700",
        "city": "Toronto",
        "region": "Ontario",
        "country": "Canada",
        "org": "Cloudflare, Inc.",
        "timezone": "America/Toronto",
        "source": "ip-api.com"
      },
      "geometry": {
        "type": "Point",
        "coordinates": [
          -79.3832,
          43.6532
        ]
      }
    },
    {
      "type": "Feature",
      "properties": {
        "ip": "162.159.133.232",
        "url": "https://media.discordapp.net/attachments/1113848227515613224/1394365808985247965/CDP__3rd__4-5.mp4?ex=688cf55a&is=688ba3da&hm=99241f72bc753de89d29ed92d60f1de6de5f63925c5e33987e028e9fa397d99e&format=webp&width=560&height=700",
        "city": "Toronto",
        "region": "Ontario",
        "country": "Canada",
        "org": "Cloudflare, Inc.",
        "timezone": "America/Toronto",
        "source": "ip-api.com"
      },
      "geometry": {
        "type": "Point",
        "coordinates": [
          -79.3832,
          43.6532
        ]
      }
    },
    {
      "type": "Feature",
      "properties": {
        "ip": "162.159.133.232",
        "url": "https://media.discordapp.net/stickers/781291131828699156.png?size=56",
        "city": "Toronto",
        "region": "Ontario",
        "country": "Canada",
        "org": "Cloudflare, Inc.",
        "timezone": "America/Toronto",
        "source": "ip-api.com"
      },
      "geometry": {
        "type": "Point",
        "coordinates": [
          -79.3832,
          43.6532
        ]
      }
    },
    {
      "type": "Feature",
      "properties": {
        "ip": "162.159.133.232",
        "url": "https://media.discordapp.net/attachments/1113844069932732439/1373663309605109770/IMG_4814.png?ex=688cca26&is=688b78a6&hm=9d0a2116dbc84adebcf515dd2539e3e8e9f42efcddee99f5b38fb468e0e33a7b&=&format=webp&quality=lossless&width=546&height=346",
        "city": "Toronto",
        "region": "Ontario",
        "country": "Canada",
        "org": "Cloudflare, Inc.",
        "timezone": "America/Toronto",
        "source": "ip-api.com"
      },
      "geometry": {
        "type": "Point",
        "coordinates": [
          -79.3832,
          43.6532
        ]
      }
    },
    {
      "type": "Feature",
      "properties": {
        "ip": "162.159.133.232",
        "url": "https://media.discordapp.net/attachments/1113848227515613224/1370846821647388702/IMG_4321.jpg?ex=688d1717&is=688bc597&hm=8884511675d967b11ba32e9763a5415bd2ad46175a73d6370360a3bb0d899df8&=&format=webp&width=728&height=700",
        "city": "Toronto",
        "region": "Ontario",
        "country": "Canada",
        "org": "Cloudflare, Inc.",
        "timezone": "America/Toronto",
        "source": "ip-api.com"
      },
      "geometry": {
        "type": "Point",
        "coordinates": [
          -79.3832,
          43.6532
        ]
      }
    },
    {
      "type": "Feature",
      "properties": {
        "ip": "162.159.133.232",
        "url": "https://media.discordapp.net/attachments/1126279738533625856/1391512724218843186/image.png?ex=688d2036&is=688bceb6&hm=76a99b2f24f664c07eda051270c6bf21de344af17bf0197d866b34d0ffb781a3&=&format=webp&quality=lossless&width=884&height=700",
        "city": "Toronto",
        "region": "Ontario",
        "country": "Canada",
        "org": "Cloudflare, Inc.",
        "timezone": "America/Toronto",
        "source": "ip-api.com"
      },
      "geometry": {
        "type": "Point",
        "coordinates": [
          -79.3832,
          43.6532
        ]
      }
    },
    {
      "type": "Feature",
      "properties": {
        "ip": "162.159.133.232",
        "url": "https://media.discordapp.net/attachments/1113848227515613224/1391828392294219797/2nd-4-5.mp4?ex=688cf4b3&is=688ba333&hm=30569309703e442504468071e93964eba98e4a1de161d60aa30378f684972b69&format=webp&width=560&height=700",
        "city": "Toronto",
        "region": "Ontario",
        "country": "Canada",
        "org": "Cloudflare, Inc.",
        "timezone": "America/Toronto",
        "source": "ip-api.com"
      },
      "geometry": {
        "type": "Point",
        "coordinates": [
          -79.3832,
          43.6532
        ]
      }
    },
    {
      "type": "Feature",
      "properties": {
        "ip": "162.159.133.232",
        "url": "https://media.discordapp.net/attachments/1113848227515613224/1361913097740226662/IMG_3675.jpg?ex=688ce3a9&is=688b9229&hm=4aa0c5045494a1e6d6fec40a5bdf44c51d8080149fe3edc3e6896d19a9d75a47&=&format=webp&width=364&height=346",
        "city": "Toronto",
        "region": "Ontario",
        "country": "Canada",
        "org": "Cloudflare, Inc.",
        "timezone": "America/Toronto",
        "source": "ip-api.com"
      },
      "geometry": {
        "type": "Point",
        "coordinates": [
          -79.3832,
          43.6532
        ]
      }
    },
    {
      "type": "Feature",
      "properties": {
        "ip": "162.159.133.232",
        "url": "https://media.discordapp.net/attachments/1113848227515613224/1393236438639972362/IMG_2669.png?ex=688cce0c&is=688b7c8c&hm=296f3cf6c790949afae1ac36ba82ebc250f593f65d864625f874f6f6b6c742ac&=&format=webp&quality=lossless&width=546&height=546",
        "city": "Toronto",
        "region": "Ontario",
        "country": "Canada",
        "org": "Cloudflare, Inc.",
        "timezone": "America/Toronto",
        "source": "ip-api.com"
      },
      "geometry": {
        "type": "Point",
        "coordinates": [
          -79.3832,
          43.6532
        ]
      }
    },
    {
      "type": "Feature",
      "properties": {
        "ip": "162.159.133.232",
        "url": "https://media.discordapp.net/attachments/1113844069932732439/1399877277629546557/IMG_2998.png?ex=688d3bcf&is=688bea4f&hm=56d8a13ee5580b7271603db292720f5b2f7152f2a1518c36ce92711903b88bd9&=&format=webp&quality=lossless&width=426&height=700",
        "city": "Toronto",
        "region": "Ontario",
        "country": "Canada",
        "org": "Cloudflare, Inc.",
        "timezone": "America/Toronto",
        "source": "ip-api.com"
      },
      "geometry": {
        "type": "Point",
        "coordinates": [
          -79.3832,
          43.6532
        ]
      }
    },
    {
      "type": "Feature",
      "properties": {
        "ip": "162.159.133.232",
        "url": "https://media.discordapp.net/attachments/1126279738533625856/1262795193917116426/image.png?ex=688cdf2b&is=688b8dab&hm=70c0c7385faf060dd5cf2ca992117cd8c72f9152972783a886ad6bb24694f897&=&format=webp&quality=lossless&width=1100&height=324",
        "city": "Toronto",
        "region": "Ontario",
        "country": "Canada",
        "org": "Cloudflare, Inc.",
        "timezone": "America/Toronto",
        "source": "ip-api.com"
      },
      "geometry": {
        "type": "Point",
        "coordinates": [
          -79.3832,
          43.6532
        ]
      }
    },
    {
      "type": "Feature",
      "properties": {
        "ip": "162.159.133.232",
        "url": "https://media.discordapp.net/attachments/1113848227515613224/1370783903794856100/IMG_4288.jpg?ex=688cdc7e&is=688b8afe&hm=e046980f4f54183d16c162ae5b550b43238aa13854c292d1c4f754c7622d0b59&=&format=webp&width=362&height=362",
        "city": "Toronto",
        "region": "Ontario",
        "country": "Canada",
        "org": "Cloudflare, Inc.",
        "timezone": "America/Toronto",
        "source": "ip-api.com"
      },
      "geometry": {
        "type": "Point",
        "coordinates": [
          -79.3832,
          43.6532
        ]
      }
    },
    {
      "type": "Feature",
      "properties": {
        "ip": "162.159.133.232",
        "url": "https://images-ext-1.discordapp.net/external/3ClYU3osQWtm7A70BWdw9mAg1BidtrCLb5-qIWd6CWQ/https/cdn.discordapp.com/assets/embeds/icons/hn.webp",
        "city": "Toronto",
        "region": "Ontario",
        "country": "Canada",
        "org": "Cloudflare, Inc.",
        "timezone": "America/Toronto",
        "source": "ip-api.com"
      },
      "geometry": {
        "type": "Point",
        "coordinates": [
          -79.3832,
          43.6532
        ]
      }
    },
    {
      "type": "Feature",
      "properties": {
        "ip": "162.159.133.232",
        "url": "https://media.discordapp.net/attachments/1113848227515613224/1370846822322667580/IMG_4309.jpg?ex=688d1717&is=688bc597&hm=0d797f8b078693c04968ec9c3795c940361c5893b0cab03eaee375d04bce9c77&=&format=webp&width=364&height=346",
        "city": "Toronto",
        "region": "Ontario",
        "country": "Canada",
        "org": "Cloudflare, Inc.",
        "timezone": "America/Toronto",
        "source": "ip-api.com"
      },
      "geometry": {
        "type": "Point",
        "coordinates": [
          -79.3832,
          43.6532
        ]
      }
    },
    {
      "type": "Feature",
      "properties": {
        "ip": "162.159.133.232",
        "url": "https://media.discordapp.net/attachments/1126284197892456498/1391846441793880095/image.jpg?ex=688d0582&is=688bb402&hm=da9c6c596f1d75ef9f34bd49adf365ffa590fe1a26c0d36c668275319491ff5d&=&format=webp&width=934&height=700",
        "city": "Toronto",
        "region": "Ontario",
        "country": "Canada",
        "org": "Cloudflare, Inc.",
        "timezone": "America/Toronto",
        "source": "ip-api.com"
      },
      "geometry": {
        "type": "Point",
        "coordinates": [
          -79.3832,
          43.6532
        ]
      }
    },
    {
      "type": "Feature",
      "properties": {
        "ip": "162.159.133.232",
        "url": "https://media.discordapp.net/attachments/1126284197892456498/1397243048647458877/Screenshot_2025-07-22_at_11.44.46_AM.png?ex=688ce0fe&is=688b8f7e&hm=4f3e06fea4b1289f8c1b8d5dd9406709ce084a5aaa143a60f9280efd751429ba&=&format=webp&quality=lossless&width=546&height=546",
        "city": "Toronto",
        "region": "Ontario",
        "country": "Canada",
        "org": "Cloudflare, Inc.",
        "timezone": "America/Toronto",
        "source": "ip-api.com"
      },
      "geometry": {
        "type": "Point",
        "coordinates": [
          -79.3832,
          43.6532
        ]
      }
    },
    {
      "type": "Feature",
      "properties": {
        "ip": "162.159.133.232",
        "url": "https://media.discordapp.net/attachments/1113848227515613224/1371536462754877652/IMG_1860.jpg?ex=688cf65e&is=688ba4de&hm=76337ac89902c0295b4fdcc134d4313d916d0db9a64ce40c59d1e9058d9bd440&=&format=webp&width=546&height=346",
        "city": "Toronto",
        "region": "Ontario",
        "country": "Canada",
        "org": "Cloudflare, Inc.",
        "timezone": "America/Toronto",
        "source": "ip-api.com"
      },
      "geometry": {
        "type": "Point",
        "coordinates": [
          -79.3832,
          43.6532
        ]
      }
    },
    {
      "type": "Feature",
      "properties": {
        "ip": "162.159.133.232",
        "url": "https://media.discordapp.net/attachments/1113844069932732439/1373663310943359026/IMG_4813.png?ex=688cca26&is=688b78a6&hm=0f9de92c57851fece12ceb59e4f7d21bdf293fb060498a9ba8e173157d1c2b24&=&format=webp&quality=lossless&width=546&height=346",
        "city": "Toronto",
        "region": "Ontario",
        "country": "Canada",
        "org": "Cloudflare, Inc.",
        "timezone": "America/Toronto",
        "source": "ip-api.com"
      },
      "geometry": {
        "type": "Point",
        "coordinates": [
          -79.3832,
          43.6532
        ]
      }
    },
    {
      "type": "Feature",
      "properties": {
        "ip": "162.159.133.232",
        "url": "https://media.discordapp.net/attachments/1113844691981582457/1379481636038508584/IMG_2160.png?ex=688cdce3&is=688b8b63&hm=b34e245716bfe3a21d03474005cdfbcf54917eb131b82e623308ac5627ca72e1&=&format=webp&quality=lossless&width=478&height=700",
        "city": "Toronto",
        "region": "Ontario",
        "country": "Canada",
        "org": "Cloudflare, Inc.",
        "timezone": "America/Toronto",
        "source": "ip-api.com"
      },
      "geometry": {
        "type": "Point",
        "coordinates": [
          -79.3832,
          43.6532
        ]
      }
    },
    {
      "type": "Feature",
      "properties": {
        "ip": "162.159.133.232",
        "url": "https://media.discordapp.net/attachments/1113848227515613224/1370783903253528709/IMG_4286.jpg?ex=688cdc7e&is=688b8afe&hm=f1c2d2ccf85a628554484bf5508d2d9b8c2a29e0d366631b643691ceb860dc38&=&format=webp&width=362&height=362",
        "city": "Toronto",
        "region": "Ontario",
        "country": "Canada",
        "org": "Cloudflare, Inc.",
        "timezone": "America/Toronto",
        "source": "ip-api.com"
      },
      "geometry": {
        "type": "Point",
        "coordinates": [
          -79.3832,
          43.6532
        ]
      }
    },
    {
      "type": "Feature",
      "properties": {
        "ip": "162.159.133.232",
        "url": "https://media.discordapp.net/attachments/1126279738533625856/1393025393056809080/IMG_7179.jpg?ex=688d5afe&is=688c097e&hm=0d8a2b23b5f353ce05a67a8dfda77d763355e1bcb42aad9234f23758e3166e5f&=&format=webp&width=526&height=700",
        "city": "Toronto",
        "region": "Ontario",
        "country": "Canada",
        "org": "Cloudflare, Inc.",
        "timezone": "America/Toronto",
        "source": "ip-api.com"
      },
      "geometry": {
        "type": "Point",
        "coordinates": [
          -79.3832,
          43.6532
        ]
      }
    },
    {
      "type": "Feature",
      "properties": {
        "ip": "162.159.133.232",
        "url": "https://media.discordapp.net/attachments/1113844069932732439/1373662701909184532/IMG_9492.jpg?ex=688cc995&is=688b7815&hm=8ca0c5f87731ce133d46750de78cc9dc5874100e9f3848f92fb910f27beb763f&=&format=webp&width=362&height=362",
        "city": "Toronto",
        "region": "Ontario",
        "country": "Canada",
        "org": "Cloudflare, Inc.",
        "timezone": "America/Toronto",
        "source": "ip-api.com"
      },
      "geometry": {
        "type": "Point",
        "coordinates": [
          -79.3832,
          43.6532
        ]
      }
    },
    {
      "type": "Feature",
      "properties": {
        "ip": "162.159.133.232",
        "url": "https://media.discordapp.net/attachments/1126284197892456498/1391586567641890836/image.png?ex=688d64fc&is=688c137c&hm=4e221b309c180b307278a61aaee88df98d4bc9bc91c0d5cab73c895a79239d1d&=&format=webp&quality=lossless&width=1100&height=456",
        "city": "Toronto",
        "region": "Ontario",
        "country": "Canada",
        "org": "Cloudflare, Inc.",
        "timezone": "America/Toronto",
        "source": "ip-api.com"
      },
      "geometry": {
        "type": "Point",
        "coordinates": [
          -79.3832,
          43.6532
        ]
      }
    },
    {
      "type": "Feature",
      "properties": {
        "ip": "162.159.133.232",
        "url": "https://media.discordapp.net/attachments/1113848227515613224/1370846823039635567/IMG_4312.jpg?ex=688d1717&is=688bc597&hm=83f118e04d73e9eb00d40bd9c17988d567357f4b6579eb90d4141d33edb90da1&=&format=webp&width=364&height=346",
        "city": "Toronto",
        "region": "Ontario",
        "country": "Canada",
        "org": "Cloudflare, Inc.",
        "timezone": "America/Toronto",
        "source": "ip-api.com"
      },
      "geometry": {
        "type": "Point",
        "coordinates": [
          -79.3832,
          43.6532
        ]
      }
    },
    {
      "type": "Feature",
      "properties": {
        "ip": "162.159.133.232",
        "url": "https://media.discordapp.net/attachments/1113848227515613224/1399706681264443433/CDP__5th__4-5_1.mp4?ex=688d45ae&is=688bf42e&hm=d6b0deb31b3bf0886e1f073fc8db25e3dafb1c6876c72b7a7541d2e613d83345&format=webp&width=560&height=700",
        "city": "Toronto",
        "region": "Ontario",
        "country": "Canada",
        "org": "Cloudflare, Inc.",
        "timezone": "America/Toronto",
        "source": "ip-api.com"
      },
      "geometry": {
        "type": "Point",
        "coordinates": [
          -79.3832,
          43.6532
        ]
      }
    },
    {
      "type": "Feature",
      "properties": {
        "ip": "162.159.133.232",
        "url": "https://media.discordapp.net/attachments/1113848227515613224/1367876014490910851/PROGSPACELAB-square.gif?ex=688cd44f&is=688b82cf&hm=3737461293ef7c0c9a532a1431c092bcafe8de017b50003e22a9ddb5f7b62ae9&=&width=778&height=700",
        "city": "Toronto",
        "region": "Ontario",
        "country": "Canada",
        "org": "Cloudflare, Inc.",
        "timezone": "America/Toronto",
        "source": "ip-api.com"
      },
      "geometry": {
        "type": "Point",
        "coordinates": [
          -79.3832,
          43.6532
        ]
      }
    },
    {
      "type": "Feature",
      "properties": {
        "ip": "162.159.133.232",
        "url": "https://media.discordapp.net/attachments/1113848227515613224/1397631685599821914/IMG_2865.jpg?ex=688cf970&is=688ba7f0&hm=792df411d04d5217d2b0efb996cbf2aa8170bd96a3fd27ab324a3f65f676b3e7&=&format=webp&width=524&height=700",
        "city": "Toronto",
        "region": "Ontario",
        "country": "Canada",
        "org": "Cloudflare, Inc.",
        "timezone": "America/Toronto",
        "source": "ip-api.com"
      },
      "geometry": {
        "type": "Point",
        "coordinates": [
          -79.3832,
          43.6532
        ]
      }
    },
    {
      "type": "Feature",
      "properties": {
        "ip": "162.159.133.232",
        "url": "https://media.discordapp.net/attachments/1113848227515613224/1247198089299759266/Screenshot_2024-06-03_at_10.39.23_AM.png?ex=688cd1bc&is=688b803c&hm=7558645b85cb278bb7ed447fb6b83188e8c4e0e5157cf2f20ea2ba77c9b8c1ef&=&format=webp&quality=lossless&width=1100&height=500",
        "city": "Toronto",
        "region": "Ontario",
        "country": "Canada",
        "org": "Cloudflare, Inc.",
        "timezone": "America/Toronto",
        "source": "ip-api.com"
      },
      "geometry": {
        "type": "Point",
        "coordinates": [
          -79.3832,
          43.6532
        ]
      }
    },
    {
      "type": "Feature",
      "properties": {
        "ip": "162.159.133.232",
        "url": "https://media.discordapp.net/attachments/1126284197892456498/1397243048341012575/Screenshot_2025-07-22_at_11.44.31_AM.png?ex=688ce0fe&is=688b8f7e&hm=64431e548ed41611f1173d9821640c64005637eda6e4643823c0387cb64e4763&=&format=webp&quality=lossless&width=546&height=546",
        "city": "Toronto",
        "region": "Ontario",
        "country": "Canada",
        "org": "Cloudflare, Inc.",
        "timezone": "America/Toronto",
        "source": "ip-api.com"
      },
      "geometry": {
        "type": "Point",
        "coordinates": [
          -79.3832,
          43.6532
        ]
      }
    },
    {
      "type": "Feature",
      "properties": {
        "ip": "162.159.133.232",
        "url": "https://media.discordapp.net/attachments/1113844069932732439/1373662699396796669/IMG_9487.jpg?ex=688cc994&is=688b7814&hm=f65cb91e36bdeab0c333db901f166e223de3c0b55d240de1c3dc54770026358f&=&format=webp&width=546&height=546",
        "city": "Toronto",
        "region": "Ontario",
        "country": "Canada",
        "org": "Cloudflare, Inc.",
        "timezone": "America/Toronto",
        "source": "ip-api.com"
      },
      "geometry": {
        "type": "Point",
        "coordinates": [
          -79.3832,
          43.6532
        ]
      }
    },
    {
      "type": "Feature",
      "properties": {
        "ip": "162.159.133.232",
        "url": "https://media.discordapp.net/attachments/1113848227515613224/1389639269014048959/1st_4-5_1.mov?ex=688ce6eb&is=688b956b&hm=010832fe07a8fe7c7fa6a8b992e82a10a2bbb674e7c14027b1a826a2dcee8520&format=webp&width=560&height=700",
        "city": "Toronto",
        "region": "Ontario",
        "country": "Canada",
        "org": "Cloudflare, Inc.",
        "timezone": "America/Toronto",
        "source": "ip-api.com"
      },
      "geometry": {
        "type": "Point",
        "coordinates": [
          -79.3832,
          43.6532
        ]
      }
    },
    {
      "type": "Feature",
      "properties": {
        "ip": "162.159.133.232",
        "url": "https://media.discordapp.net/attachments/1126279738533625856/1391514589820227714/image.png?ex=688d21f3&is=688bd073&hm=9cc5391bd7f2f543652affd470c6165ec75ea12657a7a2e1b010be4f46c29c93&=&format=webp&quality=lossless&width=1100&height=688",
        "city": "Toronto",
        "region": "Ontario",
        "country": "Canada",
        "org": "Cloudflare, Inc.",
        "timezone": "America/Toronto",
        "source": "ip-api.com"
      },
      "geometry": {
        "type": "Point",
        "coordinates": [
          -79.3832,
          43.6532
        ]
      }
    },
    {
      "type": "Feature",
      "properties": {
        "ip": "162.159.133.232",
        "url": "https://media.discordapp.net/attachments/1113844069932732439/1373662700022010008/IMG_9488.jpg?ex=688cc995&is=688b7815&hm=660b309185f2afe90e67c02223e1319328f173c664f68b00c64825ffef39fc10&=&format=webp&width=546&height=546",
        "city": "Toronto",
        "region": "Ontario",
        "country": "Canada",
        "org": "Cloudflare, Inc.",
        "timezone": "America/Toronto",
        "source": "ip-api.com"
      },
      "geometry": {
        "type": "Point",
        "coordinates": [
          -79.3832,
          43.6532
        ]
      }
    },
    {
      "type": "Feature",
      "properties": {
        "ip": "162.159.133.232",
        "url": "https://media.discordapp.net/attachments/1113844069932732439/1399877371854589994/IMG_2999.png?ex=688d3be5&is=688bea65&hm=189babe507bd66ae7e81e089d80af286895e48a807e6ee9ac9d504cc566987bf&=&format=webp&quality=lossless&width=498&height=700",
        "city": "Toronto",
        "region": "Ontario",
        "country": "Canada",
        "org": "Cloudflare, Inc.",
        "timezone": "America/Toronto",
        "source": "ip-api.com"
      },
      "geometry": {
        "type": "Point",
        "coordinates": [
          -79.3832,
          43.6532
        ]
      }
    },
    {
      "type": "Feature",
      "properties": {
        "ip": "162.159.133.232",
        "url": "https://media.discordapp.net/attachments/1113848227515613224/1259935429621321768/MS_Program_22x32_4-all.jpeg?ex=688d03ce&is=688bb24e&hm=2d8f43eeb73fc3ccadd943bc2146e79fb1eb6fc0f245838ed945cb435aa5ecac&=&format=webp&width=482&height=700",
        "city": "Toronto",
        "region": "Ontario",
        "country": "Canada",
        "org": "Cloudflare, Inc.",
        "timezone": "America/Toronto",
        "source": "ip-api.com"
      },
      "geometry": {
        "type": "Point",
        "coordinates": [
          -79.3832,
          43.6532
        ]
      }
    },
    {
      "type": "Feature",
      "properties": {
        "ip": "162.159.133.232",
        "url": "https://media.discordapp.net/attachments/1113848227515613224/1367876014490910851/PROGSPACELAB-square.gif?ex=688cd44f&is=688b82cf&hm=3737461293ef7c0c9a532a1431c092bcafe8de017b50003e22a9ddb5f7b62ae9&=&format=webp&width=778&height=700",
        "city": "Toronto",
        "region": "Ontario",
        "country": "Canada",
        "org": "Cloudflare, Inc.",
        "timezone": "America/Toronto",
        "source": "ip-api.com"
      },
      "geometry": {
        "type": "Point",
        "coordinates": [
          -79.3832,
          43.6532
        ]
      }
    },
    {
      "type": "Feature",
      "properties": {
        "ip": "162.159.133.232",
        "url": "https://media.discordapp.net/attachments/1113844069932732439/1373662703201030174/IMG_9493.jpg?ex=688cc995&is=688b7815&hm=8337c4df0177e25b998d5eea35e953a1bddce1e297b6eca3b089912ed367ff38&=&format=webp&width=362&height=362",
        "city": "Toronto",
        "region": "Ontario",
        "country": "Canada",
        "org": "Cloudflare, Inc.",
        "timezone": "America/Toronto",
        "source": "ip-api.com"
      },
      "geometry": {
        "type": "Point",
        "coordinates": [
          -79.3832,
          43.6532
        ]
      }
    },
    {
      "type": "Feature",
      "properties": {
        "ip": "162.159.133.232",
        "url": "https://media.discordapp.net/attachments/1113848227515613224/1397240507783975052/CDP__4th__4-5.mp4?ex=688cdea0&is=688b8d20&hm=74a0d13ec6ed64a233696d6933d8278d1e2adaa44832836178b7ed4af82b62ba&format=webp&width=560&height=700",
        "city": "Toronto",
        "region": "Ontario",
        "country": "Canada",
        "org": "Cloudflare, Inc.",
        "timezone": "America/Toronto",
        "source": "ip-api.com"
      },
      "geometry": {
        "type": "Point",
        "coordinates": [
          -79.3832,
          43.6532
        ]
      }
    },
    {
      "type": "Feature",
      "properties": {
        "ip": "162.159.133.232",
        "url": "https://media.discordapp.net/attachments/1126279738533625856/1392508778754211950/the-funambulist-39-the-ocean-sample04-1200x800.jpg?ex=688ccb5c&is=688b79dc&hm=624f552fc2fb7e29f3ee5d90e758520a6a90294289b0adf65214a8796641d6cb&=&format=webp&width=1050&height=700",
        "city": "Toronto",
        "region": "Ontario",
        "country": "Canada",
        "org": "Cloudflare, Inc.",
        "timezone": "America/Toronto",
        "source": "ip-api.com"
      },
      "geometry": {
        "type": "Point",
        "coordinates": [
          -79.3832,
          43.6532
        ]
      }
    },
    {
      "type": "Feature",
      "properties": {
        "ip": "162.159.133.232",
        "url": "https://media.discordapp.net/attachments/1113848227515613224/1371536464655028445/IMG_1862.jpg?ex=688cf65f&is=688ba4df&hm=12437077c9016f32a44395dc65b693d625c057d345e345866c2a9cbd47c32265&=&format=webp&width=546&height=346",
        "city": "Toronto",
        "region": "Ontario",
        "country": "Canada",
        "org": "Cloudflare, Inc.",
        "timezone": "America/Toronto",
        "source": "ip-api.com"
      },
      "geometry": {
        "type": "Point",
        "coordinates": [
          -79.3832,
          43.6532
        ]
      }
    },
    {
      "type": "Feature",
      "properties": {
        "ip": "162.159.133.232",
        "url": "https://media.discordapp.net/attachments/1113848227515613224/1371324943098450052/IMG_9822.jpg?ex=688cda20&is=688b88a0&hm=d0eecb3b1a97d033ff0bc31310f890c8481aaecf0a13453f3470a12dad9cc6e6&=&format=webp&width=526&height=700",
        "city": "Toronto",
        "region": "Ontario",
        "country": "Canada",
        "org": "Cloudflare, Inc.",
        "timezone": "America/Toronto",
        "source": "ip-api.com"
      },
      "geometry": {
        "type": "Point",
        "coordinates": [
          -79.3832,
          43.6532
        ]
      }
    },
    {
      "type": "Feature",
      "properties": {
        "ip": "162.159.133.232",
        "url": "https://media.discordapp.net/attachments/1113844069932732439/1394474298596524063/Screenshot_2025-07-14_at_8.21.29_PM.png?ex=688d5a64&is=688c08e4&hm=4c5e4dc995d31caf2ddc80fe01405c68b91c217480cd4d4921d38762119921f3&=&format=webp&quality=lossless&width=784&height=700",
        "city": "Toronto",
        "region": "Ontario",
        "country": "Canada",
        "org": "Cloudflare, Inc.",
        "timezone": "America/Toronto",
        "source": "ip-api.com"
      },
      "geometry": {
        "type": "Point",
        "coordinates": [
          -79.3832,
          43.6532
        ]
      }
    },
    {
      "type": "Feature",
      "properties": {
        "ip": "162.159.133.232",
        "url": "https://media.discordapp.net/attachments/1126279738533625856/1392294069006499932/image.png?ex=688d54e5&is=688c0365&hm=796e8767d575b6f1b585c13d51d43d9f143c2c6bb523d919cf498f22f055af27&=&format=webp&quality=lossless&width=788&height=700",
        "city": "Toronto",
        "region": "Ontario",
        "country": "Canada",
        "org": "Cloudflare, Inc.",
        "timezone": "America/Toronto",
        "source": "ip-api.com"
      },
      "geometry": {
        "type": "Point",
        "coordinates": [
          -79.3832,
          43.6532
        ]
      }
    },
    {
      "type": "Feature",
      "properties": {
        "ip": "162.159.133.232",
        "url": "https://media.discordapp.net/attachments/1113848227515613224/1354539906369847518/IMG_3196.png?ex=688d1797&is=688bc617&hm=1d4ced2d82cc01d90a5cc6947d2729364689d3435f23373c2fa97fb20cdc922a&=&format=webp&quality=lossless&width=324&height=700",
        "city": "Toronto",
        "region": "Ontario",
        "country": "Canada",
        "org": "Cloudflare, Inc.",
        "timezone": "America/Toronto",
        "source": "ip-api.com"
      },
      "geometry": {
        "type": "Point",
        "coordinates": [
          -79.3832,
          43.6532
        ]
      }
    },
    {
      "type": "Feature",
      "properties": {
        "ip": "162.159.133.232",
        "url": "https://media.discordapp.net/attachments/1113848227515613224/1371536465674109050/IMG_1867.jpg?ex=688cf65f&is=688ba4df&hm=f549fa18dea3bbca317d56c5c21cdd7cf86135af1ec62fa1e3a4ecc9b270f398&=&format=webp&width=546&height=346",
        "city": "Toronto",
        "region": "Ontario",
        "country": "Canada",
        "org": "Cloudflare, Inc.",
        "timezone": "America/Toronto",
        "source": "ip-api.com"
      },
      "geometry": {
        "type": "Point",
        "coordinates": [
          -79.3832,
          43.6532
        ]
      }
    },
    {
      "type": "Feature",
      "properties": {
        "ip": "162.159.133.232",
        "url": "https://media.discordapp.net/attachments/1113848227515613224/1393236438228799508/IMG_2668.png?ex=688cce0b&is=688b7c8b&hm=47d7cc6e128c9db94a8dc218968965a20a69e2d991745423156fca9b80071877&=&format=webp&quality=lossless&width=546&height=546",
        "city": "Toronto",
        "region": "Ontario",
        "country": "Canada",
        "org": "Cloudflare, Inc.",
        "timezone": "America/Toronto",
        "source": "ip-api.com"
      },
      "geometry": {
        "type": "Point",
        "coordinates": [
          -79.3832,
          43.6532
        ]
      }
    },
    {
      "type": "Feature",
      "properties": {
        "ip": "162.159.133.232",
        "url": "https://media.discordapp.net/attachments/1113848227515613224/1397631164583383080/IMG_2864.jpg?ex=688cf8f4&is=688ba774&hm=575bb049ee094bc7d6fe5dc76071da3c25f0244ea3d8e9ff9897c5dcb864d62b&=&format=webp&width=560&height=700",
        "city": "Toronto",
        "region": "Ontario",
        "country": "Canada",
        "org": "Cloudflare, Inc.",
        "timezone": "America/Toronto",
        "source": "ip-api.com"
      },
      "geometry": {
        "type": "Point",
        "coordinates": [
          -79.3832,
          43.6532
        ]
      }
    },
    {
      "type": "Feature",
      "properties": {
        "ip": "162.159.133.232",
        "url": "https://media.discordapp.net/stickers/773912319839043625.png?size=320&passthrough=false",
        "city": "Toronto",
        "region": "Ontario",
        "country": "Canada",
        "org": "Cloudflare, Inc.",
        "timezone": "America/Toronto",
        "source": "ip-api.com"
      },
      "geometry": {
        "type": "Point",
        "coordinates": [
          -79.3832,
          43.6532
        ]
      }
    },
    {
      "type": "Feature",
      "properties": {
        "ip": "162.159.133.232",
        "url": "https://media.discordapp.net/attachments/1126279738533625856/1262556061446176798/Screenshot_2024-07-15_at_7.10.42_PM.png?ex=688d51f6&is=688c0076&hm=22f284ca9335562111510cb32cf73ecedd4331e2809ce774d9a78de5643ece4c&=&format=webp&quality=lossless&width=546&height=546",
        "city": "Toronto",
        "region": "Ontario",
        "country": "Canada",
        "org": "Cloudflare, Inc.",
        "timezone": "America/Toronto",
        "source": "ip-api.com"
      },
      "geometry": {
        "type": "Point",
        "coordinates": [
          -79.3832,
          43.6532
        ]
      }
    },
    {
      "type": "Feature",
      "properties": {
        "ip": "162.159.133.232",
        "url": "https://media.discordapp.net/attachments/1126284197892456498/1399780682062106625/IMG_6488.png?ex=688ce1d9&is=688b9059&hm=ea52ad77d4edb90bfdd6112f91f3fabc30008721dac15d68e344edc7f114bf27&=&format=webp&quality=lossless&width=1100&height=196",
        "city": "Toronto",
        "region": "Ontario",
        "country": "Canada",
        "org": "Cloudflare, Inc.",
        "timezone": "America/Toronto",
        "source": "ip-api.com"
      },
      "geometry": {
        "type": "Point",
        "coordinates": [
          -79.3832,
          43.6532
        ]
      }
    },
    {
      "type": "Feature",
      "properties": {
        "ip": "162.159.133.232",
        "url": "https://media.discordapp.net/attachments/1113848227515613224/1361913097073463389/IMG_3663.jpg?ex=688ce3a9&is=688b9229&hm=465b8c0424bc67ca2a8e89a262c2dd81b49b71f3a0b5e13671f068f9d0ac7d30&=&format=webp&width=728&height=700",
        "city": "Toronto",
        "region": "Ontario",
        "country": "Canada",
        "org": "Cloudflare, Inc.",
        "timezone": "America/Toronto",
        "source": "ip-api.com"
      },
      "geometry": {
        "type": "Point",
        "coordinates": [
          -79.3832,
          43.6532
        ]
      }
    },
    {
      "type": "Feature",
      "properties": {
        "ip": "162.159.133.232",
        "url": "https://media.discordapp.net/attachments/1113848227515613224/1370783902683365416/IMG_4285.jpg?ex=688cdc7e&is=688b8afe&hm=ee2333fdab8e7b2451ec4bfb218cce4161a17a90a2745c13db0a3a25799684dd&=&format=webp&width=362&height=362",
        "city": "Toronto",
        "region": "Ontario",
        "country": "Canada",
        "org": "Cloudflare, Inc.",
        "timezone": "America/Toronto",
        "source": "ip-api.com"
      },
      "geometry": {
        "type": "Point",
        "coordinates": [
          -79.3832,
          43.6532
        ]
      }
    },
    {
      "type": "Feature",
      "properties": {
        "ip": "162.159.133.232",
        "url": "https://media.discordapp.net/attachments/1113844069932732439/1373662702588919971/IMG_9491.jpg?ex=688cc995&is=688b7815&hm=80660b0a96591cf41b0680a430aa97f99599428b5ccd515665d5f610a199443f&=&format=webp&width=362&height=362",
        "city": "Toronto",
        "region": "Ontario",
        "country": "Canada",
        "org": "Cloudflare, Inc.",
        "timezone": "America/Toronto",
        "source": "ip-api.com"
      },
      "geometry": {
        "type": "Point",
        "coordinates": [
          -79.3832,
          43.6532
        ]
      }
    },
    {
      "type": "Feature",
      "properties": {
        "ip": "162.159.133.232",
        "url": "https://media.discordapp.net/attachments/1126279738533625856/1392293273585848513/Screenshot_2025-07-08_at_19.56.09.png?ex=688d5427&is=688c02a7&hm=beba2df5e01d2d278134e2844b6f3abafea249f5d7a684eb414a649a339b8497&=&format=webp&quality=lossless&width=1050&height=700",
        "city": "Toronto",
        "region": "Ontario",
        "country": "Canada",
        "org": "Cloudflare, Inc.",
        "timezone": "America/Toronto",
        "source": "ip-api.com"
      },
      "geometry": {
        "type": "Point",
        "coordinates": [
          -79.3832,
          43.6532
        ]
      }
    },
    {
      "type": "Feature",
      "properties": {
        "ip": "162.159.133.232",
        "url": "https://media.discordapp.net/attachments/1126279738533625856/1392294163864621056/counternarratives.png?ex=688d54fc&is=688c037c&hm=4b08812bc9a7e7066c5e203314d83c90453e28816744d46347b71e224aea8d5a&=&format=webp&quality=lossless&width=1052&height=700",
        "city": "Toronto",
        "region": "Ontario",
        "country": "Canada",
        "org": "Cloudflare, Inc.",
        "timezone": "America/Toronto",
        "source": "ip-api.com"
      },
      "geometry": {
        "type": "Point",
        "coordinates": [
          -79.3832,
          43.6532
        ]
      }
    },
    {
      "type": "Feature",
      "properties": {
        "ip": "162.159.133.232",
        "url": "https://media.discordapp.net/attachments/1113844069932732439/1373662700659277905/IMG_9489.jpg?ex=688cc995&is=688b7815&hm=e88a373fe9c07107d06a25a07643730cbf1f401216b62fd3d557179b70251164&=&format=webp&width=362&height=362",
        "city": "Toronto",
        "region": "Ontario",
        "country": "Canada",
        "org": "Cloudflare, Inc.",
        "timezone": "America/Toronto",
        "source": "ip-api.com"
      },
      "geometry": {
        "type": "Point",
        "coordinates": [
          -79.3832,
          43.6532
        ]
      }
    },
    {
      "type": "Feature",
      "properties": {
        "ip": "162.159.133.232",
        "url": "https://media.discordapp.net/attachments/1126279738533625856/1262556061705965648/Screenshot_2024-07-15_at_7.43.19_PM.png?ex=688d51f6&is=688c0076&hm=f30f012642c2beceedfdf0afe5b7652d8f104b43a2826ab4f6585b42cec58b03&=&format=webp&quality=lossless&width=546&height=546",
        "city": "Toronto",
        "region": "Ontario",
        "country": "Canada",
        "org": "Cloudflare, Inc.",
        "timezone": "America/Toronto",
        "source": "ip-api.com"
      },
      "geometry": {
        "type": "Point",
        "coordinates": [
          -79.3832,
          43.6532
        ]
      }
    },
    {
      "type": "Feature",
      "properties": {
        "ip": "162.159.133.232",
        "url": "https://media.discordapp.net/attachments/1113844069932732439/1373415033303990313/IMG_8664.jpg?ex=688d346c&is=688be2ec&hm=89fd773cba68f6908adb9e04fed42c571dfa2d2b5309b93e3de80afd0e341d56&=&format=webp&width=364&height=346",
        "city": "Toronto",
        "region": "Ontario",
        "country": "Canada",
        "org": "Cloudflare, Inc.",
        "timezone": "America/Toronto",
        "source": "ip-api.com"
      },
      "geometry": {
        "type": "Point",
        "coordinates": [
          -79.3832,
          43.6532
        ]
      }
    },
    {
      "type": "Feature",
      "properties": {
        "ip": "162.159.133.232",
        "url": "https://media.discordapp.net/attachments/1113844069932732439/1373662703796883538/IMG_9494.jpg?ex=688cc996&is=688b7816&hm=07333de278140e7d0b3760cb5b5cc38c2acd2e44078105d37e1190e6da3c98de&=&format=webp&width=362&height=362",
        "city": "Toronto",
        "region": "Ontario",
        "country": "Canada",
        "org": "Cloudflare, Inc.",
        "timezone": "America/Toronto",
        "source": "ip-api.com"
      },
      "geometry": {
        "type": "Point",
        "coordinates": [
          -79.3832,
          43.6532
        ]
      }
    },
    {
      "type": "Feature",
      "properties": {
        "ip": "162.159.133.232",
        "url": "https://media.discordapp.net/attachments/1126284197892456498/1395740556608405514/IMG_2794.png?ex=688d5870&is=688c06f0&hm=f02f13cbdfe54feab2cbf4710c1b33132dd832d794e4aa29d76b219b52e51703&=&format=webp&quality=lossless&width=442&height=700",
        "city": "Toronto",
        "region": "Ontario",
        "country": "Canada",
        "org": "Cloudflare, Inc.",
        "timezone": "America/Toronto",
        "source": "ip-api.com"
      },
      "geometry": {
        "type": "Point",
        "coordinates": [
          -79.3832,
          43.6532
        ]
      }
    },
    {
      "type": "Feature",
      "properties": {
        "ip": "162.159.133.232",
        "url": "https://media.discordapp.net/attachments/1113844069932732439/1373662701305463006/IMG_9490.jpg?ex=688cc995&is=688b7815&hm=8be83991db15f7840ac18b6721de161be97a9d403d525b7b154be293be427f58&=&format=webp&width=362&height=362",
        "city": "Toronto",
        "region": "Ontario",
        "country": "Canada",
        "org": "Cloudflare, Inc.",
        "timezone": "America/Toronto",
        "source": "ip-api.com"
      },
      "geometry": {
        "type": "Point",
        "coordinates": [
          -79.3832,
          43.6532
        ]
      }
    },
    {
      "type": "Feature",
      "properties": {
        "ip": "162.159.133.232",
        "url": "https://media.discordapp.net/attachments/1248658042917228544/1338527446651375769/OpenCall-Apply-Y12.jpg?ex=688cd8d3&is=688b8753&hm=b205683d87a58dd593242cb3ce5a96a7af248f5ff771418830191449b6d04ec8&=&format=webp&width=560&height=700",
        "city": "Toronto",
        "region": "Ontario",
        "country": "Canada",
        "org": "Cloudflare, Inc.",
        "timezone": "America/Toronto",
        "source": "ip-api.com"
      },
      "geometry": {
        "type": "Point",
        "coordinates": [
          -79.3832,
          43.6532
        ]
      }
    },
    {
      "type": "Feature",
      "properties": {
        "ip": "162.159.133.232",
        "url": "https://media.discordapp.net/attachments/1126284197892456498/1396914745940119694/Screenshot_2025-07-21_at_2.00.22_PM.png?ex=688d00bc&is=688baf3c&hm=77d8535ba2c324dd732da66dd80a02594fdf2a1e8a2f869070afc5e3df0d5e02&=&format=webp&quality=lossless&width=1100&height=624",
        "city": "Toronto",
        "region": "Ontario",
        "country": "Canada",
        "org": "Cloudflare, Inc.",
        "timezone": "America/Toronto",
        "source": "ip-api.com"
      },
      "geometry": {
        "type": "Point",
        "coordinates": [
          -79.3832,
          43.6532
        ]
      }
    },
    {
      "type": "Feature",
      "properties": {
        "ip": "162.159.133.232",
        "url": "https://media.discordapp.net/attachments/1113848227515613224/1389334035976949951/CDP_1_still_4_5.png?ex=688d1c26&is=688bcaa6&hm=d670cafdbebade441432581fa635b646306662a00b24b585e0975f9f30e63c22&=&format=webp&quality=lossless&width=560&height=700",
        "city": "Toronto",
        "region": "Ontario",
        "country": "Canada",
        "org": "Cloudflare, Inc.",
        "timezone": "America/Toronto",
        "source": "ip-api.com"
      },
      "geometry": {
        "type": "Point",
        "coordinates": [
          -79.3832,
          43.6532
        ]
      }
    },
    {
      "type": "Feature",
      "properties": {
        "ip": "162.159.133.232",
        "url": "https://media.discordapp.net/attachments/1113848227515613224/1389333812164694036/CDP_overall_still_4_5.png?ex=688d1bf1&is=688bca71&hm=6c201cb49d120e3a72e158f32cd25d8481d4f2f6c6af080b422846d11351f55e&=&format=webp&quality=lossless&width=560&height=700",
        "city": "Toronto",
        "region": "Ontario",
        "country": "Canada",
        "org": "Cloudflare, Inc.",
        "timezone": "America/Toronto",
        "source": "ip-api.com"
      },
      "geometry": {
        "type": "Point",
        "coordinates": [
          -79.3832,
          43.6532
        ]
      }
    },
    {
      "type": "Feature",
      "properties": {
        "ip": "162.159.133.232",
        "url": "https://media.discordapp.net/attachments/1113844069932732439/1373663309999505571/IMG_4815.png?ex=688cca26&is=688b78a6&hm=0337ef1652266d71b50240b284af19f7db5eb5c899b640ce13e5f4682216f424&=&format=webp&quality=lossless&width=546&height=346",
        "city": "Toronto",
        "region": "Ontario",
        "country": "Canada",
        "org": "Cloudflare, Inc.",
        "timezone": "America/Toronto",
        "source": "ip-api.com"
      },
      "geometry": {
        "type": "Point",
        "coordinates": [
          -79.3832,
          43.6532
        ]
      }
    },
    {
      "type": "Feature",
      "properties": {
        "ip": "162.159.133.232",
        "url": "https://media.discordapp.net/attachments/1113848227515613224/1361913098415636632/IMG_3680.jpg?ex=688ce3a9&is=688b9229&hm=145373d737b81be74ba60be220084759dbbb111a7c0e246eaa8fc7678cc56e39&=&format=webp&width=364&height=346",
        "city": "Toronto",
        "region": "Ontario",
        "country": "Canada",
        "org": "Cloudflare, Inc.",
        "timezone": "America/Toronto",
        "source": "ip-api.com"
      },
      "geometry": {
        "type": "Point",
        "coordinates": [
          -79.3832,
          43.6532
        ]
      }
    },
    {
      "type": "Feature",
      "properties": {
        "ip": "162.159.133.232",
        "url": "https://media.discordapp.net/attachments/1113844069932732439/1373415033790402601/IMG_8663.jpg?ex=688d346c&is=688be2ec&hm=bcb91dc6e6d9c2b0e65838ce6974993cedbc5e8fd14d704f4df9ce352cd1175d&=&format=webp&width=364&height=346",
        "city": "Toronto",
        "region": "Ontario",
        "country": "Canada",
        "org": "Cloudflare, Inc.",
        "timezone": "America/Toronto",
        "source": "ip-api.com"
      },
      "geometry": {
        "type": "Point",
        "coordinates": [
          -79.3832,
          43.6532
        ]
      }
    },
    {
      "type": "Feature",
      "properties": {
        "ip": "162.159.133.232",
        "url": "https://images-ext-1.discordapp.net/external/AcZeekB4Tc0aTae_dWiZ1-z0-_-vm74IMUih8KiaCSc/%3Fsource%3Dopengraph/https/assets.calendly.com/assets/booking/ogimage-453957c3679200e19fcc84e079b5e55cfb26ae5a3aa2504d75b5aedaaf37aa0c.png?format=webp&quality=lossless&width=160&height=84",
        "city": "Toronto",
        "region": "Ontario",
        "country": "Canada",
        "org": "Cloudflare, Inc.",
        "timezone": "America/Toronto",
        "source": "ip-api.com"
      },
      "geometry": {
        "type": "Point",
        "coordinates": [
          -79.3832,
          43.6532
        ]
      }
    },
    {
      "type": "Feature",
      "properties": {
        "ip": "162.159.133.232",
        "url": "https://media.discordapp.net/attachments/1126284197892456498/1394388872082751528/Screenshot_2025-07-14_at_2.43.26_PM.png?ex=688d0ad5&is=688bb955&hm=484478fea3db307dbe7585b25c51a221e82d4d2fc52e98487333ece27fc5e012&=&format=webp&quality=lossless&width=1100&height=528",
        "city": "Toronto",
        "region": "Ontario",
        "country": "Canada",
        "org": "Cloudflare, Inc.",
        "timezone": "America/Toronto",
        "source": "ip-api.com"
      },
      "geometry": {
        "type": "Point",
        "coordinates": [
          -79.3832,
          43.6532
        ]
      }
    },
    {
      "type": "Feature",
      "properties": {
        "ip": "162.159.133.232",
        "url": "https://media.discordapp.net/attachments/1113844069932732439/1388609274439139400/image.png?ex=688d1c2a&is=688bcaaa&hm=24c24c3c5234c3f769b2e40552cd16af8d6d5fa600a0102247265a66589506b6&=&format=webp&quality=lossless&width=1832&height=1102",
        "city": "Toronto",
        "region": "Ontario",
        "country": "Canada",
        "org": "Cloudflare, Inc.",
        "timezone": "America/Toronto",
        "source": "ip-api.com"
      },
      "geometry": {
        "type": "Point",
        "coordinates": [
          -79.3832,
          43.6532
        ]
      }
    },
    {
      "type": "Feature",
      "properties": {
        "ip": "162.159.133.232",
        "url": "https://media.discordapp.net/attachments/1113848227515613224/1351199615172481054/image0.jpg?ex=688cce34&is=688b7cb4&hm=f5dce939a34282aecec16043f9905d0315c6a98bdf47ba602b844b85d902a3db&=&format=webp&width=560&height=700",
        "city": "Toronto",
        "region": "Ontario",
        "country": "Canada",
        "org": "Cloudflare, Inc.",
        "timezone": "America/Toronto",
        "source": "ip-api.com"
      },
      "geometry": {
        "type": "Point",
        "coordinates": [
          -79.3832,
          43.6532
        ]
      }
    },
    {
      "type": "Feature",
      "properties": {
        "ip": "162.159.136.232",
        "url": "https://discord.com/assets/b8dafcbec499ac71.svg",
        "city": "Toronto",
        "region": "Ontario",
        "country": "Canada",
        "org": "Cloudflare, Inc.",
        "timezone": "America/Toronto",
        "source": "ip-api.com"
      },
      "geometry": {
        "type": "Point",
        "coordinates": [
          -79.3832,
          43.6532
        ]
      }
    },
    {
      "type": "Feature",
      "properties": {
        "ip": "162.159.136.232",
        "url": "https://discord.com/assets/c385be0e81124493.js",
        "city": "Toronto",
        "region": "Ontario",
        "country": "Canada",
        "org": "Cloudflare, Inc.",
        "timezone": "America/Toronto",
        "source": "ip-api.com"
      },
      "geometry": {
        "type": "Point",
        "coordinates": [
          -79.3832,
          43.6532
        ]
      }
    },
    {
      "type": "Feature",
      "properties": {
        "ip": "162.159.136.232",
        "url": "https://discord.com/assets/e9a6c9f04a0abfaf.js",
        "city": "Toronto",
        "region": "Ontario",
        "country": "Canada",
        "org": "Cloudflare, Inc.",
        "timezone": "America/Toronto",
        "source": "ip-api.com"
      },
      "geometry": {
        "type": "Point",
        "coordinates": [
          -79.3832,
          43.6532
        ]
      }
    },
    {
      "type": "Feature",
      "properties": {
        "ip": "162.159.136.232",
        "url": "https://discord.com/assets/a3a830e8d4f79c7d.js",
        "city": "Toronto",
        "region": "Ontario",
        "country": "Canada",
        "org": "Cloudflare, Inc.",
        "timezone": "America/Toronto",
        "source": "ip-api.com"
      },
      "geometry": {
        "type": "Point",
        "coordinates": [
          -79.3832,
          43.6532
        ]
      }
    },
    {
      "type": "Feature",
      "properties": {
        "ip": "162.159.136.232",
        "url": "https://discord.com/assets/26251697968a8cfe.svg",
        "city": "Toronto",
        "region": "Ontario",
        "country": "Canada",
        "org": "Cloudflare, Inc.",
        "timezone": "America/Toronto",
        "source": "ip-api.com"
      },
      "geometry": {
        "type": "Point",
        "coordinates": [
          -79.3832,
          43.6532
        ]
      }
    },
    {
      "type": "Feature",
      "properties": {
        "ip": "162.159.136.232",
        "url": "https://discord.com/assets/4742013cbe7dbca0.svg",
        "city": "Toronto",
        "region": "Ontario",
        "country": "Canada",
        "org": "Cloudflare, Inc.",
        "timezone": "America/Toronto",
        "source": "ip-api.com"
      },
      "geometry": {
        "type": "Point",
        "coordinates": [
          -79.3832,
          43.6532
        ]
      }
    },
    {
      "type": "Feature",
      "properties": {
        "ip": "162.159.136.232",
        "url": "https://discord.com/assets/94660b205108a49f.svg",
        "city": "Toronto",
        "region": "Ontario",
        "country": "Canada",
        "org": "Cloudflare, Inc.",
        "timezone": "America/Toronto",
        "source": "ip-api.com"
      },
      "geometry": {
        "type": "Point",
        "coordinates": [
          -79.3832,
          43.6532
        ]
      }
    },
    {
      "type": "Feature",
      "properties": {
        "ip": "162.159.136.232",
        "url": "https://discord.com/assets/99c37d0072d3b000.svg",
        "city": "Toronto",
        "region": "Ontario",
        "country": "Canada",
        "org": "Cloudflare, Inc.",
        "timezone": "America/Toronto",
        "source": "ip-api.com"
      },
      "geometry": {
        "type": "Point",
        "coordinates": [
          -79.3832,
          43.6532
        ]
      }
    },
    {
      "type": "Feature",
      "properties": {
        "ip": "162.159.136.232",
        "url": "https://discord.com/assets/40ecad9ac8103595.svg",
        "city": "Toronto",
        "region": "Ontario",
        "country": "Canada",
        "org": "Cloudflare, Inc.",
        "timezone": "America/Toronto",
        "source": "ip-api.com"
      },
      "geometry": {
        "type": "Point",
        "coordinates": [
          -79.3832,
          43.6532
        ]
      }
    },
    {
      "type": "Feature",
      "properties": {
        "ip": "162.159.136.232",
        "url": "https://discord.com/assets/89303650b25da344.svg",
        "city": "Toronto",
        "region": "Ontario",
        "country": "Canada",
        "org": "Cloudflare, Inc.",
        "timezone": "America/Toronto",
        "source": "ip-api.com"
      },
      "geometry": {
        "type": "Point",
        "coordinates": [
          -79.3832,
          43.6532
        ]
      }
    },
    {
      "type": "Feature",
      "properties": {
        "ip": "162.159.136.232",
        "url": "https://discord.com/assets/4f902f15dedd030d.js",
        "city": "Toronto",
        "region": "Ontario",
        "country": "Canada",
        "org": "Cloudflare, Inc.",
        "timezone": "America/Toronto",
        "source": "ip-api.com"
      },
      "geometry": {
        "type": "Point",
        "coordinates": [
          -79.3832,
          43.6532
        ]
      }
    },
    {
      "type": "Feature",
      "properties": {
        "ip": "162.159.136.232",
        "url": "https://discord.com/assets/385f80f1ce8617c0.js",
        "city": "Toronto",
        "region": "Ontario",
        "country": "Canada",
        "org": "Cloudflare, Inc.",
        "timezone": "America/Toronto",
        "source": "ip-api.com"
      },
      "geometry": {
        "type": "Point",
        "coordinates": [
          -79.3832,
          43.6532
        ]
      }
    },
    {
      "type": "Feature",
      "properties": {
        "ip": "162.159.136.232",
        "url": "https://discord.com/assets/411d8a698dd15ddf.png",
        "city": "Toronto",
        "region": "Ontario",
        "country": "Canada",
        "org": "Cloudflare, Inc.",
        "timezone": "America/Toronto",
        "source": "ip-api.com"
      },
      "geometry": {
        "type": "Point",
        "coordinates": [
          -79.3832,
          43.6532
        ]
      }
    },
    {
      "type": "Feature",
      "properties": {
        "ip": "162.159.136.232",
        "url": "https://discord.com/assets/320d5a40d309f942.png",
        "city": "Toronto",
        "region": "Ontario",
        "country": "Canada",
        "org": "Cloudflare, Inc.",
        "timezone": "America/Toronto",
        "source": "ip-api.com"
      },
      "geometry": {
        "type": "Point",
        "coordinates": [
          -79.3832,
          43.6532
        ]
      }
    },
    {
      "type": "Feature",
      "properties": {
        "ip": "162.159.136.232",
        "url": "https://discord.com/assets/ce2251b771889065.js",
        "city": "Toronto",
        "region": "Ontario",
        "country": "Canada",
        "org": "Cloudflare, Inc.",
        "timezone": "America/Toronto",
        "source": "ip-api.com"
      },
      "geometry": {
        "type": "Point",
        "coordinates": [
          -79.3832,
          43.6532
        ]
      }
    },
    {
      "type": "Feature",
      "properties": {
        "ip": "162.159.136.232",
        "url": "https://discord.com/assets/82ec210be6c36024.svg",
        "city": "Toronto",
        "region": "Ontario",
        "country": "Canada",
        "org": "Cloudflare, Inc.",
        "timezone": "America/Toronto",
        "source": "ip-api.com"
      },
      "geometry": {
        "type": "Point",
        "coordinates": [
          -79.3832,
          43.6532
        ]
      }
    },
    {
      "type": "Feature",
      "properties": {
        "ip": "162.159.136.232",
        "url": "https://discord.com/assets/2666944303f0c707.js",
        "city": "Toronto",
        "region": "Ontario",
        "country": "Canada",
        "org": "Cloudflare, Inc.",
        "timezone": "America/Toronto",
        "source": "ip-api.com"
      },
      "geometry": {
        "type": "Point",
        "coordinates": [
          -79.3832,
          43.6532
        ]
      }
    },
    {
      "type": "Feature",
      "properties": {
        "ip": "162.159.136.232",
        "url": "https://discord.com/assets/9855d7e3b9780976.png",
        "city": "Toronto",
        "region": "Ontario",
        "country": "Canada",
        "org": "Cloudflare, Inc.",
        "timezone": "America/Toronto",
        "source": "ip-api.com"
      },
      "geometry": {
        "type": "Point",
        "coordinates": [
          -79.3832,
          43.6532
        ]
      }
    },
    {
      "type": "Feature",
      "properties": {
        "ip": "162.159.136.232",
        "url": "https://discord.com/assets/b40f0c9829ddb534.js",
        "city": "Toronto",
        "region": "Ontario",
        "country": "Canada",
        "org": "Cloudflare, Inc.",
        "timezone": "America/Toronto",
        "source": "ip-api.com"
      },
      "geometry": {
        "type": "Point",
        "coordinates": [
          -79.3832,
          43.6532
        ]
      }
    },
    {
      "type": "Feature",
      "properties": {
        "ip": "162.159.136.232",
        "url": "https://discord.com/assets/2ccd8ae8b2379360.png",
        "city": "Toronto",
        "region": "Ontario",
        "country": "Canada",
        "org": "Cloudflare, Inc.",
        "timezone": "America/Toronto",
        "source": "ip-api.com"
      },
      "geometry": {
        "type": "Point",
        "coordinates": [
          -79.3832,
          43.6532
        ]
      }
    },
    {
      "type": "Feature",
      "properties": {
        "ip": "162.159.136.232",
        "url": "https://discord.com/assets/5415d4c0defb33ed.js",
        "city": "Toronto",
        "region": "Ontario",
        "country": "Canada",
        "org": "Cloudflare, Inc.",
        "timezone": "America/Toronto",
        "source": "ip-api.com"
      },
      "geometry": {
        "type": "Point",
        "coordinates": [
          -79.3832,
          43.6532
        ]
      }
    },
    {
      "type": "Feature",
      "properties": {
        "ip": "162.159.136.232",
        "url": "https://discord.com/assets/2469b03ecf8ecfc2.svg",
        "city": "Toronto",
        "region": "Ontario",
        "country": "Canada",
        "org": "Cloudflare, Inc.",
        "timezone": "America/Toronto",
        "source": "ip-api.com"
      },
      "geometry": {
        "type": "Point",
        "coordinates": [
          -79.3832,
          43.6532
        ]
      }
    },
    {
      "type": "Feature",
      "properties": {
        "ip": "162.159.136.232",
        "url": "https://discord.com/assets/788f05731f8aa02e.png",
        "city": "Toronto",
        "region": "Ontario",
        "country": "Canada",
        "org": "Cloudflare, Inc.",
        "timezone": "America/Toronto",
        "source": "ip-api.com"
      },
      "geometry": {
        "type": "Point",
        "coordinates": [
          -79.3832,
          43.6532
        ]
      }
    },
    {
      "type": "Feature",
      "properties": {
        "ip": "162.159.136.232",
        "url": "https://discord.com/assets/f2aa4131e6b0aca3.js",
        "city": "Toronto",
        "region": "Ontario",
        "country": "Canada",
        "org": "Cloudflare, Inc.",
        "timezone": "America/Toronto",
        "source": "ip-api.com"
      },
      "geometry": {
        "type": "Point",
        "coordinates": [
          -79.3832,
          43.6532
        ]
      }
    },
    {
      "type": "Feature",
      "properties": {
        "ip": "162.159.136.232",
        "url": "https://discord.com/assets/6ad1afa5421684b9.js",
        "city": "Toronto",
        "region": "Ontario",
        "country": "Canada",
        "org": "Cloudflare, Inc.",
        "timezone": "America/Toronto",
        "source": "ip-api.com"
      },
      "geometry": {
        "type": "Point",
        "coordinates": [
          -79.3832,
          43.6532
        ]
      }
    },
    {
      "type": "Feature",
      "properties": {
        "ip": "162.159.136.232",
        "url": "https://discord.com/assets/6922cf9e6331c89b.js",
        "city": "Toronto",
        "region": "Ontario",
        "country": "Canada",
        "org": "Cloudflare, Inc.",
        "timezone": "America/Toronto",
        "source": "ip-api.com"
      },
      "geometry": {
        "type": "Point",
        "coordinates": [
          -79.3832,
          43.6532
        ]
      }
    },
    {
      "type": "Feature",
      "properties": {
        "ip": "162.159.136.232",
        "url": "https://discord.com/assets/caa17ce25b901a46.svg",
        "city": "Toronto",
        "region": "Ontario",
        "country": "Canada",
        "org": "Cloudflare, Inc.",
        "timezone": "America/Toronto",
        "source": "ip-api.com"
      },
      "geometry": {
        "type": "Point",
        "coordinates": [
          -79.3832,
          43.6532
        ]
      }
    },
    {
      "type": "Feature",
      "properties": {
        "ip": "162.159.136.232",
        "url": "https://discord.com/assets/10cfdf082083ea92.svg",
        "city": "Toronto",
        "region": "Ontario",
        "country": "Canada",
        "org": "Cloudflare, Inc.",
        "timezone": "America/Toronto",
        "source": "ip-api.com"
      },
      "geometry": {
        "type": "Point",
        "coordinates": [
          -79.3832,
          43.6532
        ]
      }
    },
    {
      "type": "Feature",
      "properties": {
        "ip": "162.159.136.232",
        "url": "https://discord.com/assets/2dbab92c060e6da6.js",
        "city": "Toronto",
        "region": "Ontario",
        "country": "Canada",
        "org": "Cloudflare, Inc.",
        "timezone": "America/Toronto",
        "source": "ip-api.com"
      },
      "geometry": {
        "type": "Point",
        "coordinates": [
          -79.3832,
          43.6532
        ]
      }
    },
    {
      "type": "Feature",
      "properties": {
        "ip": "162.159.136.232",
        "url": "https://discord.com/assets/1a47c223080bcf0e.js",
        "city": "Toronto",
        "region": "Ontario",
        "country": "Canada",
        "org": "Cloudflare, Inc.",
        "timezone": "America/Toronto",
        "source": "ip-api.com"
      },
      "geometry": {
        "type": "Point",
        "coordinates": [
          -79.3832,
          43.6532
        ]
      }
    },
    {
      "type": "Feature",
      "properties": {
        "ip": "162.159.138.232",
        "url": "https://discord.com/assets/487d98cae642ad8d.js",
        "city": "Toronto",
        "region": "Ontario",
        "country": "Canada",
        "org": "Cloudflare, Inc.",
        "timezone": "America/Toronto",
        "source": "ip-api.com"
      },
      "geometry": {
        "type": "Point",
        "coordinates": [
          -79.3832,
          43.6532
        ]
      }
    },
    {
      "type": "Feature",
      "properties": {
        "ip": "162.159.138.232",
        "url": "https://discord.com/assets/c6b4f2297bec6f8d.svg",
        "city": "Toronto",
        "region": "Ontario",
        "country": "Canada",
        "org": "Cloudflare, Inc.",
        "timezone": "America/Toronto",
        "source": "ip-api.com"
      },
      "geometry": {
        "type": "Point",
        "coordinates": [
          -79.3832,
          43.6532
        ]
      }
    },
    {
      "type": "Feature",
      "properties": {
        "ip": "162.159.138.232",
        "url": "https://discord.com/assets/f4bad77442422ded.svg",
        "city": "Toronto",
        "region": "Ontario",
        "country": "Canada",
        "org": "Cloudflare, Inc.",
        "timezone": "America/Toronto",
        "source": "ip-api.com"
      },
      "geometry": {
        "type": "Point",
        "coordinates": [
          -79.3832,
          43.6532
        ]
      }
    },
    {
      "type": "Feature",
      "properties": {
        "ip": "162.159.138.232",
        "url": "https://discord.com/assets/744deec4104c34a5.svg",
        "city": "Toronto",
        "region": "Ontario",
        "country": "Canada",
        "org": "Cloudflare, Inc.",
        "timezone": "America/Toronto",
        "source": "ip-api.com"
      },
      "geometry": {
        "type": "Point",
        "coordinates": [
          -79.3832,
          43.6532
        ]
      }
    },
    {
      "type": "Feature",
      "properties": {
        "ip": "162.159.138.232",
        "url": "https://discord.com/assets/500b41300e73e3d1.js",
        "city": "Toronto",
        "region": "Ontario",
        "country": "Canada",
        "org": "Cloudflare, Inc.",
        "timezone": "America/Toronto",
        "source": "ip-api.com"
      },
      "geometry": {
        "type": "Point",
        "coordinates": [
          -79.3832,
          43.6532
        ]
      }
    },
    {
      "type": "Feature",
      "properties": {
        "ip": "162.159.138.232",
        "url": "https://discord.com/assets/672c10d87d5a5075.js",
        "city": "Toronto",
        "region": "Ontario",
        "country": "Canada",
        "org": "Cloudflare, Inc.",
        "timezone": "America/Toronto",
        "source": "ip-api.com"
      },
      "geometry": {
        "type": "Point",
        "coordinates": [
          -79.3832,
          43.6532
        ]
      }
    },
    {
      "type": "Feature",
      "properties": {
        "ip": "162.159.138.232",
        "url": "https://discord.com/assets/a1a27fe6215e6747.js",
        "city": "Toronto",
        "region": "Ontario",
        "country": "Canada",
        "org": "Cloudflare, Inc.",
        "timezone": "America/Toronto",
        "source": "ip-api.com"
      },
      "geometry": {
        "type": "Point",
        "coordinates": [
          -79.3832,
          43.6532
        ]
      }
    },
    {
      "type": "Feature",
      "properties": {
        "ip": "162.159.138.232",
        "url": "https://discord.com/assets/0cee9aa877353269.js",
        "city": "Toronto",
        "region": "Ontario",
        "country": "Canada",
        "org": "Cloudflare, Inc.",
        "timezone": "America/Toronto",
        "source": "ip-api.com"
      },
      "geometry": {
        "type": "Point",
        "coordinates": [
          -79.3832,
          43.6532
        ]
      }
    },
    {
      "type": "Feature",
      "properties": {
        "ip": "162.159.138.232",
        "url": "https://discord.com/assets/2af5e5475cb2d98f.js",
        "city": "Toronto",
        "region": "Ontario",
        "country": "Canada",
        "org": "Cloudflare, Inc.",
        "timezone": "America/Toronto",
        "source": "ip-api.com"
      },
      "geometry": {
        "type": "Point",
        "coordinates": [
          -79.3832,
          43.6532
        ]
      }
    },
    {
      "type": "Feature",
      "properties": {
        "ip": "162.159.138.232",
        "url": "https://discord.com/assets/5c39f3584d6ed987.js",
        "city": "Toronto",
        "region": "Ontario",
        "country": "Canada",
        "org": "Cloudflare, Inc.",
        "timezone": "America/Toronto",
        "source": "ip-api.com"
      },
      "geometry": {
        "type": "Point",
        "coordinates": [
          -79.3832,
          43.6532
        ]
      }
    },
    {
      "type": "Feature",
      "properties": {
        "ip": "162.159.138.232",
        "url": "https://discord.com/assets/832ad8dc0d14f87c.svg",
        "city": "Toronto",
        "region": "Ontario",
        "country": "Canada",
        "org": "Cloudflare, Inc.",
        "timezone": "America/Toronto",
        "source": "ip-api.com"
      },
      "geometry": {
        "type": "Point",
        "coordinates": [
          -79.3832,
          43.6532
        ]
      }
    },
    {
      "type": "Feature",
      "properties": {
        "ip": "162.159.138.232",
        "url": "https://discord.com/assets/d11dc1928431aa27.svg",
        "city": "Toronto",
        "region": "Ontario",
        "country": "Canada",
        "org": "Cloudflare, Inc.",
        "timezone": "America/Toronto",
        "source": "ip-api.com"
      },
      "geometry": {
        "type": "Point",
        "coordinates": [
          -79.3832,
          43.6532
        ]
      }
    },
    {
      "type": "Feature",
      "properties": {
        "ip": "162.159.138.232",
        "url": "https://discord.com/assets/788833b10b3f7d43.js",
        "city": "Toronto",
        "region": "Ontario",
        "country": "Canada",
        "org": "Cloudflare, Inc.",
        "timezone": "America/Toronto",
        "source": "ip-api.com"
      },
      "geometry": {
        "type": "Point",
        "coordinates": [
          -79.3832,
          43.6532
        ]
      }
    },
    {
      "type": "Feature",
      "properties": {
        "ip": "162.159.138.232",
        "url": "https://discord.com/assets/5797bd2fd8caebc0.js",
        "city": "Toronto",
        "region": "Ontario",
        "country": "Canada",
        "org": "Cloudflare, Inc.",
        "timezone": "America/Toronto",
        "source": "ip-api.com"
      },
      "geometry": {
        "type": "Point",
        "coordinates": [
          -79.3832,
          43.6532
        ]
      }
    },
    {
      "type": "Feature",
      "properties": {
        "ip": "162.159.138.232",
        "url": "https://discord.com/assets/f625814fc53c325e.svg",
        "city": "Toronto",
        "region": "Ontario",
        "country": "Canada",
        "org": "Cloudflare, Inc.",
        "timezone": "America/Toronto",
        "source": "ip-api.com"
      },
      "geometry": {
        "type": "Point",
        "coordinates": [
          -79.3832,
          43.6532
        ]
      }
    },
    {
      "type": "Feature",
      "properties": {
        "ip": "162.159.138.232",
        "url": "https://discord.com/assets/61d4c1b4421e142c.js",
        "city": "Toronto",
        "region": "Ontario",
        "country": "Canada",
        "org": "Cloudflare, Inc.",
        "timezone": "America/Toronto",
        "source": "ip-api.com"
      },
      "geometry": {
        "type": "Point",
        "coordinates": [
          -79.3832,
          43.6532
        ]
      }
    },
    {
      "type": "Feature",
      "properties": {
        "ip": "162.159.138.232",
        "url": "https://discord.com/assets/9ebe3ef63aafee84.svg",
        "city": "Toronto",
        "region": "Ontario",
        "country": "Canada",
        "org": "Cloudflare, Inc.",
        "timezone": "America/Toronto",
        "source": "ip-api.com"
      },
      "geometry": {
        "type": "Point",
        "coordinates": [
          -79.3832,
          43.6532
        ]
      }
    },
    {
      "type": "Feature",
      "properties": {
        "ip": "162.159.138.232",
        "url": "https://discord.com/assets/96e81ba43b4186c1.svg",
        "city": "Toronto",
        "region": "Ontario",
        "country": "Canada",
        "org": "Cloudflare, Inc.",
        "timezone": "America/Toronto",
        "source": "ip-api.com"
      },
      "geometry": {
        "type": "Point",
        "coordinates": [
          -79.3832,
          43.6532
        ]
      }
    },
    {
      "type": "Feature",
      "properties": {
        "ip": "162.159.138.232",
        "url": "https://discord.com/assets/209a4acf5023c4c3.png",
        "city": "Toronto",
        "region": "Ontario",
        "country": "Canada",
        "org": "Cloudflare, Inc.",
        "timezone": "America/Toronto",
        "source": "ip-api.com"
      },
      "geometry": {
        "type": "Point",
        "coordinates": [
          -79.3832,
          43.6532
        ]
      }
    },
    {
      "type": "Feature",
      "properties": {
        "ip": "162.159.138.232",
        "url": "https://discord.com/assets/e2d32c242db2061a.svg",
        "city": "Toronto",
        "region": "Ontario",
        "country": "Canada",
        "org": "Cloudflare, Inc.",
        "timezone": "America/Toronto",
        "source": "ip-api.com"
      },
      "geometry": {
        "type": "Point",
        "coordinates": [
          -79.3832,
          43.6532
        ]
      }
    },
    {
      "type": "Feature",
      "properties": {
        "ip": "162.159.138.232",
        "url": "https://discord.com/assets/4b6781044811b929.svg",
        "city": "Toronto",
        "region": "Ontario",
        "country": "Canada",
        "org": "Cloudflare, Inc.",
        "timezone": "America/Toronto",
        "source": "ip-api.com"
      },
      "geometry": {
        "type": "Point",
        "coordinates": [
          -79.3832,
          43.6532
        ]
      }
    },
    {
      "type": "Feature",
      "properties": {
        "ip": "162.159.138.232",
        "url": "https://discord.com/assets/3eb3ebe2d01299ec.svg",
        "city": "Toronto",
        "region": "Ontario",
        "country": "Canada",
        "org": "Cloudflare, Inc.",
        "timezone": "America/Toronto",
        "source": "ip-api.com"
      },
      "geometry": {
        "type": "Point",
        "coordinates": [
          -79.3832,
          43.6532
        ]
      }
    },
    {
      "type": "Feature",
      "properties": {
        "ip": "162.159.138.232",
        "url": "https://discord.com/assets/5c15e6410a1344cb.js",
        "city": "Toronto",
        "region": "Ontario",
        "country": "Canada",
        "org": "Cloudflare, Inc.",
        "timezone": "America/Toronto",
        "source": "ip-api.com"
      },
      "geometry": {
        "type": "Point",
        "coordinates": [
          -79.3832,
          43.6532
        ]
      }
    },
    {
      "type": "Feature",
      "properties": {
        "ip": "162.159.138.232",
        "url": "https://discord.com/assets/eaed5774913d579c.js",
        "city": "Toronto",
        "region": "Ontario",
        "country": "Canada",
        "org": "Cloudflare, Inc.",
        "timezone": "America/Toronto",
        "source": "ip-api.com"
      },
      "geometry": {
        "type": "Point",
        "coordinates": [
          -79.3832,
          43.6532
        ]
      }
    },
    {
      "type": "Feature",
      "properties": {
        "ip": "162.159.138.232",
        "url": "https://discord.com/assets/8838f014a5d2ce59.svg",
        "city": "Toronto",
        "region": "Ontario",
        "country": "Canada",
        "org": "Cloudflare, Inc.",
        "timezone": "America/Toronto",
        "source": "ip-api.com"
      },
      "geometry": {
        "type": "Point",
        "coordinates": [
          -79.3832,
          43.6532
        ]
      }
    },
    {
      "type": "Feature",
      "properties": {
        "ip": "162.159.138.232",
        "url": "https://discord.com/assets/a4faf6864a96a042.svg",
        "city": "Toronto",
        "region": "Ontario",
        "country": "Canada",
        "org": "Cloudflare, Inc.",
        "timezone": "America/Toronto",
        "source": "ip-api.com"
      },
      "geometry": {
        "type": "Point",
        "coordinates": [
          -79.3832,
          43.6532
        ]
      }
    },
    {
      "type": "Feature",
      "properties": {
        "ip": "162.159.138.232",
        "url": "https://discord.com/assets/7cfc3e19bf1fbed6.js",
        "city": "Toronto",
        "region": "Ontario",
        "country": "Canada",
        "org": "Cloudflare, Inc.",
        "timezone": "America/Toronto",
        "source": "ip-api.com"
      },
      "geometry": {
        "type": "Point",
        "coordinates": [
          -79.3832,
          43.6532
        ]
      }
    },
    {
      "type": "Feature",
      "properties": {
        "ip": "162.159.138.232",
        "url": "https://discord.com/assets/502335b51b3a45eb.js",
        "city": "Toronto",
        "region": "Ontario",
        "country": "Canada",
        "org": "Cloudflare, Inc.",
        "timezone": "America/Toronto",
        "source": "ip-api.com"
      },
      "geometry": {
        "type": "Point",
        "coordinates": [
          -79.3832,
          43.6532
        ]
      }
    },
    {
      "type": "Feature",
      "properties": {
        "ip": "162.159.138.232",
        "url": "https://discord.com/assets/d88f27e031e0424f.js",
        "city": "Toronto",
        "region": "Ontario",
        "country": "Canada",
        "org": "Cloudflare, Inc.",
        "timezone": "America/Toronto",
        "source": "ip-api.com"
      },
      "geometry": {
        "type": "Point",
        "coordinates": [
          -79.3832,
          43.6532
        ]
      }
    },
    {
      "type": "Feature",
      "properties": {
        "ip": "162.159.138.232",
        "url": "https://discord.com/assets/18e336a74a159cfd.png",
        "city": "Toronto",
        "region": "Ontario",
        "country": "Canada",
        "org": "Cloudflare, Inc.",
        "timezone": "America/Toronto",
        "source": "ip-api.com"
      },
      "geometry": {
        "type": "Point",
        "coordinates": [
          -79.3832,
          43.6532
        ]
      }
    },
    {
      "type": "Feature",
      "properties": {
        "ip": "162.159.138.232",
        "url": "https://discord.com/assets/5dea307a4037ec4e.svg",
        "city": "Toronto",
        "region": "Ontario",
        "country": "Canada",
        "org": "Cloudflare, Inc.",
        "timezone": "America/Toronto",
        "source": "ip-api.com"
      },
      "geometry": {
        "type": "Point",
        "coordinates": [
          -79.3832,
          43.6532
        ]
      }
    },
    {
      "type": "Feature",
      "properties": {
        "ip": "162.159.138.232",
        "url": "https://discord.com/assets/9dc367583dee6282.js",
        "city": "Toronto",
        "region": "Ontario",
        "country": "Canada",
        "org": "Cloudflare, Inc.",
        "timezone": "America/Toronto",
        "source": "ip-api.com"
      },
      "geometry": {
        "type": "Point",
        "coordinates": [
          -79.3832,
          43.6532
        ]
      }
    },
    {
      "type": "Feature",
      "properties": {
        "ip": "162.159.138.232",
        "url": "https://discord.com/assets/5edaa5709b6bdee4.js",
        "city": "Toronto",
        "region": "Ontario",
        "country": "Canada",
        "org": "Cloudflare, Inc.",
        "timezone": "America/Toronto",
        "source": "ip-api.com"
      },
      "geometry": {
        "type": "Point",
        "coordinates": [
          -79.3832,
          43.6532
        ]
      }
    },
    {
      "type": "Feature",
      "properties": {
        "ip": "162.159.138.232",
        "url": "https://discord.com/assets/e49bbe4e886c9f3c.js",
        "city": "Toronto",
        "region": "Ontario",
        "country": "Canada",
        "org": "Cloudflare, Inc.",
        "timezone": "America/Toronto",
        "source": "ip-api.com"
      },
      "geometry": {
        "type": "Point",
        "coordinates": [
          -79.3832,
          43.6532
        ]
      }
    },
    {
      "type": "Feature",
      "properties": {
        "ip": "162.159.138.232",
        "url": "https://discord.com/assets/20dd0e244b9a7065.svg",
        "city": "Toronto",
        "region": "Ontario",
        "country": "Canada",
        "org": "Cloudflare, Inc.",
        "timezone": "America/Toronto",
        "source": "ip-api.com"
      },
      "geometry": {
        "type": "Point",
        "coordinates": [
          -79.3832,
          43.6532
        ]
      }
    },
    {
      "type": "Feature",
      "properties": {
        "ip": "162.159.138.232",
        "url": "https://discord.com/assets/046729c3f96b37ff.js",
        "city": "Toronto",
        "region": "Ontario",
        "country": "Canada",
        "org": "Cloudflare, Inc.",
        "timezone": "America/Toronto",
        "source": "ip-api.com"
      },
      "geometry": {
        "type": "Point",
        "coordinates": [
          -79.3832,
          43.6532
        ]
      }
    },
    {
      "type": "Feature",
      "properties": {
        "ip": "162.159.138.232",
        "url": "https://discord.com/assets/431c70ab13c4e416.js",
        "city": "Toronto",
        "region": "Ontario",
        "country": "Canada",
        "org": "Cloudflare, Inc.",
        "timezone": "America/Toronto",
        "source": "ip-api.com"
      },
      "geometry": {
        "type": "Point",
        "coordinates": [
          -79.3832,
          43.6532
        ]
      }
    },
    {
      "type": "Feature",
      "properties": {
        "ip": "162.159.138.232",
        "url": "https://discord.com/assets/437bb4cb344550ff.svg",
        "city": "Toronto",
        "region": "Ontario",
        "country": "Canada",
        "org": "Cloudflare, Inc.",
        "timezone": "America/Toronto",
        "source": "ip-api.com"
      },
      "geometry": {
        "type": "Point",
        "coordinates": [
          -79.3832,
          43.6532
        ]
      }
    },
    {
      "type": "Feature",
      "properties": {
        "ip": "162.159.138.232",
        "url": "https://discord.com/assets/f405d8ee38d35380.svg",
        "city": "Toronto",
        "region": "Ontario",
        "country": "Canada",
        "org": "Cloudflare, Inc.",
        "timezone": "America/Toronto",
        "source": "ip-api.com"
      },
      "geometry": {
        "type": "Point",
        "coordinates": [
          -79.3832,
          43.6532
        ]
      }
    },
    {
      "type": "Feature",
      "properties": {
        "ip": "162.159.138.232",
        "url": "https://discord.com/assets/f5082ff45959302c.svg",
        "city": "Toronto",
        "region": "Ontario",
        "country": "Canada",
        "org": "Cloudflare, Inc.",
        "timezone": "America/Toronto",
        "source": "ip-api.com"
      },
      "geometry": {
        "type": "Point",
        "coordinates": [
          -79.3832,
          43.6532
        ]
      }
    },
    {
      "type": "Feature",
      "properties": {
        "ip": "162.159.138.232",
        "url": "https://discord.com/assets/1c8d099e6632dc76.js",
        "city": "Toronto",
        "region": "Ontario",
        "country": "Canada",
        "org": "Cloudflare, Inc.",
        "timezone": "America/Toronto",
        "source": "ip-api.com"
      },
      "geometry": {
        "type": "Point",
        "coordinates": [
          -79.3832,
          43.6532
        ]
      }
    },
    {
      "type": "Feature",
      "properties": {
        "ip": "162.159.138.232",
        "url": "https://discord.com/assets/67f0829ea7332685.svg",
        "city": "Toronto",
        "region": "Ontario",
        "country": "Canada",
        "org": "Cloudflare, Inc.",
        "timezone": "America/Toronto",
        "source": "ip-api.com"
      },
      "geometry": {
        "type": "Point",
        "coordinates": [
          -79.3832,
          43.6532
        ]
      }
    },
    {
      "type": "Feature",
      "properties": {
        "ip": "162.159.133.233",
        "url": "https://cdn.discordapp.com/avatars/1091156451763953694/ad1fdb2f26db14fafcf66b7667fea2a9.webp?size=160",
        "city": "Toronto",
        "region": "Ontario",
        "country": "Canada",
        "org": "Cloudflare, Inc.",
        "timezone": "America/Toronto",
        "source": "ip-api.com"
      },
      "geometry": {
        "type": "Point",
        "coordinates": [
          -79.3832,
          43.6532
        ]
      }
    },
    {
      "type": "Feature",
      "properties": {
        "ip": "162.159.133.233",
        "url": "https://cdn.discordapp.com/avatars/866928265959833620/ef0513a4df756301a87aa9671d832c80.webp?size=160",
        "city": "Toronto",
        "region": "Ontario",
        "country": "Canada",
        "org": "Cloudflare, Inc.",
        "timezone": "America/Toronto",
        "source": "ip-api.com"
      },
      "geometry": {
        "type": "Point",
        "coordinates": [
          -79.3832,
          43.6532
        ]
      }
    },
    {
      "type": "Feature",
      "properties": {
        "ip": "162.159.133.233",
        "url": "https://cdn.discordapp.com/avatars/304189167779315712/3cc92e2455a88d4712d13f2d78e3d97b.webp?size=160",
        "city": "Toronto",
        "region": "Ontario",
        "country": "Canada",
        "org": "Cloudflare, Inc.",
        "timezone": "America/Toronto",
        "source": "ip-api.com"
      },
      "geometry": {
        "type": "Point",
        "coordinates": [
          -79.3832,
          43.6532
        ]
      }
    },
    {
      "type": "Feature",
      "properties": {
        "ip": "162.159.133.233",
        "url": "https://cdn.discordapp.com/avatars/1246651789311475836/cc4c8119c8696927b7594610406d03d6.webp?size=32",
        "city": "Toronto",
        "region": "Ontario",
        "country": "Canada",
        "org": "Cloudflare, Inc.",
        "timezone": "America/Toronto",
        "source": "ip-api.com"
      },
      "geometry": {
        "type": "Point",
        "coordinates": [
          -79.3832,
          43.6532
        ]
      }
    },
    {
      "type": "Feature",
      "properties": {
        "ip": "162.159.133.233",
        "url": "https://cdn.discordapp.com/avatars/790018218894688346/0aef5ce59c27fc93d9e398ff1c197740.webp?size=32",
        "city": "Toronto",
        "region": "Ontario",
        "country": "Canada",
        "org": "Cloudflare, Inc.",
        "timezone": "America/Toronto",
        "source": "ip-api.com"
      },
      "geometry": {
        "type": "Point",
        "coordinates": [
          -79.3832,
          43.6532
        ]
      }
    },
    {
      "type": "Feature",
      "properties": {
        "ip": "162.159.133.233",
        "url": "https://cdn.discordapp.com/avatars/1020761304203526265/5a57b911820ec0bb7c1e38a56b09be29.webp?size=160",
        "city": "Toronto",
        "region": "Ontario",
        "country": "Canada",
        "org": "Cloudflare, Inc.",
        "timezone": "America/Toronto",
        "source": "ip-api.com"
      },
      "geometry": {
        "type": "Point",
        "coordinates": [
          -79.3832,
          43.6532
        ]
      }
    },
    {
      "type": "Feature",
      "properties": {
        "ip": "162.159.133.233",
        "url": "https://cdn.discordapp.com/bad-domains/current_revision.txt",
        "city": "Toronto",
        "region": "Ontario",
        "country": "Canada",
        "org": "Cloudflare, Inc.",
        "timezone": "America/Toronto",
        "source": "ip-api.com"
      },
      "geometry": {
        "type": "Point",
        "coordinates": [
          -79.3832,
          43.6532
        ]
      }
    },
    {
      "type": "Feature",
      "properties": {
        "ip": "162.159.133.233",
        "url": "https://cdn.discordapp.com/avatars/1246116409071632398/a0472cf4680bc2cb2ee1ba0b8da3ce6a.webp?size=160",
        "city": "Toronto",
        "region": "Ontario",
        "country": "Canada",
        "org": "Cloudflare, Inc.",
        "timezone": "America/Toronto",
        "source": "ip-api.com"
      },
      "geometry": {
        "type": "Point",
        "coordinates": [
          -79.3832,
          43.6532
        ]
      }
    },
    {
      "type": "Feature",
      "properties": {
        "ip": "162.159.133.233",
        "url": "https://cdn.discordapp.com/avatars/1138573190591959161/95d1948e60f00ccc021b41e45e1f703f.webp?size=160",
        "city": "Toronto",
        "region": "Ontario",
        "country": "Canada",
        "org": "Cloudflare, Inc.",
        "timezone": "America/Toronto",
        "source": "ip-api.com"
      },
      "geometry": {
        "type": "Point",
        "coordinates": [
          -79.3832,
          43.6532
        ]
      }
    },
    {
      "type": "Feature",
      "properties": {
        "ip": "162.159.133.233",
        "url": "https://cdn.discordapp.com/avatars/641773467343126538/40aa2c605d08f322492684eeec7e7185.webp?size=160",
        "city": "Toronto",
        "region": "Ontario",
        "country": "Canada",
        "org": "Cloudflare, Inc.",
        "timezone": "America/Toronto",
        "source": "ip-api.com"
      },
      "geometry": {
        "type": "Point",
        "coordinates": [
          -79.3832,
          43.6532
        ]
      }
    },
    {
      "type": "Feature",
      "properties": {
        "ip": "162.159.133.233",
        "url": "https://cdn.discordapp.com/avatars/665671286466281562/f3b6627a1a4ef67ea2acfbfa3523b3a9.webp?size=160",
        "city": "Toronto",
        "region": "Ontario",
        "country": "Canada",
        "org": "Cloudflare, Inc.",
        "timezone": "America/Toronto",
        "source": "ip-api.com"
      },
      "geometry": {
        "type": "Point",
        "coordinates": [
          -79.3832,
          43.6532
        ]
      }
    },
    {
      "type": "Feature",
      "properties": {
        "ip": "162.159.133.233",
        "url": "https://cdn.discordapp.com/avatars/1076519585844559902/af74f6b7defa508e9c9d37234685937a.webp?size=32",
        "city": "Toronto",
        "region": "Ontario",
        "country": "Canada",
        "org": "Cloudflare, Inc.",
        "timezone": "America/Toronto",
        "source": "ip-api.com"
      },
      "geometry": {
        "type": "Point",
        "coordinates": [
          -79.3832,
          43.6532
        ]
      }
    },
    {
      "type": "Feature",
      "properties": {
        "ip": "162.159.133.233",
        "url": "https://cdn.discordapp.com/avatars/1088884920300077176/9acd166da50e7048775fa7f5952c3f06.webp?size=160",
        "city": "Toronto",
        "region": "Ontario",
        "country": "Canada",
        "org": "Cloudflare, Inc.",
        "timezone": "America/Toronto",
        "source": "ip-api.com"
      },
      "geometry": {
        "type": "Point",
        "coordinates": [
          -79.3832,
          43.6532
        ]
      }
    },
    {
      "type": "Feature",
      "properties": {
        "ip": "162.159.133.233",
        "url": "https://cdn.discordapp.com/avatars/1245531282314625068/a71c452af629a1f2d2db45eded9aa5f2.webp?size=160",
        "city": "Toronto",
        "region": "Ontario",
        "country": "Canada",
        "org": "Cloudflare, Inc.",
        "timezone": "America/Toronto",
        "source": "ip-api.com"
      },
      "geometry": {
        "type": "Point",
        "coordinates": [
          -79.3832,
          43.6532
        ]
      }
    },
    {
      "type": "Feature",
      "properties": {
        "ip": "162.159.133.233",
        "url": "https://cdn.discordapp.com/avatars/222845745240211458/69a56371566f461f7cc179cb68aad69d.webp?size=32",
        "city": "Toronto",
        "region": "Ontario",
        "country": "Canada",
        "org": "Cloudflare, Inc.",
        "timezone": "America/Toronto",
        "source": "ip-api.com"
      },
      "geometry": {
        "type": "Point",
        "coordinates": [
          -79.3832,
          43.6532
        ]
      }
    },
    {
      "type": "Feature",
      "properties": {
        "ip": "162.159.133.233",
        "url": "https://cdn.discordapp.com/avatars/815925691026505739/c86a399d6095e49b6a5818724a1cb948.webp?size=160",
        "city": "Toronto",
        "region": "Ontario",
        "country": "Canada",
        "org": "Cloudflare, Inc.",
        "timezone": "America/Toronto",
        "source": "ip-api.com"
      },
      "geometry": {
        "type": "Point",
        "coordinates": [
          -79.3832,
          43.6532
        ]
      }
    },
    {
      "type": "Feature",
      "properties": {
        "ip": "162.159.133.233",
        "url": "https://cdn.discordapp.com/avatars/1076519585844559902/af74f6b7defa508e9c9d37234685937a.webp?size=160",
        "city": "Toronto",
        "region": "Ontario",
        "country": "Canada",
        "org": "Cloudflare, Inc.",
        "timezone": "America/Toronto",
        "source": "ip-api.com"
      },
      "geometry": {
        "type": "Point",
        "coordinates": [
          -79.3832,
          43.6532
        ]
      }
    },
    {
      "type": "Feature",
      "properties": {
        "ip": "162.159.133.233",
        "url": "https://cdn.discordapp.com/avatars/1118382843538710649/7a9762ffe9b9e06032443aa49f3a1657.webp?size=160",
        "city": "Toronto",
        "region": "Ontario",
        "country": "Canada",
        "org": "Cloudflare, Inc.",
        "timezone": "America/Toronto",
        "source": "ip-api.com"
      },
      "geometry": {
        "type": "Point",
        "coordinates": [
          -79.3832,
          43.6532
        ]
      }
    },
    {
      "type": "Feature",
      "properties": {
        "ip": "162.159.133.233",
        "url": "https://cdn.discordapp.com/avatars/1379988837484335238/ee0150aea3f019d2ba342dec616c395d.webp?size=160",
        "city": "Toronto",
        "region": "Ontario",
        "country": "Canada",
        "org": "Cloudflare, Inc.",
        "timezone": "America/Toronto",
        "source": "ip-api.com"
      },
      "geometry": {
        "type": "Point",
        "coordinates": [
          -79.3832,
          43.6532
        ]
      }
    },
    {
      "type": "Feature",
      "properties": {
        "ip": "162.159.133.233",
        "url": "https://cdn.discordapp.com/avatars/769542503756988476/9678ceb68322a1bd35bf985a8661f175.webp?size=32",
        "city": "Toronto",
        "region": "Ontario",
        "country": "Canada",
        "org": "Cloudflare, Inc.",
        "timezone": "America/Toronto",
        "source": "ip-api.com"
      },
      "geometry": {
        "type": "Point",
        "coordinates": [
          -79.3832,
          43.6532
        ]
      }
    },
    {
      "type": "Feature",
      "properties": {
        "ip": "162.159.133.233",
        "url": "https://cdn.discordapp.com/avatars/1245531282314625068/a71c452af629a1f2d2db45eded9aa5f2.webp?size=32",
        "city": "Toronto",
        "region": "Ontario",
        "country": "Canada",
        "org": "Cloudflare, Inc.",
        "timezone": "America/Toronto",
        "source": "ip-api.com"
      },
      "geometry": {
        "type": "Point",
        "coordinates": [
          -79.3832,
          43.6532
        ]
      }
    },
    {
      "type": "Feature",
      "properties": {
        "ip": "162.159.133.233",
        "url": "https://cdn.discordapp.com/avatars/1118382843538710649/7a9762ffe9b9e06032443aa49f3a1657.webp?size=32",
        "city": "Toronto",
        "region": "Ontario",
        "country": "Canada",
        "org": "Cloudflare, Inc.",
        "timezone": "America/Toronto",
        "source": "ip-api.com"
      },
      "geometry": {
        "type": "Point",
        "coordinates": [
          -79.3832,
          43.6532
        ]
      }
    },
    {
      "type": "Feature",
      "properties": {
        "ip": "162.159.133.233",
        "url": "https://cdn.discordapp.com/avatars/855606960409935882/5666841162b69a7b957e0f99bf894597.webp?size=160",
        "city": "Toronto",
        "region": "Ontario",
        "country": "Canada",
        "org": "Cloudflare, Inc.",
        "timezone": "America/Toronto",
        "source": "ip-api.com"
      },
      "geometry": {
        "type": "Point",
        "coordinates": [
          -79.3832,
          43.6532
        ]
      }
    },
    {
      "type": "Feature",
      "properties": {
        "ip": "162.159.133.233",
        "url": "https://cdn.discordapp.com/avatars/1245700766027485184/d2db3361b46ef02557596677d5ce6d84.webp?size=160",
        "city": "Toronto",
        "region": "Ontario",
        "country": "Canada",
        "org": "Cloudflare, Inc.",
        "timezone": "America/Toronto",
        "source": "ip-api.com"
      },
      "geometry": {
        "type": "Point",
        "coordinates": [
          -79.3832,
          43.6532
        ]
      }
    },
    {
      "type": "Feature",
      "properties": {
        "ip": "162.159.133.233",
        "url": "https://cdn.discordapp.com/avatars/1138573190591959161/95d1948e60f00ccc021b41e45e1f703f.webp?size=32",
        "city": "Toronto",
        "region": "Ontario",
        "country": "Canada",
        "org": "Cloudflare, Inc.",
        "timezone": "America/Toronto",
        "source": "ip-api.com"
      },
      "geometry": {
        "type": "Point",
        "coordinates": [
          -79.3832,
          43.6532
        ]
      }
    },
    {
      "type": "Feature",
      "properties": {
        "ip": "162.159.133.233",
        "url": "https://cdn.discordapp.com/avatars/780689876403093505/0a5adf991e746756306daa70c152c6e9.webp?size=160",
        "city": "Toronto",
        "region": "Ontario",
        "country": "Canada",
        "org": "Cloudflare, Inc.",
        "timezone": "America/Toronto",
        "source": "ip-api.com"
      },
      "geometry": {
        "type": "Point",
        "coordinates": [
          -79.3832,
          43.6532
        ]
      }
    },
    {
      "type": "Feature",
      "properties": {
        "ip": "162.159.133.233",
        "url": "https://cdn.discordapp.com/avatars/696167017644032010/7c51456f230649508bb8628255c14f4d.webp?size=32",
        "city": "Toronto",
        "region": "Ontario",
        "country": "Canada",
        "org": "Cloudflare, Inc.",
        "timezone": "America/Toronto",
        "source": "ip-api.com"
      },
      "geometry": {
        "type": "Point",
        "coordinates": [
          -79.3832,
          43.6532
        ]
      }
    },
    {
      "type": "Feature",
      "properties": {
        "ip": "162.159.133.233",
        "url": "https://cdn.discordapp.com/avatars/738458564095377470/94908c15a89d1224e61692d08008aa77.webp?size=160",
        "city": "Toronto",
        "region": "Ontario",
        "country": "Canada",
        "org": "Cloudflare, Inc.",
        "timezone": "America/Toronto",
        "source": "ip-api.com"
      },
      "geometry": {
        "type": "Point",
        "coordinates": [
          -79.3832,
          43.6532
        ]
      }
    },
    {
      "type": "Feature",
      "properties": {
        "ip": "162.159.133.233",
        "url": "https://cdn.discordapp.com/avatars/1245441937209819159/68d5e8e680f36f8c2f05c1c3f3ce0748.webp?size=160",
        "city": "Toronto",
        "region": "Ontario",
        "country": "Canada",
        "org": "Cloudflare, Inc.",
        "timezone": "America/Toronto",
        "source": "ip-api.com"
      },
      "geometry": {
        "type": "Point",
        "coordinates": [
          -79.3832,
          43.6532
        ]
      }
    },
    {
      "type": "Feature",
      "properties": {
        "ip": "162.159.133.233",
        "url": "https://cdn.discordapp.com/avatars/855459031237787669/5dbb95e4fb2d2d57ac73cb31625a35dd.webp?size=32",
        "city": "Toronto",
        "region": "Ontario",
        "country": "Canada",
        "org": "Cloudflare, Inc.",
        "timezone": "America/Toronto",
        "source": "ip-api.com"
      },
      "geometry": {
        "type": "Point",
        "coordinates": [
          -79.3832,
          43.6532
        ]
      }
    },
    {
      "type": "Feature",
      "properties": {
        "ip": "162.159.133.233",
        "url": "https://cdn.discordapp.com/avatars/697316418609479681/45ffe0c2ff667dcc2f572112b9be97e6.webp?size=32",
        "city": "Toronto",
        "region": "Ontario",
        "country": "Canada",
        "org": "Cloudflare, Inc.",
        "timezone": "America/Toronto",
        "source": "ip-api.com"
      },
      "geometry": {
        "type": "Point",
        "coordinates": [
          -79.3832,
          43.6532
        ]
      }
    },
    {
      "type": "Feature",
      "properties": {
        "ip": "162.159.133.233",
        "url": "https://cdn.discordapp.com/avatars/1250868011397677196/344d5ba727d232e120a4157a1b426cb6.webp?size=160",
        "city": "Toronto",
        "region": "Ontario",
        "country": "Canada",
        "org": "Cloudflare, Inc.",
        "timezone": "America/Toronto",
        "source": "ip-api.com"
      },
      "geometry": {
        "type": "Point",
        "coordinates": [
          -79.3832,
          43.6532
        ]
      }
    },
    {
      "type": "Feature",
      "properties": {
        "ip": "162.159.133.233",
        "url": "https://cdn.discordapp.com/avatars/1246651789311475836/cc4c8119c8696927b7594610406d03d6.webp?size=160",
        "city": "Toronto",
        "region": "Ontario",
        "country": "Canada",
        "org": "Cloudflare, Inc.",
        "timezone": "America/Toronto",
        "source": "ip-api.com"
      },
      "geometry": {
        "type": "Point",
        "coordinates": [
          -79.3832,
          43.6532
        ]
      }
    },
    {
      "type": "Feature",
      "properties": {
        "ip": "162.159.133.233",
        "url": "https://cdn.discordapp.com/avatars/908742698792521788/1c1e0bcddc6428b0855479bcd9c86a2b.webp?size=160",
        "city": "Toronto",
        "region": "Ontario",
        "country": "Canada",
        "org": "Cloudflare, Inc.",
        "timezone": "America/Toronto",
        "source": "ip-api.com"
      },
      "geometry": {
        "type": "Point",
        "coordinates": [
          -79.3832,
          43.6532
        ]
      }
    },
    {
      "type": "Feature",
      "properties": {
        "ip": "162.159.133.233",
        "url": "https://cdn.discordapp.com/avatars/697316418609479681/45ffe0c2ff667dcc2f572112b9be97e6.webp?size=160",
        "city": "Toronto",
        "region": "Ontario",
        "country": "Canada",
        "org": "Cloudflare, Inc.",
        "timezone": "America/Toronto",
        "source": "ip-api.com"
      },
      "geometry": {
        "type": "Point",
        "coordinates": [
          -79.3832,
          43.6532
        ]
      }
    },
    {
      "type": "Feature",
      "properties": {
        "ip": "162.159.133.233",
        "url": "https://cdn.discordapp.com/avatars/1245441937209819159/68d5e8e680f36f8c2f05c1c3f3ce0748.webp?size=32",
        "city": "Toronto",
        "region": "Ontario",
        "country": "Canada",
        "org": "Cloudflare, Inc.",
        "timezone": "America/Toronto",
        "source": "ip-api.com"
      },
      "geometry": {
        "type": "Point",
        "coordinates": [
          -79.3832,
          43.6532
        ]
      }
    },
    {
      "type": "Feature",
      "properties": {
        "ip": "162.159.134.233",
        "url": "https://cdn.discordapp.com/changelogs/config_0.json?x=11",
        "city": "Toronto",
        "region": "Ontario",
        "country": "Canada",
        "org": "Cloudflare, Inc.",
        "timezone": "America/Toronto",
        "source": "ip-api.com"
      },
      "geometry": {
        "type": "Point",
        "coordinates": [
          -79.3832,
          43.6532
        ]
      }
    },
    {
      "type": "Feature",
      "properties": {
        "ip": "162.159.134.233",
        "url": "https://cdn.discordapp.com/avatars/1377284245982023751/9e4db985b85d3e8a1ad1502c1d981fc9.webp?size=32",
        "city": "Toronto",
        "region": "Ontario",
        "country": "Canada",
        "org": "Cloudflare, Inc.",
        "timezone": "America/Toronto",
        "source": "ip-api.com"
      },
      "geometry": {
        "type": "Point",
        "coordinates": [
          -79.3832,
          43.6532
        ]
      }
    },
    {
      "type": "Feature",
      "properties": {
        "ip": "162.159.134.233",
        "url": "https://cdn.discordapp.com/avatars/1104076965100658778/0f14c3658e4cd91f734b70e7f3136bd5.webp?size=32",
        "city": "Toronto",
        "region": "Ontario",
        "country": "Canada",
        "org": "Cloudflare, Inc.",
        "timezone": "America/Toronto",
        "source": "ip-api.com"
      },
      "geometry": {
        "type": "Point",
        "coordinates": [
          -79.3832,
          43.6532
        ]
      }
    },
    {
      "type": "Feature",
      "properties": {
        "ip": "23.12.145.66",
        "url": "https://encore.scdn.co/fonts/SpotifyMixUI-Regular-cc3b1de388efa4cbca6c75cebc24585e.woff2",
        "city": "Sterling",
        "region": "Virginia",
        "country": "United States",
        "org": "Akamai Technologies, Inc.",
        "timezone": "America/New_York",
        "source": "ip-api.com"
      },
      "geometry": {
        "type": "Point",
        "coordinates": [
          -77.4269,
          39.0024
        ]
      }
    },
    {
      "type": "Feature",
      "properties": {
        "ip": "23.12.145.66",
        "url": "https://encore.scdn.co/fonts/SpotifyMixUITitleVariable-8769ccfde3379b7ebcadd9529b49d0cc.woff2",
        "city": "Sterling",
        "region": "Virginia",
        "country": "United States",
        "org": "Akamai Technologies, Inc.",
        "timezone": "America/New_York",
        "source": "ip-api.com"
      },
      "geometry": {
        "type": "Point",
        "coordinates": [
          -77.4269,
          39.0024
        ]
      }
    },
    {
      "type": "Feature",
      "properties": {
        "ip": "23.12.145.66",
        "url": "https://encore.scdn.co/fonts/SpotifyMixUI-Bold-4264b799009b1db5c491778b1bc8e5b7.woff2",
        "city": "Sterling",
        "region": "Virginia",
        "country": "United States",
        "org": "Akamai Technologies, Inc.",
        "timezone": "America/New_York",
        "source": "ip-api.com"
      },
      "geometry": {
        "type": "Point",
        "coordinates": [
          -77.4269,
          39.0024
        ]
      }
    },
    {
      "type": "Feature",
      "properties": {
        "ip": "162.159.134.232",
        "url": "https://images-ext-1.discordapp.net/external/aCbaSjxvdONom2X1RXhbgSTjTmjSiusm0lm2v_8B9nw/https/st3.zoom.us/static/6.3.40241/image/thumb_for_launch.png?format=webp&quality=lossless&width=600&height=600",
        "city": "Toronto",
        "region": "Ontario",
        "country": "Canada",
        "org": "Cloudflare, Inc.",
        "timezone": "America/Toronto",
        "source": "ip-api.com"
      },
      "geometry": {
        "type": "Point",
        "coordinates": [
          -79.3832,
          43.6532
        ]
      }
    },
    {
      "type": "Feature",
      "properties": {
        "ip": "162.159.134.232",
        "url": "https://images-ext-1.discordapp.net/external/_Dke4jaGERelr1RVuMDhDFKOTLyVQ4W5B3V-YdX7Tns/%3Fsource%3Dopengraph/https/assets.calendly.com/assets/booking/ogimage-twitter-5e62f2112d04553b20c43d1f085d90dcd9bf541e1a348cba314e9e4621a5ca5f.png?format=webp&quality=lossless&width=160&height=160",
        "city": "Toronto",
        "region": "Ontario",
        "country": "Canada",
        "org": "Cloudflare, Inc.",
        "timezone": "America/Toronto",
        "source": "ip-api.com"
      },
      "geometry": {
        "type": "Point",
        "coordinates": [
          -79.3832,
          43.6532
        ]
      }
    },
    {
      "type": "Feature",
      "properties": {
        "ip": "162.159.134.232",
        "url": "https://images-ext-1.discordapp.net/external/C6jCIKlXguRhfmSp6USkbWsS11fnsbBgMXiclR2R4ps/https/www.instagram.com/static/images/ico/favicon-192.png/68d99ba29cc8.png",
        "city": "Toronto",
        "region": "Ontario",
        "country": "Canada",
        "org": "Cloudflare, Inc.",
        "timezone": "America/Toronto",
        "source": "ip-api.com"
      },
      "geometry": {
        "type": "Point",
        "coordinates": [
          -79.3832,
          43.6532
        ]
      }
    },
    {
      "type": "Feature",
      "properties": {
        "ip": "162.159.134.232",
        "url": "https://images-ext-1.discordapp.net/external/pmrwPCdO0-HCj4U0RcMly24qqqtDRMH0d0lqymjaQSM/https/lh3.googleusercontent.com/HDhR_jsZ6VhgwXTApMGZVLbHRE49liKtWC_4REPPFHUmiyRRbtKH9Bb5tjSEZrPoWLm-yu69vpBvEzwOf6oFKHawCUlANxD8djHP_DQQRpwI9JRwbA%3Dw1600-h900-n-nu?format=webp&width=800&height=450",
        "city": "Toronto",
        "region": "Ontario",
        "country": "Canada",
        "org": "Cloudflare, Inc.",
        "timezone": "America/Toronto",
        "source": "ip-api.com"
      },
      "geometry": {
        "type": "Point",
        "coordinates": [
          -79.3832,
          43.6532
        ]
      }
    },
    {
      "type": "Feature",
      "properties": {
        "ip": "162.159.134.232",
        "url": "https://images-ext-1.discordapp.net/external/pmgCwlL4khC3gyWEybbEwgDcTuLViinSAoZZe0G0IY8/https/static01.nyt.com/images/2025/07/02/multimedia/02FD-LOOKSMAPPING-PROMO1-zgjw/01FD-LOOKSMAPPING-PROMO1-zgjw-facebookJumbo.jpg?format=webp&width=800&height=420",
        "city": "Toronto",
        "region": "Ontario",
        "country": "Canada",
        "org": "Cloudflare, Inc.",
        "timezone": "America/Toronto",
        "source": "ip-api.com"
      },
      "geometry": {
        "type": "Point",
        "coordinates": [
          -79.3832,
          43.6532
        ]
      }
    },
    {
      "type": "Feature",
      "properties": {
        "ip": "162.159.134.232",
        "url": "https://images-ext-1.discordapp.net/external/etSnGUU5Q4E12mwVh83WH3HyyUKSy3wUcHtwgYHWZJk/https/www.vanalen.org/wp-content/uploads/2025/07/250723-Gowanus-Open-Call.png?format=webp&quality=lossless&width=800&height=400",
        "city": "Toronto",
        "region": "Ontario",
        "country": "Canada",
        "org": "Cloudflare, Inc.",
        "timezone": "America/Toronto",
        "source": "ip-api.com"
      },
      "geometry": {
        "type": "Point",
        "coordinates": [
          -79.3832,
          43.6532
        ]
      }
    },
    {
      "type": "Feature",
      "properties": {
        "ip": "162.159.134.232",
        "url": "https://images-ext-1.discordapp.net/external/6YmyaB4AvZ08mxbcRAqjkiDshmlme4aC4lKnDgR5RAg/https/opengraph.githubassets.com/ff727370d15c2ea755303908eaf83255c6fcb7ef7d9f6115bd4697b5f156bcb3/daegeun-kim/Mapping_System_Assignments?format=webp&width=800&height=400",
        "city": "Toronto",
        "region": "Ontario",
        "country": "Canada",
        "org": "Cloudflare, Inc.",
        "timezone": "America/Toronto",
        "source": "ip-api.com"
      },
      "geometry": {
        "type": "Point",
        "coordinates": [
          -79.3832,
          43.6532
        ]
      }
    },
    {
      "type": "Feature",
      "properties": {
        "ip": "162.159.134.232",
        "url": "https://images-ext-1.discordapp.net/external/Ugh_cvk4DSn8FF4LFvT67QWt9YywFNDU30qIvq_d2Ck/https/opengraph.githubassets.com/4cb556ef20631a37ea078268294ae9b565b1a4bfa7a3ac93bee1e585f554708f/mthh/routingpy?format=webp&width=800&height=400",
        "city": "Toronto",
        "region": "Ontario",
        "country": "Canada",
        "org": "Cloudflare, Inc.",
        "timezone": "America/Toronto",
        "source": "ip-api.com"
      },
      "geometry": {
        "type": "Point",
        "coordinates": [
          -79.3832,
          43.6532
        ]
      }
    },
    {
      "type": "Feature",
      "properties": {
        "ip": "34.120.195.249",
        "url": "https://o22381.ingest.us.sentry.io/api/4505164808585216/envelope/?sentry_version=7&sentry_key=4cc707ab12ea4779b417479c0550a5cb&sentry_client=sentry.javascript.nextjs%2F9.43.0",
        "city": "Kansas City",
        "region": "Missouri",
        "country": "United States",
        "org": "Google Cloud",
        "timezone": "America/Chicago",
        "source": "ip-api.com"
      },
      "geometry": {
        "type": "Point",
        "coordinates": [
          -94.5785,
          39.0997
        ]
      }
    },
    {
      "type": "Feature",
      "properties": {
        "ip": "35.186.224.24",
        "url": "https://apresolve.spotify.com/?type=dealer-g2&type=spclient",
        "city": "Kansas City",
        "region": "Missouri",
        "country": "United States",
        "org": "Google Cloud",
        "timezone": "America/Chicago",
        "source": "ip-api.com"
      },
      "geometry": {
        "type": "Point",
        "coordinates": [
          -94.5785,
          39.0997
        ]
      }
    },
    {
      "type": "Feature",
      "properties": {
        "ip": "162.159.137.232",
        "url": "https://status.discord.com/api/v2/scheduled-maintenances/upcoming.json",
        "city": "Toronto",
        "region": "Ontario",
        "country": "Canada",
        "org": "Cloudflare, Inc.",
        "timezone": "America/Toronto",
        "source": "ip-api.com"
      },
      "geometry": {
        "type": "Point",
        "coordinates": [
          -79.3832,
          43.6532
        ]
      }
    },
    {
      "type": "Feature",
      "properties": {
        "ip": "199.232.39.42",
        "url": "https://open.spotify.com/favicon.ico",
        "city": "New York",
        "region": "New York",
        "country": "United States",
        "org": "Fastly, Inc.",
        "timezone": "America/New_York",
        "source": "ip-api.com"
      },
      "geometry": {
        "type": "Point",
        "coordinates": [
          -74.0066,
          40.7126
        ]
      }
    },
    {
      "type": "Feature",
      "properties": {
        "ip": "199.232.39.42",
        "url": "https://open.spotify.com/embed/playlist/7pZEyMdE0JM4lD846v3893?utm_source=discord&utm_medium=desktop",
        "city": "New York",
        "region": "New York",
        "country": "United States",
        "org": "Fastly, Inc.",
        "timezone": "America/New_York",
        "source": "ip-api.com"
      },
      "geometry": {
        "type": "Point",
        "coordinates": [
          -74.0066,
          40.7126
        ]
      }
    },
    {
      "type": "Feature",
      "properties": {
        "ip": "199.232.38.250",
        "url": "https://image-cdn-fa.spotifycdn.com/image/ab67616d00001e02e8ba44fcfcaff029023e5200",
        "city": "New York",
        "region": "New York",
        "country": "United States",
        "org": "Fastly, Inc.",
        "timezone": "America/New_York",
        "source": "ip-api.com"
      },
      "geometry": {
        "type": "Point",
        "coordinates": [
          -74.0066,
          40.7126
        ]
      }
    }
  ]
}