{
  "type": "FeatureCollection",
  "features": [
    {
      "type": "Feature",
      "properties": {
        "ip": "23.204.10.89",
        "url": "https://api.steampowered.com/IStoreService/GetTagList/v1?origin=https%3A%2F%2Fstore.steampowered.com&input_protobuf_encoded=CgdlbmdsaXNo",
        "city": "Secaucus",
        "region": "New Jersey",
        "country": "United States",
        "org": "Akamai Technologies, Inc.",
        "timezone": "America/New_York",
        "source": "ip-api.com"
      },
      "geometry": {
        "type": "Point",
        "coordinates": [
          -74.06,
          40.7876
        ]
      }
    },
    {
      "type": "Feature",
      "properties": {
        "ip": "23.204.10.89",
        "url": "https://api.steampowered.com/IStoreBrowseService/GetItems/v1?origin=https%3A%2F%2Fstore.steampowered.com&input_protobuf_encoded=CgMIpgQKBAi40AYKBAjU%2BREKBAj65iEKBAisz0IKBQjC8o8BCgUIpP%2FUAQoFCIz11QESDwoHZW5nbGlzaBoCVVMgARoSCAEQARgBKAEwAUAUSAFQAVgB",
        "city": "Secaucus",
        "region": "New Jersey",
        "country": "United States",
        "org": "Akamai Technologies, Inc.",
        "timezone": "America/New_York",
        "source": "ip-api.com"
      },
      "geometry": {
        "type": "Point",
        "coordinates": [
          -74.06,
          40.7876
        ]
      }
    },
    {
      "type": "Feature",
      "properties": {
        "ip": "23.204.10.89",
        "url": "https://api.steampowered.com/IStoreBrowseService/GetItems/v1?origin=https%3A%2F%2Fstore.steampowered.com&input_protobuf_encoded=CgQIrL8NCgQIiogOCgQIsq0PCgQIkosaCgQI7O8pCgQI0Nk5CgQI3KFCCgQIsOdDCgQI9sdHCgQI5slHCgQIptxKCgQIxrhOCgQIrqVXCgQIpshjCgQIpOJkCgQI9KBrCgQI9LBuCgQIwOJxCgQIzOV3CgQIyJd5CgQIpo1%2FCgUIyKWAAQoFCMTKggEKBQj02IIBCgUI3KWFAQoFCNbSiQEKBQjq8I4BCgUIvLOeAQoFCIaWogEKBQiog6QBCgUIxsqnAQoFCJTQqgEKBQjwvKwBCgUI%2FsKuAQoFCLLGtAEKBQiCzbcBCgUInPG7AQoFCMCtvQEKBQjGuscBCgUIzs7KAQoFCJLJzwEKBQjk488BCgUIgNvQAQoFCJzm0QEKBQicjdQBCgUIhrjWAQoFCJiW1wEKBQi8ytkBCgUIhqfaAQoFCNCP3AEKBQiirt4BCgUI7rfhAQoFCPi84QEKBQio1OMBCgUI3M3kAQoFCPbc5QEKBQjo3%2BUBCgUIoJPqARIPCgdlbmdsaXNoGgJVUyABGhIIARABGAEoATABQBRIAVABWAE%3D",
        "city": "Secaucus",
        "region": "New Jersey",
        "country": "United States",
        "org": "Akamai Technologies, Inc.",
        "timezone": "America/New_York",
        "source": "ip-api.com"
      },
      "geometry": {
        "type": "Point",
        "coordinates": [
          -74.06,
          40.7876
        ]
      }
    },
    {
      "type": "Feature",
      "properties": {
        "ip": "23.204.10.89",
        "url": "https://api.steampowered.com/IStoreBrowseService/GetItems/v1?origin=https%3A%2F%2Fstore.steampowered.com&input_protobuf_encoded=CgQIiogOCgQI3KFCCgQI5slHCgQI9sdHCgQIrqVXCgUI3KWFAQoFCMTKggEKBAiyrQ8KBQiGuNYBCgQIkosaCgQI0Nk5CgQIrL8NEg8KB2VuZ2xpc2gaAlVTIAEaAA%3D%3D",
        "city": "Secaucus",
        "region": "New Jersey",
        "country": "United States",
        "org": "Akamai Technologies, Inc.",
        "timezone": "America/New_York",
        "source": "ip-api.com"
      },
      "geometry": {
        "type": "Point",
        "coordinates": [
          -74.06,
          40.7876
        ]
      }
    },
    {
      "type": "Feature",
      "properties": {
        "ip": "23.204.10.89",
        "url": "https://api.steampowered.com/IStoreBrowseService/GetItems/v1?origin=https%3A%2F%2Fstore.steampowered.com&input_protobuf_encoded=CgQIyIIXCgQIzrwhCgQI%2Bt8vCgQI7KJGCgQI%2FMtKCgQIvsdLCgQInLJnCgQI9KdsCgUIhJm4ARIPCgdlbmdsaXNoGgJVUyABGhIIARABGAEoATABQBRIAVABWAE%3D",
        "city": "Secaucus",
        "region": "New Jersey",
        "country": "United States",
        "org": "Akamai Technologies, Inc.",
        "timezone": "America/New_York",
        "source": "ip-api.com"
      },
      "geometry": {
        "type": "Point",
        "coordinates": [
          -74.06,
          40.7876
        ]
      }
    },
    {
      "type": "Feature",
      "properties": {
        "ip": "23.204.10.89",
        "url": "https://api.steampowered.com/IStoreBrowseService/GetItems/v1?origin=https%3A%2F%2Fstore.steampowered.com&input_protobuf_encoded=CgUIhpaiARIPCgdlbmdsaXNoGgJVUyABGgA%3D",
        "city": "Secaucus",
        "region": "New Jersey",
        "country": "United States",
        "org": "Akamai Technologies, Inc.",
        "timezone": "America/New_York",
        "source": "ip-api.com"
      },
      "geometry": {
        "type": "Point",
        "coordinates": [
          -74.06,
          40.7876
        ]
      }
    },
    {
      "type": "Feature",
      "properties": {
        "ip": "23.204.10.89",
        "url": "https://api.steampowered.com/IStoreBrowseService/GetItems/v1?origin=https%3A%2F%2Fstore.steampowered.com&input_protobuf_encoded=CgQIqv8SCgQIrsVOCgQIqLhTCgQIhORoCgQI4JF6CgUIuNaVAQoFCI7PlwEKBQii1bMBCgUIqpHBAQoFCIzK2wESDwoHZW5nbGlzaBoCVVMgARoSCAEQARgBKAEwAUAUSAFQAVgB",
        "city": "Secaucus",
        "region": "New Jersey",
        "country": "United States",
        "org": "Akamai Technologies, Inc.",
        "timezone": "America/New_York",
        "source": "ip-api.com"
      },
      "geometry": {
        "type": "Point",
        "coordinates": [
          -74.06,
          40.7876
        ]
      }
    },
    {
      "type": "Feature",
      "properties": {
        "ip": "199.232.39.52",
        "url": "https://store.fastly.steamstatic.com/public/javascript/applications/store/2011.js?contenthash=31d41ecb8f0ff898a7df",
        "city": "New York",
        "region": "New York",
        "country": "United States",
        "org": "Fastly, Inc.",
        "timezone": "America/New_York",
        "source": "ip-api.com"
      },
      "geometry": {
        "type": "Point",
        "coordinates": [
          -74.0066,
          40.7126
        ]
      }
    },
    {
      "type": "Feature",
      "properties": {
        "ip": "199.232.39.52",
        "url": "https://store.fastly.steamstatic.com/public/css/applications/store/saledisplay.css?contenthash=58a484068b2f76e16712",
        "city": "New York",
        "region": "New York",
        "country": "United States",
        "org": "Fastly, Inc.",
        "timezone": "America/New_York",
        "source": "ip-api.com"
      },
      "geometry": {
        "type": "Point",
        "coordinates": [
          -74.0066,
          40.7126
        ]
      }
    },
    {
      "type": "Feature",
      "properties": {
        "ip": "199.232.39.52",
        "url": "https://video.fastly.steamstatic.com//store_trailers/steam/apps/294100/189193/b88a55b0c4df1e292fa85455c5157a31ad1da17c/1750502942/microtrailer.webm?t=1539788136",
        "city": "New York",
        "region": "New York",
        "country": "United States",
        "org": "Fastly, Inc.",
        "timezone": "America/New_York",
        "source": "ip-api.com"
      },
      "geometry": {
        "type": "Point",
        "coordinates": [
          -74.0066,
          40.7126
        ]
      }
    },
    {
      "type": "Feature",
      "properties": {
        "ip": "199.232.39.52",
        "url": "https://shared.fastly.steamstatic.com//store_item_assets/steam/apps/2082470/header.jpg?t=1730187923",
        "city": "New York",
        "region": "New York",
        "country": "United States",
        "org": "Fastly, Inc.",
        "timezone": "America/New_York",
        "source": "ip-api.com"
      },
      "geometry": {
        "type": "Point",
        "coordinates": [
          -74.0066,
          40.7126
        ]
      }
    },
    {
      "type": "Feature",
      "properties": {
        "ip": "199.232.39.52",
        "url": "https://clan.fastly.steamstatic.com/images/35190912/31bfb6abffa63a1866c135d24f441dc7b908c976_400x225.jpg",
        "city": "New York",
        "region": "New York",
        "country": "United States",
        "org": "Fastly, Inc.",
        "timezone": "America/New_York",
        "source": "ip-api.com"
      },
      "geometry": {
        "type": "Point",
        "coordinates": [
          -74.0066,
          40.7126
        ]
      }
    },
    {
      "type": "Feature",
      "properties": {
        "ip": "199.232.39.52",
        "url": "https://shared.fastly.steamstatic.com//store_item_assets/steam/apps/294100/ss_6bee92494e0c4dc53ad69000f2b71128c23629d6.jpg?t=1752247312",
        "city": "New York",
        "region": "New York",
        "country": "United States",
        "org": "Fastly, Inc.",
        "timezone": "America/New_York",
        "source": "ip-api.com"
      },
      "geometry": {
        "type": "Point",
        "coordinates": [
          -74.0066,
          40.7126
        ]
      }
    },
    {
      "type": "Feature",
      "properties": {
        "ip": "199.232.39.52",
        "url": "https://clan.fastly.steamstatic.com/images/42949884/e59afd844a674d4bf9eafbc525635375345c99c3_400x225.jpg",
        "city": "New York",
        "region": "New York",
        "country": "United States",
        "org": "Fastly, Inc.",
        "timezone": "America/New_York",
        "source": "ip-api.com"
      },
      "geometry": {
        "type": "Point",
        "coordinates": [
          -74.0066,
          40.7126
        ]
      }
    },
    {
      "type": "Feature",
      "properties": {
        "ip": "199.232.39.52",
        "url": "https://store.fastly.steamstatic.com/public/shared/css/shared_global.css?v=pbJg1OMnJqr4&l=english&_cdn=fastly",
        "city": "New York",
        "region": "New York",
        "country": "United States",
        "org": "Fastly, Inc.",
        "timezone": "America/New_York",
        "source": "ip-api.com"
      },
      "geometry": {
        "type": "Point",
        "coordinates": [
          -74.0066,
          40.7126
        ]
      }
    },
    {
      "type": "Feature",
      "properties": {
        "ip": "199.232.39.52",
        "url": "https://store.fastly.steamstatic.com/public/shared/images/responsive/header_menu_hamburger.png",
        "city": "New York",
        "region": "New York",
        "country": "United States",
        "org": "Fastly, Inc.",
        "timezone": "America/New_York",
        "source": "ip-api.com"
      },
      "geometry": {
        "type": "Point",
        "coordinates": [
          -74.0066,
          40.7126
        ]
      }
    },
    {
      "type": "Feature",
      "properties": {
        "ip": "199.232.39.52",
        "url": "https://store.fastly.steamstatic.com/public/shared/fonts/MotivaSans-Bold.ttf?v=4.015",
        "city": "New York",
        "region": "New York",
        "country": "United States",
        "org": "Fastly, Inc.",
        "timezone": "America/New_York",
        "source": "ip-api.com"
      },
      "geometry": {
        "type": "Point",
        "coordinates": [
          -74.0066,
          40.7126
        ]
      }
    },
    {
      "type": "Feature",
      "properties": {
        "ip": "199.232.39.52",
        "url": "https://store.fastly.steamstatic.com/public/javascript/applications/store/4095.js?contenthash=f63c7cca7624d13b107c",
        "city": "New York",
        "region": "New York",
        "country": "United States",
        "org": "Fastly, Inc.",
        "timezone": "America/New_York",
        "source": "ip-api.com"
      },
      "geometry": {
        "type": "Point",
        "coordinates": [
          -74.0066,
          40.7126
        ]
      }
    },
    {
      "type": "Feature",
      "properties": {
        "ip": "199.232.39.52",
        "url": "https://clan.fastly.steamstatic.com/images/38098458/28d9434f82d5b1fd953e3ca1464784cb58de7a2e_400x225.png",
        "city": "New York",
        "region": "New York",
        "country": "United States",
        "org": "Fastly, Inc.",
        "timezone": "America/New_York",
        "source": "ip-api.com"
      },
      "geometry": {
        "type": "Point",
        "coordinates": [
          -74.0066,
          40.7126
        ]
      }
    },
    {
      "type": "Feature",
      "properties": {
        "ip": "199.232.39.52",
        "url": "https://store.fastly.steamstatic.com/public/css/applications/store/main.css?v=VLMjerauxCrL&l=english&_cdn=fastly",
        "city": "New York",
        "region": "New York",
        "country": "United States",
        "org": "Fastly, Inc.",
        "timezone": "America/New_York",
        "source": "ip-api.com"
      },
      "geometry": {
        "type": "Point",
        "coordinates": [
          -74.0066,
          40.7126
        ]
      }
    },
    {
      "type": "Feature",
      "properties": {
        "ip": "199.232.39.52",
        "url": "https://shared.fastly.steamstatic.com//store_item_assets/steam/apps/294100/ss_6947cc8ea8beba1c3abb3bb0062343dd575ccfd1.jpg?t=1752247312",
        "city": "New York",
        "region": "New York",
        "country": "United States",
        "org": "Fastly, Inc.",
        "timezone": "America/New_York",
        "source": "ip-api.com"
      },
      "geometry": {
        "type": "Point",
        "coordinates": [
          -74.0066,
          40.7126
        ]
      }
    },
    {
      "type": "Feature",
      "properties": {
        "ip": "199.232.39.52",
        "url": "https://store.fastly.steamstatic.com/public/shared/css/buttons.css?v=BZhNEtESfYSJ&l=english&_cdn=fastly",
        "city": "New York",
        "region": "New York",
        "country": "United States",
        "org": "Fastly, Inc.",
        "timezone": "America/New_York",
        "source": "ip-api.com"
      },
      "geometry": {
        "type": "Point",
        "coordinates": [
          -74.0066,
          40.7126
        ]
      }
    },
    {
      "type": "Feature",
      "properties": {
        "ip": "199.232.39.52",
        "url": "https://store.fastly.steamstatic.com/public/css/applications/store/chunk~1bbc20f9b.css?contenthash=9230062ee47000d59e4b",
        "city": "New York",
        "region": "New York",
        "country": "United States",
        "org": "Fastly, Inc.",
        "timezone": "America/New_York",
        "source": "ip-api.com"
      },
      "geometry": {
        "type": "Point",
        "coordinates": [
          -74.0066,
          40.7126
        ]
      }
    },
    {
      "type": "Feature",
      "properties": {
        "ip": "199.232.39.52",
        "url": "https://shared.fastly.steamstatic.com//store_item_assets/steam/apps/2745670/header.jpg?t=1753102376",
        "city": "New York",
        "region": "New York",
        "country": "United States",
        "org": "Fastly, Inc.",
        "timezone": "America/New_York",
        "source": "ip-api.com"
      },
      "geometry": {
        "type": "Point",
        "coordinates": [
          -74.0066,
          40.7126
        ]
      }
    },
    {
      "type": "Feature",
      "properties": {
        "ip": "199.232.39.52",
        "url": "https://clan.fastly.steamstatic.com/images/43315296/83873d57a759436cc014064ece234ae11d033bf8_400x225.png",
        "city": "New York",
        "region": "New York",
        "country": "United States",
        "org": "Fastly, Inc.",
        "timezone": "America/New_York",
        "source": "ip-api.com"
      },
      "geometry": {
        "type": "Point",
        "coordinates": [
          -74.0066,
          40.7126
        ]
      }
    },
    {
      "type": "Feature",
      "properties": {
        "ip": "199.232.39.52",
        "url": "https://clan.fastly.steamstatic.com/images/45549498/aa611e1625f6eb2504d42ac009ba28c5e1116069_400x225.jpg",
        "city": "New York",
        "region": "New York",
        "country": "United States",
        "org": "Fastly, Inc.",
        "timezone": "America/New_York",
        "source": "ip-api.com"
      },
      "geometry": {
        "type": "Point",
        "coordinates": [
          -74.0066,
          40.7126
        ]
      }
    },
    {
      "type": "Feature",
      "properties": {
        "ip": "199.232.39.52",
        "url": "https://store.fastly.steamstatic.com/public/javascript/cluster.js?v=Xhyo8cGiiO4M&l=english&_cdn=fastly",
        "city": "New York",
        "region": "New York",
        "country": "United States",
        "org": "Fastly, Inc.",
        "timezone": "America/New_York",
        "source": "ip-api.com"
      },
      "geometry": {
        "type": "Point",
        "coordinates": [
          -74.0066,
          40.7126
        ]
      }
    },
    {
      "type": "Feature",
      "properties": {
        "ip": "199.232.39.52",
        "url": "https://store.fastly.steamstatic.com/public/css/applications/store/chunk~d46c69c2a.css?contenthash=d5fac18f4d069b7ff78e",
        "city": "New York",
        "region": "New York",
        "country": "United States",
        "org": "Fastly, Inc.",
        "timezone": "America/New_York",
        "source": "ip-api.com"
      },
      "geometry": {
        "type": "Point",
        "coordinates": [
          -74.0066,
          40.7126
        ]
      }
    },
    {
      "type": "Feature",
      "properties": {
        "ip": "199.232.39.52",
        "url": "https://store.fastly.steamstatic.com/public/javascript/applications/store/shared_english-json.js?contenthash=9e2900f6f7b1063dcc4b",
        "city": "New York",
        "region": "New York",
        "country": "United States",
        "org": "Fastly, Inc.",
        "timezone": "America/New_York",
        "source": "ip-api.com"
      },
      "geometry": {
        "type": "Point",
        "coordinates": [
          -74.0066,
          40.7126
        ]
      }
    },
    {
      "type": "Feature",
      "properties": {
        "ip": "199.232.39.52",
        "url": "https://shared.fastly.steamstatic.com//store_item_assets/steam/apps/294100/header.jpg?t=1752247312",
        "city": "New York",
        "region": "New York",
        "country": "United States",
        "org": "Fastly, Inc.",
        "timezone": "America/New_York",
        "source": "ip-api.com"
      },
      "geometry": {
        "type": "Point",
        "coordinates": [
          -74.0066,
          40.7126
        ]
      }
    },
    {
      "type": "Feature",
      "properties": {
        "ip": "199.232.39.52",
        "url": "https://shared.fastly.steamstatic.com//store_item_assets/steam/apps/294100/ss_4313dccc8b8ffdc6020789a59ddedaa570f78de4.jpg?t=1752247312",
        "city": "New York",
        "region": "New York",
        "country": "United States",
        "org": "Fastly, Inc.",
        "timezone": "America/New_York",
        "source": "ip-api.com"
      },
      "geometry": {
        "type": "Point",
        "coordinates": [
          -74.0066,
          40.7126
        ]
      }
    },
    {
      "type": "Feature",
      "properties": {
        "ip": "199.232.39.52",
        "url": "https://shared.fastly.steamstatic.com//store_item_assets/steam/apps/1430190/capsule_231x87.jpg?t=1753910977",
        "city": "New York",
        "region": "New York",
        "country": "United States",
        "org": "Fastly, Inc.",
        "timezone": "America/New_York",
        "source": "ip-api.com"
      },
      "geometry": {
        "type": "Point",
        "coordinates": [
          -74.0066,
          40.7126
        ]
      }
    },
    {
      "type": "Feature",
      "properties": {
        "ip": "199.232.39.52",
        "url": "https://store.fastly.steamstatic.com/public/images/ico/ico_twitter.png",
        "city": "New York",
        "region": "New York",
        "country": "United States",
        "org": "Fastly, Inc.",
        "timezone": "America/New_York",
        "source": "ip-api.com"
      },
      "geometry": {
        "type": "Point",
        "coordinates": [
          -74.0066,
          40.7126
        ]
      }
    },
    {
      "type": "Feature",
      "properties": {
        "ip": "199.232.39.52",
        "url": "https://video.fastly.steamstatic.com//store_trailers/steam/apps/2183900/435536413/175f56b0258f5856ed64019722129b59c4f3f147/1750772619/microtrailer.webm?t=1750946715",
        "city": "New York",
        "region": "New York",
        "country": "United States",
        "org": "Fastly, Inc.",
        "timezone": "America/New_York",
        "source": "ip-api.com"
      },
      "geometry": {
        "type": "Point",
        "coordinates": [
          -74.0066,
          40.7126
        ]
      }
    },
    {
      "type": "Feature",
      "properties": {
        "ip": "199.232.39.52",
        "url": "https://store.fastly.steamstatic.com/public/css/applications/store/4359.css?contenthash=a3bb34d3abde39a5bfd1",
        "city": "New York",
        "region": "New York",
        "country": "United States",
        "org": "Fastly, Inc.",
        "timezone": "America/New_York",
        "source": "ip-api.com"
      },
      "geometry": {
        "type": "Point",
        "coordinates": [
          -74.0066,
          40.7126
        ]
      }
    },
    {
      "type": "Feature",
      "properties": {
        "ip": "199.232.39.52",
        "url": "https://video.fastly.steamstatic.com/store_trailers/2183900/435536413/175f56b0258f5856ed64019722129b59c4f3f147/1750772619/microtrailer.webm",
        "city": "New York",
        "region": "New York",
        "country": "United States",
        "org": "Fastly, Inc.",
        "timezone": "America/New_York",
        "source": "ip-api.com"
      },
      "geometry": {
        "type": "Point",
        "coordinates": [
          -74.0066,
          40.7126
        ]
      }
    },
    {
      "type": "Feature",
      "properties": {
        "ip": "199.232.39.52",
        "url": "https://store.fastly.steamstatic.com/public/shared/fonts/MotivaSans-Regular.ttf?v=4.015",
        "city": "New York",
        "region": "New York",
        "country": "United States",
        "org": "Fastly, Inc.",
        "timezone": "America/New_York",
        "source": "ip-api.com"
      },
      "geometry": {
        "type": "Point",
        "coordinates": [
          -74.0066,
          40.7126
        ]
      }
    },
    {
      "type": "Feature",
      "properties": {
        "ip": "199.232.39.52",
        "url": "https://store.fastly.steamstatic.com/public/javascript/applications/store/chunk~743f7df70.js?contenthash=31172ef0bcf3b59bbe89",
        "city": "New York",
        "region": "New York",
        "country": "United States",
        "org": "Fastly, Inc.",
        "timezone": "America/New_York",
        "source": "ip-api.com"
      },
      "geometry": {
        "type": "Point",
        "coordinates": [
          -74.0066,
          40.7126
        ]
      }
    },
    {
      "type": "Feature",
      "properties": {
        "ip": "199.232.39.52",
        "url": "https://store.fastly.steamstatic.com/public/shared/images/responsive/header_logo.png",
        "city": "New York",
        "region": "New York",
        "country": "United States",
        "org": "Fastly, Inc.",
        "timezone": "America/New_York",
        "source": "ip-api.com"
      },
      "geometry": {
        "type": "Point",
        "coordinates": [
          -74.0066,
          40.7126
        ]
      }
    },
    {
      "type": "Feature",
      "properties": {
        "ip": "199.232.39.52",
        "url": "https://store.fastly.steamstatic.com/public/shared/fonts/MotivaSans-Black.ttf?v=4.015",
        "city": "New York",
        "region": "New York",
        "country": "United States",
        "org": "Fastly, Inc.",
        "timezone": "America/New_York",
        "source": "ip-api.com"
      },
      "geometry": {
        "type": "Point",
        "coordinates": [
          -74.0066,
          40.7126
        ]
      }
    },
    {
      "type": "Feature",
      "properties": {
        "ip": "199.232.39.52",
        "url": "https://shared.fastly.steamstatic.com//store_item_assets/steam/apps/2340970/93fac97732b31fdb3dd1dcc14047eb7179eb0865/header.jpg?t=1751579617",
        "city": "New York",
        "region": "New York",
        "country": "United States",
        "org": "Fastly, Inc.",
        "timezone": "America/New_York",
        "source": "ip-api.com"
      },
      "geometry": {
        "type": "Point",
        "coordinates": [
          -74.0066,
          40.7126
        ]
      }
    },
    {
      "type": "Feature",
      "properties": {
        "ip": "199.232.39.52",
        "url": "https://store.fastly.steamstatic.com/public/javascript/applications/store/chunk~1aae9796d.js?contenthash=42695edd35db51660a62",
        "city": "New York",
        "region": "New York",
        "country": "United States",
        "org": "Fastly, Inc.",
        "timezone": "America/New_York",
        "source": "ip-api.com"
      },
      "geometry": {
        "type": "Point",
        "coordinates": [
          -74.0066,
          40.7126
        ]
      }
    },
    {
      "type": "Feature",
      "properties": {
        "ip": "199.232.39.52",
        "url": "https://clan.fastly.steamstatic.com/images/4458811/101f4a758d758d2a7760279e6506c4ca92eabdd3_400x225.png",
        "city": "New York",
        "region": "New York",
        "country": "United States",
        "org": "Fastly, Inc.",
        "timezone": "America/New_York",
        "source": "ip-api.com"
      },
      "geometry": {
        "type": "Point",
        "coordinates": [
          -74.0066,
          40.7126
        ]
      }
    },
    {
      "type": "Feature",
      "properties": {
        "ip": "199.232.39.52",
        "url": "https://store.fastly.steamstatic.com/public/images/footerLogo_valve_new.png",
        "city": "New York",
        "region": "New York",
        "country": "United States",
        "org": "Fastly, Inc.",
        "timezone": "America/New_York",
        "source": "ip-api.com"
      },
      "geometry": {
        "type": "Point",
        "coordinates": [
          -74.0066,
          40.7126
        ]
      }
    },
    {
      "type": "Feature",
      "properties": {
        "ip": "199.232.39.52",
        "url": "https://store.fastly.steamstatic.com/public/images/ico/ico_facebook.png",
        "city": "New York",
        "region": "New York",
        "country": "United States",
        "org": "Fastly, Inc.",
        "timezone": "America/New_York",
        "source": "ip-api.com"
      },
      "geometry": {
        "type": "Point",
        "coordinates": [
          -74.0066,
          40.7126
        ]
      }
    },
    {
      "type": "Feature",
      "properties": {
        "ip": "199.232.39.52",
        "url": "https://shared.fastly.steamstatic.com//store_item_assets/steam/apps/3513350/a0d6f891d43e57b9ba2577faf75e5b1d3c681144/capsule_231x87.jpg?t=1753312991",
        "city": "New York",
        "region": "New York",
        "country": "United States",
        "org": "Fastly, Inc.",
        "timezone": "America/New_York",
        "source": "ip-api.com"
      },
      "geometry": {
        "type": "Point",
        "coordinates": [
          -74.0066,
          40.7126
        ]
      }
    },
    {
      "type": "Feature",
      "properties": {
        "ip": "199.232.39.52",
        "url": "https://store.fastly.steamstatic.com/public/javascript/applications/store/9214.js?contenthash=356d2b1472759c2c4dde",
        "city": "New York",
        "region": "New York",
        "country": "United States",
        "org": "Fastly, Inc.",
        "timezone": "America/New_York",
        "source": "ip-api.com"
      },
      "geometry": {
        "type": "Point",
        "coordinates": [
          -74.0066,
          40.7126
        ]
      }
    },
    {
      "type": "Feature",
      "properties": {
        "ip": "199.232.39.52",
        "url": "https://store.fastly.steamstatic.com/public/javascript/applications/store/3270.js?contenthash=ba7ca0f55946db51d06c",
        "city": "New York",
        "region": "New York",
        "country": "United States",
        "org": "Fastly, Inc.",
        "timezone": "America/New_York",
        "source": "ip-api.com"
      },
      "geometry": {
        "type": "Point",
        "coordinates": [
          -74.0066,
          40.7126
        ]
      }
    },
    {
      "type": "Feature",
      "properties": {
        "ip": "199.232.39.52",
        "url": "https://shared.fastly.steamstatic.com//store_item_assets/steam/apps/1172470/b7e2d0c4b5f34b6751269c359070f706ff6d59fe/header.jpg?t=1749122685",
        "city": "New York",
        "region": "New York",
        "country": "United States",
        "org": "Fastly, Inc.",
        "timezone": "America/New_York",
        "source": "ip-api.com"
      },
      "geometry": {
        "type": "Point",
        "coordinates": [
          -74.0066,
          40.7126
        ]
      }
    },
    {
      "type": "Feature",
      "properties": {
        "ip": "199.232.39.52",
        "url": "https://shared.fastly.steamstatic.com//store_item_assets/steam/apps/3017860/header.jpg?t=1749758252",
        "city": "New York",
        "region": "New York",
        "country": "United States",
        "org": "Fastly, Inc.",
        "timezone": "America/New_York",
        "source": "ip-api.com"
      },
      "geometry": {
        "type": "Point",
        "coordinates": [
          -74.0066,
          40.7126
        ]
      }
    },
    {
      "type": "Feature",
      "properties": {
        "ip": "199.232.39.52",
        "url": "https://shared.fastly.steamstatic.com//store_item_assets/steam/apps/1774580/header.jpg?t=1748945254",
        "city": "New York",
        "region": "New York",
        "country": "United States",
        "org": "Fastly, Inc.",
        "timezone": "America/New_York",
        "source": "ip-api.com"
      },
      "geometry": {
        "type": "Point",
        "coordinates": [
          -74.0066,
          40.7126
        ]
      }
    },
    {
      "type": "Feature",
      "properties": {
        "ip": "199.232.39.52",
        "url": "https://shared.fastly.steamstatic.com//store_item_assets/steam/apps/2859390/header.jpg?t=1746013790",
        "city": "New York",
        "region": "New York",
        "country": "United States",
        "org": "Fastly, Inc.",
        "timezone": "America/New_York",
        "source": "ip-api.com"
      },
      "geometry": {
        "type": "Point",
        "coordinates": [
          -74.0066,
          40.7126
        ]
      }
    },
    {
      "type": "Feature",
      "properties": {
        "ip": "199.232.39.52",
        "url": "https://clan.fastly.steamstatic.com/images/43009981/12939dcd99a5896229747aff79f9e65b9585d4ba_400x225.png",
        "city": "New York",
        "region": "New York",
        "country": "United States",
        "org": "Fastly, Inc.",
        "timezone": "America/New_York",
        "source": "ip-api.com"
      },
      "geometry": {
        "type": "Point",
        "coordinates": [
          -74.0066,
          40.7126
        ]
      }
    },
    {
      "type": "Feature",
      "properties": {
        "ip": "199.232.39.52",
        "url": "https://shared.fastly.steamstatic.com//store_item_assets/steam/apps/3437340/d506593d8b6fe7275bada240cd5436f3500d18f0/header.jpg?t=1749646414",
        "city": "New York",
        "region": "New York",
        "country": "United States",
        "org": "Fastly, Inc.",
        "timezone": "America/New_York",
        "source": "ip-api.com"
      },
      "geometry": {
        "type": "Point",
        "coordinates": [
          -74.0066,
          40.7126
        ]
      }
    },
    {
      "type": "Feature",
      "properties": {
        "ip": "199.232.39.52",
        "url": "https://store.fastly.steamstatic.com/public/javascript/applications/store/4359.js?contenthash=2575c2dc867c5c3a37ff",
        "city": "New York",
        "region": "New York",
        "country": "United States",
        "org": "Fastly, Inc.",
        "timezone": "America/New_York",
        "source": "ip-api.com"
      },
      "geometry": {
        "type": "Point",
        "coordinates": [
          -74.0066,
          40.7126
        ]
      }
    },
    {
      "type": "Feature",
      "properties": {
        "ip": "199.232.39.52",
        "url": "https://store.fastly.steamstatic.com/public/images/ico/ico_bsky.png",
        "city": "New York",
        "region": "New York",
        "country": "United States",
        "org": "Fastly, Inc.",
        "timezone": "America/New_York",
        "source": "ip-api.com"
      },
      "geometry": {
        "type": "Point",
        "coordinates": [
          -74.0066,
          40.7126
        ]
      }
    },
    {
      "type": "Feature",
      "properties": {
        "ip": "199.232.39.52",
        "url": "https://shared.fastly.steamstatic.com//store_item_assets/steam/apps/294100/ss_8dfed1fd659a608f3556bfccaaf9ef49bf594222.jpg?t=1752247312",
        "city": "New York",
        "region": "New York",
        "country": "United States",
        "org": "Fastly, Inc.",
        "timezone": "America/New_York",
        "source": "ip-api.com"
      },
      "geometry": {
        "type": "Point",
        "coordinates": [
          -74.0066,
          40.7126
        ]
      }
    },
    {
      "type": "Feature",
      "properties": {
        "ip": "199.232.39.52",
        "url": "https://shared.fastly.steamstatic.com//store_item_assets/steam/apps/294100/ss_9c195af4d3b80edcd01e4836be605a04b24657c2.jpg?t=1752247312",
        "city": "New York",
        "region": "New York",
        "country": "United States",
        "org": "Fastly, Inc.",
        "timezone": "America/New_York",
        "source": "ip-api.com"
      },
      "geometry": {
        "type": "Point",
        "coordinates": [
          -74.0066,
          40.7126
        ]
      }
    },
    {
      "type": "Feature",
      "properties": {
        "ip": "199.232.39.52",
        "url": "https://store.fastly.steamstatic.com/public/javascript/applications/store/libraries~730b00cba.js?contenthash=4a31aff5fbb857527c03",
        "city": "New York",
        "region": "New York",
        "country": "United States",
        "org": "Fastly, Inc.",
        "timezone": "America/New_York",
        "source": "ip-api.com"
      },
      "geometry": {
        "type": "Point",
        "coordinates": [
          -74.0066,
          40.7126
        ]
      }
    },
    {
      "type": "Feature",
      "properties": {
        "ip": "199.232.39.52",
        "url": "https://store.fastly.steamstatic.com/public/javascript/applications/store/6597.js?contenthash=42ed20bc29d447ee645e",
        "city": "New York",
        "region": "New York",
        "country": "United States",
        "org": "Fastly, Inc.",
        "timezone": "America/New_York",
        "source": "ip-api.com"
      },
      "geometry": {
        "type": "Point",
        "coordinates": [
          -74.0066,
          40.7126
        ]
      }
    },
    {
      "type": "Feature",
      "properties": {
        "ip": "199.232.39.52",
        "url": "https://shared.fastly.steamstatic.com//store_item_assets/steam/apps/553850/6a629d747768128d768a7e05a042adeb558d1f85/header.jpg?t=1752524800",
        "city": "New York",
        "region": "New York",
        "country": "United States",
        "org": "Fastly, Inc.",
        "timezone": "America/New_York",
        "source": "ip-api.com"
      },
      "geometry": {
        "type": "Point",
        "coordinates": [
          -74.0066,
          40.7126
        ]
      }
    },
    {
      "type": "Feature",
      "properties": {
        "ip": "199.232.39.52",
        "url": "https://store.fastly.steamstatic.com/public/javascript/applications/store/libraries~743f7df70.js?contenthash=f42b65cf9e68ea6f4fdf",
        "city": "New York",
        "region": "New York",
        "country": "United States",
        "org": "Fastly, Inc.",
        "timezone": "America/New_York",
        "source": "ip-api.com"
      },
      "geometry": {
        "type": "Point",
        "coordinates": [
          -74.0066,
          40.7126
        ]
      }
    },
    {
      "type": "Feature",
      "properties": {
        "ip": "199.232.39.52",
        "url": "https://store.fastly.steamstatic.com/public/javascript/applications/store/shoppingcart_english-json.js?contenthash=00bba6c36852964914e4",
        "city": "New York",
        "region": "New York",
        "country": "United States",
        "org": "Fastly, Inc.",
        "timezone": "America/New_York",
        "source": "ip-api.com"
      },
      "geometry": {
        "type": "Point",
        "coordinates": [
          -74.0066,
          40.7126
        ]
      }
    },
    {
      "type": "Feature",
      "properties": {
        "ip": "199.232.39.52",
        "url": "https://shared.fastly.steamstatic.com//store_item_assets/steam/apps/3729960/1478a3b3ffb23c415b31c1323dc2079df1ce6e9f/header.jpg?t=1752490053",
        "city": "New York",
        "region": "New York",
        "country": "United States",
        "org": "Fastly, Inc.",
        "timezone": "America/New_York",
        "source": "ip-api.com"
      },
      "geometry": {
        "type": "Point",
        "coordinates": [
          -74.0066,
          40.7126
        ]
      }
    },
    {
      "type": "Feature",
      "properties": {
        "ip": "199.232.39.52",
        "url": "https://store.fastly.steamstatic.com/public/javascript/applications/store/main_english-json.js?contenthash=ed608e53807bb6445ab5",
        "city": "New York",
        "region": "New York",
        "country": "United States",
        "org": "Fastly, Inc.",
        "timezone": "America/New_York",
        "source": "ip-api.com"
      },
      "geometry": {
        "type": "Point",
        "coordinates": [
          -74.0066,
          40.7126
        ]
      }
    },
    {
      "type": "Feature",
      "properties": {
        "ip": "199.232.39.52",
        "url": "https://video.fastly.steamstatic.com/store_trailers/3017860/1777709634/e3e986d894e749e052531d184d6de468a5d35e53/1748584907/microtrailer.webm",
        "city": "New York",
        "region": "New York",
        "country": "United States",
        "org": "Fastly, Inc.",
        "timezone": "America/New_York",
        "source": "ip-api.com"
      },
      "geometry": {
        "type": "Point",
        "coordinates": [
          -74.0066,
          40.7126
        ]
      }
    },
    {
      "type": "Feature",
      "properties": {
        "ip": "199.232.39.52",
        "url": "https://store.fastly.steamstatic.com/public/javascript/applications/store/saledisplay.js?contenthash=33e8b21be646e2d32b17",
        "city": "New York",
        "region": "New York",
        "country": "United States",
        "org": "Fastly, Inc.",
        "timezone": "America/New_York",
        "source": "ip-api.com"
      },
      "geometry": {
        "type": "Point",
        "coordinates": [
          -74.0066,
          40.7126
        ]
      }
    },
    {
      "type": "Feature",
      "properties": {
        "ip": "199.232.39.52",
        "url": "https://shared.fastly.steamstatic.com//store_item_assets/steam/apps/2657030/header.jpg?t=1751362275",
        "city": "New York",
        "region": "New York",
        "country": "United States",
        "org": "Fastly, Inc.",
        "timezone": "America/New_York",
        "source": "ip-api.com"
      },
      "geometry": {
        "type": "Point",
        "coordinates": [
          -74.0066,
          40.7126
        ]
      }
    },
    {
      "type": "Feature",
      "properties": {
        "ip": "199.232.39.52",
        "url": "https://store.fastly.steamstatic.com/public/shared/fonts/MotivaSans-Thin.ttf?v=4.015",
        "city": "New York",
        "region": "New York",
        "country": "United States",
        "org": "Fastly, Inc.",
        "timezone": "America/New_York",
        "source": "ip-api.com"
      },
      "geometry": {
        "type": "Point",
        "coordinates": [
          -74.0066,
          40.7126
        ]
      }
    },
    {
      "type": "Feature",
      "properties": {
        "ip": "199.232.39.52",
        "url": "https://store.fastly.steamstatic.com/public/javascript/applications/store/8970.js?contenthash=1ea30209d5d93b9d727f",
        "city": "New York",
        "region": "New York",
        "country": "United States",
        "org": "Fastly, Inc.",
        "timezone": "America/New_York",
        "source": "ip-api.com"
      },
      "geometry": {
        "type": "Point",
        "coordinates": [
          -74.0066,
          40.7126
        ]
      }
    },
    {
      "type": "Feature",
      "properties": {
        "ip": "199.232.39.52",
        "url": "https://store.fastly.steamstatic.com/public/javascript/applications/store/4860.js?contenthash=a9958c88564f85f708be",
        "city": "New York",
        "region": "New York",
        "country": "United States",
        "org": "Fastly, Inc.",
        "timezone": "America/New_York",
        "source": "ip-api.com"
      },
      "geometry": {
        "type": "Point",
        "coordinates": [
          -74.0066,
          40.7126
        ]
      }
    },
    {
      "type": "Feature",
      "properties": {
        "ip": "199.232.39.52",
        "url": "https://shared.fastly.steamstatic.com//store_item_assets/steam/apps/2139460/3ca9115887f6b53097b817d0d198b2e8f81de1d5/header.jpg?t=1753837188",
        "city": "New York",
        "region": "New York",
        "country": "United States",
        "org": "Fastly, Inc.",
        "timezone": "America/New_York",
        "source": "ip-api.com"
      },
      "geometry": {
        "type": "Point",
        "coordinates": [
          -74.0066,
          40.7126
        ]
      }
    },
    {
      "type": "Feature",
      "properties": {
        "ip": "199.232.39.52",
        "url": "https://shared.fastly.steamstatic.com//store_item_assets/steam/apps/3764200/d478bccdd167e0d8e1f4760bcad7e6bcbbb3258d/header.jpg?t=1753863787",
        "city": "New York",
        "region": "New York",
        "country": "United States",
        "org": "Fastly, Inc.",
        "timezone": "America/New_York",
        "source": "ip-api.com"
      },
      "geometry": {
        "type": "Point",
        "coordinates": [
          -74.0066,
          40.7126
        ]
      }
    },
    {
      "type": "Feature",
      "properties": {
        "ip": "199.232.39.52",
        "url": "https://store.fastly.steamstatic.com/public/css/applications/store/7436.css?contenthash=950d1a8e1e8cb524ff25",
        "city": "New York",
        "region": "New York",
        "country": "United States",
        "org": "Fastly, Inc.",
        "timezone": "America/New_York",
        "source": "ip-api.com"
      },
      "geometry": {
        "type": "Point",
        "coordinates": [
          -74.0066,
          40.7126
        ]
      }
    },
    {
      "type": "Feature",
      "properties": {
        "ip": "199.232.39.52",
        "url": "https://clan.fastly.steamstatic.com/images/42849822/ba19e7437361f7739db8718069e15376619c9917_400x225.jpg",
        "city": "New York",
        "region": "New York",
        "country": "United States",
        "org": "Fastly, Inc.",
        "timezone": "America/New_York",
        "source": "ip-api.com"
      },
      "geometry": {
        "type": "Point",
        "coordinates": [
          -74.0066,
          40.7126
        ]
      }
    },
    {
      "type": "Feature",
      "properties": {
        "ip": "199.232.39.52",
        "url": "https://store.fastly.steamstatic.com/public/javascript/applications/store/7937.js?contenthash=40c860313d8d0ac716db",
        "city": "New York",
        "region": "New York",
        "country": "United States",
        "org": "Fastly, Inc.",
        "timezone": "America/New_York",
        "source": "ip-api.com"
      },
      "geometry": {
        "type": "Point",
        "coordinates": [
          -74.0066,
          40.7126
        ]
      }
    },
    {
      "type": "Feature",
      "properties": {
        "ip": "199.232.39.52",
        "url": "https://shared.fastly.steamstatic.com//store_item_assets/steam/apps/294100/ss_000e61bb3f21077183422c86093189c22a02bf08.jpg?t=1752247312",
        "city": "New York",
        "region": "New York",
        "country": "United States",
        "org": "Fastly, Inc.",
        "timezone": "America/New_York",
        "source": "ip-api.com"
      },
      "geometry": {
        "type": "Point",
        "coordinates": [
          -74.0066,
          40.7126
        ]
      }
    },
    {
      "type": "Feature",
      "properties": {
        "ip": "199.232.39.52",
        "url": "https://shared.fastly.steamstatic.com//store_item_assets/steam/apps/2139460/cc8d3737ca2fb11bcea6b2a6175393551cdb7a76/capsule_231x87.jpg?t=1753837188",
        "city": "New York",
        "region": "New York",
        "country": "United States",
        "org": "Fastly, Inc.",
        "timezone": "America/New_York",
        "source": "ip-api.com"
      },
      "geometry": {
        "type": "Point",
        "coordinates": [
          -74.0066,
          40.7126
        ]
      }
    },
    {
      "type": "Feature",
      "properties": {
        "ip": "199.232.39.52",
        "url": "https://shared.fastly.steamstatic.com//store_item_assets/steam/apps/230410/9ca5eafdcbb2061f1abf2f8b25b31a301e12dced/header.jpg?t=1753110568",
        "city": "New York",
        "region": "New York",
        "country": "United States",
        "org": "Fastly, Inc.",
        "timezone": "America/New_York",
        "source": "ip-api.com"
      },
      "geometry": {
        "type": "Point",
        "coordinates": [
          -74.0066,
          40.7126
        ]
      }
    },
    {
      "type": "Feature",
      "properties": {
        "ip": "199.232.39.52",
        "url": "https://store.fastly.steamstatic.com/public/shared/images/header/logo_steam.svg?t=962016",
        "city": "New York",
        "region": "New York",
        "country": "United States",
        "org": "Fastly, Inc.",
        "timezone": "America/New_York",
        "source": "ip-api.com"
      },
      "geometry": {
        "type": "Point",
        "coordinates": [
          -74.0066,
          40.7126
        ]
      }
    },
    {
      "type": "Feature",
      "properties": {
        "ip": "199.232.39.52",
        "url": "https://store.fastly.steamstatic.com/public/javascript/applications/store/chunk~898bae97c.js?contenthash=5345803cab277bf86c25",
        "city": "New York",
        "region": "New York",
        "country": "United States",
        "org": "Fastly, Inc.",
        "timezone": "America/New_York",
        "source": "ip-api.com"
      },
      "geometry": {
        "type": "Point",
        "coordinates": [
          -74.0066,
          40.7126
        ]
      }
    },
    {
      "type": "Feature",
      "properties": {
        "ip": "199.232.39.52",
        "url": "https://shared.fastly.steamstatic.com//store_item_assets/steam/apps/294100/80e383ef19353058791efe17a6485849246c9c17/ss_80e383ef19353058791efe17a6485849246c9c17.jpg?t=1752247312",
        "city": "New York",
        "region": "New York",
        "country": "United States",
        "org": "Fastly, Inc.",
        "timezone": "America/New_York",
        "source": "ip-api.com"
      },
      "geometry": {
        "type": "Point",
        "coordinates": [
          -74.0066,
          40.7126
        ]
      }
    },
    {
      "type": "Feature",
      "properties": {
        "ip": "199.232.39.52",
        "url": "https://store.fastly.steamstatic.com/public/javascript/applications/store/6883.js?contenthash=5453490209d9314b6827",
        "city": "New York",
        "region": "New York",
        "country": "United States",
        "org": "Fastly, Inc.",
        "timezone": "America/New_York",
        "source": "ip-api.com"
      },
      "geometry": {
        "type": "Point",
        "coordinates": [
          -74.0066,
          40.7126
        ]
      }
    },
    {
      "type": "Feature",
      "properties": {
        "ip": "199.232.39.52",
        "url": "https://store.fastly.steamstatic.com/public/javascript/applications/store/7436.js?contenthash=2fa3f5ac3a99cbc63e2e",
        "city": "New York",
        "region": "New York",
        "country": "United States",
        "org": "Fastly, Inc.",
        "timezone": "America/New_York",
        "source": "ip-api.com"
      },
      "geometry": {
        "type": "Point",
        "coordinates": [
          -74.0066,
          40.7126
        ]
      }
    },
    {
      "type": "Feature",
      "properties": {
        "ip": "199.232.39.52",
        "url": "https://shared.fastly.steamstatic.com//store_item_assets/steam/apps/1631270/f7a3314e948e111180de2849a7eec5b2122d82a2/header_alt_assets_1.jpg?t=1753779057",
        "city": "New York",
        "region": "New York",
        "country": "United States",
        "org": "Fastly, Inc.",
        "timezone": "America/New_York",
        "source": "ip-api.com"
      },
      "geometry": {
        "type": "Point",
        "coordinates": [
          -74.0066,
          40.7126
        ]
      }
    },
    {
      "type": "Feature",
      "properties": {
        "ip": "199.232.39.52",
        "url": "https://shared.fastly.steamstatic.com//store_item_assets/steam/apps/1172470/8d77e0d1ebca6d389b6330cf408936eb93484aee/capsule_231x87.jpg?t=1749122685",
        "city": "New York",
        "region": "New York",
        "country": "United States",
        "org": "Fastly, Inc.",
        "timezone": "America/New_York",
        "source": "ip-api.com"
      },
      "geometry": {
        "type": "Point",
        "coordinates": [
          -74.0066,
          40.7126
        ]
      }
    },
    {
      "type": "Feature",
      "properties": {
        "ip": "199.232.39.52",
        "url": "https://shared.fastly.steamstatic.com//store_item_assets/steam/apps/1172710/4226e40ecd3f34c27a9ede320af531af24a57721/capsule_231x87.jpg?t=1751664610",
        "city": "New York",
        "region": "New York",
        "country": "United States",
        "org": "Fastly, Inc.",
        "timezone": "America/New_York",
        "source": "ip-api.com"
      },
      "geometry": {
        "type": "Point",
        "coordinates": [
          -74.0066,
          40.7126
        ]
      }
    },
    {
      "type": "Feature",
      "properties": {
        "ip": "199.232.39.52",
        "url": "https://shared.fastly.steamstatic.com//store_item_assets/steam/apps/2687400/1636e5ecee3f02490e00341a8391ae48497f35e4/header_alt_assets_1.jpg?t=1753891039",
        "city": "New York",
        "region": "New York",
        "country": "United States",
        "org": "Fastly, Inc.",
        "timezone": "America/New_York",
        "source": "ip-api.com"
      },
      "geometry": {
        "type": "Point",
        "coordinates": [
          -74.0066,
          40.7126
        ]
      }
    },
    {
      "type": "Feature",
      "properties": {
        "ip": "199.232.39.52",
        "url": "https://store.fastly.steamstatic.com/public/javascript/applications/store/9063.js?contenthash=56501f98008348d84a81",
        "city": "New York",
        "region": "New York",
        "country": "United States",
        "org": "Fastly, Inc.",
        "timezone": "America/New_York",
        "source": "ip-api.com"
      },
      "geometry": {
        "type": "Point",
        "coordinates": [
          -74.0066,
          40.7126
        ]
      }
    },
    {
      "type": "Feature",
      "properties": {
        "ip": "199.232.39.52",
        "url": "https://shared.fastly.steamstatic.com//store_item_assets/steam/apps/3102400/6a02b26e5d93eb41a226b4ceeadf80cc11ffad3a/header.jpg?t=1753194365",
        "city": "New York",
        "region": "New York",
        "country": "United States",
        "org": "Fastly, Inc.",
        "timezone": "America/New_York",
        "source": "ip-api.com"
      },
      "geometry": {
        "type": "Point",
        "coordinates": [
          -74.0066,
          40.7126
        ]
      }
    },
    {
      "type": "Feature",
      "properties": {
        "ip": "199.232.39.52",
        "url": "https://store.fastly.steamstatic.com/public/shared/css/shared_responsive.css?v=nhRHR_geXGkp&l=english&_cdn=fastly",
        "city": "New York",
        "region": "New York",
        "country": "United States",
        "org": "Fastly, Inc.",
        "timezone": "America/New_York",
        "source": "ip-api.com"
      },
      "geometry": {
        "type": "Point",
        "coordinates": [
          -74.0066,
          40.7126
        ]
      }
    },
    {
      "type": "Feature",
      "properties": {
        "ip": "199.232.39.52",
        "url": "https://shared.fastly.steamstatic.com//store_item_assets/steam/apps/2183900/header.jpg?t=1751643527",
        "city": "New York",
        "region": "New York",
        "country": "United States",
        "org": "Fastly, Inc.",
        "timezone": "America/New_York",
        "source": "ip-api.com"
      },
      "geometry": {
        "type": "Point",
        "coordinates": [
          -74.0066,
          40.7126
        ]
      }
    },
    {
      "type": "Feature",
      "properties": {
        "ip": "199.232.39.52",
        "url": "https://video.fastly.steamstatic.com/store_trailers/1430190/799260/d234d4545d04918bf1080f22197d220cca83bf78/1750687502/microtrailer.webm",
        "city": "New York",
        "region": "New York",
        "country": "United States",
        "org": "Fastly, Inc.",
        "timezone": "America/New_York",
        "source": "ip-api.com"
      },
      "geometry": {
        "type": "Point",
        "coordinates": [
          -74.0066,
          40.7126
        ]
      }
    },
    {
      "type": "Feature",
      "properties": {
        "ip": "199.232.39.52",
        "url": "https://shared.fastly.steamstatic.com//store_item_assets/steam/apps/782330/header.jpg?t=1749758044",
        "city": "New York",
        "region": "New York",
        "country": "United States",
        "org": "Fastly, Inc.",
        "timezone": "America/New_York",
        "source": "ip-api.com"
      },
      "geometry": {
        "type": "Point",
        "coordinates": [
          -74.0066,
          40.7126
        ]
      }
    },
    {
      "type": "Feature",
      "properties": {
        "ip": "199.232.39.52",
        "url": "https://shared.fastly.steamstatic.com//store_item_assets/steam/apps/294100/1e3a2734b23daaa4eb60ea33dd87806aa65e0c8f/ss_1e3a2734b23daaa4eb60ea33dd87806aa65e0c8f.jpg?t=1752247312",
        "city": "New York",
        "region": "New York",
        "country": "United States",
        "org": "Fastly, Inc.",
        "timezone": "America/New_York",
        "source": "ip-api.com"
      },
      "geometry": {
        "type": "Point",
        "coordinates": [
          -74.0066,
          40.7126
        ]
      }
    },
    {
      "type": "Feature",
      "properties": {
        "ip": "199.232.39.52",
        "url": "https://store.fastly.steamstatic.com/public/shared/javascript/shared_global.js?v=m3dNaWDVC2YM&l=english&_cdn=fastly",
        "city": "New York",
        "region": "New York",
        "country": "United States",
        "org": "Fastly, Inc.",
        "timezone": "America/New_York",
        "source": "ip-api.com"
      },
      "geometry": {
        "type": "Point",
        "coordinates": [
          -74.0066,
          40.7126
        ]
      }
    },
    {
      "type": "Feature",
      "properties": {
        "ip": "199.232.39.52",
        "url": "https://shared.fastly.steamstatic.com//store_item_assets/steam/apps/427410/792c28690469ffeea796dcbdc3c92c792150941f/capsule_231x87.jpg?t=1753890309",
        "city": "New York",
        "region": "New York",
        "country": "United States",
        "org": "Fastly, Inc.",
        "timezone": "America/New_York",
        "source": "ip-api.com"
      },
      "geometry": {
        "type": "Point",
        "coordinates": [
          -74.0066,
          40.7126
        ]
      }
    },
    {
      "type": "Feature",
      "properties": {
        "ip": "199.232.39.52",
        "url": "https://video.fastly.steamstatic.com//store_trailers/steam/apps/553850/1116070665/94c2b8286603c098b4af665a868b42515d43bedd/1750550231/microtrailer.webm?t=1748015349",
        "city": "New York",
        "region": "New York",
        "country": "United States",
        "org": "Fastly, Inc.",
        "timezone": "America/New_York",
        "source": "ip-api.com"
      },
      "geometry": {
        "type": "Point",
        "coordinates": [
          -74.0066,
          40.7126
        ]
      }
    },
    {
      "type": "Feature",
      "properties": {
        "ip": "199.232.39.52",
        "url": "https://store.fastly.steamstatic.com/public/images/v6/logo_steam_footer.png",
        "city": "New York",
        "region": "New York",
        "country": "United States",
        "org": "Fastly, Inc.",
        "timezone": "America/New_York",
        "source": "ip-api.com"
      },
      "geometry": {
        "type": "Point",
        "coordinates": [
          -74.0066,
          40.7126
        ]
      }
    },
    {
      "type": "Feature",
      "properties": {
        "ip": "199.232.39.52",
        "url": "https://shared.fastly.steamstatic.com//store_item_assets/steam/apps/3694200/22c96009885b8a3598662b2531b553f51ed44442/header.jpg?t=1753891066",
        "city": "New York",
        "region": "New York",
        "country": "United States",
        "org": "Fastly, Inc.",
        "timezone": "America/New_York",
        "source": "ip-api.com"
      },
      "geometry": {
        "type": "Point",
        "coordinates": [
          -74.0066,
          40.7126
        ]
      }
    },
    {
      "type": "Feature",
      "properties": {
        "ip": "199.232.39.52",
        "url": "https://shared.fastly.steamstatic.com//store_item_assets/steam/apps/294100/ss_7dbac9410822d5264d102b1c06017856c481e48b.jpg?t=1752247312",
        "city": "New York",
        "region": "New York",
        "country": "United States",
        "org": "Fastly, Inc.",
        "timezone": "America/New_York",
        "source": "ip-api.com"
      },
      "geometry": {
        "type": "Point",
        "coordinates": [
          -74.0066,
          40.7126
        ]
      }
    },
    {
      "type": "Feature",
      "properties": {
        "ip": "199.232.39.52",
        "url": "https://store.fastly.steamstatic.com/public/css/applications/store/1677.css?contenthash=a25cdd104276a8dc3c6f",
        "city": "New York",
        "region": "New York",
        "country": "United States",
        "org": "Fastly, Inc.",
        "timezone": "America/New_York",
        "source": "ip-api.com"
      },
      "geometry": {
        "type": "Point",
        "coordinates": [
          -74.0066,
          40.7126
        ]
      }
    },
    {
      "type": "Feature",
      "properties": {
        "ip": "199.232.39.52",
        "url": "https://store.fastly.steamstatic.com/public/css/v6/sale.css?v=aj7vNH1hsqTb&l=english&_cdn=fastly",
        "city": "New York",
        "region": "New York",
        "country": "United States",
        "org": "Fastly, Inc.",
        "timezone": "America/New_York",
        "source": "ip-api.com"
      },
      "geometry": {
        "type": "Point",
        "coordinates": [
          -74.0066,
          40.7126
        ]
      }
    },
    {
      "type": "Feature",
      "properties": {
        "ip": "199.232.39.52",
        "url": "https://shared.fastly.steamstatic.com//store_item_assets/steam/apps/1285190/986a88d1b0e1420b00183def2a7034508353afa3/header.jpg?t=1752528595",
        "city": "New York",
        "region": "New York",
        "country": "United States",
        "org": "Fastly, Inc.",
        "timezone": "America/New_York",
        "source": "ip-api.com"
      },
      "geometry": {
        "type": "Point",
        "coordinates": [
          -74.0066,
          40.7126
        ]
      }
    },
    {
      "type": "Feature",
      "properties": {
        "ip": "199.232.39.52",
        "url": "https://store.fastly.steamstatic.com/public/css/v6/game.css?v=TAQYJfED2_fn&l=english&_cdn=fastly",
        "city": "New York",
        "region": "New York",
        "country": "United States",
        "org": "Fastly, Inc.",
        "timezone": "America/New_York",
        "source": "ip-api.com"
      },
      "geometry": {
        "type": "Point",
        "coordinates": [
          -74.0066,
          40.7126
        ]
      }
    },
    {
      "type": "Feature",
      "properties": {
        "ip": "199.232.39.52",
        "url": "https://store.fastly.steamstatic.com/public/javascript/applications/store/chunk~45e7b8927.js?contenthash=1257b81529756f719325",
        "city": "New York",
        "region": "New York",
        "country": "United States",
        "org": "Fastly, Inc.",
        "timezone": "America/New_York",
        "source": "ip-api.com"
      },
      "geometry": {
        "type": "Point",
        "coordinates": [
          -74.0066,
          40.7126
        ]
      }
    },
    {
      "type": "Feature",
      "properties": {
        "ip": "199.232.39.52",
        "url": "https://store.fastly.steamstatic.com/public/shared/css/motiva_sans.css?v=YzJgj1FjzW34&l=english&_cdn=fastly",
        "city": "New York",
        "region": "New York",
        "country": "United States",
        "org": "Fastly, Inc.",
        "timezone": "America/New_York",
        "source": "ip-api.com"
      },
      "geometry": {
        "type": "Point",
        "coordinates": [
          -74.0066,
          40.7126
        ]
      }
    },
    {
      "type": "Feature",
      "properties": {
        "ip": "199.232.39.52",
        "url": "https://shared.fastly.steamstatic.com//store_item_assets/steam/apps/3489700/7f886b630308135ac990fefd005787729fec685f/library_hero.jpg?t=1751868063",
        "city": "New York",
        "region": "New York",
        "country": "United States",
        "org": "Fastly, Inc.",
        "timezone": "America/New_York",
        "source": "ip-api.com"
      },
      "geometry": {
        "type": "Point",
        "coordinates": [
          -74.0066,
          40.7126
        ]
      }
    },
    {
      "type": "Feature",
      "properties": {
        "ip": "199.232.39.52",
        "url": "https://store.fastly.steamstatic.com/public/javascript/applications/store/7403.js?contenthash=85cdc3dd8fe5b2ad29fd",
        "city": "New York",
        "region": "New York",
        "country": "United States",
        "org": "Fastly, Inc.",
        "timezone": "America/New_York",
        "source": "ip-api.com"
      },
      "geometry": {
        "type": "Point",
        "coordinates": [
          -74.0066,
          40.7126
        ]
      }
    },
    {
      "type": "Feature",
      "properties": {
        "ip": "199.232.39.52",
        "url": "https://shared.fastly.steamstatic.com//store_item_assets/steam/apps/294100/ss_c34c6c04b002454d8fee32ba52dca99c9cf1d76b.jpg?t=1752247312",
        "city": "New York",
        "region": "New York",
        "country": "United States",
        "org": "Fastly, Inc.",
        "timezone": "America/New_York",
        "source": "ip-api.com"
      },
      "geometry": {
        "type": "Point",
        "coordinates": [
          -74.0066,
          40.7126
        ]
      }
    },
    {
      "type": "Feature",
      "properties": {
        "ip": "199.232.39.52",
        "url": "https://store.fastly.steamstatic.com/public/images/blank.gif",
        "city": "New York",
        "region": "New York",
        "country": "United States",
        "org": "Fastly, Inc.",
        "timezone": "America/New_York",
        "source": "ip-api.com"
      },
      "geometry": {
        "type": "Point",
        "coordinates": [
          -74.0066,
          40.7126
        ]
      }
    },
    {
      "type": "Feature",
      "properties": {
        "ip": "199.232.39.52",
        "url": "https://store.fastly.steamstatic.com/public/javascript/applications/store/4607.js?contenthash=90341e272a9e9b006a22",
        "city": "New York",
        "region": "New York",
        "country": "United States",
        "org": "Fastly, Inc.",
        "timezone": "America/New_York",
        "source": "ip-api.com"
      },
      "geometry": {
        "type": "Point",
        "coordinates": [
          -74.0066,
          40.7126
        ]
      }
    },
    {
      "type": "Feature",
      "properties": {
        "ip": "199.232.39.52",
        "url": "https://shared.fastly.steamstatic.com//store_item_assets/steam/apps/1151340/d9499c2250789cb72f12db771982a106014cf9ae/header.jpg?t=1750779334",
        "city": "New York",
        "region": "New York",
        "country": "United States",
        "org": "Fastly, Inc.",
        "timezone": "America/New_York",
        "source": "ip-api.com"
      },
      "geometry": {
        "type": "Point",
        "coordinates": [
          -74.0066,
          40.7126
        ]
      }
    },
    {
      "type": "Feature",
      "properties": {
        "ip": "199.232.39.52",
        "url": "https://shared.fastly.steamstatic.com//store_item_assets/steam/apps/945360/capsule_231x87.jpg?t=1746224720",
        "city": "New York",
        "region": "New York",
        "country": "United States",
        "org": "Fastly, Inc.",
        "timezone": "America/New_York",
        "source": "ip-api.com"
      },
      "geometry": {
        "type": "Point",
        "coordinates": [
          -74.0066,
          40.7126
        ]
      }
    },
    {
      "type": "Feature",
      "properties": {
        "ip": "199.232.39.52",
        "url": "https://store.fastly.steamstatic.com/public/javascript/applications/store/chunk~4872b6f81.js?contenthash=afecbf1c780fc2498216",
        "city": "New York",
        "region": "New York",
        "country": "United States",
        "org": "Fastly, Inc.",
        "timezone": "America/New_York",
        "source": "ip-api.com"
      },
      "geometry": {
        "type": "Point",
        "coordinates": [
          -74.0066,
          40.7126
        ]
      }
    },
    {
      "type": "Feature",
      "properties": {
        "ip": "199.232.39.52",
        "url": "https://store.fastly.steamstatic.com/public/shared/fonts/MotivaSans-LightItalic.ttf?v=4.015",
        "city": "New York",
        "region": "New York",
        "country": "United States",
        "org": "Fastly, Inc.",
        "timezone": "America/New_York",
        "source": "ip-api.com"
      },
      "geometry": {
        "type": "Point",
        "coordinates": [
          -74.0066,
          40.7126
        ]
      }
    },
    {
      "type": "Feature",
      "properties": {
        "ip": "199.232.39.52",
        "url": "https://store.fastly.steamstatic.com/public/shared/fonts/MotivaSans-Medium.ttf?v=4.015",
        "city": "New York",
        "region": "New York",
        "country": "United States",
        "org": "Fastly, Inc.",
        "timezone": "America/New_York",
        "source": "ip-api.com"
      },
      "geometry": {
        "type": "Point",
        "coordinates": [
          -74.0066,
          40.7126
        ]
      }
    },
    {
      "type": "Feature",
      "properties": {
        "ip": "199.232.39.52",
        "url": "https://store.fastly.steamstatic.com/public/javascript/applications/store/2797.js?contenthash=fb5151753ea8145cf5ae",
        "city": "New York",
        "region": "New York",
        "country": "United States",
        "org": "Fastly, Inc.",
        "timezone": "America/New_York",
        "source": "ip-api.com"
      },
      "geometry": {
        "type": "Point",
        "coordinates": [
          -74.0066,
          40.7126
        ]
      }
    },
    {
      "type": "Feature",
      "properties": {
        "ip": "199.232.39.52",
        "url": "https://store.fastly.steamstatic.com/public/shared/images/responsive/logo_valve_footer.png",
        "city": "New York",
        "region": "New York",
        "country": "United States",
        "org": "Fastly, Inc.",
        "timezone": "America/New_York",
        "source": "ip-api.com"
      },
      "geometry": {
        "type": "Point",
        "coordinates": [
          -74.0066,
          40.7126
        ]
      }
    },
    {
      "type": "Feature",
      "properties": {
        "ip": "199.232.39.52",
        "url": "https://shared.fastly.steamstatic.com//store_item_assets/steam/apps/1085660/header.jpg?t=1753830262",
        "city": "New York",
        "region": "New York",
        "country": "United States",
        "org": "Fastly, Inc.",
        "timezone": "America/New_York",
        "source": "ip-api.com"
      },
      "geometry": {
        "type": "Point",
        "coordinates": [
          -74.0066,
          40.7126
        ]
      }
    },
    {
      "type": "Feature",
      "properties": {
        "ip": "199.232.39.52",
        "url": "https://store.fastly.steamstatic.com/public/javascript/applications/store/libraries~53a2d5efe.js?contenthash=50b2c2b9249e55dac9a4",
        "city": "New York",
        "region": "New York",
        "country": "United States",
        "org": "Fastly, Inc.",
        "timezone": "America/New_York",
        "source": "ip-api.com"
      },
      "geometry": {
        "type": "Point",
        "coordinates": [
          -74.0066,
          40.7126
        ]
      }
    },
    {
      "type": "Feature",
      "properties": {
        "ip": "199.232.39.52",
        "url": "https://video.fastly.steamstatic.com//store_trailers/steam/apps/230410/602254152/c31822a25c723f52b31e663809e3164383c335e9/1750860614/microtrailer.webm?t=1750864980",
        "city": "New York",
        "region": "New York",
        "country": "United States",
        "org": "Fastly, Inc.",
        "timezone": "America/New_York",
        "source": "ip-api.com"
      },
      "geometry": {
        "type": "Point",
        "coordinates": [
          -74.0066,
          40.7126
        ]
      }
    },
    {
      "type": "Feature",
      "properties": {
        "ip": "199.232.39.52",
        "url": "https://video.fastly.steamstatic.com//store_trailers/steam/apps/257154206/movie480_vp9.webm?t=1749678668",
        "city": "New York",
        "region": "New York",
        "country": "United States",
        "org": "Fastly, Inc.",
        "timezone": "America/New_York",
        "source": "ip-api.com"
      },
      "geometry": {
        "type": "Point",
        "coordinates": [
          -74.0066,
          40.7126
        ]
      }
    },
    {
      "type": "Feature",
      "properties": {
        "ip": "199.232.39.52",
        "url": "https://store.fastly.steamstatic.com/public/shared/fonts/MotivaSans-Light.ttf?v=4.015",
        "city": "New York",
        "region": "New York",
        "country": "United States",
        "org": "Fastly, Inc.",
        "timezone": "America/New_York",
        "source": "ip-api.com"
      },
      "geometry": {
        "type": "Point",
        "coordinates": [
          -74.0066,
          40.7126
        ]
      }
    },
    {
      "type": "Feature",
      "properties": {
        "ip": "199.232.39.52",
        "url": "https://shared.fastly.steamstatic.com//store_item_assets/steam/apps/3504780/95f1381dac57ce601d5260de3c792f8a2ee2bc93/header.jpg?t=1753741069",
        "city": "New York",
        "region": "New York",
        "country": "United States",
        "org": "Fastly, Inc.",
        "timezone": "America/New_York",
        "source": "ip-api.com"
      },
      "geometry": {
        "type": "Point",
        "coordinates": [
          -74.0066,
          40.7126
        ]
      }
    },
    {
      "type": "Feature",
      "properties": {
        "ip": "199.232.39.52",
        "url": "https://shared.fastly.steamstatic.com//store_item_assets/steam/apps/3489700/ss_4291827e357008499d4d5a17bc50d3e93869dd43.jpg?t=1751868063",
        "city": "New York",
        "region": "New York",
        "country": "United States",
        "org": "Fastly, Inc.",
        "timezone": "America/New_York",
        "source": "ip-api.com"
      },
      "geometry": {
        "type": "Point",
        "coordinates": [
          -74.0066,
          40.7126
        ]
      }
    },
    {
      "type": "Feature",
      "properties": {
        "ip": "199.232.39.52",
        "url": "https://store.fastly.steamstatic.com/public/javascript/applications/store/2715.js?contenthash=8d7ff86ddd42e0208d3c",
        "city": "New York",
        "region": "New York",
        "country": "United States",
        "org": "Fastly, Inc.",
        "timezone": "America/New_York",
        "source": "ip-api.com"
      },
      "geometry": {
        "type": "Point",
        "coordinates": [
          -74.0066,
          40.7126
        ]
      }
    },
    {
      "type": "Feature",
      "properties": {
        "ip": "199.232.39.52",
        "url": "https://shared.fastly.steamstatic.com//store_item_assets/steam/apps/1222140/header.jpg?t=1667468479",
        "city": "New York",
        "region": "New York",
        "country": "United States",
        "org": "Fastly, Inc.",
        "timezone": "America/New_York",
        "source": "ip-api.com"
      },
      "geometry": {
        "type": "Point",
        "coordinates": [
          -74.0066,
          40.7126
        ]
      }
    },
    {
      "type": "Feature",
      "properties": {
        "ip": "199.232.39.52",
        "url": "https://store.fastly.steamstatic.com/public/css/v6/promo/sale_n_section.css?v=7gZYLfRiBrsS&l=english&_cdn=fastly",
        "city": "New York",
        "region": "New York",
        "country": "United States",
        "org": "Fastly, Inc.",
        "timezone": "America/New_York",
        "source": "ip-api.com"
      },
      "geometry": {
        "type": "Point",
        "coordinates": [
          -74.0066,
          40.7126
        ]
      }
    },
    {
      "type": "Feature",
      "properties": {
        "ip": "199.232.39.52",
        "url": "https://video.fastly.steamstatic.com/store_trailers/230410/602254152/c31822a25c723f52b31e663809e3164383c335e9/1750860614/microtrailer.webm",
        "city": "New York",
        "region": "New York",
        "country": "United States",
        "org": "Fastly, Inc.",
        "timezone": "America/New_York",
        "source": "ip-api.com"
      },
      "geometry": {
        "type": "Point",
        "coordinates": [
          -74.0066,
          40.7126
        ]
      }
    },
    {
      "type": "Feature",
      "properties": {
        "ip": "199.232.39.52",
        "url": "https://store.fastly.steamstatic.com/public/javascript/applications/store/1677.js?contenthash=7084dfbe72068d108f58",
        "city": "New York",
        "region": "New York",
        "country": "United States",
        "org": "Fastly, Inc.",
        "timezone": "America/New_York",
        "source": "ip-api.com"
      },
      "geometry": {
        "type": "Point",
        "coordinates": [
          -74.0066,
          40.7126
        ]
      }
    },
    {
      "type": "Feature",
      "properties": {
        "ip": "199.232.39.52",
        "url": "https://clan.fastly.steamstatic.com/images/44535905/b3c227584a78e8439eb42b981b9e4963b84867e2_400x225.png",
        "city": "New York",
        "region": "New York",
        "country": "United States",
        "org": "Fastly, Inc.",
        "timezone": "America/New_York",
        "source": "ip-api.com"
      },
      "geometry": {
        "type": "Point",
        "coordinates": [
          -74.0066,
          40.7126
        ]
      }
    },
    {
      "type": "Feature",
      "properties": {
        "ip": "199.232.39.52",
        "url": "https://shared.fastly.steamstatic.com//store_item_assets/steam/apps/1237950/header.jpg?t=1749220869",
        "city": "New York",
        "region": "New York",
        "country": "United States",
        "org": "Fastly, Inc.",
        "timezone": "America/New_York",
        "source": "ip-api.com"
      },
      "geometry": {
        "type": "Point",
        "coordinates": [
          -74.0066,
          40.7126
        ]
      }
    },
    {
      "type": "Feature",
      "properties": {
        "ip": "199.232.39.52",
        "url": "https://store.fastly.steamstatic.com/public/javascript/main.js?v=27uyRU80GbN8&l=english&_cdn=fastly",
        "city": "New York",
        "region": "New York",
        "country": "United States",
        "org": "Fastly, Inc.",
        "timezone": "America/New_York",
        "source": "ip-api.com"
      },
      "geometry": {
        "type": "Point",
        "coordinates": [
          -74.0066,
          40.7126
        ]
      }
    },
    {
      "type": "Feature",
      "properties": {
        "ip": "199.232.39.52",
        "url": "https://shared.fastly.steamstatic.com//store_item_assets/steam/apps/3400850/header.jpg?t=1752658568",
        "city": "New York",
        "region": "New York",
        "country": "United States",
        "org": "Fastly, Inc.",
        "timezone": "America/New_York",
        "source": "ip-api.com"
      },
      "geometry": {
        "type": "Point",
        "coordinates": [
          -74.0066,
          40.7126
        ]
      }
    },
    {
      "type": "Feature",
      "properties": {
        "ip": "199.232.39.52",
        "url": "https://shared.fastly.steamstatic.com//store_item_assets/steam/apps/3564860/02d95cefbfabfdf69ea0563164f90b14d1db98e5/header.jpg?t=1750958652",
        "city": "New York",
        "region": "New York",
        "country": "United States",
        "org": "Fastly, Inc.",
        "timezone": "America/New_York",
        "source": "ip-api.com"
      },
      "geometry": {
        "type": "Point",
        "coordinates": [
          -74.0066,
          40.7126
        ]
      }
    },
    {
      "type": "Feature",
      "properties": {
        "ip": "199.232.39.52",
        "url": "https://store.fastly.steamstatic.com/public/javascript/applications/store/main.js?v=5dW_LrlG0Vn1&l=english&_cdn=fastly",
        "city": "New York",
        "region": "New York",
        "country": "United States",
        "org": "Fastly, Inc.",
        "timezone": "America/New_York",
        "source": "ip-api.com"
      },
      "geometry": {
        "type": "Point",
        "coordinates": [
          -74.0066,
          40.7126
        ]
      }
    },
    {
      "type": "Feature",
      "properties": {
        "ip": "199.232.39.52",
        "url": "https://shared.fastly.steamstatic.com//store_item_assets/steam/apps/3763830/24190d481870bd662a19557192c029e9bb4052fe/header.jpg?t=1749441955",
        "city": "New York",
        "region": "New York",
        "country": "United States",
        "org": "Fastly, Inc.",
        "timezone": "America/New_York",
        "source": "ip-api.com"
      },
      "geometry": {
        "type": "Point",
        "coordinates": [
          -74.0066,
          40.7126
        ]
      }
    },
    {
      "type": "Feature",
      "properties": {
        "ip": "199.232.39.52",
        "url": "https://shared.fastly.steamstatic.com//store_item_assets/steam/apps/251570/capsule_231x87.jpg?t=1750884786",
        "city": "New York",
        "region": "New York",
        "country": "United States",
        "org": "Fastly, Inc.",
        "timezone": "America/New_York",
        "source": "ip-api.com"
      },
      "geometry": {
        "type": "Point",
        "coordinates": [
          -74.0066,
          40.7126
        ]
      }
    },
    {
      "type": "Feature",
      "properties": {
        "ip": "199.232.39.52",
        "url": "https://store.fastly.steamstatic.com/public/css/applications/store/chunk~1aae9796d.css?contenthash=332f3532f0128d80f6e0",
        "city": "New York",
        "region": "New York",
        "country": "United States",
        "org": "Fastly, Inc.",
        "timezone": "America/New_York",
        "source": "ip-api.com"
      },
      "geometry": {
        "type": "Point",
        "coordinates": [
          -74.0066,
          40.7126
        ]
      }
    },
    {
      "type": "Feature",
      "properties": {
        "ip": "199.232.39.52",
        "url": "https://store.fastly.steamstatic.com/public/css/applications/store/chunk~07d43922c.css?contenthash=5b015a90a9a1410d064f",
        "city": "New York",
        "region": "New York",
        "country": "United States",
        "org": "Fastly, Inc.",
        "timezone": "America/New_York",
        "source": "ip-api.com"
      },
      "geometry": {
        "type": "Point",
        "coordinates": [
          -74.0066,
          40.7126
        ]
      }
    },
    {
      "type": "Feature",
      "properties": {
        "ip": "199.232.39.52",
        "url": "https://shared.fastly.steamstatic.com//store_item_assets/steam/apps/2255190/header.jpg?t=1753726112",
        "city": "New York",
        "region": "New York",
        "country": "United States",
        "org": "Fastly, Inc.",
        "timezone": "America/New_York",
        "source": "ip-api.com"
      },
      "geometry": {
        "type": "Point",
        "coordinates": [
          -74.0066,
          40.7126
        ]
      }
    },
    {
      "type": "Feature",
      "properties": {
        "ip": "199.232.39.52",
        "url": "https://store.fastly.steamstatic.com/public/css/v6/store.css?v=P341DmmdYBsq&l=english&_cdn=fastly",
        "city": "New York",
        "region": "New York",
        "country": "United States",
        "org": "Fastly, Inc.",
        "timezone": "America/New_York",
        "source": "ip-api.com"
      },
      "geometry": {
        "type": "Point",
        "coordinates": [
          -74.0066,
          40.7126
        ]
      }
    },
    {
      "type": "Feature",
      "properties": {
        "ip": "199.232.39.52",
        "url": "https://clan.fastly.steamstatic.com/images/33836086/a46ec76480bc88a8677fe9fd78c74f4c4786bc64_400x225.png",
        "city": "New York",
        "region": "New York",
        "country": "United States",
        "org": "Fastly, Inc.",
        "timezone": "America/New_York",
        "source": "ip-api.com"
      },
      "geometry": {
        "type": "Point",
        "coordinates": [
          -74.0066,
          40.7126
        ]
      }
    },
    {
      "type": "Feature",
      "properties": {
        "ip": "199.232.39.52",
        "url": "https://store.fastly.steamstatic.com/public/shared/javascript/auth_refresh.js?v=w6QbwI-5-j2S&l=english&_cdn=fastly",
        "city": "New York",
        "region": "New York",
        "country": "United States",
        "org": "Fastly, Inc.",
        "timezone": "America/New_York",
        "source": "ip-api.com"
      },
      "geometry": {
        "type": "Point",
        "coordinates": [
          -74.0066,
          40.7126
        ]
      }
    },
    {
      "type": "Feature",
      "properties": {
        "ip": "199.232.39.52",
        "url": "https://video.fastly.steamstatic.com/store_trailers/294100/189193/b88a55b0c4df1e292fa85455c5157a31ad1da17c/1750502942/microtrailer.webm",
        "city": "New York",
        "region": "New York",
        "country": "United States",
        "org": "Fastly, Inc.",
        "timezone": "America/New_York",
        "source": "ip-api.com"
      },
      "geometry": {
        "type": "Point",
        "coordinates": [
          -74.0066,
          40.7126
        ]
      }
    },
    {
      "type": "Feature",
      "properties": {
        "ip": "199.232.39.52",
        "url": "https://store.fastly.steamstatic.com/public/javascript/applications/store/manifest.js?v=3X0XcyWav3qs&l=english&_cdn=fastly",
        "city": "New York",
        "region": "New York",
        "country": "United States",
        "org": "Fastly, Inc.",
        "timezone": "America/New_York",
        "source": "ip-api.com"
      },
      "geometry": {
        "type": "Point",
        "coordinates": [
          -74.0066,
          40.7126
        ]
      }
    },
    {
      "type": "Feature",
      "properties": {
        "ip": "199.232.39.52",
        "url": "https://store.fastly.steamstatic.com/public/javascript/applications/store/1006.js?contenthash=387339c58fab7b22baf3",
        "city": "New York",
        "region": "New York",
        "country": "United States",
        "org": "Fastly, Inc.",
        "timezone": "America/New_York",
        "source": "ip-api.com"
      },
      "geometry": {
        "type": "Point",
        "coordinates": [
          -74.0066,
          40.7126
        ]
      }
    },
    {
      "type": "Feature",
      "properties": {
        "ip": "199.232.39.52",
        "url": "https://store.fastly.steamstatic.com/public/shared/javascript/jquery-1.8.3.min.js?v=NXam5zydzNu8&l=english&_cdn=fastly",
        "city": "New York",
        "region": "New York",
        "country": "United States",
        "org": "Fastly, Inc.",
        "timezone": "America/New_York",
        "source": "ip-api.com"
      },
      "geometry": {
        "type": "Point",
        "coordinates": [
          -74.0066,
          40.7126
        ]
      }
    },
    {
      "type": "Feature",
      "properties": {
        "ip": "199.232.39.52",
        "url": "https://video.fastly.steamstatic.com//store_trailers/steam/apps/1430190/799260/d234d4545d04918bf1080f22197d220cca83bf78/1750687502/microtrailer.webm?t=1734054297",
        "city": "New York",
        "region": "New York",
        "country": "United States",
        "org": "Fastly, Inc.",
        "timezone": "America/New_York",
        "source": "ip-api.com"
      },
      "geometry": {
        "type": "Point",
        "coordinates": [
          -74.0066,
          40.7126
        ]
      }
    },
    {
      "type": "Feature",
      "properties": {
        "ip": "199.232.39.52",
        "url": "https://shared.fastly.steamstatic.com//store_item_assets/steam/apps/2101960/fe7a1ef4d101389032c24563a13520604e5a6806/header.jpg?t=1753984419",
        "city": "New York",
        "region": "New York",
        "country": "United States",
        "org": "Fastly, Inc.",
        "timezone": "America/New_York",
        "source": "ip-api.com"
      },
      "geometry": {
        "type": "Point",
        "coordinates": [
          -74.0066,
          40.7126
        ]
      }
    },
    {
      "type": "Feature",
      "properties": {
        "ip": "199.232.39.52",
        "url": "https://shared.fastly.steamstatic.com//store_item_assets/steam/apps/221100/capsule_231x87.jpg?t=1752482358",
        "city": "New York",
        "region": "New York",
        "country": "United States",
        "org": "Fastly, Inc.",
        "timezone": "America/New_York",
        "source": "ip-api.com"
      },
      "geometry": {
        "type": "Point",
        "coordinates": [
          -74.0066,
          40.7126
        ]
      }
    },
    {
      "type": "Feature",
      "properties": {
        "ip": "199.232.39.52",
        "url": "https://store.fastly.steamstatic.com/public/javascript/applications/store/chunk~07d43922c.js?contenthash=fb58e4f87dffc4808bff",
        "city": "New York",
        "region": "New York",
        "country": "United States",
        "org": "Fastly, Inc.",
        "timezone": "America/New_York",
        "source": "ip-api.com"
      },
      "geometry": {
        "type": "Point",
        "coordinates": [
          -74.0066,
          40.7126
        ]
      }
    },
    {
      "type": "Feature",
      "properties": {
        "ip": "199.232.39.52",
        "url": "https://shared.fastly.steamstatic.com//store_item_assets/steam/apps/230410/32cfd7990963771dfe7d3a9f6990b1bbc7bcf3f8/capsule_231x87.jpg?t=1753110568",
        "city": "New York",
        "region": "New York",
        "country": "United States",
        "org": "Fastly, Inc.",
        "timezone": "America/New_York",
        "source": "ip-api.com"
      },
      "geometry": {
        "type": "Point",
        "coordinates": [
          -74.0066,
          40.7126
        ]
      }
    },
    {
      "type": "Feature",
      "properties": {
        "ip": "199.232.39.52",
        "url": "https://store.fastly.steamstatic.com/public/javascript/applications/store/marketing_english-json.js?contenthash=2df4453072b16f2fa4cf",
        "city": "New York",
        "region": "New York",
        "country": "United States",
        "org": "Fastly, Inc.",
        "timezone": "America/New_York",
        "source": "ip-api.com"
      },
      "geometry": {
        "type": "Point",
        "coordinates": [
          -74.0066,
          40.7126
        ]
      }
    },
    {
      "type": "Feature",
      "properties": {
        "ip": "199.232.39.52",
        "url": "https://shared.fastly.steamstatic.com//store_item_assets/steam/apps/377160/header.jpg?t=1750779250",
        "city": "New York",
        "region": "New York",
        "country": "United States",
        "org": "Fastly, Inc.",
        "timezone": "America/New_York",
        "source": "ip-api.com"
      },
      "geometry": {
        "type": "Point",
        "coordinates": [
          -74.0066,
          40.7126
        ]
      }
    },
    {
      "type": "Feature",
      "properties": {
        "ip": "199.232.39.52",
        "url": "https://video.fastly.steamstatic.com//store_trailers/steam/apps/3017860/1777709634/e3e986d894e749e052531d184d6de468a5d35e53/1748584907/microtrailer.webm?t=1747324264",
        "city": "New York",
        "region": "New York",
        "country": "United States",
        "org": "Fastly, Inc.",
        "timezone": "America/New_York",
        "source": "ip-api.com"
      },
      "geometry": {
        "type": "Point",
        "coordinates": [
          -74.0066,
          40.7126
        ]
      }
    },
    {
      "type": "Feature",
      "properties": {
        "ip": "199.232.39.52",
        "url": "https://clan.fastly.steamstatic.com/images/4437469/1a11a3cc47499d8697e89473dd47bb27ef915775_400x225.png",
        "city": "New York",
        "region": "New York",
        "country": "United States",
        "org": "Fastly, Inc.",
        "timezone": "America/New_York",
        "source": "ip-api.com"
      },
      "geometry": {
        "type": "Point",
        "coordinates": [
          -74.0066,
          40.7126
        ]
      }
    },
    {
      "type": "Feature",
      "properties": {
        "ip": "199.232.39.52",
        "url": "https://shared.fastly.steamstatic.com//store_item_assets/steam/apps/2183900/capsule_231x87.jpg?t=1751643527",
        "city": "New York",
        "region": "New York",
        "country": "United States",
        "org": "Fastly, Inc.",
        "timezone": "America/New_York",
        "source": "ip-api.com"
      },
      "geometry": {
        "type": "Point",
        "coordinates": [
          -74.0066,
          40.7126
        ]
      }
    },
    {
      "type": "Feature",
      "properties": {
        "ip": "199.232.39.52",
        "url": "https://video.fastly.steamstatic.com/store_trailers/553850/1116070665/94c2b8286603c098b4af665a868b42515d43bedd/1750550231/microtrailer.webm",
        "city": "New York",
        "region": "New York",
        "country": "United States",
        "org": "Fastly, Inc.",
        "timezone": "America/New_York",
        "source": "ip-api.com"
      },
      "geometry": {
        "type": "Point",
        "coordinates": [
          -74.0066,
          40.7126
        ]
      }
    },
    {
      "type": "Feature",
      "properties": {
        "ip": "199.232.39.52",
        "url": "https://shared.fastly.steamstatic.com//store_item_assets/steam/apps/3489700/22469f910e2be326ea2a70d10601e3521c7b105d/capsule_616x353.jpg?t=1751868063",
        "city": "New York",
        "region": "New York",
        "country": "United States",
        "org": "Fastly, Inc.",
        "timezone": "America/New_York",
        "source": "ip-api.com"
      },
      "geometry": {
        "type": "Point",
        "coordinates": [
          -74.0066,
          40.7126
        ]
      }
    },
    {
      "type": "Feature",
      "properties": {
        "ip": "199.232.39.52",
        "url": "https://store.fastly.steamstatic.com/public/javascript/dynamicstore.js?v=CPC9o7s88LEv&l=english&_cdn=fastly",
        "city": "New York",
        "region": "New York",
        "country": "United States",
        "org": "Fastly, Inc.",
        "timezone": "America/New_York",
        "source": "ip-api.com"
      },
      "geometry": {
        "type": "Point",
        "coordinates": [
          -74.0066,
          40.7126
        ]
      }
    },
    {
      "type": "Feature",
      "properties": {
        "ip": "199.232.39.52",
        "url": "https://store.fastly.steamstatic.com/public/javascript/applications/store/libraries~b28b7af69.js?v=5HOhwFtGoLRq&l=english&_cdn=fastly",
        "city": "New York",
        "region": "New York",
        "country": "United States",
        "org": "Fastly, Inc.",
        "timezone": "America/New_York",
        "source": "ip-api.com"
      },
      "geometry": {
        "type": "Point",
        "coordinates": [
          -74.0066,
          40.7126
        ]
      }
    },
    {
      "type": "Feature",
      "properties": {
        "ip": "199.232.39.52",
        "url": "https://shared.fastly.steamstatic.com//store_item_assets/steam/apps/1693980/header.jpg?t=1749125590",
        "city": "New York",
        "region": "New York",
        "country": "United States",
        "org": "Fastly, Inc.",
        "timezone": "America/New_York",
        "source": "ip-api.com"
      },
      "geometry": {
        "type": "Point",
        "coordinates": [
          -74.0066,
          40.7126
        ]
      }
    },
    {
      "type": "Feature",
      "properties": {
        "ip": "199.232.39.52",
        "url": "https://store.fastly.steamstatic.com/public/javascript/applications/store/sales_english-json.js?contenthash=15707168cc49f5079a21",
        "city": "New York",
        "region": "New York",
        "country": "United States",
        "org": "Fastly, Inc.",
        "timezone": "America/New_York",
        "source": "ip-api.com"
      },
      "geometry": {
        "type": "Point",
        "coordinates": [
          -74.0066,
          40.7126
        ]
      }
    },
    {
      "type": "Feature",
      "properties": {
        "ip": "199.232.39.52",
        "url": "https://shared.fastly.steamstatic.com//store_item_assets/steam/apps/3525400/header.jpg?t=1751023225",
        "city": "New York",
        "region": "New York",
        "country": "United States",
        "org": "Fastly, Inc.",
        "timezone": "America/New_York",
        "source": "ip-api.com"
      },
      "geometry": {
        "type": "Point",
        "coordinates": [
          -74.0066,
          40.7126
        ]
      }
    },
    {
      "type": "Feature",
      "properties": {
        "ip": "199.232.39.52",
        "url": "https://shared.fastly.steamstatic.com//store_item_assets/steam/apps/3836320/5bb882dc76d56bc8726d8009aaca005b5a46f80b/header.jpg?t=1753892933",
        "city": "New York",
        "region": "New York",
        "country": "United States",
        "org": "Fastly, Inc.",
        "timezone": "America/New_York",
        "source": "ip-api.com"
      },
      "geometry": {
        "type": "Point",
        "coordinates": [
          -74.0066,
          40.7126
        ]
      }
    },
    {
      "type": "Feature",
      "properties": {
        "ip": "199.232.39.52",
        "url": "https://video.fastly.steamstatic.com/store_trailers/3489700/2090056095/b477a4d790ad0e1220c483843f85ce518cf9b2df/1750826285/microtrailer.webm",
        "city": "New York",
        "region": "New York",
        "country": "United States",
        "org": "Fastly, Inc.",
        "timezone": "America/New_York",
        "source": "ip-api.com"
      },
      "geometry": {
        "type": "Point",
        "coordinates": [
          -74.0066,
          40.7126
        ]
      }
    },
    {
      "type": "Feature",
      "properties": {
        "ip": "199.232.39.52",
        "url": "https://store.fastly.steamstatic.com/public/css/applications/store/4095.css?contenthash=d06f718acd0cb7cdc2d5",
        "city": "New York",
        "region": "New York",
        "country": "United States",
        "org": "Fastly, Inc.",
        "timezone": "America/New_York",
        "source": "ip-api.com"
      },
      "geometry": {
        "type": "Point",
        "coordinates": [
          -74.0066,
          40.7126
        ]
      }
    },
    {
      "type": "Feature",
      "properties": {
        "ip": "199.232.39.52",
        "url": "https://store.fastly.steamstatic.com/public/javascript/applications/store/1035.js?contenthash=a61b057c2e8df7498cc8",
        "city": "New York",
        "region": "New York",
        "country": "United States",
        "org": "Fastly, Inc.",
        "timezone": "America/New_York",
        "source": "ip-api.com"
      },
      "geometry": {
        "type": "Point",
        "coordinates": [
          -74.0066,
          40.7126
        ]
      }
    },
    {
      "type": "Feature",
      "properties": {
        "ip": "199.232.39.52",
        "url": "https://store.fastly.steamstatic.com/public/shared/javascript/tooltip.js?v=4dCbm51EojU9&l=english&_cdn=fastly",
        "city": "New York",
        "region": "New York",
        "country": "United States",
        "org": "Fastly, Inc.",
        "timezone": "America/New_York",
        "source": "ip-api.com"
      },
      "geometry": {
        "type": "Point",
        "coordinates": [
          -74.0066,
          40.7126
        ]
      }
    },
    {
      "type": "Feature",
      "properties": {
        "ip": "199.232.39.52",
        "url": "https://video.fastly.steamstatic.com//store_trailers/steam/apps/3489700/2090056095/b477a4d790ad0e1220c483843f85ce518cf9b2df/1750826285/microtrailer.webm?t=1749678668",
        "city": "New York",
        "region": "New York",
        "country": "United States",
        "org": "Fastly, Inc.",
        "timezone": "America/New_York",
        "source": "ip-api.com"
      },
      "geometry": {
        "type": "Point",
        "coordinates": [
          -74.0066,
          40.7126
        ]
      }
    },
    {
      "type": "Feature",
      "properties": {
        "ip": "199.232.39.52",
        "url": "https://store.fastly.steamstatic.com/public/javascript/applications/store/chunk~1bbc20f9b.js?contenthash=6677cfd9aa2d8e9a1b2b",
        "city": "New York",
        "region": "New York",
        "country": "United States",
        "org": "Fastly, Inc.",
        "timezone": "America/New_York",
        "source": "ip-api.com"
      },
      "geometry": {
        "type": "Point",
        "coordinates": [
          -74.0066,
          40.7126
        ]
      }
    },
    {
      "type": "Feature",
      "properties": {
        "ip": "199.232.39.52",
        "url": "https://shared.fastly.steamstatic.com//store_item_assets/steam/apps/1430190/header.jpg?t=1753910977",
        "city": "New York",
        "region": "New York",
        "country": "United States",
        "org": "Fastly, Inc.",
        "timezone": "America/New_York",
        "source": "ip-api.com"
      },
      "geometry": {
        "type": "Point",
        "coordinates": [
          -74.0066,
          40.7126
        ]
      }
    },
    {
      "type": "Feature",
      "properties": {
        "ip": "199.232.39.52",
        "url": "https://shared.fastly.steamstatic.com//store_item_assets/steam/apps/548430/5c876cd77b46970bafb32282ba3db1d15ad84508/header_alt_assets_15.jpg?t=1753958733",
        "city": "New York",
        "region": "New York",
        "country": "United States",
        "org": "Fastly, Inc.",
        "timezone": "America/New_York",
        "source": "ip-api.com"
      },
      "geometry": {
        "type": "Point",
        "coordinates": [
          -74.0066,
          40.7126
        ]
      }
    },
    {
      "type": "Feature",
      "properties": {
        "ip": "199.232.39.52",
        "url": "https://store.fastly.steamstatic.com/public/images/v6/search_icon_btn.png",
        "city": "New York",
        "region": "New York",
        "country": "United States",
        "org": "Fastly, Inc.",
        "timezone": "America/New_York",
        "source": "ip-api.com"
      },
      "geometry": {
        "type": "Point",
        "coordinates": [
          -74.0066,
          40.7126
        ]
      }
    },
    {
      "type": "Feature",
      "properties": {
        "ip": "199.232.39.52",
        "url": "https://clan.fastly.steamstatic.com/images/5383109/0af6747014c491f37d8179c8326813b342c33a83_400x225.jpg",
        "city": "New York",
        "region": "New York",
        "country": "United States",
        "org": "Fastly, Inc.",
        "timezone": "America/New_York",
        "source": "ip-api.com"
      },
      "geometry": {
        "type": "Point",
        "coordinates": [
          -74.0066,
          40.7126
        ]
      }
    },
    {
      "type": "Feature",
      "properties": {
        "ip": "199.232.39.52",
        "url": "https://store.fastly.steamstatic.com/public/css/applications/store/chunk~743f7df70.css?contenthash=9179a661f22fc2887938",
        "city": "New York",
        "region": "New York",
        "country": "United States",
        "org": "Fastly, Inc.",
        "timezone": "America/New_York",
        "source": "ip-api.com"
      },
      "geometry": {
        "type": "Point",
        "coordinates": [
          -74.0066,
          40.7126
        ]
      }
    },
    {
      "type": "Feature",
      "properties": {
        "ip": "199.232.39.52",
        "url": "https://store.fastly.steamstatic.com/public/shared/javascript/shared_responsive_adapter.js?v=dZsqAsxKrnLL&l=english&_cdn=fastly",
        "city": "New York",
        "region": "New York",
        "country": "United States",
        "org": "Fastly, Inc.",
        "timezone": "America/New_York",
        "source": "ip-api.com"
      },
      "geometry": {
        "type": "Point",
        "coordinates": [
          -74.0066,
          40.7126
        ]
      }
    },
    {
      "type": "Feature",
      "properties": {
        "ip": "199.232.39.52",
        "url": "https://shared.fastly.steamstatic.com//store_item_assets/steam/apps/1085660/capsule_231x87.jpg?t=1753830262",
        "city": "New York",
        "region": "New York",
        "country": "United States",
        "org": "Fastly, Inc.",
        "timezone": "America/New_York",
        "source": "ip-api.com"
      },
      "geometry": {
        "type": "Point",
        "coordinates": [
          -74.0066,
          40.7126
        ]
      }
    },
    {
      "type": "Feature",
      "properties": {
        "ip": "199.232.39.52",
        "url": "https://shared.fastly.steamstatic.com//store_item_assets/steam/apps/3489700/6f2bbe8f34fc283f42acbe4ab184e9a40f76ad51/library_600x900.jpg?t=1751868063",
        "city": "New York",
        "region": "New York",
        "country": "United States",
        "org": "Fastly, Inc.",
        "timezone": "America/New_York",
        "source": "ip-api.com"
      },
      "geometry": {
        "type": "Point",
        "coordinates": [
          -74.0066,
          40.7126
        ]
      }
    },
    {
      "type": "Feature",
      "properties": {
        "ip": "199.232.39.52",
        "url": "https://store.fastly.steamstatic.com/public/javascript/applications/store/6571.js?contenthash=d5325deaf144e178593f",
        "city": "New York",
        "region": "New York",
        "country": "United States",
        "org": "Fastly, Inc.",
        "timezone": "America/New_York",
        "source": "ip-api.com"
      },
      "geometry": {
        "type": "Point",
        "coordinates": [
          -74.0066,
          40.7126
        ]
      }
    },
    {
      "type": "Feature",
      "properties": {
        "ip": "199.232.39.52",
        "url": "https://store.fastly.steamstatic.com/public/javascript/applications/store/4796.js?contenthash=b9cda0396869ac09abd0",
        "city": "New York",
        "region": "New York",
        "country": "United States",
        "org": "Fastly, Inc.",
        "timezone": "America/New_York",
        "source": "ip-api.com"
      },
      "geometry": {
        "type": "Point",
        "coordinates": [
          -74.0066,
          40.7126
        ]
      }
    },
    {
      "type": "Feature",
      "properties": {
        "ip": "199.232.39.52",
        "url": "https://store.fastly.steamstatic.com/public/javascript/applications/store/chunk~d46c69c2a.js?contenthash=5cb371f4c44c1ab95b02",
        "city": "New York",
        "region": "New York",
        "country": "United States",
        "org": "Fastly, Inc.",
        "timezone": "America/New_York",
        "source": "ip-api.com"
      },
      "geometry": {
        "type": "Point",
        "coordinates": [
          -74.0066,
          40.7126
        ]
      }
    },
    {
      "type": "Feature",
      "properties": {
        "ip": "23.56.163.216",
        "url": "https://store.steampowered.com/contenthub/ajaxgetcontenthubdata?hubtype=category&category=science_fiction",
        "city": "Secaucus",
        "region": "New Jersey",
        "country": "United States",
        "org": "Akamai Technologies, Inc.",
        "timezone": "America/New_York",
        "source": "ip-api.com"
      },
      "geometry": {
        "type": "Point",
        "coordinates": [
          -74.06,
          40.7876
        ]
      }
    },
    {
      "type": "Feature",
      "properties": {
        "ip": "23.56.163.216",
        "url": "https://store.steampowered.com/dynamicstore/saledata/?cc=US",
        "city": "Secaucus",
        "region": "New Jersey",
        "country": "United States",
        "org": "Akamai Technologies, Inc.",
        "timezone": "America/New_York",
        "source": "ip-api.com"
      },
      "geometry": {
        "type": "Point",
        "coordinates": [
          -74.06,
          40.7876
        ]
      }
    },
    {
      "type": "Feature",
      "properties": {
        "ip": "23.56.163.216",
        "url": "https://store.steampowered.com/saleaction/ajaxgetsaledynamicappquery?cc=US&l=english&rgExcludedContentDescriptors[]=3&rgExcludedContentDescriptors[]=4&rgExcludedContentDescriptors[]=1&clanAccountID=41316928&clanAnnouncementGID=3369269952826845078&flavor=popularpurchased&start=32&count=50&tabuniqueid=6&sectionuniqueid=93094&return_capsules=true&origin=https:%2F%2Fstore.steampowered.com&strContentHubType=category&strContentHubCategory=science_fiction&strTabFilter=&strSectionFilter=%7B%22type%22:0,%22bNegated%22:true,%22rgSubexpressions%22:[%7B%22type%22:7,%22value%22:%22dlc%22%7D]%7D&bPrioritizeDiscounts=false",
        "city": "Secaucus",
        "region": "New Jersey",
        "country": "United States",
        "org": "Akamai Technologies, Inc.",
        "timezone": "America/New_York",
        "source": "ip-api.com"
      },
      "geometry": {
        "type": "Point",
        "coordinates": [
          -74.06,
          40.7876
        ]
      }
    },
    {
      "type": "Feature",
      "properties": {
        "ip": "23.56.163.216",
        "url": "https://store.steampowered.com/saleaction/ajaxgetsaledynamicappquery?cc=US&l=english&rgExcludedContentDescriptors[]=3&rgExcludedContentDescriptors[]=4&rgExcludedContentDescriptors[]=1&clanAccountID=41316928&clanAnnouncementGID=3369269952826845078&flavor=popularpurchaseddiscounted&start=0&count=50&tabuniqueid=0&return_capsules=true&origin=https:%2F%2Fstore.steampowered.com&strContentHubType=category&strContentHubCategory=science_fiction",
        "city": "Secaucus",
        "region": "New Jersey",
        "country": "United States",
        "org": "Akamai Technologies, Inc.",
        "timezone": "America/New_York",
        "source": "ip-api.com"
      },
      "geometry": {
        "type": "Point",
        "coordinates": [
          -74.06,
          40.7876
        ]
      }
    },
    {
      "type": "Feature",
      "properties": {
        "ip": "23.56.163.216",
        "url": "https://store.steampowered.com/dynamicstore/userdata/?id=0&cc=US&origin=https:%2F%2Fstore.steampowered.com",
        "city": "Secaucus",
        "region": "New Jersey",
        "country": "United States",
        "org": "Akamai Technologies, Inc.",
        "timezone": "America/New_York",
        "source": "ip-api.com"
      },
      "geometry": {
        "type": "Point",
        "coordinates": [
          -74.06,
          40.7876
        ]
      }
    },
    {
      "type": "Feature",
      "properties": {
        "ip": "23.56.163.216",
        "url": "https://store.steampowered.com/favicon.ico",
        "city": "Secaucus",
        "region": "New Jersey",
        "country": "United States",
        "org": "Akamai Technologies, Inc.",
        "timezone": "America/New_York",
        "source": "ip-api.com"
      },
      "geometry": {
        "type": "Point",
        "coordinates": [
          -74.06,
          40.7876
        ]
      }
    },
    {
      "type": "Feature",
      "properties": {
        "ip": "23.56.163.216",
        "url": "https://store.steampowered.com/saleaction/ajaxgetsaledynamicappquery?cc=US&l=english&rgExcludedContentDescriptors[]=3&rgExcludedContentDescriptors[]=4&rgExcludedContentDescriptors[]=1&clanAccountID=41316928&clanAnnouncementGID=3369269952826845078&flavor=contenthub_all&start=0&count=50&tabuniqueid=6&sectionuniqueid=13268&return_capsules=true&origin=https:%2F%2Fstore.steampowered.com&strContentHubType=category&strContentHubCategory=science_fiction&strTabFilter=&bRequestFacetCounts=true",
        "city": "Secaucus",
        "region": "New Jersey",
        "country": "United States",
        "org": "Akamai Technologies, Inc.",
        "timezone": "America/New_York",
        "source": "ip-api.com"
      },
      "geometry": {
        "type": "Point",
        "coordinates": [
          -74.06,
          40.7876
        ]
      }
    },
    {
      "type": "Feature",
      "properties": {
        "ip": "23.56.163.216",
        "url": "https://store.steampowered.com/category/science_fiction?snr=1_4_4__242_1",
        "city": "Secaucus",
        "region": "New Jersey",
        "country": "United States",
        "org": "Akamai Technologies, Inc.",
        "timezone": "America/New_York",
        "source": "ip-api.com"
      },
      "geometry": {
        "type": "Point",
        "coordinates": [
          -74.06,
          40.7876
        ]
      }
    },
    {
      "type": "Feature",
      "properties": {
        "ip": "142.250.176.202",
        "url": "https://fonts.googleapis.com/css?family=Yellowtail:400,700&display=swap",
        "city": "New York",
        "region": "New York",
        "country": "United States",
        "org": "Google LLC",
        "timezone": "America/New_York",
        "source": "ip-api.com"
      },
      "geometry": {
        "type": "Point",
        "coordinates": [
          -74.006,
          40.7128
        ]
      }
    }
  ]
}