{
  "type": "FeatureCollection",
  "features": [
    {
      "type": "Feature",
      "properties": {
        "ip": "142.250.80.68",
        "url": "https://www.google.com/recaptcha/enterprise/anchor?ar=1&k=6LfirrMoAAAAAHZOipvza4kpp_VtTwLNuXVwURNQ&co=aHR0cHM6Ly93d3cucmVkZGl0LmNvbTo0NDM.&hl=zh-CN&v=ngcIAHyEnHQZZIKkyKneDTW3&size=invisible&anchor-ms=20000&execute-ms=15000&cb=ef8j7uc67b05",
        "city": "New York",
        "region": "New York",
        "country": "United States",
        "org": "Google LLC",
        "timezone": "America/New_York",
        "source": "ip-api.com"
      },
      "geometry": {
        "type": "Point",
        "coordinates": [
          -74.006,
          40.7128
        ]
      }
    },
    {
      "type": "Feature",
      "properties": {
        "ip": "142.250.80.68",
        "url": "https://www.google.com/recaptcha/enterprise/clr?k=6LfirrMoAAAAAHZOipvza4kpp_VtTwLNuXVwURNQ",
        "city": "New York",
        "region": "New York",
        "country": "United States",
        "org": "Google LLC",
        "timezone": "America/New_York",
        "source": "ip-api.com"
      },
      "geometry": {
        "type": "Point",
        "coordinates": [
          -74.006,
          40.7128
        ]
      }
    },
    {
      "type": "Feature",
      "properties": {
        "ip": "142.250.80.68",
        "url": "https://www.google.com/recaptcha/enterprise.js?render=6LfirrMoAAAAAHZOipvza4kpp_VtTwLNuXVwURNQ",
        "city": "New York",
        "region": "New York",
        "country": "United States",
        "org": "Google LLC",
        "timezone": "America/New_York",
        "source": "ip-api.com"
      },
      "geometry": {
        "type": "Point",
        "coordinates": [
          -74.006,
          40.7128
        ]
      }
    },
    {
      "type": "Feature",
      "properties": {
        "ip": "142.250.80.68",
        "url": "https://www.google.com/recaptcha/enterprise/reload?k=6LfirrMoAAAAAHZOipvza4kpp_VtTwLNuXVwURNQ",
        "city": "New York",
        "region": "New York",
        "country": "United States",
        "org": "Google LLC",
        "timezone": "America/New_York",
        "source": "ip-api.com"
      },
      "geometry": {
        "type": "Point",
        "coordinates": [
          -74.006,
          40.7128
        ]
      }
    },
    {
      "type": "Feature",
      "properties": {
        "ip": "142.250.80.68",
        "url": "https://www.gstatic.com/recaptcha/releases/ngcIAHyEnHQZZIKkyKneDTW3/styles__ltr.css",
        "city": "New York",
        "region": "New York",
        "country": "United States",
        "org": "Google LLC",
        "timezone": "America/New_York",
        "source": "ip-api.com"
      },
      "geometry": {
        "type": "Point",
        "coordinates": [
          -74.006,
          40.7128
        ]
      }
    },
    {
      "type": "Feature",
      "properties": {
        "ip": "142.250.80.68",
        "url": "https://www.google.com/ccm/collect?tid=AW-788729857&en=page_view&dl=https%3A%2F%2Fwww.reddit.com%2Fr%2Fcolumbia%2F&scrsrc=www.googletagmanager.com&frm=0&rnd=504158476.1754013340&dt=r%2Fcolumbia%3A%20Virtual%20Low%20Steps&auid=1927719470.1752289703&navt=r&npa=0&gtm=45be57u1v9217137991za200zd9217137991&gcd=13l3l3l3l1l1&dma=0&tag_exp=101509157~103116026~103200004~103233427~104684208~104684211~104948813~105087538~105087540~105103161~105103163&tft=1754013340382&tfd=1331&apve=1&apvf=f",
        "city": "New York",
        "region": "New York",
        "country": "United States",
        "org": "Google LLC",
        "timezone": "America/New_York",
        "source": "ip-api.com"
      },
      "geometry": {
        "type": "Point",
        "coordinates": [
          -74.006,
          40.7128
        ]
      }
    },
    {
      "type": "Feature",
      "properties": {
        "ip": "142.250.80.68",
        "url": "https://www.gstatic.com/recaptcha/releases/ngcIAHyEnHQZZIKkyKneDTW3/recaptcha__zh_cn.js",
        "city": "New York",
        "region": "New York",
        "country": "United States",
        "org": "Google LLC",
        "timezone": "America/New_York",
        "source": "ip-api.com"
      },
      "geometry": {
        "type": "Point",
        "coordinates": [
          -74.006,
          40.7128
        ]
      }
    },
    {
      "type": "Feature",
      "properties": {
        "ip": "142.250.80.68",
        "url": "https://www.google.com/pagead/1p-user-list/788729857/?random=1754013340389&cv=11&fst=1754010000000&bg=ffffff&guid=ON&async=1&en=page_view&gtm=45be57u1v9217137991za200zd9217137991&gcd=13l3l3l3l1l1&dma=0&tag_exp=101509157~103116026~103200004~103233427~104684208~104684211~104948813~105087538~105087540~105103161~105103163&u_w=1512&u_h=982&url=https%3A%2F%2Fwww.reddit.com%2Fr%2Fcolumbia%2F&hn=www.googleadservices.com&frm=0&tiba=r%2Fcolumbia%3A%20Virtual%20Low%20Steps&npa=0&pscdl=noapi&auid=1927719470.1752289703&uaa=arm&uab=64&uafvl=Not)A%253BBrand%3B8.0.0.0%7CChromium%3B138.0.7204.168%7CGoogle%2520Chrome%3B138.0.7204.168&uamb=0&uam=&uap=macOS&uapv=15.3.1&uaw=0&fledge=1&data=event%3Dpage_view%3Buser_status%3Dlogged_in&rfmt=3&fmt=3&is_vtc=1&cid=CAQSigEA2abssw0dPaFw-8k4EIyHNYzlgqcn8CwmSSJI88gp6OY_BHCPY_RoN8cX0NAEbzKYA_omhsMGdz0QQzLIl3ekOJwB6PmCTCfXpwTOjE9p9r-CGrvwPPBgd5eJojKeWMUzgseIF2jx0iP93C6d8nkTOynSuCcILP57_7QIPZ7V3nvsv90FcIrY0BI&random=2460511351&rmt_tld=0&ipr=y",
        "city": "New York",
        "region": "New York",
        "country": "United States",
        "org": "Google LLC",
        "timezone": "America/New_York",
        "source": "ip-api.com"
      },
      "geometry": {
        "type": "Point",
        "coordinates": [
          -74.006,
          40.7128
        ]
      }
    },
    {
      "type": "Feature",
      "properties": {
        "ip": "142.250.80.68",
        "url": "https://www.google.com/pagead/1p-user-list/788729857/?random=1754013340379&cv=11&fst=1754010000000&bg=ffffff&guid=ON&async=1&en=gtag.config&gtm=45be57u1v9217137991za200zd9217137991&gcd=13l3l3l3l1l1&dma=0&tag_exp=101509157~103116026~103200004~103233427~104684208~104684211~104948813~105087538~105087540~105103161~105103163&u_w=1512&u_h=982&url=https%3A%2F%2Fwww.reddit.com%2Fr%2Fcolumbia%2F&hn=www.googleadservices.com&frm=0&tiba=r%2Fcolumbia%3A%20Virtual%20Low%20Steps&npa=0&pscdl=noapi&auid=1927719470.1752289703&uaa=arm&uab=64&uafvl=Not)A%253BBrand%3B8.0.0.0%7CChromium%3B138.0.7204.168%7CGoogle%2520Chrome%3B138.0.7204.168&uamb=0&uam=&uap=macOS&uapv=15.3.1&uaw=0&fledge=1&data=event%3Dgtag.config&rfmt=3&fmt=3&is_vtc=1&cid=CAQSigEA2abss4zR7tv0jnYANxiDmFBSmyIF6mOKytzTyzMjNTXlLHRuRd6mRp3J3frdobh174mLeeZnm3DckRwlhPiMSA2fNjU0_dOxK9_uDHq1phQFXHS49-oHPgfEPAh0Nan5hrLoKqBpUgRThELUyxhkuKwHKCkQfONghjPOoxjFh2Wj5gyi3InlOBE&random=1176351803&rmt_tld=0&ipr=y",
        "city": "New York",
        "region": "New York",
        "country": "United States",
        "org": "Google LLC",
        "timezone": "America/New_York",
        "source": "ip-api.com"
      },
      "geometry": {
        "type": "Point",
        "coordinates": [
          -74.006,
          40.7128
        ]
      }
    },
    {
      "type": "Feature",
      "properties": {
        "ip": "142.251.40.195",
        "url": "https://fonts.gstatic.com/s/roboto/v18/KFOlCnqEu92Fr1MmEU9fBBc4AMP6lQ.woff2",
        "city": "New York",
        "region": "New York",
        "country": "United States",
        "org": "Google LLC",
        "timezone": "America/New_York",
        "source": "ip-api.com"
      },
      "geometry": {
        "type": "Point",
        "coordinates": [
          -74.006,
          40.7128
        ]
      }
    },
    {
      "type": "Feature",
      "properties": {
        "ip": "142.251.40.195",
        "url": "https://fonts.gstatic.com/s/roboto/v18/KFOmCnqEu92Fr1Mu4mxKKTU1Kg.woff2",
        "city": "New York",
        "region": "New York",
        "country": "United States",
        "org": "Google LLC",
        "timezone": "America/New_York",
        "source": "ip-api.com"
      },
      "geometry": {
        "type": "Point",
        "coordinates": [
          -74.006,
          40.7128
        ]
      }
    },
    {
      "type": "Feature",
      "properties": {
        "ip": "199.232.37.140",
        "url": "https://www.redditstatic.com/shreddit/en-US/community-highlight-card-16e156ce.js",
        "city": "New York",
        "region": "New York",
        "country": "United States",
        "org": "Fastly, Inc.",
        "timezone": "America/New_York",
        "source": "ip-api.com"
      },
      "geometry": {
        "type": "Point",
        "coordinates": [
          -74.0066,
          40.7126
        ]
      }
    },
    {
      "type": "Feature",
      "properties": {
        "ip": "199.232.37.140",
        "url": "https://www.redditstatic.com/shreddit/en-US/user-hover-card-client-js-cd595358.js",
        "city": "New York",
        "region": "New York",
        "country": "United States",
        "org": "Fastly, Inc.",
        "timezone": "America/New_York",
        "source": "ip-api.com"
      },
      "geometry": {
        "type": "Point",
        "coordinates": [
          -74.0066,
          40.7126
        ]
      }
    },
    {
      "type": "Feature",
      "properties": {
        "ip": "199.232.37.140",
        "url": "https://styles.redditmedia.com/t5_3zz2sn/styles/profileIcon_snoo77e7eabd-b589-4a92-806e-7f0428bdfde9-headshot-f.png?width=64&height=64&frame=1&auto=webp&crop=&s=de4a745d7574adc9b91bd90f9ea66e7f3e9ab8f2",
        "city": "New York",
        "region": "New York",
        "country": "United States",
        "org": "Fastly, Inc.",
        "timezone": "America/New_York",
        "source": "ip-api.com"
      },
      "geometry": {
        "type": "Point",
        "coordinates": [
          -74.0066,
          40.7126
        ]
      }
    },
    {
      "type": "Feature",
      "properties": {
        "ip": "199.232.37.140",
        "url": "https://www.reddit.com/svc/shreddit/reddit-chat",
        "city": "New York",
        "region": "New York",
        "country": "United States",
        "org": "Fastly, Inc.",
        "timezone": "America/New_York",
        "source": "ip-api.com"
      },
      "geometry": {
        "type": "Point",
        "coordinates": [
          -74.0066,
          40.7126
        ]
      }
    },
    {
      "type": "Feature",
      "properties": {
        "ip": "199.232.37.140",
        "url": "https://www.redditstatic.com/shreddit/en-US/shreddit-modal-content-aa48d296.js",
        "city": "New York",
        "region": "New York",
        "country": "United States",
        "org": "Fastly, Inc.",
        "timezone": "America/New_York",
        "source": "ip-api.com"
      },
      "geometry": {
        "type": "Point",
        "coordinates": [
          -74.0066,
          40.7126
        ]
      }
    },
    {
      "type": "Feature",
      "properties": {
        "ip": "199.232.37.140",
        "url": "https://preview.redd.it/snoovatar/avatars/6eb528ec-e97f-42c4-bcf4-5f305743e073-headshot.png?width=64&height=64&auto=webp&s=06d2eb4a8fec6ef29d26576fab230d9176e61977",
        "city": "New York",
        "region": "New York",
        "country": "United States",
        "org": "Fastly, Inc.",
        "timezone": "America/New_York",
        "source": "ip-api.com"
      },
      "geometry": {
        "type": "Point",
        "coordinates": [
          -74.0066,
          40.7126
        ]
      }
    },
    {
      "type": "Feature",
      "properties": {
        "ip": "199.232.37.140",
        "url": "https://www.redditstatic.com/shreddit/en-US/unpacking-overflow-menu-beee6812.js",
        "city": "New York",
        "region": "New York",
        "country": "United States",
        "org": "Fastly, Inc.",
        "timezone": "America/New_York",
        "source": "ip-api.com"
      },
      "geometry": {
        "type": "Point",
        "coordinates": [
          -74.0066,
          40.7126
        ]
      }
    },
    {
      "type": "Feature",
      "properties": {
        "ip": "199.232.37.140",
        "url": "https://www.redditstatic.com/shreddit/en-US/awardsTelemetryState-d3094cdd.js",
        "city": "New York",
        "region": "New York",
        "country": "United States",
        "org": "Fastly, Inc.",
        "timezone": "America/New_York",
        "source": "ip-api.com"
      },
      "geometry": {
        "type": "Point",
        "coordinates": [
          -74.0066,
          40.7126
        ]
      }
    },
    {
      "type": "Feature",
      "properties": {
        "ip": "199.232.37.140",
        "url": "https://external-preview.redd.it/X3dq7BwWSNeUHhYVAwg9EWZnzdW0rDaEwG8X76Th8PI.jpg?auto=webp&s=41609c39ac55f81573d212eaf4cf408bb74a3170",
        "city": "New York",
        "region": "New York",
        "country": "United States",
        "org": "Fastly, Inc.",
        "timezone": "America/New_York",
        "source": "ip-api.com"
      },
      "geometry": {
        "type": "Point",
        "coordinates": [
          -74.0066,
          40.7126
        ]
      }
    },
    {
      "type": "Feature",
      "properties": {
        "ip": "199.232.37.140",
        "url": "https://www.redditstatic.com/shreddit/en-US/lite-yt-embed-bb8c06d1.js",
        "city": "New York",
        "region": "New York",
        "country": "United States",
        "org": "Fastly, Inc.",
        "timezone": "America/New_York",
        "source": "ip-api.com"
      },
      "geometry": {
        "type": "Point",
        "coordinates": [
          -74.0066,
          40.7126
        ]
      }
    },
    {
      "type": "Feature",
      "properties": {
        "ip": "199.232.37.140",
        "url": "https://www.redditstatic.com/shreddit/en-US/settings-rows-c245bc02.js",
        "city": "New York",
        "region": "New York",
        "country": "United States",
        "org": "Fastly, Inc.",
        "timezone": "America/New_York",
        "source": "ip-api.com"
      },
      "geometry": {
        "type": "Point",
        "coordinates": [
          -74.0066,
          40.7126
        ]
      }
    },
    {
      "type": "Feature",
      "properties": {
        "ip": "199.232.37.140",
        "url": "https://www.reddit.com/svc/shreddit/partial/SZvQJM/user-drawer-menu",
        "city": "New York",
        "region": "New York",
        "country": "United States",
        "org": "Fastly, Inc.",
        "timezone": "America/New_York",
        "source": "ip-api.com"
      },
      "geometry": {
        "type": "Point",
        "coordinates": [
          -74.0066,
          40.7126
        ]
      }
    },
    {
      "type": "Feature",
      "properties": {
        "ip": "199.232.37.140",
        "url": "https://www.reddit.com/svc/shreddit/partial/kvBblQ/mod-content-actions?params=username%3DNorth-Respect-1391&sig=v1.6cnAgmB5uK2cjKWGscaTGI008XyffrPYUUVLeCd6xp4",
        "city": "New York",
        "region": "New York",
        "country": "United States",
        "org": "Fastly, Inc.",
        "timezone": "America/New_York",
        "source": "ip-api.com"
      },
      "geometry": {
        "type": "Point",
        "coordinates": [
          -74.0066,
          40.7126
        ]
      }
    },
    {
      "type": "Feature",
      "properties": {
        "ip": "199.232.37.140",
        "url": "https://www.redditstatic.com/shreddit/en-US/subreddit-right-rail-translator-client-js-e464b610.js",
        "city": "New York",
        "region": "New York",
        "country": "United States",
        "org": "Fastly, Inc.",
        "timezone": "America/New_York",
        "source": "ip-api.com"
      },
      "geometry": {
        "type": "Point",
        "coordinates": [
          -74.0066,
          40.7126
        ]
      }
    },
    {
      "type": "Feature",
      "properties": {
        "ip": "199.232.37.140",
        "url": "https://preview.redd.it/i-dont-know-what-i-expected-v0-gj3xt4sxk9gf1.jpg?width=1080&crop=smart&auto=webp&s=f8c190728e8090c70d6e1efa73ede956d0d76b2b",
        "city": "New York",
        "region": "New York",
        "country": "United States",
        "org": "Fastly, Inc.",
        "timezone": "America/New_York",
        "source": "ip-api.com"
      },
      "geometry": {
        "type": "Point",
        "coordinates": [
          -74.0066,
          40.7126
        ]
      }
    },
    {
      "type": "Feature",
      "properties": {
        "ip": "199.232.37.140",
        "url": "https://www.redditstatic.com/shreddit/assets/favicon/manifest.json",
        "city": "New York",
        "region": "New York",
        "country": "United States",
        "org": "Fastly, Inc.",
        "timezone": "America/New_York",
        "source": "ip-api.com"
      },
      "geometry": {
        "type": "Point",
        "coordinates": [
          -74.0066,
          40.7126
        ]
      }
    },
    {
      "type": "Feature",
      "properties": {
        "ip": "199.232.37.140",
        "url": "https://external-preview.redd.it/britney-spears-v0-cGltN3NicDNqMHdkMfEUGYb2OTd7u7cvS01ki0gSFzyD8TW8MC4PpLpa8F2k.png?width=640&crop=smart&format=pjpg&auto=webp&s=d9c6254cd3c5abaf3b6620bc58cb283ce38f2d76",
        "city": "New York",
        "region": "New York",
        "country": "United States",
        "org": "Fastly, Inc.",
        "timezone": "America/New_York",
        "source": "ip-api.com"
      },
      "geometry": {
        "type": "Point",
        "coordinates": [
          -74.0066,
          40.7126
        ]
      }
    },
    {
      "type": "Feature",
      "properties": {
        "ip": "199.232.37.140",
        "url": "https://www.redditstatic.com/shreddit/en-US/faceplate-hovercard-cc3a3209.js",
        "city": "New York",
        "region": "New York",
        "country": "United States",
        "org": "Fastly, Inc.",
        "timezone": "America/New_York",
        "source": "ip-api.com"
      },
      "geometry": {
        "type": "Point",
        "coordinates": [
          -74.0066,
          40.7126
        ]
      }
    },
    {
      "type": "Feature",
      "properties": {
        "ip": "199.232.37.140",
        "url": "https://www.redditstatic.com/shreddit/en-US/emoji-typeahead-5aae1c75.js",
        "city": "New York",
        "region": "New York",
        "country": "United States",
        "org": "Fastly, Inc.",
        "timezone": "America/New_York",
        "source": "ip-api.com"
      },
      "geometry": {
        "type": "Point",
        "coordinates": [
          -74.0066,
          40.7126
        ]
      }
    },
    {
      "type": "Feature",
      "properties": {
        "ip": "199.232.37.140",
        "url": "https://www.redditstatic.com/shreddit/en-US/vault-import-container-ed4a1734.js",
        "city": "New York",
        "region": "New York",
        "country": "United States",
        "org": "Fastly, Inc.",
        "timezone": "America/New_York",
        "source": "ip-api.com"
      },
      "geometry": {
        "type": "Point",
        "coordinates": [
          -74.0066,
          40.7126
        ]
      }
    },
    {
      "type": "Feature",
      "properties": {
        "ip": "199.232.37.140",
        "url": "https://www.redditstatic.com/shreddit/en-US/with-recaptcha-cae4062f.js",
        "city": "New York",
        "region": "New York",
        "country": "United States",
        "org": "Fastly, Inc.",
        "timezone": "America/New_York",
        "source": "ip-api.com"
      },
      "geometry": {
        "type": "Point",
        "coordinates": [
          -74.0066,
          40.7126
        ]
      }
    },
    {
      "type": "Feature",
      "properties": {
        "ip": "199.232.37.140",
        "url": "https://www.reddit.com/svc/shreddit/partial/BCxws8/banned-user-banner?params=prefix%3Dr%26subredditName%3Dcolumbia&sig=v1.V3JL7AvBIrLqHytm05tbzFwT4JjA8zorhlK3iA_tFTE",
        "city": "New York",
        "region": "New York",
        "country": "United States",
        "org": "Fastly, Inc.",
        "timezone": "America/New_York",
        "source": "ip-api.com"
      },
      "geometry": {
        "type": "Point",
        "coordinates": [
          -74.0066,
          40.7126
        ]
      }
    },
    {
      "type": "Feature",
      "properties": {
        "ip": "199.232.37.140",
        "url": "https://www.reddit.com/svc/shreddit/subreddit-posting-eligibility-modal/columbia/",
        "city": "New York",
        "region": "New York",
        "country": "United States",
        "org": "Fastly, Inc.",
        "timezone": "America/New_York",
        "source": "ip-api.com"
      },
      "geometry": {
        "type": "Point",
        "coordinates": [
          -74.0066,
          40.7126
        ]
      }
    },
    {
      "type": "Feature",
      "properties": {
        "ip": "199.232.37.140",
        "url": "https://www.redditstatic.com/shreddit/en-US/faceplate-carousel-bb34e6e1.js",
        "city": "New York",
        "region": "New York",
        "country": "United States",
        "org": "Fastly, Inc.",
        "timezone": "America/New_York",
        "source": "ip-api.com"
      },
      "geometry": {
        "type": "Point",
        "coordinates": [
          -74.0066,
          40.7126
        ]
      }
    },
    {
      "type": "Feature",
      "properties": {
        "ip": "199.232.37.140",
        "url": "https://www.redditstatic.com/shreddit/en-US/index-7436fa38.js",
        "city": "New York",
        "region": "New York",
        "country": "United States",
        "org": "Fastly, Inc.",
        "timezone": "America/New_York",
        "source": "ip-api.com"
      },
      "geometry": {
        "type": "Point",
        "coordinates": [
          -74.0066,
          40.7126
        ]
      }
    },
    {
      "type": "Feature",
      "properties": {
        "ip": "199.232.37.140",
        "url": "https://www.redditstatic.com/shreddit/en-US/suggested-search-queries-client-js-1f175721.js",
        "city": "New York",
        "region": "New York",
        "country": "United States",
        "org": "Fastly, Inc.",
        "timezone": "America/New_York",
        "source": "ip-api.com"
      },
      "geometry": {
        "type": "Point",
        "coordinates": [
          -74.0066,
          40.7126
        ]
      }
    },
    {
      "type": "Feature",
      "properties": {
        "ip": "199.232.37.140",
        "url": "https://www.redditstatic.com/shreddit/en-US/screen-reader-alert-outlet-180f077f.js",
        "city": "New York",
        "region": "New York",
        "country": "United States",
        "org": "Fastly, Inc.",
        "timezone": "America/New_York",
        "source": "ip-api.com"
      },
      "geometry": {
        "type": "Point",
        "coordinates": [
          -74.0066,
          40.7126
        ]
      }
    },
    {
      "type": "Feature",
      "properties": {
        "ip": "199.232.37.140",
        "url": "https://styles.redditmedia.com/t5_6er7z6/styles/communityIcon_4ecuygv5w5191.jpeg?format=pjpg&s=7a82f23be5ec78b035f52edf62b9e09b56bc8248",
        "city": "New York",
        "region": "New York",
        "country": "United States",
        "org": "Fastly, Inc.",
        "timezone": "America/New_York",
        "source": "ip-api.com"
      },
      "geometry": {
        "type": "Point",
        "coordinates": [
          -74.0066,
          40.7126
        ]
      }
    },
    {
      "type": "Feature",
      "properties": {
        "ip": "199.232.37.140",
        "url": "https://www.redditstatic.com/shreddit/en-US/shreddit-comment-badges-dac97a9d.js",
        "city": "New York",
        "region": "New York",
        "country": "United States",
        "org": "Fastly, Inc.",
        "timezone": "America/New_York",
        "source": "ip-api.com"
      },
      "geometry": {
        "type": "Point",
        "coordinates": [
          -74.0066,
          40.7126
        ]
      }
    },
    {
      "type": "Feature",
      "properties": {
        "ip": "199.232.37.140",
        "url": "https://www.redditstatic.com/shreddit/en-US/chat-mobile-xpromo-client-js-d1cee61d.js",
        "city": "New York",
        "region": "New York",
        "country": "United States",
        "org": "Fastly, Inc.",
        "timezone": "America/New_York",
        "source": "ip-api.com"
      },
      "geometry": {
        "type": "Point",
        "coordinates": [
          -74.0066,
          40.7126
        ]
      }
    },
    {
      "type": "Feature",
      "properties": {
        "ip": "199.232.37.140",
        "url": "https://www.redditstatic.com/shreddit/en-US/community-status-telemetry-7d0e84ad.js",
        "city": "New York",
        "region": "New York",
        "country": "United States",
        "org": "Fastly, Inc.",
        "timezone": "America/New_York",
        "source": "ip-api.com"
      },
      "geometry": {
        "type": "Point",
        "coordinates": [
          -74.0066,
          40.7126
        ]
      }
    },
    {
      "type": "Feature",
      "properties": {
        "ip": "199.232.37.140",
        "url": "https://www.redditstatic.com/shreddit/en-US/custom-feed-edit-button-d1468c84.js",
        "city": "New York",
        "region": "New York",
        "country": "United States",
        "org": "Fastly, Inc.",
        "timezone": "America/New_York",
        "source": "ip-api.com"
      },
      "geometry": {
        "type": "Point",
        "coordinates": [
          -74.0066,
          40.7126
        ]
      }
    },
    {
      "type": "Feature",
      "properties": {
        "ip": "199.232.37.140",
        "url": "https://i.redd.it/snoovatar/avatars/effb7584-d471-41d4-bf72-488ea6989dcd.png",
        "city": "New York",
        "region": "New York",
        "country": "United States",
        "org": "Fastly, Inc.",
        "timezone": "America/New_York",
        "source": "ip-api.com"
      },
      "geometry": {
        "type": "Point",
        "coordinates": [
          -74.0066,
          40.7126
        ]
      }
    },
    {
      "type": "Feature",
      "properties": {
        "ip": "199.232.37.140",
        "url": "https://www.reddit.com/user/North-Respect-1391/downvoted/",
        "city": "New York",
        "region": "New York",
        "country": "United States",
        "org": "Fastly, Inc.",
        "timezone": "America/New_York",
        "source": "ip-api.com"
      },
      "geometry": {
        "type": "Point",
        "coordinates": [
          -74.0066,
          40.7126
        ]
      }
    },
    {
      "type": "Feature",
      "properties": {
        "ip": "199.232.37.140",
        "url": "https://styles.redditmedia.com/t5_c1877h/styles/profileIcon_gede34xf5wpe1.png?width=48&height=48&frame=1&auto=webp&crop=&s=b04f8502357eb798f4d45fece4f7f2c85b418ee2",
        "city": "New York",
        "region": "New York",
        "country": "United States",
        "org": "Fastly, Inc.",
        "timezone": "America/New_York",
        "source": "ip-api.com"
      },
      "geometry": {
        "type": "Point",
        "coordinates": [
          -74.0066,
          40.7126
        ]
      }
    },
    {
      "type": "Feature",
      "properties": {
        "ip": "199.232.37.140",
        "url": "https://www.redditstatic.com/shreddit/en-US/left-nav-client-js-65fe2728.js",
        "city": "New York",
        "region": "New York",
        "country": "United States",
        "org": "Fastly, Inc.",
        "timezone": "America/New_York",
        "source": "ip-api.com"
      },
      "geometry": {
        "type": "Point",
        "coordinates": [
          -74.0066,
          40.7126
        ]
      }
    },
    {
      "type": "Feature",
      "properties": {
        "ip": "199.232.37.140",
        "url": "https://preview.redd.it/7yvhtcwlgavc1.png?width=100&height=100&crop=smart&auto=webp&s=df3f52c44e02f79a8c992cbe3a421b79c045648f",
        "city": "New York",
        "region": "New York",
        "country": "United States",
        "org": "Fastly, Inc.",
        "timezone": "America/New_York",
        "source": "ip-api.com"
      },
      "geometry": {
        "type": "Point",
        "coordinates": [
          -74.0066,
          40.7126
        ]
      }
    },
    {
      "type": "Feature",
      "properties": {
        "ip": "199.232.37.140",
        "url": "https://www.redditstatic.com/shreddit/en-US/gallery-caption-7902f468.js",
        "city": "New York",
        "region": "New York",
        "country": "United States",
        "org": "Fastly, Inc.",
        "timezone": "America/New_York",
        "source": "ip-api.com"
      },
      "geometry": {
        "type": "Point",
        "coordinates": [
          -74.0066,
          40.7126
        ]
      }
    },
    {
      "type": "Feature",
      "properties": {
        "ip": "199.232.37.140",
        "url": "https://www.redditstatic.com/shreddit/en-US/feed-post-client-js-e772de4c.js",
        "city": "New York",
        "region": "New York",
        "country": "United States",
        "org": "Fastly, Inc.",
        "timezone": "America/New_York",
        "source": "ip-api.com"
      },
      "geometry": {
        "type": "Point",
        "coordinates": [
          -74.0066,
          40.7126
        ]
      }
    },
    {
      "type": "Feature",
      "properties": {
        "ip": "199.232.37.140",
        "url": "https://www.reddit.com/svc/shreddit/events",
        "city": "New York",
        "region": "New York",
        "country": "United States",
        "org": "Fastly, Inc.",
        "timezone": "America/New_York",
        "source": "ip-api.com"
      },
      "geometry": {
        "type": "Point",
        "coordinates": [
          -74.0066,
          40.7126
        ]
      }
    },
    {
      "type": "Feature",
      "properties": {
        "ip": "199.232.37.140",
        "url": "https://www.redditstatic.com/shreddit/en-US/protected-community-modal-trigger-51a89078.js",
        "city": "New York",
        "region": "New York",
        "country": "United States",
        "org": "Fastly, Inc.",
        "timezone": "America/New_York",
        "source": "ip-api.com"
      },
      "geometry": {
        "type": "Point",
        "coordinates": [
          -74.0066,
          40.7126
        ]
      }
    },
    {
      "type": "Feature",
      "properties": {
        "ip": "199.232.37.140",
        "url": "https://styles.redditmedia.com/t5_4o7o3z/styles/profileIcon_bunck8ep6hff1.jpeg",
        "city": "New York",
        "region": "New York",
        "country": "United States",
        "org": "Fastly, Inc.",
        "timezone": "America/New_York",
        "source": "ip-api.com"
      },
      "geometry": {
        "type": "Point",
        "coordinates": [
          -74.0066,
          40.7126
        ]
      }
    },
    {
      "type": "Feature",
      "properties": {
        "ip": "199.232.37.140",
        "url": "https://www.redditstatic.com/shreddit/en-US/distinguished-tags-1685214c.js",
        "city": "New York",
        "region": "New York",
        "country": "United States",
        "org": "Fastly, Inc.",
        "timezone": "America/New_York",
        "source": "ip-api.com"
      },
      "geometry": {
        "type": "Point",
        "coordinates": [
          -74.0066,
          40.7126
        ]
      }
    },
    {
      "type": "Feature",
      "properties": {
        "ip": "199.232.37.140",
        "url": "https://www.redditstatic.com/shreddit/en-US/community-card-e1ce6390.js",
        "city": "New York",
        "region": "New York",
        "country": "United States",
        "org": "Fastly, Inc.",
        "timezone": "America/New_York",
        "source": "ip-api.com"
      },
      "geometry": {
        "type": "Point",
        "coordinates": [
          -74.0066,
          40.7126
        ]
      }
    },
    {
      "type": "Feature",
      "properties": {
        "ip": "199.232.37.140",
        "url": "https://styles.redditmedia.com/t5_2qq0v/styles/communityIcon_0fsx341bpzz61.png?width=128&frame=1&auto=webp&s=5bd379fe28eee3a9d0600791383736cac7cc6971",
        "city": "New York",
        "region": "New York",
        "country": "United States",
        "org": "Fastly, Inc.",
        "timezone": "America/New_York",
        "source": "ip-api.com"
      },
      "geometry": {
        "type": "Point",
        "coordinates": [
          -74.0066,
          40.7126
        ]
      }
    },
    {
      "type": "Feature",
      "properties": {
        "ip": "199.232.37.140",
        "url": "https://www.redditstatic.com/shreddit/en-US/rtjsonToLexical-3acb2027.js",
        "city": "New York",
        "region": "New York",
        "country": "United States",
        "org": "Fastly, Inc.",
        "timezone": "America/New_York",
        "source": "ip-api.com"
      },
      "geometry": {
        "type": "Point",
        "coordinates": [
          -74.0066,
          40.7126
        ]
      }
    },
    {
      "type": "Feature",
      "properties": {
        "ip": "199.232.37.140",
        "url": "https://www.redditstatic.com/shreddit/en-US/index-a3354db0.js",
        "city": "New York",
        "region": "New York",
        "country": "United States",
        "org": "Fastly, Inc.",
        "timezone": "America/New_York",
        "source": "ip-api.com"
      },
      "geometry": {
        "type": "Point",
        "coordinates": [
          -74.0066,
          40.7126
        ]
      }
    },
    {
      "type": "Feature",
      "properties": {
        "ip": "199.232.37.140",
        "url": "https://www.redditstatic.com/shreddit/en-US/username-input-list-2ac2af56.js",
        "city": "New York",
        "region": "New York",
        "country": "United States",
        "org": "Fastly, Inc.",
        "timezone": "America/New_York",
        "source": "ip-api.com"
      },
      "geometry": {
        "type": "Point",
        "coordinates": [
          -74.0066,
          40.7126
        ]
      }
    },
    {
      "type": "Feature",
      "properties": {
        "ip": "199.232.37.140",
        "url": "https://www.redditstatic.com/shreddit/en-US/mod-bulk-actions-99eba4aa.js",
        "city": "New York",
        "region": "New York",
        "country": "United States",
        "org": "Fastly, Inc.",
        "timezone": "America/New_York",
        "source": "ip-api.com"
      },
      "geometry": {
        "type": "Point",
        "coordinates": [
          -74.0066,
          40.7126
        ]
      }
    },
    {
      "type": "Feature",
      "properties": {
        "ip": "199.232.37.140",
        "url": "https://www.redditstatic.com/shreddit/en-US/shreddit-dynamic-ad-link-8e4224d7.js",
        "city": "New York",
        "region": "New York",
        "country": "United States",
        "org": "Fastly, Inc.",
        "timezone": "America/New_York",
        "source": "ip-api.com"
      },
      "geometry": {
        "type": "Point",
        "coordinates": [
          -74.0066,
          40.7126
        ]
      }
    },
    {
      "type": "Feature",
      "properties": {
        "ip": "199.232.37.140",
        "url": "https://www.redditstatic.com/shreddit/en-US/community-highlights-f9e00957.js",
        "city": "New York",
        "region": "New York",
        "country": "United States",
        "org": "Fastly, Inc.",
        "timezone": "America/New_York",
        "source": "ip-api.com"
      },
      "geometry": {
        "type": "Point",
        "coordinates": [
          -74.0066,
          40.7126
        ]
      }
    },
    {
      "type": "Feature",
      "properties": {
        "ip": "199.232.37.140",
        "url": "https://styles.redditmedia.com/t5_7akjmn/styles/profileIcon_snoo42415fa7-83fc-4f04-932a-dffd73f9002e-headshot.png?width=64&height=64&frame=1&auto=webp&crop=&s=4c21eb1c9bdd46d8d0d4d7c3704bb4e9b4c69d9b",
        "city": "New York",
        "region": "New York",
        "country": "United States",
        "org": "Fastly, Inc.",
        "timezone": "America/New_York",
        "source": "ip-api.com"
      },
      "geometry": {
        "type": "Point",
        "coordinates": [
          -74.0066,
          40.7126
        ]
      }
    },
    {
      "type": "Feature",
      "properties": {
        "ip": "199.232.37.140",
        "url": "https://www.redditstatic.com/shreddit/en-US/guides-entrypoint-tooltip-7674a3e3.js",
        "city": "New York",
        "region": "New York",
        "country": "United States",
        "org": "Fastly, Inc.",
        "timezone": "America/New_York",
        "source": "ip-api.com"
      },
      "geometry": {
        "type": "Point",
        "coordinates": [
          -74.0066,
          40.7126
        ]
      }
    },
    {
      "type": "Feature",
      "properties": {
        "ip": "199.232.37.140",
        "url": "https://styles.redditmedia.com/t5_3foc0/styles/communityIcon_pc502jf3mus31.jpg?width=48&height=48&frame=1&auto=webp&crop=48:48,smart&s=ce107b2149452fc83cc6fd62c61ea260bba93ece",
        "city": "New York",
        "region": "New York",
        "country": "United States",
        "org": "Fastly, Inc.",
        "timezone": "America/New_York",
        "source": "ip-api.com"
      },
      "geometry": {
        "type": "Point",
        "coordinates": [
          -74.0066,
          40.7126
        ]
      }
    },
    {
      "type": "Feature",
      "properties": {
        "ip": "199.232.37.140",
        "url": "https://www.redditstatic.com/avatars/defaults/v2/avatar_default_4.png",
        "city": "New York",
        "region": "New York",
        "country": "United States",
        "org": "Fastly, Inc.",
        "timezone": "America/New_York",
        "source": "ip-api.com"
      },
      "geometry": {
        "type": "Point",
        "coordinates": [
          -74.0066,
          40.7126
        ]
      }
    },
    {
      "type": "Feature",
      "properties": {
        "ip": "199.232.37.140",
        "url": "https://www.redditstatic.com/shreddit/en-US/promote-post-actions-controller-8e80c319.js",
        "city": "New York",
        "region": "New York",
        "country": "United States",
        "org": "Fastly, Inc.",
        "timezone": "America/New_York",
        "source": "ip-api.com"
      },
      "geometry": {
        "type": "Point",
        "coordinates": [
          -74.0066,
          40.7126
        ]
      }
    },
    {
      "type": "Feature",
      "properties": {
        "ip": "199.232.37.140",
        "url": "https://www.redditstatic.com/shreddit/en-US/community-appearance-entrypoint-176452c4.js",
        "city": "New York",
        "region": "New York",
        "country": "United States",
        "org": "Fastly, Inc.",
        "timezone": "America/New_York",
        "source": "ip-api.com"
      },
      "geometry": {
        "type": "Point",
        "coordinates": [
          -74.0066,
          40.7126
        ]
      }
    },
    {
      "type": "Feature",
      "properties": {
        "ip": "199.232.37.140",
        "url": "https://www.redditstatic.com/shreddit/en-US/display-collectible-view-data-fetcher-client-js-3f3e0002.js",
        "city": "New York",
        "region": "New York",
        "country": "United States",
        "org": "Fastly, Inc.",
        "timezone": "America/New_York",
        "source": "ip-api.com"
      },
      "geometry": {
        "type": "Point",
        "coordinates": [
          -74.0066,
          40.7126
        ]
      }
    },
    {
      "type": "Feature",
      "properties": {
        "ip": "199.232.37.140",
        "url": "https://styles.redditmedia.com/t5_2qhlc/styles/communityIcon_stowsk6oqs131.png?width=48&height=48&frame=1&auto=webp&crop=48:48,smart&s=43c54daa7bc285e78af1429a7c2d574e60c0aea0",
        "city": "New York",
        "region": "New York",
        "country": "United States",
        "org": "Fastly, Inc.",
        "timezone": "America/New_York",
        "source": "ip-api.com"
      },
      "geometry": {
        "type": "Point",
        "coordinates": [
          -74.0066,
          40.7126
        ]
      }
    },
    {
      "type": "Feature",
      "properties": {
        "ip": "199.232.37.140",
        "url": "https://www.redditstatic.com/shreddit/en-US/icon-mod-fill-d76c0877.js",
        "city": "New York",
        "region": "New York",
        "country": "United States",
        "org": "Fastly, Inc.",
        "timezone": "America/New_York",
        "source": "ip-api.com"
      },
      "geometry": {
        "type": "Point",
        "coordinates": [
          -74.0066,
          40.7126
        ]
      }
    },
    {
      "type": "Feature",
      "properties": {
        "ip": "199.232.37.140",
        "url": "https://www.reddit.com/svc/shreddit/update-recaptcha?k=cHJvZmlsZV9vdmVydmlld3xpbml0aWFsfGMzZDQ1ZjhkLWRiOWMtNGQ0OC1hMzVmLWIxN2RkMGFmZDNjYQ",
        "city": "New York",
        "region": "New York",
        "country": "United States",
        "org": "Fastly, Inc.",
        "timezone": "America/New_York",
        "source": "ip-api.com"
      },
      "geometry": {
        "type": "Point",
        "coordinates": [
          -74.0066,
          40.7126
        ]
      }
    },
    {
      "type": "Feature",
      "properties": {
        "ip": "199.232.37.140",
        "url": "https://preview.redd.it/k95ramg6eavc1.png?width=100&height=100&crop=smart&auto=webp&s=7019f97e1a6d13c9f30baeda87dfc26ff609142b",
        "city": "New York",
        "region": "New York",
        "country": "United States",
        "org": "Fastly, Inc.",
        "timezone": "America/New_York",
        "source": "ip-api.com"
      },
      "geometry": {
        "type": "Point",
        "coordinates": [
          -74.0066,
          40.7126
        ]
      }
    },
    {
      "type": "Feature",
      "properties": {
        "ip": "199.232.37.140",
        "url": "https://www.redditstatic.com/shreddit/en-US/constants-7a0da090.js",
        "city": "New York",
        "region": "New York",
        "country": "United States",
        "org": "Fastly, Inc.",
        "timezone": "America/New_York",
        "source": "ip-api.com"
      },
      "geometry": {
        "type": "Point",
        "coordinates": [
          -74.0066,
          40.7126
        ]
      }
    },
    {
      "type": "Feature",
      "properties": {
        "ip": "199.232.37.140",
        "url": "https://www.redditstatic.com/shreddit/en-US/age-gate-standalone-client-js-c4110936.js",
        "city": "New York",
        "region": "New York",
        "country": "United States",
        "org": "Fastly, Inc.",
        "timezone": "America/New_York",
        "source": "ip-api.com"
      },
      "geometry": {
        "type": "Point",
        "coordinates": [
          -74.0066,
          40.7126
        ]
      }
    },
    {
      "type": "Feature",
      "properties": {
        "ip": "199.232.37.140",
        "url": "https://www.redditstatic.com/shreddit/en-US/mod-queue-item-comment-client-js-85ef1727.js",
        "city": "New York",
        "region": "New York",
        "country": "United States",
        "org": "Fastly, Inc.",
        "timezone": "America/New_York",
        "source": "ip-api.com"
      },
      "geometry": {
        "type": "Point",
        "coordinates": [
          -74.0066,
          40.7126
        ]
      }
    },
    {
      "type": "Feature",
      "properties": {
        "ip": "199.232.37.140",
        "url": "https://preview.redd.it/snoovatar/avatars/f4e3287b-24c8-4458-bcde-92d7c888491d-headshot.png?width=64&height=64&auto=webp&s=1f406c24145e8734be45c0985888a11d5d671385",
        "city": "New York",
        "region": "New York",
        "country": "United States",
        "org": "Fastly, Inc.",
        "timezone": "America/New_York",
        "source": "ip-api.com"
      },
      "geometry": {
        "type": "Point",
        "coordinates": [
          -74.0066,
          40.7126
        ]
      }
    },
    {
      "type": "Feature",
      "properties": {
        "ip": "199.232.37.140",
        "url": "https://www.reddit.com/svc/shreddit/header-action-item-inbox?render-mode=partial",
        "city": "New York",
        "region": "New York",
        "country": "United States",
        "org": "Fastly, Inc.",
        "timezone": "America/New_York",
        "source": "ip-api.com"
      },
      "geometry": {
        "type": "Point",
        "coordinates": [
          -74.0066,
          40.7126
        ]
      }
    },
    {
      "type": "Feature",
      "properties": {
        "ip": "199.232.37.140",
        "url": "https://www.redditstatic.com/shreddit/en-US/team-flair-selection-client-js-a46dc870.js",
        "city": "New York",
        "region": "New York",
        "country": "United States",
        "org": "Fastly, Inc.",
        "timezone": "America/New_York",
        "source": "ip-api.com"
      },
      "geometry": {
        "type": "Point",
        "coordinates": [
          -74.0066,
          40.7126
        ]
      }
    },
    {
      "type": "Feature",
      "properties": {
        "ip": "199.232.37.140",
        "url": "https://www.redditstatic.com/shreddit/en-US/shreddit-coachmark-trigger-34f76340.js",
        "city": "New York",
        "region": "New York",
        "country": "United States",
        "org": "Fastly, Inc.",
        "timezone": "America/New_York",
        "source": "ip-api.com"
      },
      "geometry": {
        "type": "Point",
        "coordinates": [
          -74.0066,
          40.7126
        ]
      }
    },
    {
      "type": "Feature",
      "properties": {
        "ip": "199.232.37.140",
        "url": "https://www.redditstatic.com/shreddit/en-US/shell-36a27547.js",
        "city": "New York",
        "region": "New York",
        "country": "United States",
        "org": "Fastly, Inc.",
        "timezone": "America/New_York",
        "source": "ip-api.com"
      },
      "geometry": {
        "type": "Point",
        "coordinates": [
          -74.0066,
          40.7126
        ]
      }
    },
    {
      "type": "Feature",
      "properties": {
        "ip": "199.232.37.140",
        "url": "https://www.reddit.com/svc/shreddit/profiles/profile_overview-more-posts/new/?after=dDFfbWF1bW5ocQ%3D%3D&name=North-Respect-1391&feedLength=8",
        "city": "New York",
        "region": "New York",
        "country": "United States",
        "org": "Fastly, Inc.",
        "timezone": "America/New_York",
        "source": "ip-api.com"
      },
      "geometry": {
        "type": "Point",
        "coordinates": [
          -74.0066,
          40.7126
        ]
      }
    },
    {
      "type": "Feature",
      "properties": {
        "ip": "199.232.37.140",
        "url": "https://styles.redditmedia.com/t5_2qq0v/styles/communityIcon_0fsx341bpzz61.png?width=48&height=48&frame=1&auto=webp&crop=48:48,smart&s=ae935a29354e577d8430e476c9c53483212a2471",
        "city": "New York",
        "region": "New York",
        "country": "United States",
        "org": "Fastly, Inc.",
        "timezone": "America/New_York",
        "source": "ip-api.com"
      },
      "geometry": {
        "type": "Point",
        "coordinates": [
          -74.0066,
          40.7126
        ]
      }
    },
    {
      "type": "Feature",
      "properties": {
        "ip": "199.232.37.140",
        "url": "https://www.redditstatic.com/shreddit/en-US/click-card-d56a3271.js",
        "city": "New York",
        "region": "New York",
        "country": "United States",
        "org": "Fastly, Inc.",
        "timezone": "America/New_York",
        "source": "ip-api.com"
      },
      "geometry": {
        "type": "Point",
        "coordinates": [
          -74.0066,
          40.7126
        ]
      }
    },
    {
      "type": "Feature",
      "properties": {
        "ip": "199.232.37.140",
        "url": "https://www.redditstatic.com/shreddit/en-US/wiki-page-title-modal-26907900.js",
        "city": "New York",
        "region": "New York",
        "country": "United States",
        "org": "Fastly, Inc.",
        "timezone": "America/New_York",
        "source": "ip-api.com"
      },
      "geometry": {
        "type": "Point",
        "coordinates": [
          -74.0066,
          40.7126
        ]
      }
    },
    {
      "type": "Feature",
      "properties": {
        "ip": "199.232.37.140",
        "url": "https://www.redditstatic.com/shreddit/en-US/settings-controller-6c737b41.js",
        "city": "New York",
        "region": "New York",
        "country": "United States",
        "org": "Fastly, Inc.",
        "timezone": "America/New_York",
        "source": "ip-api.com"
      },
      "geometry": {
        "type": "Point",
        "coordinates": [
          -74.0066,
          40.7126
        ]
      }
    },
    {
      "type": "Feature",
      "properties": {
        "ip": "199.232.37.140",
        "url": "https://www.redditstatic.com/shreddit/en-US/profile-client-js-e3879fae.js",
        "city": "New York",
        "region": "New York",
        "country": "United States",
        "org": "Fastly, Inc.",
        "timezone": "America/New_York",
        "source": "ip-api.com"
      },
      "geometry": {
        "type": "Point",
        "coordinates": [
          -74.0066,
          40.7126
        ]
      }
    },
    {
      "type": "Feature",
      "properties": {
        "ip": "199.232.37.140",
        "url": "https://www.redditstatic.com/shreddit/en-US/alert-controller-client-js-31c5a2db.js",
        "city": "New York",
        "region": "New York",
        "country": "United States",
        "org": "Fastly, Inc.",
        "timezone": "America/New_York",
        "source": "ip-api.com"
      },
      "geometry": {
        "type": "Point",
        "coordinates": [
          -74.0066,
          40.7126
        ]
      }
    },
    {
      "type": "Feature",
      "properties": {
        "ip": "199.232.37.140",
        "url": "https://www.redditstatic.com/shreddit/en-US/card-naming-17d64e8d.js",
        "city": "New York",
        "region": "New York",
        "country": "United States",
        "org": "Fastly, Inc.",
        "timezone": "America/New_York",
        "source": "ip-api.com"
      },
      "geometry": {
        "type": "Point",
        "coordinates": [
          -74.0066,
          40.7126
        ]
      }
    },
    {
      "type": "Feature",
      "properties": {
        "ip": "199.232.37.140",
        "url": "https://www.redditstatic.com/shreddit/en-US/subreddit-feed-client-js-5c0a30bb.js",
        "city": "New York",
        "region": "New York",
        "country": "United States",
        "org": "Fastly, Inc.",
        "timezone": "America/New_York",
        "source": "ip-api.com"
      },
      "geometry": {
        "type": "Point",
        "coordinates": [
          -74.0066,
          40.7126
        ]
      }
    },
    {
      "type": "Feature",
      "properties": {
        "ip": "199.232.37.140",
        "url": "https://www.redditstatic.com/shreddit/assets/favicon/192x192.png",
        "city": "New York",
        "region": "New York",
        "country": "United States",
        "org": "Fastly, Inc.",
        "timezone": "America/New_York",
        "source": "ip-api.com"
      },
      "geometry": {
        "type": "Point",
        "coordinates": [
          -74.0066,
          40.7126
        ]
      }
    },
    {
      "type": "Feature",
      "properties": {
        "ip": "199.232.37.140",
        "url": "https://emoji.redditmedia.com/0wghjm7n0f0d1_t5_2tex6/embraceCamelCase",
        "city": "New York",
        "region": "New York",
        "country": "United States",
        "org": "Fastly, Inc.",
        "timezone": "America/New_York",
        "source": "ip-api.com"
      },
      "geometry": {
        "type": "Point",
        "coordinates": [
          -74.0066,
          40.7126
        ]
      }
    },
    {
      "type": "Feature",
      "properties": {
        "ip": "199.232.37.140",
        "url": "https://www.redditstatic.com/shreddit/hui-grid-client-css-b37067be.css",
        "city": "New York",
        "region": "New York",
        "country": "United States",
        "org": "Fastly, Inc.",
        "timezone": "America/New_York",
        "source": "ip-api.com"
      },
      "geometry": {
        "type": "Point",
        "coordinates": [
          -74.0066,
          40.7126
        ]
      }
    },
    {
      "type": "Feature",
      "properties": {
        "ip": "199.232.37.140",
        "url": "https://www.redditstatic.com/shreddit/en-US/promote-post-button-5ca50b30.js",
        "city": "New York",
        "region": "New York",
        "country": "United States",
        "org": "Fastly, Inc.",
        "timezone": "America/New_York",
        "source": "ip-api.com"
      },
      "geometry": {
        "type": "Point",
        "coordinates": [
          -74.0066,
          40.7126
        ]
      }
    },
    {
      "type": "Feature",
      "properties": {
        "ip": "199.232.37.140",
        "url": "https://www.redditstatic.com/shreddit/en-US/rpl-menu-item-dde085a6.js",
        "city": "New York",
        "region": "New York",
        "country": "United States",
        "org": "Fastly, Inc.",
        "timezone": "America/New_York",
        "source": "ip-api.com"
      },
      "geometry": {
        "type": "Point",
        "coordinates": [
          -74.0066,
          40.7126
        ]
      }
    },
    {
      "type": "Feature",
      "properties": {
        "ip": "199.232.37.140",
        "url": "https://www.redditstatic.com/shreddit/en-US/mod-removal-reason-form-client-js-7cc8a468.js",
        "city": "New York",
        "region": "New York",
        "country": "United States",
        "org": "Fastly, Inc.",
        "timezone": "America/New_York",
        "source": "ip-api.com"
      },
      "geometry": {
        "type": "Point",
        "coordinates": [
          -74.0066,
          40.7126
        ]
      }
    },
    {
      "type": "Feature",
      "properties": {
        "ip": "199.232.37.140",
        "url": "https://i.redd.it/snoovatar/avatars/055da2da-e60b-498b-9078-7029f5d6af42.png",
        "city": "New York",
        "region": "New York",
        "country": "United States",
        "org": "Fastly, Inc.",
        "timezone": "America/New_York",
        "source": "ip-api.com"
      },
      "geometry": {
        "type": "Point",
        "coordinates": [
          -74.0066,
          40.7126
        ]
      }
    },
    {
      "type": "Feature",
      "properties": {
        "ip": "199.232.37.140",
        "url": "https://www.redditstatic.com/shreddit/en-US/shreddit-comment-share-button-2e8f6c81.js",
        "city": "New York",
        "region": "New York",
        "country": "United States",
        "org": "Fastly, Inc.",
        "timezone": "America/New_York",
        "source": "ip-api.com"
      },
      "geometry": {
        "type": "Point",
        "coordinates": [
          -74.0066,
          40.7126
        ]
      }
    },
    {
      "type": "Feature",
      "properties": {
        "ip": "199.232.37.140",
        "url": "https://www.redditstatic.com/shreddit/nsfw-bypassable-modal-client-css-50388fbb.css",
        "city": "New York",
        "region": "New York",
        "country": "United States",
        "org": "Fastly, Inc.",
        "timezone": "America/New_York",
        "source": "ip-api.com"
      },
      "geometry": {
        "type": "Point",
        "coordinates": [
          -74.0066,
          40.7126
        ]
      }
    },
    {
      "type": "Feature",
      "properties": {
        "ip": "199.232.37.140",
        "url": "https://www.redditstatic.com/shreddit/en-US/deprecated-content-client-js-f4fe053d.js",
        "city": "New York",
        "region": "New York",
        "country": "United States",
        "org": "Fastly, Inc.",
        "timezone": "America/New_York",
        "source": "ip-api.com"
      },
      "geometry": {
        "type": "Point",
        "coordinates": [
          -74.0066,
          40.7126
        ]
      }
    },
    {
      "type": "Feature",
      "properties": {
        "ip": "199.232.37.140",
        "url": "https://www.redditstatic.com/shreddit/en-US/faceplate-expandable-section-helper-af395dbd.js",
        "city": "New York",
        "region": "New York",
        "country": "United States",
        "org": "Fastly, Inc.",
        "timezone": "America/New_York",
        "source": "ip-api.com"
      },
      "geometry": {
        "type": "Point",
        "coordinates": [
          -74.0066,
          40.7126
        ]
      }
    },
    {
      "type": "Feature",
      "properties": {
        "ip": "199.232.37.140",
        "url": "https://www.reddit.com/user/North-Respect-1391/",
        "city": "New York",
        "region": "New York",
        "country": "United States",
        "org": "Fastly, Inc.",
        "timezone": "America/New_York",
        "source": "ip-api.com"
      },
      "geometry": {
        "type": "Point",
        "coordinates": [
          -74.0066,
          40.7126
        ]
      }
    },
    {
      "type": "Feature",
      "properties": {
        "ip": "199.232.37.140",
        "url": "https://www.redditstatic.com/shreddit/en-US/mod-actions-menu-aa3d1f94.js",
        "city": "New York",
        "region": "New York",
        "country": "United States",
        "org": "Fastly, Inc.",
        "timezone": "America/New_York",
        "source": "ip-api.com"
      },
      "geometry": {
        "type": "Point",
        "coordinates": [
          -74.0066,
          40.7126
        ]
      }
    },
    {
      "type": "Feature",
      "properties": {
        "ip": "199.232.37.140",
        "url": "https://www.redditstatic.com/shreddit/en-US/flex-nav-2ca2e7d8.js",
        "city": "New York",
        "region": "New York",
        "country": "United States",
        "org": "Fastly, Inc.",
        "timezone": "America/New_York",
        "source": "ip-api.com"
      },
      "geometry": {
        "type": "Point",
        "coordinates": [
          -74.0066,
          40.7126
        ]
      }
    },
    {
      "type": "Feature",
      "properties": {
        "ip": "199.232.37.140",
        "url": "https://www.reddit.com/svc/shreddit/partial/BCxws8/banned-user-banner",
        "city": "New York",
        "region": "New York",
        "country": "United States",
        "org": "Fastly, Inc.",
        "timezone": "America/New_York",
        "source": "ip-api.com"
      },
      "geometry": {
        "type": "Point",
        "coordinates": [
          -74.0066,
          40.7126
        ]
      }
    },
    {
      "type": "Feature",
      "properties": {
        "ip": "199.232.37.140",
        "url": "https://www.redditstatic.com/shreddit/en-US/shreddit-post-translator-client-js-8e6a8e7b.js",
        "city": "New York",
        "region": "New York",
        "country": "United States",
        "org": "Fastly, Inc.",
        "timezone": "America/New_York",
        "source": "ip-api.com"
      },
      "geometry": {
        "type": "Point",
        "coordinates": [
          -74.0066,
          40.7126
        ]
      }
    },
    {
      "type": "Feature",
      "properties": {
        "ip": "199.232.37.140",
        "url": "https://www.redditstatic.com/shreddit/en-US/image-observer-6c450590.js",
        "city": "New York",
        "region": "New York",
        "country": "United States",
        "org": "Fastly, Inc.",
        "timezone": "America/New_York",
        "source": "ip-api.com"
      },
      "geometry": {
        "type": "Point",
        "coordinates": [
          -74.0066,
          40.7126
        ]
      }
    },
    {
      "type": "Feature",
      "properties": {
        "ip": "199.232.37.140",
        "url": "https://www.redditstatic.com/shreddit/en-US/builder-panel-layout-29f96851.js",
        "city": "New York",
        "region": "New York",
        "country": "United States",
        "org": "Fastly, Inc.",
        "timezone": "America/New_York",
        "source": "ip-api.com"
      },
      "geometry": {
        "type": "Point",
        "coordinates": [
          -74.0066,
          40.7126
        ]
      }
    },
    {
      "type": "Feature",
      "properties": {
        "ip": "199.232.37.140",
        "url": "https://www.redditstatic.com/shreddit/en-US/claim-selection-view-data-fetcher-client-js-cdd303dd.js",
        "city": "New York",
        "region": "New York",
        "country": "United States",
        "org": "Fastly, Inc.",
        "timezone": "America/New_York",
        "source": "ip-api.com"
      },
      "geometry": {
        "type": "Point",
        "coordinates": [
          -74.0066,
          40.7126
        ]
      }
    },
    {
      "type": "Feature",
      "properties": {
        "ip": "199.232.37.140",
        "url": "https://www.redditstatic.com/shreddit/en-US/faceplate-gif-ff1645f4.js",
        "city": "New York",
        "region": "New York",
        "country": "United States",
        "org": "Fastly, Inc.",
        "timezone": "America/New_York",
        "source": "ip-api.com"
      },
      "geometry": {
        "type": "Point",
        "coordinates": [
          -74.0066,
          40.7126
        ]
      }
    },
    {
      "type": "Feature",
      "properties": {
        "ip": "199.232.37.140",
        "url": "https://www.redditstatic.com/shreddit/en-US/hui-translation-button-client-js-84f50157.js",
        "city": "New York",
        "region": "New York",
        "country": "United States",
        "org": "Fastly, Inc.",
        "timezone": "America/New_York",
        "source": "ip-api.com"
      },
      "geometry": {
        "type": "Point",
        "coordinates": [
          -74.0066,
          40.7126
        ]
      }
    },
    {
      "type": "Feature",
      "properties": {
        "ip": "199.232.37.140",
        "url": "https://styles.redditmedia.com/t5_26cx9e/styles/communityIcon_6aov417tq9561.png?width=48&height=48&frame=1&auto=webp&crop=48:48,smart&s=1357a5a6e7f7b7d470fe121c68972dfbfc4598be",
        "city": "New York",
        "region": "New York",
        "country": "United States",
        "org": "Fastly, Inc.",
        "timezone": "America/New_York",
        "source": "ip-api.com"
      },
      "geometry": {
        "type": "Point",
        "coordinates": [
          -74.0066,
          40.7126
        ]
      }
    },
    {
      "type": "Feature",
      "properties": {
        "ip": "199.232.37.140",
        "url": "https://www.redditstatic.com/shreddit/en-US/community-author-flair-ce1dd30e.js",
        "city": "New York",
        "region": "New York",
        "country": "United States",
        "org": "Fastly, Inc.",
        "timezone": "America/New_York",
        "source": "ip-api.com"
      },
      "geometry": {
        "type": "Point",
        "coordinates": [
          -74.0066,
          40.7126
        ]
      }
    },
    {
      "type": "Feature",
      "properties": {
        "ip": "199.232.37.140",
        "url": "https://www.redditstatic.com/shreddit/en-US/links-b8ea0a56.js",
        "city": "New York",
        "region": "New York",
        "country": "United States",
        "org": "Fastly, Inc.",
        "timezone": "America/New_York",
        "source": "ip-api.com"
      },
      "geometry": {
        "type": "Point",
        "coordinates": [
          -74.0066,
          40.7126
        ]
      }
    },
    {
      "type": "Feature",
      "properties": {
        "ip": "199.232.37.140",
        "url": "https://www.redditstatic.com/shreddit/en-US/close-button-d9d45664.js",
        "city": "New York",
        "region": "New York",
        "country": "United States",
        "org": "Fastly, Inc.",
        "timezone": "America/New_York",
        "source": "ip-api.com"
      },
      "geometry": {
        "type": "Point",
        "coordinates": [
          -74.0066,
          40.7126
        ]
      }
    },
    {
      "type": "Feature",
      "properties": {
        "ip": "199.232.37.140",
        "url": "https://www.redditstatic.com/shreddit/en-US/dsa-transparency-modal-provider-client-js-4f342eee.js",
        "city": "New York",
        "region": "New York",
        "country": "United States",
        "org": "Fastly, Inc.",
        "timezone": "America/New_York",
        "source": "ip-api.com"
      },
      "geometry": {
        "type": "Point",
        "coordinates": [
          -74.0066,
          40.7126
        ]
      }
    },
    {
      "type": "Feature",
      "properties": {
        "ip": "199.232.37.140",
        "url": "https://www.reddit.com/",
        "city": "New York",
        "region": "New York",
        "country": "United States",
        "org": "Fastly, Inc.",
        "timezone": "America/New_York",
        "source": "ip-api.com"
      },
      "geometry": {
        "type": "Point",
        "coordinates": [
          -74.0066,
          40.7126
        ]
      }
    },
    {
      "type": "Feature",
      "properties": {
        "ip": "199.232.37.140",
        "url": "https://www.reddit.com/svc/shreddit/update-recaptcha?k=cHJvZmlsZV9kb3dudm90ZWR8aW5pdGlhbHw0MThjNTcxZi1hNjg3LTRlNmMtOGFiOS0xNjM1ODE1OTBkYWQ",
        "city": "New York",
        "region": "New York",
        "country": "United States",
        "org": "Fastly, Inc.",
        "timezone": "America/New_York",
        "source": "ip-api.com"
      },
      "geometry": {
        "type": "Point",
        "coordinates": [
          -74.0066,
          40.7126
        ]
      }
    },
    {
      "type": "Feature",
      "properties": {
        "ip": "199.232.37.140",
        "url": "https://www.redditstatic.com/shreddit/en-US/award-controller-356a7da8.js",
        "city": "New York",
        "region": "New York",
        "country": "United States",
        "org": "Fastly, Inc.",
        "timezone": "America/New_York",
        "source": "ip-api.com"
      },
      "geometry": {
        "type": "Point",
        "coordinates": [
          -74.0066,
          40.7126
        ]
      }
    },
    {
      "type": "Feature",
      "properties": {
        "ip": "199.232.37.140",
        "url": "https://www.redditstatic.com/shreddit/en-US/shreddit-status-icons-79cd8915.js",
        "city": "New York",
        "region": "New York",
        "country": "United States",
        "org": "Fastly, Inc.",
        "timezone": "America/New_York",
        "source": "ip-api.com"
      },
      "geometry": {
        "type": "Point",
        "coordinates": [
          -74.0066,
          40.7126
        ]
      }
    },
    {
      "type": "Feature",
      "properties": {
        "ip": "199.232.37.140",
        "url": "https://preview.redd.it/k8xukucynsff1.jpeg?width=640&crop=smart&auto=webp&s=e7b12e98b166e02ef9eb88bd23b9b17eadea89f3",
        "city": "New York",
        "region": "New York",
        "country": "United States",
        "org": "Fastly, Inc.",
        "timezone": "America/New_York",
        "source": "ip-api.com"
      },
      "geometry": {
        "type": "Point",
        "coordinates": [
          -74.0066,
          40.7126
        ]
      }
    },
    {
      "type": "Feature",
      "properties": {
        "ip": "199.232.37.140",
        "url": "https://www.redditstatic.com/shreddit/en-US/scroll-blocker-b8447d81.js",
        "city": "New York",
        "region": "New York",
        "country": "United States",
        "org": "Fastly, Inc.",
        "timezone": "America/New_York",
        "source": "ip-api.com"
      },
      "geometry": {
        "type": "Point",
        "coordinates": [
          -74.0066,
          40.7126
        ]
      }
    },
    {
      "type": "Feature",
      "properties": {
        "ip": "199.232.37.140",
        "url": "https://www.redditstatic.com/shreddit/en-US/shreddit-feed-page-loading-254c5f08.js",
        "city": "New York",
        "region": "New York",
        "country": "United States",
        "org": "Fastly, Inc.",
        "timezone": "America/New_York",
        "source": "ip-api.com"
      },
      "geometry": {
        "type": "Point",
        "coordinates": [
          -74.0066,
          40.7126
        ]
      }
    },
    {
      "type": "Feature",
      "properties": {
        "ip": "199.232.37.140",
        "url": "https://preview.redd.it/selena-gomez-v0-bg9b0mlsk4ve1.jpg?width=1080&crop=smart&auto=webp&s=c99a57c9a2bca6ff2d7f13c38536728647b2657c",
        "city": "New York",
        "region": "New York",
        "country": "United States",
        "org": "Fastly, Inc.",
        "timezone": "America/New_York",
        "source": "ip-api.com"
      },
      "geometry": {
        "type": "Point",
        "coordinates": [
          -74.0066,
          40.7126
        ]
      }
    },
    {
      "type": "Feature",
      "properties": {
        "ip": "199.232.37.140",
        "url": "https://www.redditstatic.com/shreddit/en-US/shreddit-sidebar-ad-8a90477e.js",
        "city": "New York",
        "region": "New York",
        "country": "United States",
        "org": "Fastly, Inc.",
        "timezone": "America/New_York",
        "source": "ip-api.com"
      },
      "geometry": {
        "type": "Point",
        "coordinates": [
          -74.0066,
          40.7126
        ]
      }
    },
    {
      "type": "Feature",
      "properties": {
        "ip": "199.232.37.140",
        "url": "https://www.redditstatic.com/shreddit/en-US/content-action-button-eee7759b.js",
        "city": "New York",
        "region": "New York",
        "country": "United States",
        "org": "Fastly, Inc.",
        "timezone": "America/New_York",
        "source": "ip-api.com"
      },
      "geometry": {
        "type": "Point",
        "coordinates": [
          -74.0066,
          40.7126
        ]
      }
    },
    {
      "type": "Feature",
      "properties": {
        "ip": "199.232.37.140",
        "url": "https://www.redditstatic.com/shreddit/en-US/awards-395295be.js",
        "city": "New York",
        "region": "New York",
        "country": "United States",
        "org": "Fastly, Inc.",
        "timezone": "America/New_York",
        "source": "ip-api.com"
      },
      "geometry": {
        "type": "Point",
        "coordinates": [
          -74.0066,
          40.7126
        ]
      }
    },
    {
      "type": "Feature",
      "properties": {
        "ip": "199.232.37.140",
        "url": "https://styles.redditmedia.com/t5_4c0uqi/styles/communityIcon_099vos2o2ft81.jpg?format=pjpg&s=8f8246dd1f6cb04f31714e9d1060e12ff8d7df85",
        "city": "New York",
        "region": "New York",
        "country": "United States",
        "org": "Fastly, Inc.",
        "timezone": "America/New_York",
        "source": "ip-api.com"
      },
      "geometry": {
        "type": "Point",
        "coordinates": [
          -74.0066,
          40.7126
        ]
      }
    },
    {
      "type": "Feature",
      "properties": {
        "ip": "199.232.37.140",
        "url": "https://b.thumbs.redditmedia.com/kxY2vmdvlHiDNCLzq1mc51czUxD_VHBPrlZ-GXsTXVc.png",
        "city": "New York",
        "region": "New York",
        "country": "United States",
        "org": "Fastly, Inc.",
        "timezone": "America/New_York",
        "source": "ip-api.com"
      },
      "geometry": {
        "type": "Point",
        "coordinates": [
          -74.0066,
          40.7126
        ]
      }
    },
    {
      "type": "Feature",
      "properties": {
        "ip": "199.232.37.140",
        "url": "https://external-preview.redd.it/NUVAmMJeNkhSe18GQia5VTHXWpOuX7TUGEp9kdz8G18.png?width=640&crop=smart&format=pjpg&auto=webp&s=3051cf21845e294f2b82e1749d6c617659f4e640",
        "city": "New York",
        "region": "New York",
        "country": "United States",
        "org": "Fastly, Inc.",
        "timezone": "America/New_York",
        "source": "ip-api.com"
      },
      "geometry": {
        "type": "Point",
        "coordinates": [
          -74.0066,
          40.7126
        ]
      }
    },
    {
      "type": "Feature",
      "properties": {
        "ip": "199.232.37.140",
        "url": "https://www.redditstatic.com/shreddit/en-US/community-onboarding-completed-modal-client-js-ae120c93.js",
        "city": "New York",
        "region": "New York",
        "country": "United States",
        "org": "Fastly, Inc.",
        "timezone": "America/New_York",
        "source": "ip-api.com"
      },
      "geometry": {
        "type": "Point",
        "coordinates": [
          -74.0066,
          40.7126
        ]
      }
    },
    {
      "type": "Feature",
      "properties": {
        "ip": "199.232.37.140",
        "url": "https://www.redditstatic.com/shreddit/en-US/utils-aa84bbfa.js",
        "city": "New York",
        "region": "New York",
        "country": "United States",
        "org": "Fastly, Inc.",
        "timezone": "America/New_York",
        "source": "ip-api.com"
      },
      "geometry": {
        "type": "Point",
        "coordinates": [
          -74.0066,
          40.7126
        ]
      }
    },
    {
      "type": "Feature",
      "properties": {
        "ip": "199.232.37.140",
        "url": "https://www.reddit.com/svc/shreddit/update-recaptcha?k=cHJvZmlsZV9oaWRkZW58aW5pdGlhbHw3ZGQ4ZWI1NS01NDM4LTRmOGYtYmE1ZS1kOTgyYWI3N2RmN2Y",
        "city": "New York",
        "region": "New York",
        "country": "United States",
        "org": "Fastly, Inc.",
        "timezone": "America/New_York",
        "source": "ip-api.com"
      },
      "geometry": {
        "type": "Point",
        "coordinates": [
          -74.0066,
          40.7126
        ]
      }
    },
    {
      "type": "Feature",
      "properties": {
        "ip": "199.232.37.140",
        "url": "https://www.redditstatic.com/shreddit/en-US/media-lightbox-client-js-28ae9a0b.js",
        "city": "New York",
        "region": "New York",
        "country": "United States",
        "org": "Fastly, Inc.",
        "timezone": "America/New_York",
        "source": "ip-api.com"
      },
      "geometry": {
        "type": "Point",
        "coordinates": [
          -74.0066,
          40.7126
        ]
      }
    },
    {
      "type": "Feature",
      "properties": {
        "ip": "199.232.37.140",
        "url": "https://www.redditstatic.com/shreddit/en-US/header-large-client-js-ccac4cf7.js",
        "city": "New York",
        "region": "New York",
        "country": "United States",
        "org": "Fastly, Inc.",
        "timezone": "America/New_York",
        "source": "ip-api.com"
      },
      "geometry": {
        "type": "Point",
        "coordinates": [
          -74.0066,
          40.7126
        ]
      }
    },
    {
      "type": "Feature",
      "properties": {
        "ip": "199.232.37.140",
        "url": "https://www.redditstatic.com/shreddit/en-US/left-nav-resources-section-client-js-7c65396a.js",
        "city": "New York",
        "region": "New York",
        "country": "United States",
        "org": "Fastly, Inc.",
        "timezone": "America/New_York",
        "source": "ip-api.com"
      },
      "geometry": {
        "type": "Point",
        "coordinates": [
          -74.0066,
          40.7126
        ]
      }
    },
    {
      "type": "Feature",
      "properties": {
        "ip": "199.232.37.140",
        "url": "https://www.redditstatic.com/shreddit/en-US/matrix-js-sdk-store-worker-14a18946.js",
        "city": "New York",
        "region": "New York",
        "country": "United States",
        "org": "Fastly, Inc.",
        "timezone": "America/New_York",
        "source": "ip-api.com"
      },
      "geometry": {
        "type": "Point",
        "coordinates": [
          -74.0066,
          40.7126
        ]
      }
    },
    {
      "type": "Feature",
      "properties": {
        "ip": "199.232.37.140",
        "url": "https://www.redditstatic.com/shreddit/sentry-bc0d3b33.js",
        "city": "New York",
        "region": "New York",
        "country": "United States",
        "org": "Fastly, Inc.",
        "timezone": "America/New_York",
        "source": "ip-api.com"
      },
      "geometry": {
        "type": "Point",
        "coordinates": [
          -74.0066,
          40.7126
        ]
      }
    },
    {
      "type": "Feature",
      "properties": {
        "ip": "199.232.37.140",
        "url": "https://www.redditstatic.com/shreddit/en-US/shreddit-subreddit-overflow-control-689f897d.js",
        "city": "New York",
        "region": "New York",
        "country": "United States",
        "org": "Fastly, Inc.",
        "timezone": "America/New_York",
        "source": "ip-api.com"
      },
      "geometry": {
        "type": "Point",
        "coordinates": [
          -74.0066,
          40.7126
        ]
      }
    },
    {
      "type": "Feature",
      "properties": {
        "ip": "199.232.37.140",
        "url": "https://www.redditstatic.com/shreddit/en-US/notifications-inbox-client-js-4ca7bc7d.js",
        "city": "New York",
        "region": "New York",
        "country": "United States",
        "org": "Fastly, Inc.",
        "timezone": "America/New_York",
        "source": "ip-api.com"
      },
      "geometry": {
        "type": "Point",
        "coordinates": [
          -74.0066,
          40.7126
        ]
      }
    },
    {
      "type": "Feature",
      "properties": {
        "ip": "199.232.37.140",
        "url": "https://www.redditstatic.com/avatars/defaults/v2/avatar_default_7.png",
        "city": "New York",
        "region": "New York",
        "country": "United States",
        "org": "Fastly, Inc.",
        "timezone": "America/New_York",
        "source": "ip-api.com"
      },
      "geometry": {
        "type": "Point",
        "coordinates": [
          -74.0066,
          40.7126
        ]
      }
    },
    {
      "type": "Feature",
      "properties": {
        "ip": "199.232.37.140",
        "url": "https://www.redditstatic.com/shreddit/assets/favicon/64x64.png",
        "city": "New York",
        "region": "New York",
        "country": "United States",
        "org": "Fastly, Inc.",
        "timezone": "America/New_York",
        "source": "ip-api.com"
      },
      "geometry": {
        "type": "Point",
        "coordinates": [
          -74.0066,
          40.7126
        ]
      }
    },
    {
      "type": "Feature",
      "properties": {
        "ip": "199.232.37.140",
        "url": "https://www.redditstatic.com/shreddit/en-US/faceplate-radio-input-bf76c148.js",
        "city": "New York",
        "region": "New York",
        "country": "United States",
        "org": "Fastly, Inc.",
        "timezone": "America/New_York",
        "source": "ip-api.com"
      },
      "geometry": {
        "type": "Point",
        "coordinates": [
          -74.0066,
          40.7126
        ]
      }
    },
    {
      "type": "Feature",
      "properties": {
        "ip": "199.232.37.140",
        "url": "https://www.reddit.com/svc/shreddit/token",
        "city": "New York",
        "region": "New York",
        "country": "United States",
        "org": "Fastly, Inc.",
        "timezone": "America/New_York",
        "source": "ip-api.com"
      },
      "geometry": {
        "type": "Point",
        "coordinates": [
          -74.0066,
          40.7126
        ]
      }
    },
    {
      "type": "Feature",
      "properties": {
        "ip": "199.232.37.140",
        "url": "https://www.reddit.com/svc/shreddit/perfMetrics",
        "city": "New York",
        "region": "New York",
        "country": "United States",
        "org": "Fastly, Inc.",
        "timezone": "America/New_York",
        "source": "ip-api.com"
      },
      "geometry": {
        "type": "Point",
        "coordinates": [
          -74.0066,
          40.7126
        ]
      }
    },
    {
      "type": "Feature",
      "properties": {
        "ip": "199.232.37.140",
        "url": "https://www.redditstatic.com/shreddit/en-US/profile-followers-modal-client-js-e64c0dda.js",
        "city": "New York",
        "region": "New York",
        "country": "United States",
        "org": "Fastly, Inc.",
        "timezone": "America/New_York",
        "source": "ip-api.com"
      },
      "geometry": {
        "type": "Point",
        "coordinates": [
          -74.0066,
          40.7126
        ]
      }
    },
    {
      "type": "Feature",
      "properties": {
        "ip": "199.232.37.140",
        "url": "https://www.redditstatic.com/shreddit/en-US/shreddit-layout-event-setter-9c1305c2.js",
        "city": "New York",
        "region": "New York",
        "country": "United States",
        "org": "Fastly, Inc.",
        "timezone": "America/New_York",
        "source": "ip-api.com"
      },
      "geometry": {
        "type": "Point",
        "coordinates": [
          -74.0066,
          40.7126
        ]
      }
    },
    {
      "type": "Feature",
      "properties": {
        "ip": "199.232.37.140",
        "url": "https://www.redditstatic.com/shreddit/en-US/trends-8d64383a.js",
        "city": "New York",
        "region": "New York",
        "country": "United States",
        "org": "Fastly, Inc.",
        "timezone": "America/New_York",
        "source": "ip-api.com"
      },
      "geometry": {
        "type": "Point",
        "coordinates": [
          -74.0066,
          40.7126
        ]
      }
    },
    {
      "type": "Feature",
      "properties": {
        "ip": "199.232.37.140",
        "url": "https://styles.redditmedia.com/t5_26hlbv/styles/profileIcon_snoo78f4db0b-4ffb-4210-9ddc-2b6a2c6631ab-headshot.png?width=64&height=64&frame=1&auto=webp&crop=&s=f776dc12ff50ec86ce9aa4ec22e38b9c4eb2e995",
        "city": "New York",
        "region": "New York",
        "country": "United States",
        "org": "Fastly, Inc.",
        "timezone": "America/New_York",
        "source": "ip-api.com"
      },
      "geometry": {
        "type": "Point",
        "coordinates": [
          -74.0066,
          40.7126
        ]
      }
    },
    {
      "type": "Feature",
      "properties": {
        "ip": "199.232.37.140",
        "url": "https://www.redditstatic.com/shreddit/en-US/helpers-5be49f8f.js",
        "city": "New York",
        "region": "New York",
        "country": "United States",
        "org": "Fastly, Inc.",
        "timezone": "America/New_York",
        "source": "ip-api.com"
      },
      "geometry": {
        "type": "Point",
        "coordinates": [
          -74.0066,
          40.7126
        ]
      }
    },
    {
      "type": "Feature",
      "properties": {
        "ip": "199.232.37.140",
        "url": "https://www.redditstatic.com/shreddit/en-US/post-stats-entry-point-client-js-7c65396a.js",
        "city": "New York",
        "region": "New York",
        "country": "United States",
        "org": "Fastly, Inc.",
        "timezone": "America/New_York",
        "source": "ip-api.com"
      },
      "geometry": {
        "type": "Point",
        "coordinates": [
          -74.0066,
          40.7126
        ]
      }
    },
    {
      "type": "Feature",
      "properties": {
        "ip": "199.232.37.140",
        "url": "https://preview.redd.it/take-down-the-ccp-v0-xi28ifmezp7c1.jpg?width=1080&crop=smart&auto=webp&s=4271b195256f932671d4a9d91fd84a58774b4cde",
        "city": "New York",
        "region": "New York",
        "country": "United States",
        "org": "Fastly, Inc.",
        "timezone": "America/New_York",
        "source": "ip-api.com"
      },
      "geometry": {
        "type": "Point",
        "coordinates": [
          -74.0066,
          40.7126
        ]
      }
    },
    {
      "type": "Feature",
      "properties": {
        "ip": "199.232.37.140",
        "url": "https://www.redditstatic.com/shreddit/en-US/ad-event-tracker-56c334a8.js",
        "city": "New York",
        "region": "New York",
        "country": "United States",
        "org": "Fastly, Inc.",
        "timezone": "America/New_York",
        "source": "ip-api.com"
      },
      "geometry": {
        "type": "Point",
        "coordinates": [
          -74.0066,
          40.7126
        ]
      }
    },
    {
      "type": "Feature",
      "properties": {
        "ip": "199.232.37.140",
        "url": "https://www.redditstatic.com/shreddit/en-US/report-form-client-js-525302dc.js",
        "city": "New York",
        "region": "New York",
        "country": "United States",
        "org": "Fastly, Inc.",
        "timezone": "America/New_York",
        "source": "ip-api.com"
      },
      "geometry": {
        "type": "Point",
        "coordinates": [
          -74.0066,
          40.7126
        ]
      }
    },
    {
      "type": "Feature",
      "properties": {
        "ip": "199.232.37.140",
        "url": "https://www.redditstatic.com/shreddit/en-US/multi-content-reporting-client-js-5edf07f4.js",
        "city": "New York",
        "region": "New York",
        "country": "United States",
        "org": "Fastly, Inc.",
        "timezone": "America/New_York",
        "source": "ip-api.com"
      },
      "geometry": {
        "type": "Point",
        "coordinates": [
          -74.0066,
          40.7126
        ]
      }
    },
    {
      "type": "Feature",
      "properties": {
        "ip": "199.232.37.140",
        "url": "https://styles.redditmedia.com/t5_wzzwp/styles/profileIcon_snoo-nftv2_bmZ0X2VpcDE1NToxMzdfNDY2YTMzMDg4N2JkZjYyZDUzZjk2OGVhODI0NzkzMTUwZjA3NzYyZV8zNzM5Mjc_rare_30fecfe9-c1ce-4b99-8c53-8c753a1d16c2-headshot.png?width=128&height=128&frame=1&auto=webp&crop=&s=c6640ac7f93b7ea9c0c5f936a9e79d89148465a6",
        "city": "New York",
        "region": "New York",
        "country": "United States",
        "org": "Fastly, Inc.",
        "timezone": "America/New_York",
        "source": "ip-api.com"
      },
      "geometry": {
        "type": "Point",
        "coordinates": [
          -74.0066,
          40.7126
        ]
      }
    },
    {
      "type": "Feature",
      "properties": {
        "ip": "199.232.37.140",
        "url": "https://www.redditstatic.com/shreddit/en-US/profile-details-client-js-f6de4d7a.js",
        "city": "New York",
        "region": "New York",
        "country": "United States",
        "org": "Fastly, Inc.",
        "timezone": "America/New_York",
        "source": "ip-api.com"
      },
      "geometry": {
        "type": "Point",
        "coordinates": [
          -74.0066,
          40.7126
        ]
      }
    },
    {
      "type": "Feature",
      "properties": {
        "ip": "199.232.37.140",
        "url": "https://www.redditstatic.com/shreddit/en-US/user-mod-actions-bottom-sheet-6c157b84.js",
        "city": "New York",
        "region": "New York",
        "country": "United States",
        "org": "Fastly, Inc.",
        "timezone": "America/New_York",
        "source": "ip-api.com"
      },
      "geometry": {
        "type": "Point",
        "coordinates": [
          -74.0066,
          40.7126
        ]
      }
    },
    {
      "type": "Feature",
      "properties": {
        "ip": "199.232.37.140",
        "url": "https://www.reddit.com/svc/shreddit/user-drawer-button-logged-in",
        "city": "New York",
        "region": "New York",
        "country": "United States",
        "org": "Fastly, Inc.",
        "timezone": "America/New_York",
        "source": "ip-api.com"
      },
      "geometry": {
        "type": "Point",
        "coordinates": [
          -74.0066,
          40.7126
        ]
      }
    },
    {
      "type": "Feature",
      "properties": {
        "ip": "199.232.37.140",
        "url": "https://www.redditstatic.com/shreddit/en-US/viral-community-client-js-56382317.js",
        "city": "New York",
        "region": "New York",
        "country": "United States",
        "org": "Fastly, Inc.",
        "timezone": "America/New_York",
        "source": "ip-api.com"
      },
      "geometry": {
        "type": "Point",
        "coordinates": [
          -74.0066,
          40.7126
        ]
      }
    },
    {
      "type": "Feature",
      "properties": {
        "ip": "199.232.37.140",
        "url": "https://www.redditstatic.com/shreddit/en-US/achievements-events-client-js-309361ea.js",
        "city": "New York",
        "region": "New York",
        "country": "United States",
        "org": "Fastly, Inc.",
        "timezone": "America/New_York",
        "source": "ip-api.com"
      },
      "geometry": {
        "type": "Point",
        "coordinates": [
          -74.0066,
          40.7126
        ]
      }
    },
    {
      "type": "Feature",
      "properties": {
        "ip": "199.232.37.140",
        "url": "https://www.redditstatic.com/shreddit/en-US/ad-reminder-button-f476033f.js",
        "city": "New York",
        "region": "New York",
        "country": "United States",
        "org": "Fastly, Inc.",
        "timezone": "America/New_York",
        "source": "ip-api.com"
      },
      "geometry": {
        "type": "Point",
        "coordinates": [
          -74.0066,
          40.7126
        ]
      }
    },
    {
      "type": "Feature",
      "properties": {
        "ip": "199.232.37.140",
        "url": "https://preview.redd.it/streamline-v0-wbdftl8mpmff1.gif?width=640&crop=smart&format=png8&s=44f5b061052bf16bea0191bfb1a66b18834c0f87",
        "city": "New York",
        "region": "New York",
        "country": "United States",
        "org": "Fastly, Inc.",
        "timezone": "America/New_York",
        "source": "ip-api.com"
      },
      "geometry": {
        "type": "Point",
        "coordinates": [
          -74.0066,
          40.7126
        ]
      }
    },
    {
      "type": "Feature",
      "properties": {
        "ip": "199.232.37.140",
        "url": "https://www.redditstatic.com/awards2/3_year_club-40.png",
        "city": "New York",
        "region": "New York",
        "country": "United States",
        "org": "Fastly, Inc.",
        "timezone": "America/New_York",
        "source": "ip-api.com"
      },
      "geometry": {
        "type": "Point",
        "coordinates": [
          -74.0066,
          40.7126
        ]
      }
    },
    {
      "type": "Feature",
      "properties": {
        "ip": "199.232.37.140",
        "url": "https://preview.redd.it/take-down-the-ccp-v0-285b8emezp7c1.jpg?width=1080&crop=smart&auto=webp&s=bc37a87be7dbf2067968fbb8cdb8d32f508cd205",
        "city": "New York",
        "region": "New York",
        "country": "United States",
        "org": "Fastly, Inc.",
        "timezone": "America/New_York",
        "source": "ip-api.com"
      },
      "geometry": {
        "type": "Point",
        "coordinates": [
          -74.0066,
          40.7126
        ]
      }
    },
    {
      "type": "Feature",
      "properties": {
        "ip": "199.232.37.140",
        "url": "https://www.redditstatic.com/shreddit/en-US/faceplate-tablist-df35858d.js",
        "city": "New York",
        "region": "New York",
        "country": "United States",
        "org": "Fastly, Inc.",
        "timezone": "America/New_York",
        "source": "ip-api.com"
      },
      "geometry": {
        "type": "Point",
        "coordinates": [
          -74.0066,
          40.7126
        ]
      }
    },
    {
      "type": "Feature",
      "properties": {
        "ip": "199.232.37.140",
        "url": "https://www.redditstatic.com/shreddit/en-US/index-13e41feb.js",
        "city": "New York",
        "region": "New York",
        "country": "United States",
        "org": "Fastly, Inc.",
        "timezone": "America/New_York",
        "source": "ip-api.com"
      },
      "geometry": {
        "type": "Point",
        "coordinates": [
          -74.0066,
          40.7126
        ]
      }
    },
    {
      "type": "Feature",
      "properties": {
        "ip": "199.232.37.140",
        "url": "https://www.redditstatic.com/shreddit/en-US/lexical-26d35daa.js",
        "city": "New York",
        "region": "New York",
        "country": "United States",
        "org": "Fastly, Inc.",
        "timezone": "America/New_York",
        "source": "ip-api.com"
      },
      "geometry": {
        "type": "Point",
        "coordinates": [
          -74.0066,
          40.7126
        ]
      }
    },
    {
      "type": "Feature",
      "properties": {
        "ip": "199.232.37.140",
        "url": "https://www.redditstatic.com/shreddit/en-US/shreddit-tweet-embed-4e162e2b.js",
        "city": "New York",
        "region": "New York",
        "country": "United States",
        "org": "Fastly, Inc.",
        "timezone": "America/New_York",
        "source": "ip-api.com"
      },
      "geometry": {
        "type": "Point",
        "coordinates": [
          -74.0066,
          40.7126
        ]
      }
    },
    {
      "type": "Feature",
      "properties": {
        "ip": "199.232.37.140",
        "url": "https://www.redditstatic.com/shreddit/en-US/faceplate-tabpanel-eb5a212b.js",
        "city": "New York",
        "region": "New York",
        "country": "United States",
        "org": "Fastly, Inc.",
        "timezone": "America/New_York",
        "source": "ip-api.com"
      },
      "geometry": {
        "type": "Point",
        "coordinates": [
          -74.0066,
          40.7126
        ]
      }
    },
    {
      "type": "Feature",
      "properties": {
        "ip": "199.232.37.140",
        "url": "https://www.redditstatic.com/shreddit/header-large-client-css-eee101e8.css",
        "city": "New York",
        "region": "New York",
        "country": "United States",
        "org": "Fastly, Inc.",
        "timezone": "America/New_York",
        "source": "ip-api.com"
      },
      "geometry": {
        "type": "Point",
        "coordinates": [
          -74.0066,
          40.7126
        ]
      }
    },
    {
      "type": "Feature",
      "properties": {
        "ip": "199.232.37.140",
        "url": "https://www.redditstatic.com/shreddit/en-US/custom-feed-create-modal-client-js-d094c191.js",
        "city": "New York",
        "region": "New York",
        "country": "United States",
        "org": "Fastly, Inc.",
        "timezone": "America/New_York",
        "source": "ip-api.com"
      },
      "geometry": {
        "type": "Point",
        "coordinates": [
          -74.0066,
          40.7126
        ]
      }
    },
    {
      "type": "Feature",
      "properties": {
        "ip": "199.232.37.140",
        "url": "https://www.redditstatic.com/shreddit/en-US/community-onboarding-feed-element-client-js-b09271f4.js",
        "city": "New York",
        "region": "New York",
        "country": "United States",
        "org": "Fastly, Inc.",
        "timezone": "America/New_York",
        "source": "ip-api.com"
      },
      "geometry": {
        "type": "Point",
        "coordinates": [
          -74.0066,
          40.7126
        ]
      }
    },
    {
      "type": "Feature",
      "properties": {
        "ip": "199.232.37.140",
        "url": "https://external-preview.redd.it/2023%E5%B9%B4%E6%9F%8F%E6%9E%97%E6%97%B6%E8%A3%85%E7%A7%80-%E8%BF%99%E5%82%BB%E9%80%BC%E4%B8%96%E7%95%8C%E5%A4%AA%E9%AD%94%E5%B9%BB%E5%95%A6-v0-YTMzenEwcnkzM2RiMR4jHX4oCOm43mJYehzw15Kk3HEbTCeBKwMmACzPNtyI.png?width=640&crop=smart&format=pjpg&auto=webp&s=d2b6bd2374c3fab3dc6b56c10bdbb4281466257a",
        "city": "New York",
        "region": "New York",
        "country": "United States",
        "org": "Fastly, Inc.",
        "timezone": "America/New_York",
        "source": "ip-api.com"
      },
      "geometry": {
        "type": "Point",
        "coordinates": [
          -74.0066,
          40.7126
        ]
      }
    },
    {
      "type": "Feature",
      "properties": {
        "ip": "199.232.37.140",
        "url": "https://www.redditstatic.com/shreddit/en-US/mod-notes-2572a212.js",
        "city": "New York",
        "region": "New York",
        "country": "United States",
        "org": "Fastly, Inc.",
        "timezone": "America/New_York",
        "source": "ip-api.com"
      },
      "geometry": {
        "type": "Point",
        "coordinates": [
          -74.0066,
          40.7126
        ]
      }
    },
    {
      "type": "Feature",
      "properties": {
        "ip": "199.232.37.140",
        "url": "https://www.redditstatic.com/shreddit/en-US/mod-log-takedown-preview-client-js-a7f6d0ef.js",
        "city": "New York",
        "region": "New York",
        "country": "United States",
        "org": "Fastly, Inc.",
        "timezone": "America/New_York",
        "source": "ip-api.com"
      },
      "geometry": {
        "type": "Point",
        "coordinates": [
          -74.0066,
          40.7126
        ]
      }
    },
    {
      "type": "Feature",
      "properties": {
        "ip": "199.232.37.140",
        "url": "https://www.redditstatic.com/shreddit/en-US/qr-code-modal-upsell-client-js-c32ee772.js",
        "city": "New York",
        "region": "New York",
        "country": "United States",
        "org": "Fastly, Inc.",
        "timezone": "America/New_York",
        "source": "ip-api.com"
      },
      "geometry": {
        "type": "Point",
        "coordinates": [
          -74.0066,
          40.7126
        ]
      }
    },
    {
      "type": "Feature",
      "properties": {
        "ip": "199.232.37.140",
        "url": "https://www.reddit.com/svc/shreddit/feeds/home-feed?after=dDNfMW1lYml0Yw%3D%3D&distance=4&sort=BEST&adDistance=2&navigationSessionId=79775868-1649-4569-a485-f536548b16c5&ad_posts_served=1&cursor=dDNfMW1lYml0Yw%3D%3D",
        "city": "New York",
        "region": "New York",
        "country": "United States",
        "org": "Fastly, Inc.",
        "timezone": "America/New_York",
        "source": "ip-api.com"
      },
      "geometry": {
        "type": "Point",
        "coordinates": [
          -74.0066,
          40.7126
        ]
      }
    },
    {
      "type": "Feature",
      "properties": {
        "ip": "199.232.37.140",
        "url": "https://www.redditstatic.com/shreddit/en-US/list-style-community-recommendations-client-js-19990bd1.js",
        "city": "New York",
        "region": "New York",
        "country": "United States",
        "org": "Fastly, Inc.",
        "timezone": "America/New_York",
        "source": "ip-api.com"
      },
      "geometry": {
        "type": "Point",
        "coordinates": [
          -74.0066,
          40.7126
        ]
      }
    },
    {
      "type": "Feature",
      "properties": {
        "ip": "199.232.37.140",
        "url": "https://www.redditstatic.com/shreddit/en-US/rpl-dropdown-449023ce.js",
        "city": "New York",
        "region": "New York",
        "country": "United States",
        "org": "Fastly, Inc.",
        "timezone": "America/New_York",
        "source": "ip-api.com"
      },
      "geometry": {
        "type": "Point",
        "coordinates": [
          -74.0066,
          40.7126
        ]
      }
    },
    {
      "type": "Feature",
      "properties": {
        "ip": "199.232.37.140",
        "url": "https://www.redditstatic.com/shreddit/en-US/stripe-payment-form-68b4bd06.js",
        "city": "New York",
        "region": "New York",
        "country": "United States",
        "org": "Fastly, Inc.",
        "timezone": "America/New_York",
        "source": "ip-api.com"
      },
      "geometry": {
        "type": "Point",
        "coordinates": [
          -74.0066,
          40.7126
        ]
      }
    },
    {
      "type": "Feature",
      "properties": {
        "ip": "199.232.37.140",
        "url": "https://www.redditstatic.com/shreddit/en-US/postFlair-605fa03b.js",
        "city": "New York",
        "region": "New York",
        "country": "United States",
        "org": "Fastly, Inc.",
        "timezone": "America/New_York",
        "source": "ip-api.com"
      },
      "geometry": {
        "type": "Point",
        "coordinates": [
          -74.0066,
          40.7126
        ]
      }
    },
    {
      "type": "Feature",
      "properties": {
        "ip": "199.232.37.140",
        "url": "https://www.redditstatic.com/shreddit/en-US/subreddit-right-rail-client-js-4c67d526.js",
        "city": "New York",
        "region": "New York",
        "country": "United States",
        "org": "Fastly, Inc.",
        "timezone": "America/New_York",
        "source": "ip-api.com"
      },
      "geometry": {
        "type": "Point",
        "coordinates": [
          -74.0066,
          40.7126
        ]
      }
    },
    {
      "type": "Feature",
      "properties": {
        "ip": "199.232.37.140",
        "url": "https://styles.redditmedia.com/t5_1ifrcy/styles/profileIcon_snoo-nftv2_bmZ0X2VpcDE1NToxMzdfNDY2YTMzMDg4N2JkZjYyZDUzZjk2OGVhODI0NzkzMTUwZjA3NzYyZV8xMTE4Nzg_rare_381c7443-a4cf-42c8-beef-38891e23ee3b-headshot.png?width=128&height=128&frame=1&auto=webp&crop=&s=e61e83e373726e98563514ff403ec2e42a434a2c",
        "city": "New York",
        "region": "New York",
        "country": "United States",
        "org": "Fastly, Inc.",
        "timezone": "America/New_York",
        "source": "ip-api.com"
      },
      "geometry": {
        "type": "Point",
        "coordinates": [
          -74.0066,
          40.7126
        ]
      }
    },
    {
      "type": "Feature",
      "properties": {
        "ip": "199.232.37.140",
        "url": "https://www.redditstatic.com/shreddit/en-US/shreddit-post-overflow-menu-baf98b15.js",
        "city": "New York",
        "region": "New York",
        "country": "United States",
        "org": "Fastly, Inc.",
        "timezone": "America/New_York",
        "source": "ip-api.com"
      },
      "geometry": {
        "type": "Point",
        "coordinates": [
          -74.0066,
          40.7126
        ]
      }
    },
    {
      "type": "Feature",
      "properties": {
        "ip": "199.232.37.140",
        "url": "https://www.redditstatic.com/shreddit/en-US/index-4aa37bbb.js",
        "city": "New York",
        "region": "New York",
        "country": "United States",
        "org": "Fastly, Inc.",
        "timezone": "America/New_York",
        "source": "ip-api.com"
      },
      "geometry": {
        "type": "Point",
        "coordinates": [
          -74.0066,
          40.7126
        ]
      }
    },
    {
      "type": "Feature",
      "properties": {
        "ip": "199.232.37.140",
        "url": "https://preview.redd.it/take-down-the-ccp-v0-dfgfsfmezp7c1.jpg?width=640&crop=smart&auto=webp&s=06f852b38851f280abfa08d54ea474b7199c87e1",
        "city": "New York",
        "region": "New York",
        "country": "United States",
        "org": "Fastly, Inc.",
        "timezone": "America/New_York",
        "source": "ip-api.com"
      },
      "geometry": {
        "type": "Point",
        "coordinates": [
          -74.0066,
          40.7126
        ]
      }
    },
    {
      "type": "Feature",
      "properties": {
        "ip": "199.232.37.140",
        "url": "https://www.redditstatic.com/shreddit/en-US/search-input-desktop-client-js-ad57178f.js",
        "city": "New York",
        "region": "New York",
        "country": "United States",
        "org": "Fastly, Inc.",
        "timezone": "America/New_York",
        "source": "ip-api.com"
      },
      "geometry": {
        "type": "Point",
        "coordinates": [
          -74.0066,
          40.7126
        ]
      }
    },
    {
      "type": "Feature",
      "properties": {
        "ip": "199.232.37.140",
        "url": "https://preview.redd.it/snoovatar/avatars/1ffaa523-dfaa-44af-913b-d807447aeb7a-headshot.png?width=64&height=64&auto=webp&s=67e4bcf73003ec5cadc55d0600a0c6410905ed3e",
        "city": "New York",
        "region": "New York",
        "country": "United States",
        "org": "Fastly, Inc.",
        "timezone": "America/New_York",
        "source": "ip-api.com"
      },
      "geometry": {
        "type": "Point",
        "coordinates": [
          -74.0066,
          40.7126
        ]
      }
    },
    {
      "type": "Feature",
      "properties": {
        "ip": "199.232.37.140",
        "url": "https://i.redd.it/snoovatar/avatars/nftv2_bmZ0X2VpcDE1NToxMzdfNDY2YTMzMDg4N2JkZjYyZDUzZjk2OGVhODI0NzkzMTUwZjA3NzYyZV8xNDE4ODI5_rare_d440b652-bb7b-40af-ac03-893380835184.png",
        "city": "New York",
        "region": "New York",
        "country": "United States",
        "org": "Fastly, Inc.",
        "timezone": "America/New_York",
        "source": "ip-api.com"
      },
      "geometry": {
        "type": "Point",
        "coordinates": [
          -74.0066,
          40.7126
        ]
      }
    },
    {
      "type": "Feature",
      "properties": {
        "ip": "199.232.37.140",
        "url": "https://www.redditstatic.com/shreddit/en-US/rpl-menu-69fbca51.js",
        "city": "New York",
        "region": "New York",
        "country": "United States",
        "org": "Fastly, Inc.",
        "timezone": "America/New_York",
        "source": "ip-api.com"
      },
      "geometry": {
        "type": "Point",
        "coordinates": [
          -74.0066,
          40.7126
        ]
      }
    },
    {
      "type": "Feature",
      "properties": {
        "ip": "199.232.37.140",
        "url": "https://www.redditstatic.com/shreddit/en-US/gallery-fd9aa200.js",
        "city": "New York",
        "region": "New York",
        "country": "United States",
        "org": "Fastly, Inc.",
        "timezone": "America/New_York",
        "source": "ip-api.com"
      },
      "geometry": {
        "type": "Point",
        "coordinates": [
          -74.0066,
          40.7126
        ]
      }
    },
    {
      "type": "Feature",
      "properties": {
        "ip": "199.232.37.140",
        "url": "https://styles.redditmedia.com/t5_3l82ci/styles/communityIcon_vtxmuxrsh8661.jpg?width=48&height=48&frame=1&auto=webp&crop=48:48,smart&s=63ca6856eaa7413696715b738c68cf6e4db35270",
        "city": "New York",
        "region": "New York",
        "country": "United States",
        "org": "Fastly, Inc.",
        "timezone": "America/New_York",
        "source": "ip-api.com"
      },
      "geometry": {
        "type": "Point",
        "coordinates": [
          -74.0066,
          40.7126
        ]
      }
    },
    {
      "type": "Feature",
      "properties": {
        "ip": "199.232.37.140",
        "url": "https://www.redditstatic.com/shreddit/en-US/author-flair-event-handler-dfcfb598.js",
        "city": "New York",
        "region": "New York",
        "country": "United States",
        "org": "Fastly, Inc.",
        "timezone": "America/New_York",
        "source": "ip-api.com"
      },
      "geometry": {
        "type": "Point",
        "coordinates": [
          -74.0066,
          40.7126
        ]
      }
    },
    {
      "type": "Feature",
      "properties": {
        "ip": "199.232.37.140",
        "url": "https://www.redditstatic.com/shreddit/en-US/mod-actions-controller-7c57fbdf.js",
        "city": "New York",
        "region": "New York",
        "country": "United States",
        "org": "Fastly, Inc.",
        "timezone": "America/New_York",
        "source": "ip-api.com"
      },
      "geometry": {
        "type": "Point",
        "coordinates": [
          -74.0066,
          40.7126
        ]
      }
    },
    {
      "type": "Feature",
      "properties": {
        "ip": "199.232.37.140",
        "url": "https://www.redditstatic.com/shreddit/en-US/render-saved-response-template-by-subreddit-id-8b443994.js",
        "city": "New York",
        "region": "New York",
        "country": "United States",
        "org": "Fastly, Inc.",
        "timezone": "America/New_York",
        "source": "ip-api.com"
      },
      "geometry": {
        "type": "Point",
        "coordinates": [
          -74.0066,
          40.7126
        ]
      }
    },
    {
      "type": "Feature",
      "properties": {
        "ip": "199.232.37.140",
        "url": "https://emoji.redditmedia.com/jifa286wo3db1_t5_3b9u5/OpenAIWhite",
        "city": "New York",
        "region": "New York",
        "country": "United States",
        "org": "Fastly, Inc.",
        "timezone": "America/New_York",
        "source": "ip-api.com"
      },
      "geometry": {
        "type": "Point",
        "coordinates": [
          -74.0066,
          40.7126
        ]
      }
    },
    {
      "type": "Feature",
      "properties": {
        "ip": "199.232.37.140",
        "url": "https://preview.redd.it/rip-yuki-v0-dmjc1ts30xqe1.png?width=640&crop=smart&auto=webp&s=de4035156c0dbdc94021287383c6fc4e8734533c",
        "city": "New York",
        "region": "New York",
        "country": "United States",
        "org": "Fastly, Inc.",
        "timezone": "America/New_York",
        "source": "ip-api.com"
      },
      "geometry": {
        "type": "Point",
        "coordinates": [
          -74.0066,
          40.7126
        ]
      }
    },
    {
      "type": "Feature",
      "properties": {
        "ip": "199.232.37.140",
        "url": "https://www.redditstatic.com/shreddit/en-US/mod-action-overlays-client-js-3d22d436.js",
        "city": "New York",
        "region": "New York",
        "country": "United States",
        "org": "Fastly, Inc.",
        "timezone": "America/New_York",
        "source": "ip-api.com"
      },
      "geometry": {
        "type": "Point",
        "coordinates": [
          -74.0066,
          40.7126
        ]
      }
    },
    {
      "type": "Feature",
      "properties": {
        "ip": "199.232.37.140",
        "url": "https://www.redditstatic.com/shreddit/community-onboarding-feed-element-client-css-8bd6abc0.css",
        "city": "New York",
        "region": "New York",
        "country": "United States",
        "org": "Fastly, Inc.",
        "timezone": "America/New_York",
        "source": "ip-api.com"
      },
      "geometry": {
        "type": "Point",
        "coordinates": [
          -74.0066,
          40.7126
        ]
      }
    },
    {
      "type": "Feature",
      "properties": {
        "ip": "199.232.37.140",
        "url": "https://www.redditstatic.com/shreddit/en-US/user-mod-actions-9e96dd1b.js",
        "city": "New York",
        "region": "New York",
        "country": "United States",
        "org": "Fastly, Inc.",
        "timezone": "America/New_York",
        "source": "ip-api.com"
      },
      "geometry": {
        "type": "Point",
        "coordinates": [
          -74.0066,
          40.7126
        ]
      }
    },
    {
      "type": "Feature",
      "properties": {
        "ip": "199.232.37.140",
        "url": "https://www.redditstatic.com/shreddit/en-US/utilitiesList-3634dc6b.js",
        "city": "New York",
        "region": "New York",
        "country": "United States",
        "org": "Fastly, Inc.",
        "timezone": "America/New_York",
        "source": "ip-api.com"
      },
      "geometry": {
        "type": "Point",
        "coordinates": [
          -74.0066,
          40.7126
        ]
      }
    },
    {
      "type": "Feature",
      "properties": {
        "ip": "199.232.37.140",
        "url": "https://www.redditstatic.com/shreddit/en-US/custom-feed-follow-button-88ac4050.js",
        "city": "New York",
        "region": "New York",
        "country": "United States",
        "org": "Fastly, Inc.",
        "timezone": "America/New_York",
        "source": "ip-api.com"
      },
      "geometry": {
        "type": "Point",
        "coordinates": [
          -74.0066,
          40.7126
        ]
      }
    },
    {
      "type": "Feature",
      "properties": {
        "ip": "199.232.37.140",
        "url": "https://www.redditstatic.com/shreddit/en-US/start-end-ama-actions-controller-69efca4a.js",
        "city": "New York",
        "region": "New York",
        "country": "United States",
        "org": "Fastly, Inc.",
        "timezone": "America/New_York",
        "source": "ip-api.com"
      },
      "geometry": {
        "type": "Point",
        "coordinates": [
          -74.0066,
          40.7126
        ]
      }
    },
    {
      "type": "Feature",
      "properties": {
        "ip": "199.232.37.140",
        "url": "https://www.redditstatic.com/shreddit/en-US/article-insights-overview-client-js-df4562ce.js",
        "city": "New York",
        "region": "New York",
        "country": "United States",
        "org": "Fastly, Inc.",
        "timezone": "America/New_York",
        "source": "ip-api.com"
      },
      "geometry": {
        "type": "Point",
        "coordinates": [
          -74.0066,
          40.7126
        ]
      }
    },
    {
      "type": "Feature",
      "properties": {
        "ip": "199.232.37.140",
        "url": "https://preview.redd.it/which-room-you-picking-v0-2q1ozo1dl5gf1.jpeg?width=1080&crop=smart&auto=webp&s=ef6fb37c4aee14298a0eed31f1dd5e7f203ab34e",
        "city": "New York",
        "region": "New York",
        "country": "United States",
        "org": "Fastly, Inc.",
        "timezone": "America/New_York",
        "source": "ip-api.com"
      },
      "geometry": {
        "type": "Point",
        "coordinates": [
          -74.0066,
          40.7126
        ]
      }
    },
    {
      "type": "Feature",
      "properties": {
        "ip": "199.232.37.140",
        "url": "https://www.redditstatic.com/shreddit/en-US/hamburger-menu-client-js-9d50f96e.js",
        "city": "New York",
        "region": "New York",
        "country": "United States",
        "org": "Fastly, Inc.",
        "timezone": "America/New_York",
        "source": "ip-api.com"
      },
      "geometry": {
        "type": "Point",
        "coordinates": [
          -74.0066,
          40.7126
        ]
      }
    },
    {
      "type": "Feature",
      "properties": {
        "ip": "199.232.37.140",
        "url": "https://www.redditstatic.com/shreddit/en-US/hui-helpers-client-js-8869cb54.js",
        "city": "New York",
        "region": "New York",
        "country": "United States",
        "org": "Fastly, Inc.",
        "timezone": "America/New_York",
        "source": "ip-api.com"
      },
      "geometry": {
        "type": "Point",
        "coordinates": [
          -74.0066,
          40.7126
        ]
      }
    },
    {
      "type": "Feature",
      "properties": {
        "ip": "199.232.37.140",
        "url": "https://preview.redd.it/alma-mater-columbia-university-v0-pg3200qb4sff1.jpeg?width=1080&crop=smart&auto=webp&s=38b0199155b03bb8f65dfb8018e28e9f4795a8db",
        "city": "New York",
        "region": "New York",
        "country": "United States",
        "org": "Fastly, Inc.",
        "timezone": "America/New_York",
        "source": "ip-api.com"
      },
      "geometry": {
        "type": "Point",
        "coordinates": [
          -74.0066,
          40.7126
        ]
      }
    },
    {
      "type": "Feature",
      "properties": {
        "ip": "199.232.37.140",
        "url": "https://preview.redd.it/zxrw5s37a6pd1.png?width=100&height=100&crop=smart&auto=webp&s=fd0391f36ea2d56bd783ca226eee9f004acc6294",
        "city": "New York",
        "region": "New York",
        "country": "United States",
        "org": "Fastly, Inc.",
        "timezone": "America/New_York",
        "source": "ip-api.com"
      },
      "geometry": {
        "type": "Point",
        "coordinates": [
          -74.0066,
          40.7126
        ]
      }
    },
    {
      "type": "Feature",
      "properties": {
        "ip": "199.232.37.140",
        "url": "https://preview.redd.it/nrptpawlgavc1.png?width=100&height=100&crop=smart&auto=webp&s=78987d0d91c5d62af866ade663f81867ddb5ee38",
        "city": "New York",
        "region": "New York",
        "country": "United States",
        "org": "Fastly, Inc.",
        "timezone": "America/New_York",
        "source": "ip-api.com"
      },
      "geometry": {
        "type": "Point",
        "coordinates": [
          -74.0066,
          40.7126
        ]
      }
    },
    {
      "type": "Feature",
      "properties": {
        "ip": "199.232.37.140",
        "url": "https://www.redditstatic.com/shreddit/en-US/validate-image-60e1bf9b.js",
        "city": "New York",
        "region": "New York",
        "country": "United States",
        "org": "Fastly, Inc.",
        "timezone": "America/New_York",
        "source": "ip-api.com"
      },
      "geometry": {
        "type": "Point",
        "coordinates": [
          -74.0066,
          40.7126
        ]
      }
    },
    {
      "type": "Feature",
      "properties": {
        "ip": "199.232.37.140",
        "url": "https://www.redditstatic.com/shreddit/en-US/search-telemetry-tracker-641eb846.js",
        "city": "New York",
        "region": "New York",
        "country": "United States",
        "org": "Fastly, Inc.",
        "timezone": "America/New_York",
        "source": "ip-api.com"
      },
      "geometry": {
        "type": "Point",
        "coordinates": [
          -74.0066,
          40.7126
        ]
      }
    },
    {
      "type": "Feature",
      "properties": {
        "ip": "199.232.37.140",
        "url": "https://www.redditstatic.com/shreddit/en-US/recent-posts-client-js-73ee589e.js",
        "city": "New York",
        "region": "New York",
        "country": "United States",
        "org": "Fastly, Inc.",
        "timezone": "America/New_York",
        "source": "ip-api.com"
      },
      "geometry": {
        "type": "Point",
        "coordinates": [
          -74.0066,
          40.7126
        ]
      }
    },
    {
      "type": "Feature",
      "properties": {
        "ip": "199.232.37.140",
        "url": "https://www.redditstatic.com/shreddit/en-US/rpl-coachmark-1e15d088.js",
        "city": "New York",
        "region": "New York",
        "country": "United States",
        "org": "Fastly, Inc.",
        "timezone": "America/New_York",
        "source": "ip-api.com"
      },
      "geometry": {
        "type": "Point",
        "coordinates": [
          -74.0066,
          40.7126
        ]
      }
    },
    {
      "type": "Feature",
      "properties": {
        "ip": "199.232.37.140",
        "url": "https://www.redditstatic.com/shreddit/en-US/data-tooltip-8b6fcb6c.js",
        "city": "New York",
        "region": "New York",
        "country": "United States",
        "org": "Fastly, Inc.",
        "timezone": "America/New_York",
        "source": "ip-api.com"
      },
      "geometry": {
        "type": "Point",
        "coordinates": [
          -74.0066,
          40.7126
        ]
      }
    },
    {
      "type": "Feature",
      "properties": {
        "ip": "199.232.37.140",
        "url": "https://www.redditstatic.com/shreddit/en-US/in-feed-community-recs-client-js-12a59b25.js",
        "city": "New York",
        "region": "New York",
        "country": "United States",
        "org": "Fastly, Inc.",
        "timezone": "America/New_York",
        "source": "ip-api.com"
      },
      "geometry": {
        "type": "Point",
        "coordinates": [
          -74.0066,
          40.7126
        ]
      }
    },
    {
      "type": "Feature",
      "properties": {
        "ip": "199.232.37.140",
        "url": "https://www.redditstatic.com/shreddit/en-US/index-d7eda9a2.js",
        "city": "New York",
        "region": "New York",
        "country": "United States",
        "org": "Fastly, Inc.",
        "timezone": "America/New_York",
        "source": "ip-api.com"
      },
      "geometry": {
        "type": "Point",
        "coordinates": [
          -74.0066,
          40.7126
        ]
      }
    },
    {
      "type": "Feature",
      "properties": {
        "ip": "199.232.37.140",
        "url": "https://www.redditstatic.com/shreddit/en-US/shop-gallery-data-fetcher-client-js-3a90900c.js",
        "city": "New York",
        "region": "New York",
        "country": "United States",
        "org": "Fastly, Inc.",
        "timezone": "America/New_York",
        "source": "ip-api.com"
      },
      "geometry": {
        "type": "Point",
        "coordinates": [
          -74.0066,
          40.7126
        ]
      }
    },
    {
      "type": "Feature",
      "properties": {
        "ip": "199.232.37.140",
        "url": "https://preview.redd.it/5ei7p59bdt1d1.png?width=100&height=100&crop=smart&auto=webp&s=f54341888bef51c22d0879116031c5f2bd159e26",
        "city": "New York",
        "region": "New York",
        "country": "United States",
        "org": "Fastly, Inc.",
        "timezone": "America/New_York",
        "source": "ip-api.com"
      },
      "geometry": {
        "type": "Point",
        "coordinates": [
          -74.0066,
          40.7126
        ]
      }
    },
    {
      "type": "Feature",
      "properties": {
        "ip": "199.232.37.140",
        "url": "https://www.redditstatic.com/shreddit/en-US/translation-intervention-modal-62d0ef3c.js",
        "city": "New York",
        "region": "New York",
        "country": "United States",
        "org": "Fastly, Inc.",
        "timezone": "America/New_York",
        "source": "ip-api.com"
      },
      "geometry": {
        "type": "Point",
        "coordinates": [
          -74.0066,
          40.7126
        ]
      }
    },
    {
      "type": "Feature",
      "properties": {
        "ip": "199.232.37.140",
        "url": "https://styles.redditmedia.com/t5_3ndbi/styles/communityIcon_dj3wnw75ykdf1.jpg?format=pjpg&s=57cb91ba6a803bb900e0a88186b1b50af20b558c",
        "city": "New York",
        "region": "New York",
        "country": "United States",
        "org": "Fastly, Inc.",
        "timezone": "America/New_York",
        "source": "ip-api.com"
      },
      "geometry": {
        "type": "Point",
        "coordinates": [
          -74.0066,
          40.7126
        ]
      }
    },
    {
      "type": "Feature",
      "properties": {
        "ip": "199.232.37.140",
        "url": "https://www.redditstatic.com/shreddit/qr-code-persistent-button-upsell-client-css-60879cea.css",
        "city": "New York",
        "region": "New York",
        "country": "United States",
        "org": "Fastly, Inc.",
        "timezone": "America/New_York",
        "source": "ip-api.com"
      },
      "geometry": {
        "type": "Point",
        "coordinates": [
          -74.0066,
          40.7126
        ]
      }
    },
    {
      "type": "Feature",
      "properties": {
        "ip": "199.232.37.140",
        "url": "https://www.redditstatic.com/shreddit/en-US/expandable-mod-reports-base-e663faf7.js",
        "city": "New York",
        "region": "New York",
        "country": "United States",
        "org": "Fastly, Inc.",
        "timezone": "America/New_York",
        "source": "ip-api.com"
      },
      "geometry": {
        "type": "Point",
        "coordinates": [
          -74.0066,
          40.7126
        ]
      }
    },
    {
      "type": "Feature",
      "properties": {
        "ip": "199.232.37.140",
        "url": "https://external-preview.redd.it/this-cake-making-v0-5KaeE8CRhkizrWpFy6VAMt-09khG41j7G_GbSfYWyOQ.png?format=pjpg&auto=webp&s=2f052f7ac70ec8fd03d2e5096a86f4f8b669dbbb",
        "city": "New York",
        "region": "New York",
        "country": "United States",
        "org": "Fastly, Inc.",
        "timezone": "America/New_York",
        "source": "ip-api.com"
      },
      "geometry": {
        "type": "Point",
        "coordinates": [
          -74.0066,
          40.7126
        ]
      }
    },
    {
      "type": "Feature",
      "properties": {
        "ip": "199.232.37.140",
        "url": "https://styles.redditmedia.com/t5_26gvhf/styles/profileIcon_snooac3987e1-7c0a-4f56-9ff3-75357d1f945b-headshot.png?width=64&height=64&frame=1&auto=webp&crop=&s=cf57054641d1ace8916ba8bd6a25f673382e4005",
        "city": "New York",
        "region": "New York",
        "country": "United States",
        "org": "Fastly, Inc.",
        "timezone": "America/New_York",
        "source": "ip-api.com"
      },
      "geometry": {
        "type": "Point",
        "coordinates": [
          -74.0066,
          40.7126
        ]
      }
    },
    {
      "type": "Feature",
      "properties": {
        "ip": "199.232.37.140",
        "url": "https://www.redditstatic.com/shreddit/en-US/report-flow-client-js-14da2e5b.js",
        "city": "New York",
        "region": "New York",
        "country": "United States",
        "org": "Fastly, Inc.",
        "timezone": "America/New_York",
        "source": "ip-api.com"
      },
      "geometry": {
        "type": "Point",
        "coordinates": [
          -74.0066,
          40.7126
        ]
      }
    },
    {
      "type": "Feature",
      "properties": {
        "ip": "199.232.37.140",
        "url": "https://www.redditstatic.com/shreddit/en-US/toggle-button-b00741d3.js",
        "city": "New York",
        "region": "New York",
        "country": "United States",
        "org": "Fastly, Inc.",
        "timezone": "America/New_York",
        "source": "ip-api.com"
      },
      "geometry": {
        "type": "Point",
        "coordinates": [
          -74.0066,
          40.7126
        ]
      }
    },
    {
      "type": "Feature",
      "properties": {
        "ip": "199.232.37.140",
        "url": "https://www.redditstatic.com/shreddit/en-US/banned-user-banner-client-js-e2398c3c.js",
        "city": "New York",
        "region": "New York",
        "country": "United States",
        "org": "Fastly, Inc.",
        "timezone": "America/New_York",
        "source": "ip-api.com"
      },
      "geometry": {
        "type": "Point",
        "coordinates": [
          -74.0066,
          40.7126
        ]
      }
    },
    {
      "type": "Feature",
      "properties": {
        "ip": "199.232.37.140",
        "url": "https://www.redditstatic.com/shreddit/en-US/shreddit-slotter-fb600b7c.js",
        "city": "New York",
        "region": "New York",
        "country": "United States",
        "org": "Fastly, Inc.",
        "timezone": "America/New_York",
        "source": "ip-api.com"
      },
      "geometry": {
        "type": "Point",
        "coordinates": [
          -74.0066,
          40.7126
        ]
      }
    },
    {
      "type": "Feature",
      "properties": {
        "ip": "199.232.37.140",
        "url": "https://preview.redd.it/what-i-see-vs-what-i-take-with-my-fujifilm-v0-uudsggboveff1.jpg?width=1080&crop=smart&auto=webp&s=2830e890a9eba6dcfaa6d6a157ed1f1565eb1b00",
        "city": "New York",
        "region": "New York",
        "country": "United States",
        "org": "Fastly, Inc.",
        "timezone": "America/New_York",
        "source": "ip-api.com"
      },
      "geometry": {
        "type": "Point",
        "coordinates": [
          -74.0066,
          40.7126
        ]
      }
    },
    {
      "type": "Feature",
      "properties": {
        "ip": "199.232.37.140",
        "url": "https://www.redditstatic.com/shreddit/en-US/custom-event-d6f0feb3.js",
        "city": "New York",
        "region": "New York",
        "country": "United States",
        "org": "Fastly, Inc.",
        "timezone": "America/New_York",
        "source": "ip-api.com"
      },
      "geometry": {
        "type": "Point",
        "coordinates": [
          -74.0066,
          40.7126
        ]
      }
    },
    {
      "type": "Feature",
      "properties": {
        "ip": "199.232.37.140",
        "url": "https://www.redditstatic.com/chat-web/images/welcome-6AUNLRD4.png",
        "city": "New York",
        "region": "New York",
        "country": "United States",
        "org": "Fastly, Inc.",
        "timezone": "America/New_York",
        "source": "ip-api.com"
      },
      "geometry": {
        "type": "Point",
        "coordinates": [
          -74.0066,
          40.7126
        ]
      }
    },
    {
      "type": "Feature",
      "properties": {
        "ip": "199.232.37.140",
        "url": "https://www.redditstatic.com/shreddit/en-US/qr-code-persistent-button-upsell-client-js-6cee4123.js",
        "city": "New York",
        "region": "New York",
        "country": "United States",
        "org": "Fastly, Inc.",
        "timezone": "America/New_York",
        "source": "ip-api.com"
      },
      "geometry": {
        "type": "Point",
        "coordinates": [
          -74.0066,
          40.7126
        ]
      }
    },
    {
      "type": "Feature",
      "properties": {
        "ip": "199.232.37.140",
        "url": "https://www.redditstatic.com/shreddit/en-US/google-api-bf0875df.js",
        "city": "New York",
        "region": "New York",
        "country": "United States",
        "org": "Fastly, Inc.",
        "timezone": "America/New_York",
        "source": "ip-api.com"
      },
      "geometry": {
        "type": "Point",
        "coordinates": [
          -74.0066,
          40.7126
        ]
      }
    },
    {
      "type": "Feature",
      "properties": {
        "ip": "199.232.37.140",
        "url": "https://www.redditstatic.com/shreddit/en-US/follow-button-10b12a5c.js",
        "city": "New York",
        "region": "New York",
        "country": "United States",
        "org": "Fastly, Inc.",
        "timezone": "America/New_York",
        "source": "ip-api.com"
      },
      "geometry": {
        "type": "Point",
        "coordinates": [
          -74.0066,
          40.7126
        ]
      }
    },
    {
      "type": "Feature",
      "properties": {
        "ip": "199.232.37.140",
        "url": "https://www.redditstatic.com/shreddit/en-US/zoomable-img-5996b01d.js",
        "city": "New York",
        "region": "New York",
        "country": "United States",
        "org": "Fastly, Inc.",
        "timezone": "America/New_York",
        "source": "ip-api.com"
      },
      "geometry": {
        "type": "Point",
        "coordinates": [
          -74.0066,
          40.7126
        ]
      }
    },
    {
      "type": "Feature",
      "properties": {
        "ip": "199.232.37.140",
        "url": "https://www.redditstatic.com/shreddit/en-US/community-appearance-menu-client-js-5ffee930.js",
        "city": "New York",
        "region": "New York",
        "country": "United States",
        "org": "Fastly, Inc.",
        "timezone": "America/New_York",
        "source": "ip-api.com"
      },
      "geometry": {
        "type": "Point",
        "coordinates": [
          -74.0066,
          40.7126
        ]
      }
    },
    {
      "type": "Feature",
      "properties": {
        "ip": "199.232.37.140",
        "url": "https://www.redditstatic.com/shreddit/en-US/show-more-grid-f1892559.js",
        "city": "New York",
        "region": "New York",
        "country": "United States",
        "org": "Fastly, Inc.",
        "timezone": "America/New_York",
        "source": "ip-api.com"
      },
      "geometry": {
        "type": "Point",
        "coordinates": [
          -74.0066,
          40.7126
        ]
      }
    },
    {
      "type": "Feature",
      "properties": {
        "ip": "199.232.37.140",
        "url": "https://www.redditstatic.com/shreddit/en-US/community-spotlight-card-9b88d137.js",
        "city": "New York",
        "region": "New York",
        "country": "United States",
        "org": "Fastly, Inc.",
        "timezone": "America/New_York",
        "source": "ip-api.com"
      },
      "geometry": {
        "type": "Point",
        "coordinates": [
          -74.0066,
          40.7126
        ]
      }
    },
    {
      "type": "Feature",
      "properties": {
        "ip": "199.232.37.140",
        "url": "https://www.redditstatic.com/shreddit/en-US/with-ad-observer-ebc4aa5b.js",
        "city": "New York",
        "region": "New York",
        "country": "United States",
        "org": "Fastly, Inc.",
        "timezone": "America/New_York",
        "source": "ip-api.com"
      },
      "geometry": {
        "type": "Point",
        "coordinates": [
          -74.0066,
          40.7126
        ]
      }
    },
    {
      "type": "Feature",
      "properties": {
        "ip": "199.232.37.140",
        "url": "https://external-preview.redd.it/J8IMmXmwY6_O_XB4z1luQDZ5IXb8wMSyYdqAYUn60AM.jpg?width=640&crop=smart&auto=webp&s=492af777e14071c0ad11ca527105054ead52aca6",
        "city": "New York",
        "region": "New York",
        "country": "United States",
        "org": "Fastly, Inc.",
        "timezone": "America/New_York",
        "source": "ip-api.com"
      },
      "geometry": {
        "type": "Point",
        "coordinates": [
          -74.0066,
          40.7126
        ]
      }
    },
    {
      "type": "Feature",
      "properties": {
        "ip": "199.232.37.140",
        "url": "https://preview.redd.it/there-are-no-mercedes-fans-v0-smhz151my5hb1.gif?format=png8&s=643ba003f88fc8753fb28d7a014efed9ef904b65",
        "city": "New York",
        "region": "New York",
        "country": "United States",
        "org": "Fastly, Inc.",
        "timezone": "America/New_York",
        "source": "ip-api.com"
      },
      "geometry": {
        "type": "Point",
        "coordinates": [
          -74.0066,
          40.7126
        ]
      }
    },
    {
      "type": "Feature",
      "properties": {
        "ip": "199.232.37.140",
        "url": "https://www.redditstatic.com/avatars/defaults/v2/avatar_default_3.png",
        "city": "New York",
        "region": "New York",
        "country": "United States",
        "org": "Fastly, Inc.",
        "timezone": "America/New_York",
        "source": "ip-api.com"
      },
      "geometry": {
        "type": "Point",
        "coordinates": [
          -74.0066,
          40.7126
        ]
      }
    },
    {
      "type": "Feature",
      "properties": {
        "ip": "199.232.37.140",
        "url": "https://external-preview.redd.it/would-you-personally-buy-one-of-these-in-the-future-v0-a2p0MHJvODNuNGdmMTZwNFoA9lbFvBy1v-696ZXr3ypA7pIfO9iqceq2452z.png?format=pjpg&auto=webp&s=2ddc167464a38a0c9b8d5d98e81d740a065952b1",
        "city": "New York",
        "region": "New York",
        "country": "United States",
        "org": "Fastly, Inc.",
        "timezone": "America/New_York",
        "source": "ip-api.com"
      },
      "geometry": {
        "type": "Point",
        "coordinates": [
          -74.0066,
          40.7126
        ]
      }
    },
    {
      "type": "Feature",
      "properties": {
        "ip": "199.232.37.140",
        "url": "https://www.redditstatic.com/shreddit/en-US/mod-content-actions-client-js-22a69e57.js",
        "city": "New York",
        "region": "New York",
        "country": "United States",
        "org": "Fastly, Inc.",
        "timezone": "America/New_York",
        "source": "ip-api.com"
      },
      "geometry": {
        "type": "Point",
        "coordinates": [
          -74.0066,
          40.7126
        ]
      }
    },
    {
      "type": "Feature",
      "properties": {
        "ip": "199.232.37.140",
        "url": "https://www.redditstatic.com/shreddit/en-US/index-57d5a71e.js",
        "city": "New York",
        "region": "New York",
        "country": "United States",
        "org": "Fastly, Inc.",
        "timezone": "America/New_York",
        "source": "ip-api.com"
      },
      "geometry": {
        "type": "Point",
        "coordinates": [
          -74.0066,
          40.7126
        ]
      }
    },
    {
      "type": "Feature",
      "properties": {
        "ip": "199.232.37.140",
        "url": "https://www.redditstatic.com/shreddit/en-US/compact-post-community-recommendations-client-js-19990bd1.js",
        "city": "New York",
        "region": "New York",
        "country": "United States",
        "org": "Fastly, Inc.",
        "timezone": "America/New_York",
        "source": "ip-api.com"
      },
      "geometry": {
        "type": "Point",
        "coordinates": [
          -74.0066,
          40.7126
        ]
      }
    },
    {
      "type": "Feature",
      "properties": {
        "ip": "199.232.37.140",
        "url": "https://styles.redditmedia.com/t5_381yu/styles/communityIcon_2f7hhwfs5pk31.png?width=48&height=48&frame=1&auto=webp&crop=48:48,smart&s=c9c2ef1ea431a624cefdb772835fda4b1fee6d83",
        "city": "New York",
        "region": "New York",
        "country": "United States",
        "org": "Fastly, Inc.",
        "timezone": "America/New_York",
        "source": "ip-api.com"
      },
      "geometry": {
        "type": "Point",
        "coordinates": [
          -74.0066,
          40.7126
        ]
      }
    },
    {
      "type": "Feature",
      "properties": {
        "ip": "199.232.37.140",
        "url": "https://www.redditstatic.com/shreddit/en-US/reddit-sidebar-nav-e4dddb71.js",
        "city": "New York",
        "region": "New York",
        "country": "United States",
        "org": "Fastly, Inc.",
        "timezone": "America/New_York",
        "source": "ip-api.com"
      },
      "geometry": {
        "type": "Point",
        "coordinates": [
          -74.0066,
          40.7126
        ]
      }
    },
    {
      "type": "Feature",
      "properties": {
        "ip": "199.232.37.140",
        "url": "https://i.redd.it/snoovatar/snoo_assets/oIYrOFMYlh0_rd_bg_card_robot_rog.png",
        "city": "New York",
        "region": "New York",
        "country": "United States",
        "org": "Fastly, Inc.",
        "timezone": "America/New_York",
        "source": "ip-api.com"
      },
      "geometry": {
        "type": "Point",
        "coordinates": [
          -74.0066,
          40.7126
        ]
      }
    },
    {
      "type": "Feature",
      "properties": {
        "ip": "199.232.37.140",
        "url": "https://preview.redd.it/recent-film-shots-of-columbia-v0-diaam2ll4mod1.jpg?width=320&crop=smart&auto=webp&s=cd4afd578d4eeec11798d8aa37718348cbd36213",
        "city": "New York",
        "region": "New York",
        "country": "United States",
        "org": "Fastly, Inc.",
        "timezone": "America/New_York",
        "source": "ip-api.com"
      },
      "geometry": {
        "type": "Point",
        "coordinates": [
          -74.0066,
          40.7126
        ]
      }
    },
    {
      "type": "Feature",
      "properties": {
        "ip": "199.232.37.140",
        "url": "https://www.redditstatic.com/shreddit/en-US/user-flair-e43d32f1.js",
        "city": "New York",
        "region": "New York",
        "country": "United States",
        "org": "Fastly, Inc.",
        "timezone": "America/New_York",
        "source": "ip-api.com"
      },
      "geometry": {
        "type": "Point",
        "coordinates": [
          -74.0066,
          40.7126
        ]
      }
    },
    {
      "type": "Feature",
      "properties": {
        "ip": "199.232.37.140",
        "url": "https://www.redditstatic.com/shreddit/en-US/shreddit-overflow-menu-79717bff.js",
        "city": "New York",
        "region": "New York",
        "country": "United States",
        "org": "Fastly, Inc.",
        "timezone": "America/New_York",
        "source": "ip-api.com"
      },
      "geometry": {
        "type": "Point",
        "coordinates": [
          -74.0066,
          40.7126
        ]
      }
    },
    {
      "type": "Feature",
      "properties": {
        "ip": "199.232.37.140",
        "url": "https://www.redditstatic.com/shreddit/en-US/reddit-page-data-671524ef.js",
        "city": "New York",
        "region": "New York",
        "country": "United States",
        "org": "Fastly, Inc.",
        "timezone": "America/New_York",
        "source": "ip-api.com"
      },
      "geometry": {
        "type": "Point",
        "coordinates": [
          -74.0066,
          40.7126
        ]
      }
    },
    {
      "type": "Feature",
      "properties": {
        "ip": "199.232.37.140",
        "url": "https://www.redditstatic.com/shreddit/en-US/rpl-badge-dad2a7e9.js",
        "city": "New York",
        "region": "New York",
        "country": "United States",
        "org": "Fastly, Inc.",
        "timezone": "America/New_York",
        "source": "ip-api.com"
      },
      "geometry": {
        "type": "Point",
        "coordinates": [
          -74.0066,
          40.7126
        ]
      }
    },
    {
      "type": "Feature",
      "properties": {
        "ip": "199.232.37.140",
        "url": "https://styles.redditmedia.com/t5_43x14o/styles/profileIcon_rqo61hk7x11f1.jpeg",
        "city": "New York",
        "region": "New York",
        "country": "United States",
        "org": "Fastly, Inc.",
        "timezone": "America/New_York",
        "source": "ip-api.com"
      },
      "geometry": {
        "type": "Point",
        "coordinates": [
          -74.0066,
          40.7126
        ]
      }
    },
    {
      "type": "Feature",
      "properties": {
        "ip": "199.232.37.140",
        "url": "https://www.redditstatic.com/shreddit/en-US/carousel-9e8ed6fe.js",
        "city": "New York",
        "region": "New York",
        "country": "United States",
        "org": "Fastly, Inc.",
        "timezone": "America/New_York",
        "source": "ip-api.com"
      },
      "geometry": {
        "type": "Point",
        "coordinates": [
          -74.0066,
          40.7126
        ]
      }
    },
    {
      "type": "Feature",
      "properties": {
        "ip": "199.232.37.140",
        "url": "https://www.redditstatic.com/shreddit/en-US/hotkeys-modal-client-js-eaf693a5.js",
        "city": "New York",
        "region": "New York",
        "country": "United States",
        "org": "Fastly, Inc.",
        "timezone": "America/New_York",
        "source": "ip-api.com"
      },
      "geometry": {
        "type": "Point",
        "coordinates": [
          -74.0066,
          40.7126
        ]
      }
    },
    {
      "type": "Feature",
      "properties": {
        "ip": "199.232.37.140",
        "url": "https://www.redditstatic.com/shreddit/en-US/mod-dropdown-closer-7b15d15f.js",
        "city": "New York",
        "region": "New York",
        "country": "United States",
        "org": "Fastly, Inc.",
        "timezone": "America/New_York",
        "source": "ip-api.com"
      },
      "geometry": {
        "type": "Point",
        "coordinates": [
          -74.0066,
          40.7126
        ]
      }
    },
    {
      "type": "Feature",
      "properties": {
        "ip": "199.232.37.140",
        "url": "https://www.redditstatic.com/shreddit/en-US/post-consume-tracker-430b4a59.js",
        "city": "New York",
        "region": "New York",
        "country": "United States",
        "org": "Fastly, Inc.",
        "timezone": "America/New_York",
        "source": "ip-api.com"
      },
      "geometry": {
        "type": "Point",
        "coordinates": [
          -74.0066,
          40.7126
        ]
      }
    },
    {
      "type": "Feature",
      "properties": {
        "ip": "199.232.37.140",
        "url": "https://www.redditstatic.com/shreddit/en-US/tab-button-65a1db9d.js",
        "city": "New York",
        "region": "New York",
        "country": "United States",
        "org": "Fastly, Inc.",
        "timezone": "America/New_York",
        "source": "ip-api.com"
      },
      "geometry": {
        "type": "Point",
        "coordinates": [
          -74.0066,
          40.7126
        ]
      }
    },
    {
      "type": "Feature",
      "properties": {
        "ip": "199.232.37.140",
        "url": "https://i.redd.it/snoovatar/avatars/df85c86c-e2dd-4aaa-b244-6b59fd1ca9fe.png",
        "city": "New York",
        "region": "New York",
        "country": "United States",
        "org": "Fastly, Inc.",
        "timezone": "America/New_York",
        "source": "ip-api.com"
      },
      "geometry": {
        "type": "Point",
        "coordinates": [
          -74.0066,
          40.7126
        ]
      }
    },
    {
      "type": "Feature",
      "properties": {
        "ip": "199.232.37.140",
        "url": "https://www.redditstatic.com/shreddit/en-US/subreddit-header-client-js-5b9439f2.js",
        "city": "New York",
        "region": "New York",
        "country": "United States",
        "org": "Fastly, Inc.",
        "timezone": "America/New_York",
        "source": "ip-api.com"
      },
      "geometry": {
        "type": "Point",
        "coordinates": [
          -74.0066,
          40.7126
        ]
      }
    },
    {
      "type": "Feature",
      "properties": {
        "ip": "199.232.37.140",
        "url": "https://www.redditstatic.com/shreddit/en-US/faceplate-select-text-input-2ecdefbb.js",
        "city": "New York",
        "region": "New York",
        "country": "United States",
        "org": "Fastly, Inc.",
        "timezone": "America/New_York",
        "source": "ip-api.com"
      },
      "geometry": {
        "type": "Point",
        "coordinates": [
          -74.0066,
          40.7126
        ]
      }
    },
    {
      "type": "Feature",
      "properties": {
        "ip": "199.232.37.140",
        "url": "https://preview.redd.it/bg9b0mlsk4ve1.jpg?width=320&crop=smart&blur=40&format=pjpg&auto=webp&s=ad20dc7a4793662e8dfcf067e5449e9e0623f25c",
        "city": "New York",
        "region": "New York",
        "country": "United States",
        "org": "Fastly, Inc.",
        "timezone": "America/New_York",
        "source": "ip-api.com"
      },
      "geometry": {
        "type": "Point",
        "coordinates": [
          -74.0066,
          40.7126
        ]
      }
    },
    {
      "type": "Feature",
      "properties": {
        "ip": "199.232.37.140",
        "url": "https://www.redditstatic.com/shreddit/en-US/reddit-recent-pages-ca7bc574.js",
        "city": "New York",
        "region": "New York",
        "country": "United States",
        "org": "Fastly, Inc.",
        "timezone": "America/New_York",
        "source": "ip-api.com"
      },
      "geometry": {
        "type": "Point",
        "coordinates": [
          -74.0066,
          40.7126
        ]
      }
    },
    {
      "type": "Feature",
      "properties": {
        "ip": "199.232.37.140",
        "url": "https://www.redditstatic.com/shreddit/en-US/dsa-transparency-modal-client-js-439d83dc.js",
        "city": "New York",
        "region": "New York",
        "country": "United States",
        "org": "Fastly, Inc.",
        "timezone": "America/New_York",
        "source": "ip-api.com"
      },
      "geometry": {
        "type": "Point",
        "coordinates": [
          -74.0066,
          40.7126
        ]
      }
    },
    {
      "type": "Feature",
      "properties": {
        "ip": "199.232.37.140",
        "url": "https://www.redditstatic.com/shreddit/en-US/translations-5fa22929.js",
        "city": "New York",
        "region": "New York",
        "country": "United States",
        "org": "Fastly, Inc.",
        "timezone": "America/New_York",
        "source": "ip-api.com"
      },
      "geometry": {
        "type": "Point",
        "coordinates": [
          -74.0066,
          40.7126
        ]
      }
    },
    {
      "type": "Feature",
      "properties": {
        "ip": "199.232.37.140",
        "url": "https://matrix.redditspace.com/_matrix/client/v3/sync?filter=%7B%22room%22%3A%7B%22state%22%3A%7B%22lazy_load_members%22%3Atrue%7D%2C%22timeline%22%3A%7B%22lazy_load_members%22%3Atrue%2C%22not_types%22%3A%5B%22com.reddit.review_open%22%2C%22com.reddit.review_close%22%5D%2C%22not_aggregated_relations%22%3A%5B%22m.annotation%22%2C%22com.reddit.hide_user_content%22%2C%22com.reddit.potentially_toxic%22%2C%22com.reddit.display_settings%22%2C%22com.reddit.review_request%22%5D%2C%22unread_thread_notifications%22%3Atrue%7D%7D%7D&timeout=1&since=s1751834967928_1751834967928_0_1751834967928_0_0_0.l-2.h-1752027328737.m-1752027328739.pd-IUJGbXpfU3FYdi14ZXNFOGZuUU5JaXdrQlc2MlhyQjRZTjF1cjk3bHhpYnM6-1693286619488-i.pd-IVZ0S0xhN3ZtSW1ZVnowQzNidlhiUDNGLTZxR3A3YWpSNWJvZUNUU1ZRRTg6-1694925394253-i.pd-IWwwdm5XOHdVLUx2cC0zOHVvemFCQnFmcDgxVWJiNnFGQnA3YW54Ull2dXc6-1689582716461-i.pd-IXBsOTdIY1lMMmFoVTlyWVJkRUpBQTlJdG9qWWJOZ0tOOUdCU3QzRkd1Nlk6-1693844546551-i&streaming=true",
        "city": "New York",
        "region": "New York",
        "country": "United States",
        "org": "Fastly, Inc.",
        "timezone": "America/New_York",
        "source": "ip-api.com"
      },
      "geometry": {
        "type": "Point",
        "coordinates": [
          -74.0066,
          40.7126
        ]
      }
    },
    {
      "type": "Feature",
      "properties": {
        "ip": "199.232.37.140",
        "url": "https://www.redditstatic.com/shreddit/en-US/dist-ee334a61.js",
        "city": "New York",
        "region": "New York",
        "country": "United States",
        "org": "Fastly, Inc.",
        "timezone": "America/New_York",
        "source": "ip-api.com"
      },
      "geometry": {
        "type": "Point",
        "coordinates": [
          -74.0066,
          40.7126
        ]
      }
    },
    {
      "type": "Feature",
      "properties": {
        "ip": "199.232.37.140",
        "url": "https://alb.reddit.com/i.gif?za=h-aJk2m3nbh6EGtgG2vemT57wltm2WPgHI_iyN5k7etc33o1X3zouSLPrFp1klR-4tceh6ZTz62AhKORTiG5ocLKTIK7xQ9NyWfAeQQzKclh41BrY0Mq_D4gs8YLg3Uyx5dy-HS1UzoPYRlaoTEIg89K_B6U0SfP5M3mvthQxVflhUk_cBJ7r9l9eqjEVV2lejc1DKLyRXumtVQnmQBYob4ir0ySXbHN8UVNiZH95pnfAv06HlY--fk-SYi7p-8FQModBi09mGfWiwz6h2nyItTBqQYbc7SK3jYJWgUyOkLgA7o84-k6gPz7JUGYZ7L3uZDpizTDktmm7lwZqoPONNiMGi6s2G2drCvH5JZ6fMjDPr8DvYOWmdTeqCTMlS_2NXI_9uwUYRKM4odMLtIZTkrczOtiZKCZ24FT53a9N8hZgSz4XEsGIW2Y0ThMQk7IAJoaoBwpS1OgUEDIRXnWNsiKGJ1aAHCDC52S-uM-Fs0hH5OPpDsmiWucv6nIl4we6-msfLUnEVpxhxW_dH2IG2e_xbO_dkxkTQT7-ykWap-xnhxcmg3FvORIyXox_yKgu-ZhkXswuOLriu-r-dEtTWg4SKF8J_uHoJGnjHY21_c-wZSdvfwfTBsZtn-O_3naS-_NHmGO30tq8CJ4zf3oiou94D_Hs_74t7exDxjBbfc1SVM&zp=3FZChK71JCBvdbi1V2GvZe9fyGHn5R8To0ynsNRt9ZBXZGX5fAs4RDUQlMcB_rwqltkFDeurq0IclgUb2h_JigqPnT8EXei475DceSB658I86p8WhIM9PJCCwJZf3g&a=1&b=0&be=0&c=0&d=1&e=0&ea=0&eb=0&f=0&r=0&g=0&i=1754013342460&t=1754013342460&o=0&q=0&h=232&w=797&sh=982&sw=1512",
        "city": "New York",
        "region": "New York",
        "country": "United States",
        "org": "Fastly, Inc.",
        "timezone": "America/New_York",
        "source": "ip-api.com"
      },
      "geometry": {
        "type": "Point",
        "coordinates": [
          -74.0066,
          40.7126
        ]
      }
    },
    {
      "type": "Feature",
      "properties": {
        "ip": "199.232.37.140",
        "url": "https://www.redditstatic.com/shreddit/en-US/shreddit-gallery-carousel-7ce4df67.js",
        "city": "New York",
        "region": "New York",
        "country": "United States",
        "org": "Fastly, Inc.",
        "timezone": "America/New_York",
        "source": "ip-api.com"
      },
      "geometry": {
        "type": "Point",
        "coordinates": [
          -74.0066,
          40.7126
        ]
      }
    },
    {
      "type": "Feature",
      "properties": {
        "ip": "199.232.37.140",
        "url": "https://www.redditstatic.com/shreddit/en-US/load-more-observer-54f3d337.js",
        "city": "New York",
        "region": "New York",
        "country": "United States",
        "org": "Fastly, Inc.",
        "timezone": "America/New_York",
        "source": "ip-api.com"
      },
      "geometry": {
        "type": "Point",
        "coordinates": [
          -74.0066,
          40.7126
        ]
      }
    },
    {
      "type": "Feature",
      "properties": {
        "ip": "199.232.37.140",
        "url": "https://www.redditstatic.com/shreddit/en-US/wiki-version-compare-button-d3950bd1.js",
        "city": "New York",
        "region": "New York",
        "country": "United States",
        "org": "Fastly, Inc.",
        "timezone": "America/New_York",
        "source": "ip-api.com"
      },
      "geometry": {
        "type": "Point",
        "coordinates": [
          -74.0066,
          40.7126
        ]
      }
    },
    {
      "type": "Feature",
      "properties": {
        "ip": "199.232.37.140",
        "url": "https://www.redditstatic.com/shreddit/en-US/mod-note-overflow-menu-6ecc5e45.js",
        "city": "New York",
        "region": "New York",
        "country": "United States",
        "org": "Fastly, Inc.",
        "timezone": "America/New_York",
        "source": "ip-api.com"
      },
      "geometry": {
        "type": "Point",
        "coordinates": [
          -74.0066,
          40.7126
        ]
      }
    },
    {
      "type": "Feature",
      "properties": {
        "ip": "199.232.37.140",
        "url": "https://www.redditstatic.com/shreddit/en-US/index-9b58c891.js",
        "city": "New York",
        "region": "New York",
        "country": "United States",
        "org": "Fastly, Inc.",
        "timezone": "America/New_York",
        "source": "ip-api.com"
      },
      "geometry": {
        "type": "Point",
        "coordinates": [
          -74.0066,
          40.7126
        ]
      }
    },
    {
      "type": "Feature",
      "properties": {
        "ip": "199.232.37.140",
        "url": "https://styles.redditmedia.com/t5_17j9y8/styles/profileIcon_mj7ff141fudf1.png",
        "city": "New York",
        "region": "New York",
        "country": "United States",
        "org": "Fastly, Inc.",
        "timezone": "America/New_York",
        "source": "ip-api.com"
      },
      "geometry": {
        "type": "Point",
        "coordinates": [
          -74.0066,
          40.7126
        ]
      }
    },
    {
      "type": "Feature",
      "properties": {
        "ip": "199.232.37.140",
        "url": "https://preview.redd.it/snoovatar/avatars/07584ec8-5cb3-4f3a-a5ac-9efced03a851-headshot.png?width=64&height=64&auto=webp&s=bbf5a92c8340395a135b66bcaa2e991292c19404",
        "city": "New York",
        "region": "New York",
        "country": "United States",
        "org": "Fastly, Inc.",
        "timezone": "America/New_York",
        "source": "ip-api.com"
      },
      "geometry": {
        "type": "Point",
        "coordinates": [
          -74.0066,
          40.7126
        ]
      }
    },
    {
      "type": "Feature",
      "properties": {
        "ip": "199.232.37.140",
        "url": "https://www.redditstatic.com/marketplace-assets/v1/core/awards/wholsome_v1_40.png",
        "city": "New York",
        "region": "New York",
        "country": "United States",
        "org": "Fastly, Inc.",
        "timezone": "America/New_York",
        "source": "ip-api.com"
      },
      "geometry": {
        "type": "Point",
        "coordinates": [
          -74.0066,
          40.7126
        ]
      }
    },
    {
      "type": "Feature",
      "properties": {
        "ip": "199.232.37.140",
        "url": "https://styles.redditmedia.com/t5_2qhul/styles/communityIcon_iau0r5x9zyna1.png?width=48&height=48&frame=1&auto=webp&crop=48:48,smart&s=008a3f6adbb7744001bf9746d5aea0b69ac74d6c",
        "city": "New York",
        "region": "New York",
        "country": "United States",
        "org": "Fastly, Inc.",
        "timezone": "America/New_York",
        "source": "ip-api.com"
      },
      "geometry": {
        "type": "Point",
        "coordinates": [
          -74.0066,
          40.7126
        ]
      }
    },
    {
      "type": "Feature",
      "properties": {
        "ip": "199.232.37.140",
        "url": "https://www.redditstatic.com/shreddit/en-US/post-stats-panel-client-js-32bb4d10.js",
        "city": "New York",
        "region": "New York",
        "country": "United States",
        "org": "Fastly, Inc.",
        "timezone": "America/New_York",
        "source": "ip-api.com"
      },
      "geometry": {
        "type": "Point",
        "coordinates": [
          -74.0066,
          40.7126
        ]
      }
    },
    {
      "type": "Feature",
      "properties": {
        "ip": "199.232.37.140",
        "url": "https://www.redditstatic.com/shreddit/en-US/comment-stats-entry-point-client-js-4c561678.js",
        "city": "New York",
        "region": "New York",
        "country": "United States",
        "org": "Fastly, Inc.",
        "timezone": "America/New_York",
        "source": "ip-api.com"
      },
      "geometry": {
        "type": "Point",
        "coordinates": [
          -74.0066,
          40.7126
        ]
      }
    },
    {
      "type": "Feature",
      "properties": {
        "ip": "199.232.37.140",
        "url": "https://preview.redd.it/alexandra-daddario-v0-gbjs9qekm6xe1.jpeg?width=640&crop=smart&auto=webp&s=623ef9aa912c11e6235d58433d07cbb44d45dcbb",
        "city": "New York",
        "region": "New York",
        "country": "United States",
        "org": "Fastly, Inc.",
        "timezone": "America/New_York",
        "source": "ip-api.com"
      },
      "geometry": {
        "type": "Point",
        "coordinates": [
          -74.0066,
          40.7126
        ]
      }
    },
    {
      "type": "Feature",
      "properties": {
        "ip": "199.232.37.140",
        "url": "https://external-preview.redd.it/billie-eilish-v0-bXFpaW9ia250aDZjMbKa-o2IfL0I1lAoyfUJXmkR9bx1nCX2ZVijNZuhjRoi.png?width=640&crop=smart&format=pjpg&auto=webp&s=e11066f4d5ea5bae58b64a8f25d998702996b898",
        "city": "New York",
        "region": "New York",
        "country": "United States",
        "org": "Fastly, Inc.",
        "timezone": "America/New_York",
        "source": "ip-api.com"
      },
      "geometry": {
        "type": "Point",
        "coordinates": [
          -74.0066,
          40.7126
        ]
      }
    },
    {
      "type": "Feature",
      "properties": {
        "ip": "199.232.37.140",
        "url": "https://styles.redditmedia.com/t5_agpkv4/styles/profileIcon_ou9iq262nr9e1.png",
        "city": "New York",
        "region": "New York",
        "country": "United States",
        "org": "Fastly, Inc.",
        "timezone": "America/New_York",
        "source": "ip-api.com"
      },
      "geometry": {
        "type": "Point",
        "coordinates": [
          -74.0066,
          40.7126
        ]
      }
    },
    {
      "type": "Feature",
      "properties": {
        "ip": "199.232.37.140",
        "url": "https://preview.redd.it/gwyneth-paltrow-v0-lcrx00816bgf1.gif?format=png8&s=59c4436f8d7012e92a40861843d88d87ff24cb76",
        "city": "New York",
        "region": "New York",
        "country": "United States",
        "org": "Fastly, Inc.",
        "timezone": "America/New_York",
        "source": "ip-api.com"
      },
      "geometry": {
        "type": "Point",
        "coordinates": [
          -74.0066,
          40.7126
        ]
      }
    },
    {
      "type": "Feature",
      "properties": {
        "ip": "199.232.37.140",
        "url": "https://www.reddit.com/svc/shreddit/profiles/profile_downvoted-more-posts/new/?after=dDNfMWpqd3Rsaw%3D%3D&name=North-Respect-1391&feedLength=3",
        "city": "New York",
        "region": "New York",
        "country": "United States",
        "org": "Fastly, Inc.",
        "timezone": "America/New_York",
        "source": "ip-api.com"
      },
      "geometry": {
        "type": "Point",
        "coordinates": [
          -74.0066,
          40.7126
        ]
      }
    },
    {
      "type": "Feature",
      "properties": {
        "ip": "199.232.37.140",
        "url": "https://www.redditstatic.com/shreddit/en-US/feed-ad-client-js-700f3f45.js",
        "city": "New York",
        "region": "New York",
        "country": "United States",
        "org": "Fastly, Inc.",
        "timezone": "America/New_York",
        "source": "ip-api.com"
      },
      "geometry": {
        "type": "Point",
        "coordinates": [
          -74.0066,
          40.7126
        ]
      }
    },
    {
      "type": "Feature",
      "properties": {
        "ip": "199.232.37.140",
        "url": "https://www.redditstatic.com/shreddit/en-US/matrix-js-sdk-a44af749.js",
        "city": "New York",
        "region": "New York",
        "country": "United States",
        "org": "Fastly, Inc.",
        "timezone": "America/New_York",
        "source": "ip-api.com"
      },
      "geometry": {
        "type": "Point",
        "coordinates": [
          -74.0066,
          40.7126
        ]
      }
    },
    {
      "type": "Feature",
      "properties": {
        "ip": "199.232.37.140",
        "url": "https://www.redditstatic.com/avatars/defaults/v2/avatar_default_6.png",
        "city": "New York",
        "region": "New York",
        "country": "United States",
        "org": "Fastly, Inc.",
        "timezone": "America/New_York",
        "source": "ip-api.com"
      },
      "geometry": {
        "type": "Point",
        "coordinates": [
          -74.0066,
          40.7126
        ]
      }
    },
    {
      "type": "Feature",
      "properties": {
        "ip": "199.232.37.140",
        "url": "https://b.thumbs.redditmedia.com/LGUy76XwdKHEjn2VJ8ZDVpaFVVNhXu-tC2Vbckq4ULY.png",
        "city": "New York",
        "region": "New York",
        "country": "United States",
        "org": "Fastly, Inc.",
        "timezone": "America/New_York",
        "source": "ip-api.com"
      },
      "geometry": {
        "type": "Point",
        "coordinates": [
          -74.0066,
          40.7126
        ]
      }
    },
    {
      "type": "Feature",
      "properties": {
        "ip": "199.232.37.140",
        "url": "https://www.redditstatic.com/shreddit/en-US/wiki-content-only-client-js-8554c5bb.js",
        "city": "New York",
        "region": "New York",
        "country": "United States",
        "org": "Fastly, Inc.",
        "timezone": "America/New_York",
        "source": "ip-api.com"
      },
      "geometry": {
        "type": "Point",
        "coordinates": [
          -74.0066,
          40.7126
        ]
      }
    },
    {
      "type": "Feature",
      "properties": {
        "ip": "199.232.37.140",
        "url": "https://matrix.redditspace.com/_matrix/client/v3/sync?filter=%7B%22room%22%3A%7B%22state%22%3A%7B%22lazy_load_members%22%3Atrue%7D%2C%22timeline%22%3A%7B%22lazy_load_members%22%3Atrue%2C%22not_types%22%3A%5B%22com.reddit.review_open%22%2C%22com.reddit.review_close%22%5D%2C%22not_aggregated_relations%22%3A%5B%22m.annotation%22%2C%22com.reddit.hide_user_content%22%2C%22com.reddit.potentially_toxic%22%2C%22com.reddit.display_settings%22%2C%22com.reddit.review_request%22%5D%2C%22unread_thread_notifications%22%3Atrue%7D%7D%7D&timeout=30000&since=s1751834967928_1751834967928_0_1751834967928_0_0_0.l-2.h-1752027328737.m-1752027328739.pd-IUJGbXpfU3FYdi14ZXNFOGZuUU5JaXdrQlc2MlhyQjRZTjF1cjk3bHhpYnM6-1693286619488-i.pd-IVZ0S0xhN3ZtSW1ZVnowQzNidlhiUDNGLTZxR3A3YWpSNWJvZUNUU1ZRRTg6-1694925394253-i.pd-IWwwdm5XOHdVLUx2cC0zOHVvemFCQnFmcDgxVWJiNnFGQnA3YW54Ull2dXc6-1689582716461-i.pd-IXBsOTdIY1lMMmFoVTlyWVJkRUpBQTlJdG9qWWJOZ0tOOUdCU3QzRkd1Nlk6-1693844546551-i&streaming=true",
        "city": "New York",
        "region": "New York",
        "country": "United States",
        "org": "Fastly, Inc.",
        "timezone": "America/New_York",
        "source": "ip-api.com"
      },
      "geometry": {
        "type": "Point",
        "coordinates": [
          -74.0066,
          40.7126
        ]
      }
    },
    {
      "type": "Feature",
      "properties": {
        "ip": "199.232.37.140",
        "url": "https://www.redditstatic.com/shreddit/en-US/mod-verdict-d36f5f3e.js",
        "city": "New York",
        "region": "New York",
        "country": "United States",
        "org": "Fastly, Inc.",
        "timezone": "America/New_York",
        "source": "ip-api.com"
      },
      "geometry": {
        "type": "Point",
        "coordinates": [
          -74.0066,
          40.7126
        ]
      }
    },
    {
      "type": "Feature",
      "properties": {
        "ip": "199.232.37.140",
        "url": "https://www.redditstatic.com/shreddit/subreddit-feed-client-css-238637cf.css",
        "city": "New York",
        "region": "New York",
        "country": "United States",
        "org": "Fastly, Inc.",
        "timezone": "America/New_York",
        "source": "ip-api.com"
      },
      "geometry": {
        "type": "Point",
        "coordinates": [
          -74.0066,
          40.7126
        ]
      }
    },
    {
      "type": "Feature",
      "properties": {
        "ip": "199.232.37.140",
        "url": "https://www.redditstatic.com/shreddit/en-US/header-action-item-user-drawer-client-js-8a6102fa.js",
        "city": "New York",
        "region": "New York",
        "country": "United States",
        "org": "Fastly, Inc.",
        "timezone": "America/New_York",
        "source": "ip-api.com"
      },
      "geometry": {
        "type": "Point",
        "coordinates": [
          -74.0066,
          40.7126
        ]
      }
    },
    {
      "type": "Feature",
      "properties": {
        "ip": "199.232.37.140",
        "url": "https://www.redditstatic.com/shreddit/en-US/experiences-client-js-7c65396a.js",
        "city": "New York",
        "region": "New York",
        "country": "United States",
        "org": "Fastly, Inc.",
        "timezone": "America/New_York",
        "source": "ip-api.com"
      },
      "geometry": {
        "type": "Point",
        "coordinates": [
          -74.0066,
          40.7126
        ]
      }
    },
    {
      "type": "Feature",
      "properties": {
        "ip": "199.232.37.140",
        "url": "https://www.redditstatic.com/shreddit/en-US/feedback-tooltip-overflow-menu-340409f4.js",
        "city": "New York",
        "region": "New York",
        "country": "United States",
        "org": "Fastly, Inc.",
        "timezone": "America/New_York",
        "source": "ip-api.com"
      },
      "geometry": {
        "type": "Point",
        "coordinates": [
          -74.0066,
          40.7126
        ]
      }
    },
    {
      "type": "Feature",
      "properties": {
        "ip": "199.232.37.140",
        "url": "https://www.redditstatic.com/shreddit/en-US/TinyGesture-89d9957c.js",
        "city": "New York",
        "region": "New York",
        "country": "United States",
        "org": "Fastly, Inc.",
        "timezone": "America/New_York",
        "source": "ip-api.com"
      },
      "geometry": {
        "type": "Point",
        "coordinates": [
          -74.0066,
          40.7126
        ]
      }
    },
    {
      "type": "Feature",
      "properties": {
        "ip": "199.232.37.140",
        "url": "https://www.redditstatic.com/shreddit/en-US/text-input-e3bd9152.js",
        "city": "New York",
        "region": "New York",
        "country": "United States",
        "org": "Fastly, Inc.",
        "timezone": "America/New_York",
        "source": "ip-api.com"
      },
      "geometry": {
        "type": "Point",
        "coordinates": [
          -74.0066,
          40.7126
        ]
      }
    },
    {
      "type": "Feature",
      "properties": {
        "ip": "199.232.37.140",
        "url": "https://www.redditstatic.com/shreddit/en-US/activate-lead-gen-dialog-a5ad3e36.js",
        "city": "New York",
        "region": "New York",
        "country": "United States",
        "org": "Fastly, Inc.",
        "timezone": "America/New_York",
        "source": "ip-api.com"
      },
      "geometry": {
        "type": "Point",
        "coordinates": [
          -74.0066,
          40.7126
        ]
      }
    },
    {
      "type": "Feature",
      "properties": {
        "ip": "199.232.37.140",
        "url": "https://www.redditstatic.com/shreddit/en-US/reddit-pro-related-keywords-client-js-543c7fa8.js",
        "city": "New York",
        "region": "New York",
        "country": "United States",
        "org": "Fastly, Inc.",
        "timezone": "America/New_York",
        "source": "ip-api.com"
      },
      "geometry": {
        "type": "Point",
        "coordinates": [
          -74.0066,
          40.7126
        ]
      }
    },
    {
      "type": "Feature",
      "properties": {
        "ip": "199.232.37.140",
        "url": "https://www.redditstatic.com/shreddit/en-US/display-collectibles-modal-client-js-9e9c639d.js",
        "city": "New York",
        "region": "New York",
        "country": "United States",
        "org": "Fastly, Inc.",
        "timezone": "America/New_York",
        "source": "ip-api.com"
      },
      "geometry": {
        "type": "Point",
        "coordinates": [
          -74.0066,
          40.7126
        ]
      }
    },
    {
      "type": "Feature",
      "properties": {
        "ip": "199.232.37.140",
        "url": "https://www.reddit.com/svc/shreddit/update-recaptcha?k=Y29tbXVuaXR5fGluaXRpYWx8NTRmMWM5ODEtNzlkNC00N2I3LWExODYtOGNmYWFhNWFiMDY1",
        "city": "New York",
        "region": "New York",
        "country": "United States",
        "org": "Fastly, Inc.",
        "timezone": "America/New_York",
        "source": "ip-api.com"
      },
      "geometry": {
        "type": "Point",
        "coordinates": [
          -74.0066,
          40.7126
        ]
      }
    },
    {
      "type": "Feature",
      "properties": {
        "ip": "199.232.37.140",
        "url": "https://www.redditstatic.com/shreddit/en-US/select-controller-a9f41802.js",
        "city": "New York",
        "region": "New York",
        "country": "United States",
        "org": "Fastly, Inc.",
        "timezone": "America/New_York",
        "source": "ip-api.com"
      },
      "geometry": {
        "type": "Point",
        "coordinates": [
          -74.0066,
          40.7126
        ]
      }
    },
    {
      "type": "Feature",
      "properties": {
        "ip": "199.232.37.140",
        "url": "https://www.redditstatic.com/shreddit/en-US/age-gate-client-js-6dd74736.js",
        "city": "New York",
        "region": "New York",
        "country": "United States",
        "org": "Fastly, Inc.",
        "timezone": "America/New_York",
        "source": "ip-api.com"
      },
      "geometry": {
        "type": "Point",
        "coordinates": [
          -74.0066,
          40.7126
        ]
      }
    },
    {
      "type": "Feature",
      "properties": {
        "ip": "199.232.37.140",
        "url": "https://www.redditstatic.com/shreddit/en-US/w3-report-from-v2-event-6f631fb6.js",
        "city": "New York",
        "region": "New York",
        "country": "United States",
        "org": "Fastly, Inc.",
        "timezone": "America/New_York",
        "source": "ip-api.com"
      },
      "geometry": {
        "type": "Point",
        "coordinates": [
          -74.0066,
          40.7126
        ]
      }
    },
    {
      "type": "Feature",
      "properties": {
        "ip": "199.232.37.140",
        "url": "https://i.redd.it/snoovatar/avatars/nftv2_bmZ0X2VpcDE1NToxMzdfNDY2YTMzMDg4N2JkZjYyZDUzZjk2OGVhODI0NzkzMTUwZjA3NzYyZV8yNzAzMjc_rare_a9b5d500-1df1-4c46-89d0-d62ebd644a2b.png",
        "city": "New York",
        "region": "New York",
        "country": "United States",
        "org": "Fastly, Inc.",
        "timezone": "America/New_York",
        "source": "ip-api.com"
      },
      "geometry": {
        "type": "Point",
        "coordinates": [
          -74.0066,
          40.7126
        ]
      }
    },
    {
      "type": "Feature",
      "properties": {
        "ip": "199.232.37.140",
        "url": "https://www.redditstatic.com/shreddit/en-US/submit-report-helper-482c467e.js",
        "city": "New York",
        "region": "New York",
        "country": "United States",
        "org": "Fastly, Inc.",
        "timezone": "America/New_York",
        "source": "ip-api.com"
      },
      "geometry": {
        "type": "Point",
        "coordinates": [
          -74.0066,
          40.7126
        ]
      }
    },
    {
      "type": "Feature",
      "properties": {
        "ip": "199.232.37.140",
        "url": "https://www.redditstatic.com/shreddit/en-US/announcement-overflow-menu-a75789e7.js",
        "city": "New York",
        "region": "New York",
        "country": "United States",
        "org": "Fastly, Inc.",
        "timezone": "America/New_York",
        "source": "ip-api.com"
      },
      "geometry": {
        "type": "Point",
        "coordinates": [
          -74.0066,
          40.7126
        ]
      }
    },
    {
      "type": "Feature",
      "properties": {
        "ip": "199.232.37.140",
        "url": "https://www.redditstatic.com/shreddit/en-US/render-toast-a0d50588.js",
        "city": "New York",
        "region": "New York",
        "country": "United States",
        "org": "Fastly, Inc.",
        "timezone": "America/New_York",
        "source": "ip-api.com"
      },
      "geometry": {
        "type": "Point",
        "coordinates": [
          -74.0066,
          40.7126
        ]
      }
    },
    {
      "type": "Feature",
      "properties": {
        "ip": "199.232.37.140",
        "url": "https://www.redditstatic.com/shreddit/en-US/search-typeahead-expandable-section-52ca50bc.js",
        "city": "New York",
        "region": "New York",
        "country": "United States",
        "org": "Fastly, Inc.",
        "timezone": "America/New_York",
        "source": "ip-api.com"
      },
      "geometry": {
        "type": "Point",
        "coordinates": [
          -74.0066,
          40.7126
        ]
      }
    },
    {
      "type": "Feature",
      "properties": {
        "ip": "199.232.37.140",
        "url": "https://www.redditstatic.com/shreddit/en-US/moderation-ae67f463.js",
        "city": "New York",
        "region": "New York",
        "country": "United States",
        "org": "Fastly, Inc.",
        "timezone": "America/New_York",
        "source": "ip-api.com"
      },
      "geometry": {
        "type": "Point",
        "coordinates": [
          -74.0066,
          40.7126
        ]
      }
    },
    {
      "type": "Feature",
      "properties": {
        "ip": "199.232.37.140",
        "url": "https://www.redditstatic.com/shreddit/en-US/pdp-seeker-cafdafe5.js",
        "city": "New York",
        "region": "New York",
        "country": "United States",
        "org": "Fastly, Inc.",
        "timezone": "America/New_York",
        "source": "ip-api.com"
      },
      "geometry": {
        "type": "Point",
        "coordinates": [
          -74.0066,
          40.7126
        ]
      }
    },
    {
      "type": "Feature",
      "properties": {
        "ip": "199.232.37.140",
        "url": "https://www.redditstatic.com/shreddit/en-US/icon-12ea548d.js",
        "city": "New York",
        "region": "New York",
        "country": "United States",
        "org": "Fastly, Inc.",
        "timezone": "America/New_York",
        "source": "ip-api.com"
      },
      "geometry": {
        "type": "Point",
        "coordinates": [
          -74.0066,
          40.7126
        ]
      }
    },
    {
      "type": "Feature",
      "properties": {
        "ip": "199.232.37.140",
        "url": "https://w3-reporting.reddit.com/reports",
        "city": "New York",
        "region": "New York",
        "country": "United States",
        "org": "Fastly, Inc.",
        "timezone": "America/New_York",
        "source": "ip-api.com"
      },
      "geometry": {
        "type": "Point",
        "coordinates": [
          -74.0066,
          40.7126
        ]
      }
    },
    {
      "type": "Feature",
      "properties": {
        "ip": "199.232.37.140",
        "url": "https://www.redditstatic.com/shreddit/en-US/translation-feedback-modal-client-js-4be471f4.js",
        "city": "New York",
        "region": "New York",
        "country": "United States",
        "org": "Fastly, Inc.",
        "timezone": "America/New_York",
        "source": "ip-api.com"
      },
      "geometry": {
        "type": "Point",
        "coordinates": [
          -74.0066,
          40.7126
        ]
      }
    },
    {
      "type": "Feature",
      "properties": {
        "ip": "199.232.37.140",
        "url": "https://www.redditstatic.com/shreddit/en-US/rpl-popper-60a4333a.js",
        "city": "New York",
        "region": "New York",
        "country": "United States",
        "org": "Fastly, Inc.",
        "timezone": "America/New_York",
        "source": "ip-api.com"
      },
      "geometry": {
        "type": "Point",
        "coordinates": [
          -74.0066,
          40.7126
        ]
      }
    },
    {
      "type": "Feature",
      "properties": {
        "ip": "199.232.37.140",
        "url": "https://external-preview.redd.it/beautiful-phisics-v0-NTZ6M201ZGFjcXViMbnP-JYpBDMn2ft3DP7dg-XAqcFb-SfMygvrgMT9r94M.png?width=640&crop=smart&format=pjpg&auto=webp&s=b0147b3ea8e431a3546380825a79fd78a3300d08",
        "city": "New York",
        "region": "New York",
        "country": "United States",
        "org": "Fastly, Inc.",
        "timezone": "America/New_York",
        "source": "ip-api.com"
      },
      "geometry": {
        "type": "Point",
        "coordinates": [
          -74.0066,
          40.7126
        ]
      }
    },
    {
      "type": "Feature",
      "properties": {
        "ip": "199.232.37.140",
        "url": "https://i.redd.it/snoovatar/avatars/663c44af-057c-4cf7-b9de-685cec1aca4c.png",
        "city": "New York",
        "region": "New York",
        "country": "United States",
        "org": "Fastly, Inc.",
        "timezone": "America/New_York",
        "source": "ip-api.com"
      },
      "geometry": {
        "type": "Point",
        "coordinates": [
          -74.0066,
          40.7126
        ]
      }
    },
    {
      "type": "Feature",
      "properties": {
        "ip": "199.232.37.140",
        "url": "https://external-preview.redd.it/OG5hbnlvdnR5dzliMX9ol9kJmHnjTn_sTyWYzVr_V1ewciQiNkgy80E37oF_.png?width=640&crop=smart&format=pjpg&auto=webp&s=410a80ebcefae31e12e21e6cdb7a2e4ebe4b677c",
        "city": "New York",
        "region": "New York",
        "country": "United States",
        "org": "Fastly, Inc.",
        "timezone": "America/New_York",
        "source": "ip-api.com"
      },
      "geometry": {
        "type": "Point",
        "coordinates": [
          -74.0066,
          40.7126
        ]
      }
    },
    {
      "type": "Feature",
      "properties": {
        "ip": "199.232.37.140",
        "url": "https://www.redditstatic.com/shreddit/en-US/chat-channel-feed-element-client-js-f646b554.js",
        "city": "New York",
        "region": "New York",
        "country": "United States",
        "org": "Fastly, Inc.",
        "timezone": "America/New_York",
        "source": "ip-api.com"
      },
      "geometry": {
        "type": "Point",
        "coordinates": [
          -74.0066,
          40.7126
        ]
      }
    },
    {
      "type": "Feature",
      "properties": {
        "ip": "199.232.37.140",
        "url": "https://www.redditstatic.com/shreddit/en-US/shreddit-distinguished-post-tags-6d5446ee.js",
        "city": "New York",
        "region": "New York",
        "country": "United States",
        "org": "Fastly, Inc.",
        "timezone": "America/New_York",
        "source": "ip-api.com"
      },
      "geometry": {
        "type": "Point",
        "coordinates": [
          -74.0066,
          40.7126
        ]
      }
    },
    {
      "type": "Feature",
      "properties": {
        "ip": "199.232.37.140",
        "url": "https://www.redditstatic.com/shreddit/en-US/pdp-back-button-d7a5e1b8.js",
        "city": "New York",
        "region": "New York",
        "country": "United States",
        "org": "Fastly, Inc.",
        "timezone": "America/New_York",
        "source": "ip-api.com"
      },
      "geometry": {
        "type": "Point",
        "coordinates": [
          -74.0066,
          40.7126
        ]
      }
    },
    {
      "type": "Feature",
      "properties": {
        "ip": "199.232.37.140",
        "url": "https://www.redditstatic.com/shreddit/en-US/base-abd6e3e0.js",
        "city": "New York",
        "region": "New York",
        "country": "United States",
        "org": "Fastly, Inc.",
        "timezone": "America/New_York",
        "source": "ip-api.com"
      },
      "geometry": {
        "type": "Point",
        "coordinates": [
          -74.0066,
          40.7126
        ]
      }
    },
    {
      "type": "Feature",
      "properties": {
        "ip": "199.232.37.140",
        "url": "https://www.reddit.com/svc/shreddit/graphql",
        "city": "New York",
        "region": "New York",
        "country": "United States",
        "org": "Fastly, Inc.",
        "timezone": "America/New_York",
        "source": "ip-api.com"
      },
      "geometry": {
        "type": "Point",
        "coordinates": [
          -74.0066,
          40.7126
        ]
      }
    },
    {
      "type": "Feature",
      "properties": {
        "ip": "199.232.37.140",
        "url": "https://preview.redd.it/i-dont-know-what-i-expected-v0-7aw275sxk9gf1.jpg?width=1080&crop=smart&auto=webp&s=673fdcd4be5bb4828d49c84d53f476681069e025",
        "city": "New York",
        "region": "New York",
        "country": "United States",
        "org": "Fastly, Inc.",
        "timezone": "America/New_York",
        "source": "ip-api.com"
      },
      "geometry": {
        "type": "Point",
        "coordinates": [
          -74.0066,
          40.7126
        ]
      }
    },
    {
      "type": "Feature",
      "properties": {
        "ip": "199.232.37.140",
        "url": "https://www.redditstatic.com/shreddit/en-US/user-management-129a70f6.js",
        "city": "New York",
        "region": "New York",
        "country": "United States",
        "org": "Fastly, Inc.",
        "timezone": "America/New_York",
        "source": "ip-api.com"
      },
      "geometry": {
        "type": "Point",
        "coordinates": [
          -74.0066,
          40.7126
        ]
      }
    },
    {
      "type": "Feature",
      "properties": {
        "ip": "199.232.37.140",
        "url": "https://www.redditstatic.com/shreddit/en-US/blurredContent-af81a79b.js",
        "city": "New York",
        "region": "New York",
        "country": "United States",
        "org": "Fastly, Inc.",
        "timezone": "America/New_York",
        "source": "ip-api.com"
      },
      "geometry": {
        "type": "Point",
        "coordinates": [
          -74.0066,
          40.7126
        ]
      }
    },
    {
      "type": "Feature",
      "properties": {
        "ip": "199.232.37.140",
        "url": "https://www.redditstatic.com/shreddit/en-US/community-widget-edit-button-fa793091.js",
        "city": "New York",
        "region": "New York",
        "country": "United States",
        "org": "Fastly, Inc.",
        "timezone": "America/New_York",
        "source": "ip-api.com"
      },
      "geometry": {
        "type": "Point",
        "coordinates": [
          -74.0066,
          40.7126
        ]
      }
    },
    {
      "type": "Feature",
      "properties": {
        "ip": "199.232.37.140",
        "url": "https://www.redditstatic.com/shreddit/en-US/awards-b00b0f9b.js",
        "city": "New York",
        "region": "New York",
        "country": "United States",
        "org": "Fastly, Inc.",
        "timezone": "America/New_York",
        "source": "ip-api.com"
      },
      "geometry": {
        "type": "Point",
        "coordinates": [
          -74.0066,
          40.7126
        ]
      }
    },
    {
      "type": "Feature",
      "properties": {
        "ip": "199.232.37.140",
        "url": "https://styles.redditmedia.com/t5_2qp2f/styles/communityIcon_mrp1f3riubj41.png?width=48&height=48&frame=1&auto=webp&crop=48:48,smart&s=fc75417dd8304ee3da60b47d405e3fa13ea3172e",
        "city": "New York",
        "region": "New York",
        "country": "United States",
        "org": "Fastly, Inc.",
        "timezone": "America/New_York",
        "source": "ip-api.com"
      },
      "geometry": {
        "type": "Point",
        "coordinates": [
          -74.0066,
          40.7126
        ]
      }
    },
    {
      "type": "Feature",
      "properties": {
        "ip": "199.232.37.140",
        "url": "https://w3-reporting.reddit.com/policy",
        "city": "New York",
        "region": "New York",
        "country": "United States",
        "org": "Fastly, Inc.",
        "timezone": "America/New_York",
        "source": "ip-api.com"
      },
      "geometry": {
        "type": "Point",
        "coordinates": [
          -74.0066,
          40.7126
        ]
      }
    },
    {
      "type": "Feature",
      "properties": {
        "ip": "199.232.37.140",
        "url": "https://www.redditstatic.com/shreddit/en-US/index-3c5605a9.js",
        "city": "New York",
        "region": "New York",
        "country": "United States",
        "org": "Fastly, Inc.",
        "timezone": "America/New_York",
        "source": "ip-api.com"
      },
      "geometry": {
        "type": "Point",
        "coordinates": [
          -74.0066,
          40.7126
        ]
      }
    },
    {
      "type": "Feature",
      "properties": {
        "ip": "199.232.37.140",
        "url": "https://www.redditstatic.com/shreddit/community-highlights-client-css-96f56b58.css",
        "city": "New York",
        "region": "New York",
        "country": "United States",
        "org": "Fastly, Inc.",
        "timezone": "America/New_York",
        "source": "ip-api.com"
      },
      "geometry": {
        "type": "Point",
        "coordinates": [
          -74.0066,
          40.7126
        ]
      }
    },
    {
      "type": "Feature",
      "properties": {
        "ip": "199.232.37.140",
        "url": "https://www.redditstatic.com/shreddit/en-US/search-results-scoped-sidebar-client-js-f01f5a89.js",
        "city": "New York",
        "region": "New York",
        "country": "United States",
        "org": "Fastly, Inc.",
        "timezone": "America/New_York",
        "source": "ip-api.com"
      },
      "geometry": {
        "type": "Point",
        "coordinates": [
          -74.0066,
          40.7126
        ]
      }
    },
    {
      "type": "Feature",
      "properties": {
        "ip": "199.232.37.140",
        "url": "https://www.redditstatic.com/shreddit/notifications-inbox-client-css-ceefc522.css",
        "city": "New York",
        "region": "New York",
        "country": "United States",
        "org": "Fastly, Inc.",
        "timezone": "America/New_York",
        "source": "ip-api.com"
      },
      "geometry": {
        "type": "Point",
        "coordinates": [
          -74.0066,
          40.7126
        ]
      }
    },
    {
      "type": "Feature",
      "properties": {
        "ip": "199.232.37.140",
        "url": "https://styles.redditmedia.com/t5_5u75iu/styles/profileIcon_snooe8758517-c287-410e-8cb1-f4f329fe7db9-headshot.png?width=64&height=64&frame=1&auto=webp&crop=&s=9b27e4d349eba961a6797886b13ecb3574566613",
        "city": "New York",
        "region": "New York",
        "country": "United States",
        "org": "Fastly, Inc.",
        "timezone": "America/New_York",
        "source": "ip-api.com"
      },
      "geometry": {
        "type": "Point",
        "coordinates": [
          -74.0066,
          40.7126
        ]
      }
    },
    {
      "type": "Feature",
      "properties": {
        "ip": "199.232.37.140",
        "url": "https://www.redditstatic.com/shreddit/en-US/faceplate-tabgroup-c018cf32.js",
        "city": "New York",
        "region": "New York",
        "country": "United States",
        "org": "Fastly, Inc.",
        "timezone": "America/New_York",
        "source": "ip-api.com"
      },
      "geometry": {
        "type": "Point",
        "coordinates": [
          -74.0066,
          40.7126
        ]
      }
    },
    {
      "type": "Feature",
      "properties": {
        "ip": "199.232.37.140",
        "url": "https://styles.redditmedia.com/t5_42jf61/styles/communityIcon_y8o2qsyh1ml61.png",
        "city": "New York",
        "region": "New York",
        "country": "United States",
        "org": "Fastly, Inc.",
        "timezone": "America/New_York",
        "source": "ip-api.com"
      },
      "geometry": {
        "type": "Point",
        "coordinates": [
          -74.0066,
          40.7126
        ]
      }
    },
    {
      "type": "Feature",
      "properties": {
        "ip": "199.232.37.140",
        "url": "https://www.redditstatic.com/shreddit/en-US/zendesk-step-helper-a4df236d.js",
        "city": "New York",
        "region": "New York",
        "country": "United States",
        "org": "Fastly, Inc.",
        "timezone": "America/New_York",
        "source": "ip-api.com"
      },
      "geometry": {
        "type": "Point",
        "coordinates": [
          -74.0066,
          40.7126
        ]
      }
    },
    {
      "type": "Feature",
      "properties": {
        "ip": "199.232.37.140",
        "url": "https://external-preview.redd.it/cutting-water-in-the-air-v0-aXEwNnRucTFyaGJiMRWpYvclNBBXcNNlH0zm4jbu7GVnFvpfglMMaaXWKbM4.png?format=pjpg&auto=webp&s=394f39ad86f609bb0d1a0eab76c5aafc99e5e0da",
        "city": "New York",
        "region": "New York",
        "country": "United States",
        "org": "Fastly, Inc.",
        "timezone": "America/New_York",
        "source": "ip-api.com"
      },
      "geometry": {
        "type": "Point",
        "coordinates": [
          -74.0066,
          40.7126
        ]
      }
    },
    {
      "type": "Feature",
      "properties": {
        "ip": "199.232.37.140",
        "url": "https://www.redditstatic.com/shreddit/comment-preview-unit-client-css-844b4a9f.css",
        "city": "New York",
        "region": "New York",
        "country": "United States",
        "org": "Fastly, Inc.",
        "timezone": "America/New_York",
        "source": "ip-api.com"
      },
      "geometry": {
        "type": "Point",
        "coordinates": [
          -74.0066,
          40.7126
        ]
      }
    },
    {
      "type": "Feature",
      "properties": {
        "ip": "199.232.37.140",
        "url": "https://www.redditstatic.com/shreddit/en-US/subreddit-posting-eligibility-modal-content-client-js-83d8d595.js",
        "city": "New York",
        "region": "New York",
        "country": "United States",
        "org": "Fastly, Inc.",
        "timezone": "America/New_York",
        "source": "ip-api.com"
      },
      "geometry": {
        "type": "Point",
        "coordinates": [
          -74.0066,
          40.7126
        ]
      }
    },
    {
      "type": "Feature",
      "properties": {
        "ip": "199.232.37.140",
        "url": "https://www.redditstatic.com/shreddit/en-US/reddit-pro-promo-client-js-183056e8.js",
        "city": "New York",
        "region": "New York",
        "country": "United States",
        "org": "Fastly, Inc.",
        "timezone": "America/New_York",
        "source": "ip-api.com"
      },
      "geometry": {
        "type": "Point",
        "coordinates": [
          -74.0066,
          40.7126
        ]
      }
    },
    {
      "type": "Feature",
      "properties": {
        "ip": "199.232.37.140",
        "url": "https://styles.redditmedia.com/t5_aqxgxp/styles/profileIcon_jjjb9uq1qkef1.png",
        "city": "New York",
        "region": "New York",
        "country": "United States",
        "org": "Fastly, Inc.",
        "timezone": "America/New_York",
        "source": "ip-api.com"
      },
      "geometry": {
        "type": "Point",
        "coordinates": [
          -74.0066,
          40.7126
        ]
      }
    },
    {
      "type": "Feature",
      "properties": {
        "ip": "199.232.37.140",
        "url": "https://www.redditstatic.com/shreddit/en-US/hui-grid-client-js-50ea5d49.js",
        "city": "New York",
        "region": "New York",
        "country": "United States",
        "org": "Fastly, Inc.",
        "timezone": "America/New_York",
        "source": "ip-api.com"
      },
      "geometry": {
        "type": "Point",
        "coordinates": [
          -74.0066,
          40.7126
        ]
      }
    },
    {
      "type": "Feature",
      "properties": {
        "ip": "199.232.37.140",
        "url": "https://www.redditstatic.com/shreddit/en-US/mod-notes-opener-4f8f47f5.js",
        "city": "New York",
        "region": "New York",
        "country": "United States",
        "org": "Fastly, Inc.",
        "timezone": "America/New_York",
        "source": "ip-api.com"
      },
      "geometry": {
        "type": "Point",
        "coordinates": [
          -74.0066,
          40.7126
        ]
      }
    },
    {
      "type": "Feature",
      "properties": {
        "ip": "199.232.37.140",
        "url": "https://www.redditstatic.com/shreddit/en-US/comment-7a2436c7.js",
        "city": "New York",
        "region": "New York",
        "country": "United States",
        "org": "Fastly, Inc.",
        "timezone": "America/New_York",
        "source": "ip-api.com"
      },
      "geometry": {
        "type": "Point",
        "coordinates": [
          -74.0066,
          40.7126
        ]
      }
    },
    {
      "type": "Feature",
      "properties": {
        "ip": "199.232.37.140",
        "url": "https://www.redditstatic.com/shreddit/en-US/mention-node-1792ea04.js",
        "city": "New York",
        "region": "New York",
        "country": "United States",
        "org": "Fastly, Inc.",
        "timezone": "America/New_York",
        "source": "ip-api.com"
      },
      "geometry": {
        "type": "Point",
        "coordinates": [
          -74.0066,
          40.7126
        ]
      }
    },
    {
      "type": "Feature",
      "properties": {
        "ip": "199.232.37.140",
        "url": "https://www.redditstatic.com/shreddit/en-US/shreddit-comment-action-row-f9de2f25.js",
        "city": "New York",
        "region": "New York",
        "country": "United States",
        "org": "Fastly, Inc.",
        "timezone": "America/New_York",
        "source": "ip-api.com"
      },
      "geometry": {
        "type": "Point",
        "coordinates": [
          -74.0066,
          40.7126
        ]
      }
    },
    {
      "type": "Feature",
      "properties": {
        "ip": "199.232.37.140",
        "url": "https://www.redditstatic.com/shreddit/en-US/shreddit-profile-comment-2008e286.js",
        "city": "New York",
        "region": "New York",
        "country": "United States",
        "org": "Fastly, Inc.",
        "timezone": "America/New_York",
        "source": "ip-api.com"
      },
      "geometry": {
        "type": "Point",
        "coordinates": [
          -74.0066,
          40.7126
        ]
      }
    },
    {
      "type": "Feature",
      "properties": {
        "ip": "199.232.37.140",
        "url": "https://www.redditstatic.com/shreddit/en-US/gallery-be79a4c6.js",
        "city": "New York",
        "region": "New York",
        "country": "United States",
        "org": "Fastly, Inc.",
        "timezone": "America/New_York",
        "source": "ip-api.com"
      },
      "geometry": {
        "type": "Point",
        "coordinates": [
          -74.0066,
          40.7126
        ]
      }
    },
    {
      "type": "Feature",
      "properties": {
        "ip": "199.232.37.140",
        "url": "https://www.redditstatic.com/shreddit/en-US/emoji-template-table-client-js-6509d833.js",
        "city": "New York",
        "region": "New York",
        "country": "United States",
        "org": "Fastly, Inc.",
        "timezone": "America/New_York",
        "source": "ip-api.com"
      },
      "geometry": {
        "type": "Point",
        "coordinates": [
          -74.0066,
          40.7126
        ]
      }
    },
    {
      "type": "Feature",
      "properties": {
        "ip": "199.232.37.140",
        "url": "https://www.redditstatic.com/shreddit/en-US/mod-notes-rail-container-client-js-c661caf5.js",
        "city": "New York",
        "region": "New York",
        "country": "United States",
        "org": "Fastly, Inc.",
        "timezone": "America/New_York",
        "source": "ip-api.com"
      },
      "geometry": {
        "type": "Point",
        "coordinates": [
          -74.0066,
          40.7126
        ]
      }
    },
    {
      "type": "Feature",
      "properties": {
        "ip": "199.232.37.140",
        "url": "https://www.redditstatic.com/shreddit/en-US/telemetry-6e79d2e0.js",
        "city": "New York",
        "region": "New York",
        "country": "United States",
        "org": "Fastly, Inc.",
        "timezone": "America/New_York",
        "source": "ip-api.com"
      },
      "geometry": {
        "type": "Point",
        "coordinates": [
          -74.0066,
          40.7126
        ]
      }
    },
    {
      "type": "Feature",
      "properties": {
        "ip": "199.232.37.140",
        "url": "https://www.redditstatic.com/shreddit/en-US/shreddit-stop-propagation-422aa210.js",
        "city": "New York",
        "region": "New York",
        "country": "United States",
        "org": "Fastly, Inc.",
        "timezone": "America/New_York",
        "source": "ip-api.com"
      },
      "geometry": {
        "type": "Point",
        "coordinates": [
          -74.0066,
          40.7126
        ]
      }
    },
    {
      "type": "Feature",
      "properties": {
        "ip": "199.232.37.140",
        "url": "https://styles.redditmedia.com/t5_1cdjpj/styles/profileIcon_h1av7abed6l91.jpg?width=64&height=64&frame=1&auto=webp&crop=&s=bad655b5b1e5e99b07f12ff3d869e6d769b80a33",
        "city": "New York",
        "region": "New York",
        "country": "United States",
        "org": "Fastly, Inc.",
        "timezone": "America/New_York",
        "source": "ip-api.com"
      },
      "geometry": {
        "type": "Point",
        "coordinates": [
          -74.0066,
          40.7126
        ]
      }
    },
    {
      "type": "Feature",
      "properties": {
        "ip": "199.232.37.140",
        "url": "https://www.redditstatic.com/shreddit/en-US/hui-user-drawer-client-js-cf7eef1f.js",
        "city": "New York",
        "region": "New York",
        "country": "United States",
        "org": "Fastly, Inc.",
        "timezone": "America/New_York",
        "source": "ip-api.com"
      },
      "geometry": {
        "type": "Point",
        "coordinates": [
          -74.0066,
          40.7126
        ]
      }
    },
    {
      "type": "Feature",
      "properties": {
        "ip": "199.232.37.140",
        "url": "https://www.redditstatic.com/shreddit/en-US/search-helpers-cf9f9baf.js",
        "city": "New York",
        "region": "New York",
        "country": "United States",
        "org": "Fastly, Inc.",
        "timezone": "America/New_York",
        "source": "ip-api.com"
      },
      "geometry": {
        "type": "Point",
        "coordinates": [
          -74.0066,
          40.7126
        ]
      }
    },
    {
      "type": "Feature",
      "properties": {
        "ip": "199.232.37.140",
        "url": "https://styles.redditmedia.com/t5_66zq15/styles/communityIcon_vkwisxemqj2f1.png?width=48&height=48&frame=1&auto=webp&crop=48:48,smart&s=8c730646947d4d0ac8c5d4fdf7d6f0158a42607c",
        "city": "New York",
        "region": "New York",
        "country": "United States",
        "org": "Fastly, Inc.",
        "timezone": "America/New_York",
        "source": "ip-api.com"
      },
      "geometry": {
        "type": "Point",
        "coordinates": [
          -74.0066,
          40.7126
        ]
      }
    },
    {
      "type": "Feature",
      "properties": {
        "ip": "199.232.37.140",
        "url": "https://www.redditstatic.com/shreddit/en-US/content-tags-75df8e86.js",
        "city": "New York",
        "region": "New York",
        "country": "United States",
        "org": "Fastly, Inc.",
        "timezone": "America/New_York",
        "source": "ip-api.com"
      },
      "geometry": {
        "type": "Point",
        "coordinates": [
          -74.0066,
          40.7126
        ]
      }
    },
    {
      "type": "Feature",
      "properties": {
        "ip": "199.232.37.140",
        "url": "https://www.redditstatic.com/shreddit/en-US/index-7bdcb0e2.js",
        "city": "New York",
        "region": "New York",
        "country": "United States",
        "org": "Fastly, Inc.",
        "timezone": "America/New_York",
        "source": "ip-api.com"
      },
      "geometry": {
        "type": "Point",
        "coordinates": [
          -74.0066,
          40.7126
        ]
      }
    },
    {
      "type": "Feature",
      "properties": {
        "ip": "199.232.37.140",
        "url": "https://emoji.redditmedia.com/5knu5pox1guz_t5_3nqvj/redditgold",
        "city": "New York",
        "region": "New York",
        "country": "United States",
        "org": "Fastly, Inc.",
        "timezone": "America/New_York",
        "source": "ip-api.com"
      },
      "geometry": {
        "type": "Point",
        "coordinates": [
          -74.0066,
          40.7126
        ]
      }
    },
    {
      "type": "Feature",
      "properties": {
        "ip": "199.232.37.140",
        "url": "https://preview.redd.it/what-i-see-vs-what-i-take-with-my-fujifilm-v0-7fpqb99oveff1.jpg?width=1080&crop=smart&auto=webp&s=e23c2098988246642aefbaf7955914c5ce064663",
        "city": "New York",
        "region": "New York",
        "country": "United States",
        "org": "Fastly, Inc.",
        "timezone": "America/New_York",
        "source": "ip-api.com"
      },
      "geometry": {
        "type": "Point",
        "coordinates": [
          -74.0066,
          40.7126
        ]
      }
    },
    {
      "type": "Feature",
      "properties": {
        "ip": "199.232.37.140",
        "url": "https://www.redditstatic.com/shreddit/en-US/list-item-header-e28eb6af.js",
        "city": "New York",
        "region": "New York",
        "country": "United States",
        "org": "Fastly, Inc.",
        "timezone": "America/New_York",
        "source": "ip-api.com"
      },
      "geometry": {
        "type": "Point",
        "coordinates": [
          -74.0066,
          40.7126
        ]
      }
    },
    {
      "type": "Feature",
      "properties": {
        "ip": "199.232.37.140",
        "url": "https://www.redditstatic.com/shreddit/en-US/guides-telemetry-fff17bbd.js",
        "city": "New York",
        "region": "New York",
        "country": "United States",
        "org": "Fastly, Inc.",
        "timezone": "America/New_York",
        "source": "ip-api.com"
      },
      "geometry": {
        "type": "Point",
        "coordinates": [
          -74.0066,
          40.7126
        ]
      }
    },
    {
      "type": "Feature",
      "properties": {
        "ip": "199.232.37.140",
        "url": "https://styles.redditmedia.com/t5_2tex6/styles/communityIcon_70ds7qqgfr8b1.png?width=48&height=48&frame=1&auto=webp&crop=48:48,smart&s=756e82ed79c09dd8fb3a78bdc03e5642740d3fdb",
        "city": "New York",
        "region": "New York",
        "country": "United States",
        "org": "Fastly, Inc.",
        "timezone": "America/New_York",
        "source": "ip-api.com"
      },
      "geometry": {
        "type": "Point",
        "coordinates": [
          -74.0066,
          40.7126
        ]
      }
    },
    {
      "type": "Feature",
      "properties": {
        "ip": "199.232.37.140",
        "url": "https://www.redditstatic.com/shreddit/en-US/create-post-entry-point-wrapper-8628e2de.js",
        "city": "New York",
        "region": "New York",
        "country": "United States",
        "org": "Fastly, Inc.",
        "timezone": "America/New_York",
        "source": "ip-api.com"
      },
      "geometry": {
        "type": "Point",
        "coordinates": [
          -74.0066,
          40.7126
        ]
      }
    },
    {
      "type": "Feature",
      "properties": {
        "ip": "199.232.37.140",
        "url": "https://www.redditstatic.com/shreddit/en-US/base-translator-ead55bd8.js",
        "city": "New York",
        "region": "New York",
        "country": "United States",
        "org": "Fastly, Inc.",
        "timezone": "America/New_York",
        "source": "ip-api.com"
      },
      "geometry": {
        "type": "Point",
        "coordinates": [
          -74.0066,
          40.7126
        ]
      }
    },
    {
      "type": "Feature",
      "properties": {
        "ip": "199.232.37.140",
        "url": "https://www.redditstatic.com/shreddit/en-US/shreddit-share-list-item-559bd51c.js",
        "city": "New York",
        "region": "New York",
        "country": "United States",
        "org": "Fastly, Inc.",
        "timezone": "America/New_York",
        "source": "ip-api.com"
      },
      "geometry": {
        "type": "Point",
        "coordinates": [
          -74.0066,
          40.7126
        ]
      }
    },
    {
      "type": "Feature",
      "properties": {
        "ip": "199.232.37.140",
        "url": "https://preview.redd.it/snoovatar/avatars/f2b2f413-8f7a-41e7-a1e5-90be6d6e3f56-headshot.png?width=64&height=64&auto=webp&s=052a3b8274ecc4cca4019427fbf3e6d535063bc3",
        "city": "New York",
        "region": "New York",
        "country": "United States",
        "org": "Fastly, Inc.",
        "timezone": "America/New_York",
        "source": "ip-api.com"
      },
      "geometry": {
        "type": "Point",
        "coordinates": [
          -74.0066,
          40.7126
        ]
      }
    },
    {
      "type": "Feature",
      "properties": {
        "ip": "199.232.37.140",
        "url": "https://www.redditstatic.com/shreddit/en-US/post-level-crowd-control-client-js-21c77495.js",
        "city": "New York",
        "region": "New York",
        "country": "United States",
        "org": "Fastly, Inc.",
        "timezone": "America/New_York",
        "source": "ip-api.com"
      },
      "geometry": {
        "type": "Point",
        "coordinates": [
          -74.0066,
          40.7126
        ]
      }
    },
    {
      "type": "Feature",
      "properties": {
        "ip": "199.232.37.140",
        "url": "https://matrix.redditspace.com/_matrix/client/v3/pushrules/",
        "city": "New York",
        "region": "New York",
        "country": "United States",
        "org": "Fastly, Inc.",
        "timezone": "America/New_York",
        "source": "ip-api.com"
      },
      "geometry": {
        "type": "Point",
        "coordinates": [
          -74.0066,
          40.7126
        ]
      }
    },
    {
      "type": "Feature",
      "properties": {
        "ip": "199.232.37.140",
        "url": "https://www.redditstatic.com/shreddit/en-US/all-chats-page-recommendations-client-js-4179657f.js",
        "city": "New York",
        "region": "New York",
        "country": "United States",
        "org": "Fastly, Inc.",
        "timezone": "America/New_York",
        "source": "ip-api.com"
      },
      "geometry": {
        "type": "Point",
        "coordinates": [
          -74.0066,
          40.7126
        ]
      }
    },
    {
      "type": "Feature",
      "properties": {
        "ip": "199.232.37.140",
        "url": "https://styles.redditmedia.com/t5_cbs25/styles/profileIcon_snoo-nftv2_bmZ0X2VpcDE1NToxMzdfYzhkM2EzYTgzYmRlNWRhZDA2ZDQzNjY5NGUzZTIyYWMzZTY0ZDU3N18yNzY4MTkx_rare_3b3ca2dc-4813-46ec-af63-77929ec94d64-headshot.png?width=64&height=64&frame=1&auto=webp&crop=&s=f0cf1f9e08b76efde50347f783455d48524e9f0b",
        "city": "New York",
        "region": "New York",
        "country": "United States",
        "org": "Fastly, Inc.",
        "timezone": "America/New_York",
        "source": "ip-api.com"
      },
      "geometry": {
        "type": "Point",
        "coordinates": [
          -74.0066,
          40.7126
        ]
      }
    },
    {
      "type": "Feature",
      "properties": {
        "ip": "199.232.37.140",
        "url": "https://styles.redditmedia.com/t5_3b9u5/styles/communityIcon_xnviax5yoahe1.png?width=48&height=48&frame=1&auto=webp&crop=48:48,smart&s=a608e97fcc648e33d4c7249a2bbbfd02e2417073",
        "city": "New York",
        "region": "New York",
        "country": "United States",
        "org": "Fastly, Inc.",
        "timezone": "America/New_York",
        "source": "ip-api.com"
      },
      "geometry": {
        "type": "Point",
        "coordinates": [
          -74.0066,
          40.7126
        ]
      }
    },
    {
      "type": "Feature",
      "properties": {
        "ip": "199.232.37.140",
        "url": "https://styles.redditmedia.com/t5_123v6k/styles/profileIcon_snooafff76ed-148d-47ed-bc86-45ac1279098b-headshot-f.png?width=64&height=64&frame=1&auto=webp&crop=&s=bdab0eae60005078f46a5cd133a628c67835c050",
        "city": "New York",
        "region": "New York",
        "country": "United States",
        "org": "Fastly, Inc.",
        "timezone": "America/New_York",
        "source": "ip-api.com"
      },
      "geometry": {
        "type": "Point",
        "coordinates": [
          -74.0066,
          40.7126
        ]
      }
    },
    {
      "type": "Feature",
      "properties": {
        "ip": "199.232.37.140",
        "url": "https://www.redditstatic.com/shreddit/en-US/index-f68435f2.js",
        "city": "New York",
        "region": "New York",
        "country": "United States",
        "org": "Fastly, Inc.",
        "timezone": "America/New_York",
        "source": "ip-api.com"
      },
      "geometry": {
        "type": "Point",
        "coordinates": [
          -74.0066,
          40.7126
        ]
      }
    },
    {
      "type": "Feature",
      "properties": {
        "ip": "199.232.37.140",
        "url": "https://styles.redditmedia.com/t5_5cl9v7/styles/profileIcon_snoo-nftv2_bmZ0X2VpcDE1NToxMzdfNDY2YTMzMDg4N2JkZjYyZDUzZjk2OGVhODI0NzkzMTUwZjA3NzYyZV8xNDE4ODI5_rare_d440b652-bb7b-40af-ac03-893380835184-headshot.png?width=128&height=128&frame=1&auto=webp&crop=&s=c281c57945aaa507ea1aad2a5e093e2c33789957",
        "city": "New York",
        "region": "New York",
        "country": "United States",
        "org": "Fastly, Inc.",
        "timezone": "America/New_York",
        "source": "ip-api.com"
      },
      "geometry": {
        "type": "Point",
        "coordinates": [
          -74.0066,
          40.7126
        ]
      }
    },
    {
      "type": "Feature",
      "properties": {
        "ip": "199.232.37.140",
        "url": "https://www.redditstatic.com/shreddit/en-US/faceplate-search-input-3770db52.js",
        "city": "New York",
        "region": "New York",
        "country": "United States",
        "org": "Fastly, Inc.",
        "timezone": "America/New_York",
        "source": "ip-api.com"
      },
      "geometry": {
        "type": "Point",
        "coordinates": [
          -74.0066,
          40.7126
        ]
      }
    },
    {
      "type": "Feature",
      "properties": {
        "ip": "199.232.37.140",
        "url": "https://www.redditstatic.com/shreddit/en-US/overflow-menu-actions-4b122977.js",
        "city": "New York",
        "region": "New York",
        "country": "United States",
        "org": "Fastly, Inc.",
        "timezone": "America/New_York",
        "source": "ip-api.com"
      },
      "geometry": {
        "type": "Point",
        "coordinates": [
          -74.0066,
          40.7126
        ]
      }
    },
    {
      "type": "Feature",
      "properties": {
        "ip": "199.232.37.140",
        "url": "https://www.redditstatic.com/shreddit/reddit-pro-promo-client-css-8de04c61.css",
        "city": "New York",
        "region": "New York",
        "country": "United States",
        "org": "Fastly, Inc.",
        "timezone": "America/New_York",
        "source": "ip-api.com"
      },
      "geometry": {
        "type": "Point",
        "coordinates": [
          -74.0066,
          40.7126
        ]
      }
    },
    {
      "type": "Feature",
      "properties": {
        "ip": "199.232.37.140",
        "url": "https://preview.redd.it/multigenerationaltechdebt-v0-w5g40ujys8gf1.jpeg?width=1080&crop=smart&auto=webp&s=d4180e63b3a1c513ac5288b3fbb419de9a6a5ad6",
        "city": "New York",
        "region": "New York",
        "country": "United States",
        "org": "Fastly, Inc.",
        "timezone": "America/New_York",
        "source": "ip-api.com"
      },
      "geometry": {
        "type": "Point",
        "coordinates": [
          -74.0066,
          40.7126
        ]
      }
    },
    {
      "type": "Feature",
      "properties": {
        "ip": "199.232.37.140",
        "url": "https://www.redditstatic.com/avatars/defaults/v2/avatar_default_1.png",
        "city": "New York",
        "region": "New York",
        "country": "United States",
        "org": "Fastly, Inc.",
        "timezone": "America/New_York",
        "source": "ip-api.com"
      },
      "geometry": {
        "type": "Point",
        "coordinates": [
          -74.0066,
          40.7126
        ]
      }
    },
    {
      "type": "Feature",
      "properties": {
        "ip": "199.232.37.140",
        "url": "https://emoji.redditmedia.com/nbv1idzmaezz_t5_3nqvj/snoo_feelsgoodman",
        "city": "New York",
        "region": "New York",
        "country": "United States",
        "org": "Fastly, Inc.",
        "timezone": "America/New_York",
        "source": "ip-api.com"
      },
      "geometry": {
        "type": "Point",
        "coordinates": [
          -74.0066,
          40.7126
        ]
      }
    },
    {
      "type": "Feature",
      "properties": {
        "ip": "199.232.37.140",
        "url": "https://www.reddit.com/svc/shreddit/update-recaptcha?k=aG9tZXxpbml0aWFsfDdiZTRlNDI4LTA4OGQtNGVmYS05M2VlLTUxOTA0YzRjNjdhOA",
        "city": "New York",
        "region": "New York",
        "country": "United States",
        "org": "Fastly, Inc.",
        "timezone": "America/New_York",
        "source": "ip-api.com"
      },
      "geometry": {
        "type": "Point",
        "coordinates": [
          -74.0066,
          40.7126
        ]
      }
    },
    {
      "type": "Feature",
      "properties": {
        "ip": "199.232.37.140",
        "url": "https://external-preview.redd.it/teacher-and-student-make-a-smoke-cannon-then-put-it-to-the-v0-unmYqMZzg-j0Ngh1ZzrlEpKTp1gqQDaYk-7-MWfG8oM.png?width=640&crop=smart&format=pjpg&auto=webp&s=be09c4e5fadcb95c8ef35ee06ed5c881c67db51c",
        "city": "New York",
        "region": "New York",
        "country": "United States",
        "org": "Fastly, Inc.",
        "timezone": "America/New_York",
        "source": "ip-api.com"
      },
      "geometry": {
        "type": "Point",
        "coordinates": [
          -74.0066,
          40.7126
        ]
      }
    },
    {
      "type": "Feature",
      "properties": {
        "ip": "199.232.37.140",
        "url": "https://styles.redditmedia.com/t5_3ndbi/styles/communityIcon_dj3wnw75ykdf1.jpg?width=48&height=48&frame=1&auto=webp&crop=48:48,smart&s=5202541309411bd0571ec72d62450cce7993ba79",
        "city": "New York",
        "region": "New York",
        "country": "United States",
        "org": "Fastly, Inc.",
        "timezone": "America/New_York",
        "source": "ip-api.com"
      },
      "geometry": {
        "type": "Point",
        "coordinates": [
          -74.0066,
          40.7126
        ]
      }
    },
    {
      "type": "Feature",
      "properties": {
        "ip": "199.232.37.140",
        "url": "https://preview.redd.it/take-down-the-ccp-v0-vxfghemezp7c1.jpg?width=640&crop=smart&auto=webp&s=27955a2617ac759920b4d85b96efef5438c78c3c",
        "city": "New York",
        "region": "New York",
        "country": "United States",
        "org": "Fastly, Inc.",
        "timezone": "America/New_York",
        "source": "ip-api.com"
      },
      "geometry": {
        "type": "Point",
        "coordinates": [
          -74.0066,
          40.7126
        ]
      }
    },
    {
      "type": "Feature",
      "properties": {
        "ip": "199.232.37.140",
        "url": "https://matrix.redditspace.com/_matrix/client/v3/account/whoami",
        "city": "New York",
        "region": "New York",
        "country": "United States",
        "org": "Fastly, Inc.",
        "timezone": "America/New_York",
        "source": "ip-api.com"
      },
      "geometry": {
        "type": "Point",
        "coordinates": [
          -74.0066,
          40.7126
        ]
      }
    },
    {
      "type": "Feature",
      "properties": {
        "ip": "199.232.37.140",
        "url": "https://www.redditstatic.com/shreddit/en-US/subreddit-posting-eligibility-modal-client-js-7c65396a.js",
        "city": "New York",
        "region": "New York",
        "country": "United States",
        "org": "Fastly, Inc.",
        "timezone": "America/New_York",
        "source": "ip-api.com"
      },
      "geometry": {
        "type": "Point",
        "coordinates": [
          -74.0066,
          40.7126
        ]
      }
    },
    {
      "type": "Feature",
      "properties": {
        "ip": "199.232.37.140",
        "url": "https://emoji.redditmedia.com/mv60bklq1guz_t5_3nqvj/illuminati",
        "city": "New York",
        "region": "New York",
        "country": "United States",
        "org": "Fastly, Inc.",
        "timezone": "America/New_York",
        "source": "ip-api.com"
      },
      "geometry": {
        "type": "Point",
        "coordinates": [
          -74.0066,
          40.7126
        ]
      }
    },
    {
      "type": "Feature",
      "properties": {
        "ip": "199.232.37.140",
        "url": "https://styles.redditmedia.com/t5_5cl9v7/styles/profileIcon_snoo-nftv2_bmZ0X2VpcDE1NToxMzdfNDY2YTMzMDg4N2JkZjYyZDUzZjk2OGVhODI0NzkzMTUwZjA3NzYyZV8xNDE4ODI5_rare_d440b652-bb7b-40af-ac03-893380835184-headshot.png?width=256&height=256&frame=1&auto=webp&crop=&s=fd2a3f1224275911048d658dba8d4ec64ddc3b6c",
        "city": "New York",
        "region": "New York",
        "country": "United States",
        "org": "Fastly, Inc.",
        "timezone": "America/New_York",
        "source": "ip-api.com"
      },
      "geometry": {
        "type": "Point",
        "coordinates": [
          -74.0066,
          40.7126
        ]
      }
    },
    {
      "type": "Feature",
      "properties": {
        "ip": "199.232.37.140",
        "url": "https://alb.reddit.com/skatepark?IDLT=XY1550sPcZEAjLv-9f1kXJbnCDMPJuHMd5L3KJu0uyy81DicA",
        "city": "New York",
        "region": "New York",
        "country": "United States",
        "org": "Fastly, Inc.",
        "timezone": "America/New_York",
        "source": "ip-api.com"
      },
      "geometry": {
        "type": "Point",
        "coordinates": [
          -74.0066,
          40.7126
        ]
      }
    },
    {
      "type": "Feature",
      "properties": {
        "ip": "199.232.37.140",
        "url": "https://www.redditstatic.com/shreddit/en-US/comment-preview-unit-client-js-897bfae7.js",
        "city": "New York",
        "region": "New York",
        "country": "United States",
        "org": "Fastly, Inc.",
        "timezone": "America/New_York",
        "source": "ip-api.com"
      },
      "geometry": {
        "type": "Point",
        "coordinates": [
          -74.0066,
          40.7126
        ]
      }
    },
    {
      "type": "Feature",
      "properties": {
        "ip": "199.232.37.140",
        "url": "https://www.redditstatic.com/shreddit/en-US/faceplate-auto-height-animator-a2e994b6.js",
        "city": "New York",
        "region": "New York",
        "country": "United States",
        "org": "Fastly, Inc.",
        "timezone": "America/New_York",
        "source": "ip-api.com"
      },
      "geometry": {
        "type": "Point",
        "coordinates": [
          -74.0066,
          40.7126
        ]
      }
    },
    {
      "type": "Feature",
      "properties": {
        "ip": "199.232.37.140",
        "url": "https://www.reddit.com/svc/shreddit/partial/kvBblQ/mod-content-actions",
        "city": "New York",
        "region": "New York",
        "country": "United States",
        "org": "Fastly, Inc.",
        "timezone": "America/New_York",
        "source": "ip-api.com"
      },
      "geometry": {
        "type": "Point",
        "coordinates": [
          -74.0066,
          40.7126
        ]
      }
    },
    {
      "type": "Feature",
      "properties": {
        "ip": "199.232.37.140",
        "url": "https://www.reddit.com/svc/shreddit/partial/BCxws8/banned-user-banner?params=username%3DNorth-Respect-1391&sig=v1.6cnAgmB5uK2cjKWGscaTGI008XyffrPYUUVLeCd6xp4",
        "city": "New York",
        "region": "New York",
        "country": "United States",
        "org": "Fastly, Inc.",
        "timezone": "America/New_York",
        "source": "ip-api.com"
      },
      "geometry": {
        "type": "Point",
        "coordinates": [
          -74.0066,
          40.7126
        ]
      }
    },
    {
      "type": "Feature",
      "properties": {
        "ip": "199.232.37.140",
        "url": "https://www.redditstatic.com/shreddit/en-US/community-spotlight-client-js-e90f92ff.js",
        "city": "New York",
        "region": "New York",
        "country": "United States",
        "org": "Fastly, Inc.",
        "timezone": "America/New_York",
        "source": "ip-api.com"
      },
      "geometry": {
        "type": "Point",
        "coordinates": [
          -74.0066,
          40.7126
        ]
      }
    },
    {
      "type": "Feature",
      "properties": {
        "ip": "199.232.37.140",
        "url": "https://www.redditstatic.com/shreddit/en-US/with-post-actions-3d17d259.js",
        "city": "New York",
        "region": "New York",
        "country": "United States",
        "org": "Fastly, Inc.",
        "timezone": "America/New_York",
        "source": "ip-api.com"
      },
      "geometry": {
        "type": "Point",
        "coordinates": [
          -74.0066,
          40.7126
        ]
      }
    },
    {
      "type": "Feature",
      "properties": {
        "ip": "199.232.37.140",
        "url": "https://www.redditstatic.com/shreddit/en-US/click-location-tracker-513e04c5.js",
        "city": "New York",
        "region": "New York",
        "country": "United States",
        "org": "Fastly, Inc.",
        "timezone": "America/New_York",
        "source": "ip-api.com"
      },
      "geometry": {
        "type": "Point",
        "coordinates": [
          -74.0066,
          40.7126
        ]
      }
    },
    {
      "type": "Feature",
      "properties": {
        "ip": "199.232.37.140",
        "url": "https://www.redditstatic.com/shreddit/en-US/community-widget-edit-modal-aed011bf.js",
        "city": "New York",
        "region": "New York",
        "country": "United States",
        "org": "Fastly, Inc.",
        "timezone": "America/New_York",
        "source": "ip-api.com"
      },
      "geometry": {
        "type": "Point",
        "coordinates": [
          -74.0066,
          40.7126
        ]
      }
    },
    {
      "type": "Feature",
      "properties": {
        "ip": "199.232.37.140",
        "url": "https://www.redditstatic.com/shreddit/en-US/models-4692df55.js",
        "city": "New York",
        "region": "New York",
        "country": "United States",
        "org": "Fastly, Inc.",
        "timezone": "America/New_York",
        "source": "ip-api.com"
      },
      "geometry": {
        "type": "Point",
        "coordinates": [
          -74.0066,
          40.7126
        ]
      }
    },
    {
      "type": "Feature",
      "properties": {
        "ip": "199.232.37.140",
        "url": "https://www.redditstatic.com/shreddit/en-US/feeds-e3bd89b1.js",
        "city": "New York",
        "region": "New York",
        "country": "United States",
        "org": "Fastly, Inc.",
        "timezone": "America/New_York",
        "source": "ip-api.com"
      },
      "geometry": {
        "type": "Point",
        "coordinates": [
          -74.0066,
          40.7126
        ]
      }
    },
    {
      "type": "Feature",
      "properties": {
        "ip": "199.232.37.140",
        "url": "https://www.redditstatic.com/shreddit/en-US/community-author-flair-client-js-d0047326.js",
        "city": "New York",
        "region": "New York",
        "country": "United States",
        "org": "Fastly, Inc.",
        "timezone": "America/New_York",
        "source": "ip-api.com"
      },
      "geometry": {
        "type": "Point",
        "coordinates": [
          -74.0066,
          40.7126
        ]
      }
    },
    {
      "type": "Feature",
      "properties": {
        "ip": "199.232.37.140",
        "url": "https://styles.redditmedia.com/t5_2qq0v/styles/bannerBackgroundImage_ppf543hw2jd51.JPG?width=1920&frame=1&auto=webp&s=2bc25b9db6c1d901c8f77bb546d0b730ab069bd7",
        "city": "New York",
        "region": "New York",
        "country": "United States",
        "org": "Fastly, Inc.",
        "timezone": "America/New_York",
        "source": "ip-api.com"
      },
      "geometry": {
        "type": "Point",
        "coordinates": [
          -74.0066,
          40.7126
        ]
      }
    },
    {
      "type": "Feature",
      "properties": {
        "ip": "199.232.37.140",
        "url": "https://preview.redd.it/what-i-see-vs-what-i-take-with-my-fujifilm-v0-3oi0t89oveff1.jpg?width=1080&crop=smart&auto=webp&s=8ddda2385a2c1c9bdb78c56e924bee736eb36b1e",
        "city": "New York",
        "region": "New York",
        "country": "United States",
        "org": "Fastly, Inc.",
        "timezone": "America/New_York",
        "source": "ip-api.com"
      },
      "geometry": {
        "type": "Point",
        "coordinates": [
          -74.0066,
          40.7126
        ]
      }
    },
    {
      "type": "Feature",
      "properties": {
        "ip": "199.232.37.140",
        "url": "https://www.redditstatic.com/shreddit/en-US/keywords-39a1e365.js",
        "city": "New York",
        "region": "New York",
        "country": "United States",
        "org": "Fastly, Inc.",
        "timezone": "America/New_York",
        "source": "ip-api.com"
      },
      "geometry": {
        "type": "Point",
        "coordinates": [
          -74.0066,
          40.7126
        ]
      }
    },
    {
      "type": "Feature",
      "properties": {
        "ip": "199.232.37.140",
        "url": "https://www.redditstatic.com/shreddit/en-US/profile-header-client-js-406a4f39.js",
        "city": "New York",
        "region": "New York",
        "country": "United States",
        "org": "Fastly, Inc.",
        "timezone": "America/New_York",
        "source": "ip-api.com"
      },
      "geometry": {
        "type": "Point",
        "coordinates": [
          -74.0066,
          40.7126
        ]
      }
    },
    {
      "type": "Feature",
      "properties": {
        "ip": "199.232.37.140",
        "url": "https://www.redditstatic.com/shreddit/en-US/reddit-pro-profile-card-client-js-7c65396a.js",
        "city": "New York",
        "region": "New York",
        "country": "United States",
        "org": "Fastly, Inc.",
        "timezone": "America/New_York",
        "source": "ip-api.com"
      },
      "geometry": {
        "type": "Point",
        "coordinates": [
          -74.0066,
          40.7126
        ]
      }
    },
    {
      "type": "Feature",
      "properties": {
        "ip": "199.232.37.140",
        "url": "https://external-preview.redd.it/getting-ready-for-the-golden-globes-ig-january-2025-v0-bHZnYmJtYWJxbGJlMS3BqAsJ0d238kp001mzXk-S6ay23hP0qsZ3iQbVManp.png?width=640&crop=smart&format=pjpg&auto=webp&s=a9ff66133c889622be59627aaaa3c20b03c82409",
        "city": "New York",
        "region": "New York",
        "country": "United States",
        "org": "Fastly, Inc.",
        "timezone": "America/New_York",
        "source": "ip-api.com"
      },
      "geometry": {
        "type": "Point",
        "coordinates": [
          -74.0066,
          40.7126
        ]
      }
    },
    {
      "type": "Feature",
      "properties": {
        "ip": "199.232.37.140",
        "url": "https://www.redditstatic.com/shreddit/en-US/sidebar-ad-client-js-a8bbc3c4.js",
        "city": "New York",
        "region": "New York",
        "country": "United States",
        "org": "Fastly, Inc.",
        "timezone": "America/New_York",
        "source": "ip-api.com"
      },
      "geometry": {
        "type": "Point",
        "coordinates": [
          -74.0066,
          40.7126
        ]
      }
    },
    {
      "type": "Feature",
      "properties": {
        "ip": "199.232.37.140",
        "url": "https://www.redditstatic.com/shreddit/en-US/devvit-left-nav-badge-client-js-759cc8f9.js",
        "city": "New York",
        "region": "New York",
        "country": "United States",
        "org": "Fastly, Inc.",
        "timezone": "America/New_York",
        "source": "ip-api.com"
      },
      "geometry": {
        "type": "Point",
        "coordinates": [
          -74.0066,
          40.7126
        ]
      }
    },
    {
      "type": "Feature",
      "properties": {
        "ip": "199.232.37.140",
        "url": "https://www.redditstatic.com/shreddit/en-US/flex-left-nav-container-961605ca.js",
        "city": "New York",
        "region": "New York",
        "country": "United States",
        "org": "Fastly, Inc.",
        "timezone": "America/New_York",
        "source": "ip-api.com"
      },
      "geometry": {
        "type": "Point",
        "coordinates": [
          -74.0066,
          40.7126
        ]
      }
    },
    {
      "type": "Feature",
      "properties": {
        "ip": "199.232.37.140",
        "url": "https://www.redditstatic.com/avatars/defaults/v2/avatar_default_0.png",
        "city": "New York",
        "region": "New York",
        "country": "United States",
        "org": "Fastly, Inc.",
        "timezone": "America/New_York",
        "source": "ip-api.com"
      },
      "geometry": {
        "type": "Point",
        "coordinates": [
          -74.0066,
          40.7126
        ]
      }
    },
    {
      "type": "Feature",
      "properties": {
        "ip": "199.232.37.140",
        "url": "https://www.redditstatic.com/shreddit/en-US/profile-left-nav-client-js-8fd3c167.js",
        "city": "New York",
        "region": "New York",
        "country": "United States",
        "org": "Fastly, Inc.",
        "timezone": "America/New_York",
        "source": "ip-api.com"
      },
      "geometry": {
        "type": "Point",
        "coordinates": [
          -74.0066,
          40.7126
        ]
      }
    },
    {
      "type": "Feature",
      "properties": {
        "ip": "199.232.37.140",
        "url": "https://www.redditstatic.com/shreddit/en-US/shreddit-pubsub-publisher-c4848148.js",
        "city": "New York",
        "region": "New York",
        "country": "United States",
        "org": "Fastly, Inc.",
        "timezone": "America/New_York",
        "source": "ip-api.com"
      },
      "geometry": {
        "type": "Point",
        "coordinates": [
          -74.0066,
          40.7126
        ]
      }
    },
    {
      "type": "Feature",
      "properties": {
        "ip": "199.232.37.140",
        "url": "https://www.redditstatic.com/shreddit/en-US/flair-editor-97f6fd18.js",
        "city": "New York",
        "region": "New York",
        "country": "United States",
        "org": "Fastly, Inc.",
        "timezone": "America/New_York",
        "source": "ip-api.com"
      },
      "geometry": {
        "type": "Point",
        "coordinates": [
          -74.0066,
          40.7126
        ]
      }
    },
    {
      "type": "Feature",
      "properties": {
        "ip": "199.232.37.140",
        "url": "https://styles.redditmedia.com/t5_3bp11/styles/communityIcon_49etsb2hs4r51.jpg?width=48&height=48&frame=1&auto=webp&crop=48:48,smart&s=aaafe5b3c97102bdafd12deb5f3d2ee878397a4d",
        "city": "New York",
        "region": "New York",
        "country": "United States",
        "org": "Fastly, Inc.",
        "timezone": "America/New_York",
        "source": "ip-api.com"
      },
      "geometry": {
        "type": "Point",
        "coordinates": [
          -74.0066,
          40.7126
        ]
      }
    },
    {
      "type": "Feature",
      "properties": {
        "ip": "199.232.37.140",
        "url": "https://www.reddit.com/svc/shreddit/styling-overrides/?context=scoped",
        "city": "New York",
        "region": "New York",
        "country": "United States",
        "org": "Fastly, Inc.",
        "timezone": "America/New_York",
        "source": "ip-api.com"
      },
      "geometry": {
        "type": "Point",
        "coordinates": [
          -74.0066,
          40.7126
        ]
      }
    },
    {
      "type": "Feature",
      "properties": {
        "ip": "199.232.37.140",
        "url": "https://www.redditstatic.com/shreddit/en-US/shreddit-feed-ee422f03.js",
        "city": "New York",
        "region": "New York",
        "country": "United States",
        "org": "Fastly, Inc.",
        "timezone": "America/New_York",
        "source": "ip-api.com"
      },
      "geometry": {
        "type": "Point",
        "coordinates": [
          -74.0066,
          40.7126
        ]
      }
    },
    {
      "type": "Feature",
      "properties": {
        "ip": "199.232.37.140",
        "url": "https://www.redditstatic.com/shreddit/en-US/icon-users-fill-14cb5953.js",
        "city": "New York",
        "region": "New York",
        "country": "United States",
        "org": "Fastly, Inc.",
        "timezone": "America/New_York",
        "source": "ip-api.com"
      },
      "geometry": {
        "type": "Point",
        "coordinates": [
          -74.0066,
          40.7126
        ]
      }
    },
    {
      "type": "Feature",
      "properties": {
        "ip": "199.232.37.140",
        "url": "https://www.redditstatic.com/shreddit/en-US/reddit-header-action-items-e1ccb9b9.js",
        "city": "New York",
        "region": "New York",
        "country": "United States",
        "org": "Fastly, Inc.",
        "timezone": "America/New_York",
        "source": "ip-api.com"
      },
      "geometry": {
        "type": "Point",
        "coordinates": [
          -74.0066,
          40.7126
        ]
      }
    },
    {
      "type": "Feature",
      "properties": {
        "ip": "199.232.37.140",
        "url": "https://www.redditstatic.com/shreddit/en-US/home-feed-client-js-3e9e05c8.js",
        "city": "New York",
        "region": "New York",
        "country": "United States",
        "org": "Fastly, Inc.",
        "timezone": "America/New_York",
        "source": "ip-api.com"
      },
      "geometry": {
        "type": "Point",
        "coordinates": [
          -74.0066,
          40.7126
        ]
      }
    },
    {
      "type": "Feature",
      "properties": {
        "ip": "199.232.37.140",
        "url": "https://www.redditstatic.com/shreddit/en-US/previous-actions-client-js-a813551c.js",
        "city": "New York",
        "region": "New York",
        "country": "United States",
        "org": "Fastly, Inc.",
        "timezone": "America/New_York",
        "source": "ip-api.com"
      },
      "geometry": {
        "type": "Point",
        "coordinates": [
          -74.0066,
          40.7126
        ]
      }
    },
    {
      "type": "Feature",
      "properties": {
        "ip": "199.232.37.140",
        "url": "https://www.reddit.com/svc/shreddit/update-recaptcha?k=cHJvZmlsZV9vdmVydmlld3xpbml0aWFsfDhmM2JkYmM3LWYxNDAtNDliNi1iZTVjLWYzYzY5ODcwNDU1Yg",
        "city": "New York",
        "region": "New York",
        "country": "United States",
        "org": "Fastly, Inc.",
        "timezone": "America/New_York",
        "source": "ip-api.com"
      },
      "geometry": {
        "type": "Point",
        "coordinates": [
          -74.0066,
          40.7126
        ]
      }
    },
    {
      "type": "Feature",
      "properties": {
        "ip": "199.232.37.140",
        "url": "https://www.redditstatic.com/shreddit/en-US/left-nav-top-section-556fea4f.js",
        "city": "New York",
        "region": "New York",
        "country": "United States",
        "org": "Fastly, Inc.",
        "timezone": "America/New_York",
        "source": "ip-api.com"
      },
      "geometry": {
        "type": "Point",
        "coordinates": [
          -74.0066,
          40.7126
        ]
      }
    },
    {
      "type": "Feature",
      "properties": {
        "ip": "199.232.37.140",
        "url": "https://www.redditstatic.com/shreddit/en-US/smart-escalations-provider-client-js-277bff14.js",
        "city": "New York",
        "region": "New York",
        "country": "United States",
        "org": "Fastly, Inc.",
        "timezone": "America/New_York",
        "source": "ip-api.com"
      },
      "geometry": {
        "type": "Point",
        "coordinates": [
          -74.0066,
          40.7126
        ]
      }
    },
    {
      "type": "Feature",
      "properties": {
        "ip": "199.232.37.140",
        "url": "https://www.redditstatic.com/shreddit/en-US/highlight-post-client-js-ace16ffb.js",
        "city": "New York",
        "region": "New York",
        "country": "United States",
        "org": "Fastly, Inc.",
        "timezone": "America/New_York",
        "source": "ip-api.com"
      },
      "geometry": {
        "type": "Point",
        "coordinates": [
          -74.0066,
          40.7126
        ]
      }
    },
    {
      "type": "Feature",
      "properties": {
        "ip": "199.232.37.140",
        "url": "https://styles.redditmedia.com/t5_2mi5w1/styles/profileIcon_snoob77951ca-3bbd-4ac8-8f0e-fbc5060499f5-headshot.png?width=128&height=128&frame=1&auto=webp&crop=&s=25ac2a778fb54f0840deb48d86fd388e23fc95bb",
        "city": "New York",
        "region": "New York",
        "country": "United States",
        "org": "Fastly, Inc.",
        "timezone": "America/New_York",
        "source": "ip-api.com"
      },
      "geometry": {
        "type": "Point",
        "coordinates": [
          -74.0066,
          40.7126
        ]
      }
    },
    {
      "type": "Feature",
      "properties": {
        "ip": "199.232.37.140",
        "url": "https://styles.redditmedia.com/t5_40iq01/styles/profileIcon_snoo83cda3ae-b5dd-4567-b718-6ca68b435811-headshot.png?width=128&height=128&frame=1&auto=webp&crop=&s=043bc6af76d6a8257d99b59b8cc1299800c1e766",
        "city": "New York",
        "region": "New York",
        "country": "United States",
        "org": "Fastly, Inc.",
        "timezone": "America/New_York",
        "source": "ip-api.com"
      },
      "geometry": {
        "type": "Point",
        "coordinates": [
          -74.0066,
          40.7126
        ]
      }
    },
    {
      "type": "Feature",
      "properties": {
        "ip": "199.232.37.140",
        "url": "https://i.redd.it/snoovatar/avatars/52e7dcc5-5788-45aa-9cae-8bb80f505e29.png",
        "city": "New York",
        "region": "New York",
        "country": "United States",
        "org": "Fastly, Inc.",
        "timezone": "America/New_York",
        "source": "ip-api.com"
      },
      "geometry": {
        "type": "Point",
        "coordinates": [
          -74.0066,
          40.7126
        ]
      }
    },
    {
      "type": "Feature",
      "properties": {
        "ip": "199.232.37.140",
        "url": "https://preview.redd.it/lcrx00816bgf1.gif?blur=40&format=png8&s=c31ce293887c0fbe6fb8678268c55b265e3ee0f2",
        "city": "New York",
        "region": "New York",
        "country": "United States",
        "org": "Fastly, Inc.",
        "timezone": "America/New_York",
        "source": "ip-api.com"
      },
      "geometry": {
        "type": "Point",
        "coordinates": [
          -74.0066,
          40.7126
        ]
      }
    },
    {
      "type": "Feature",
      "properties": {
        "ip": "199.232.37.140",
        "url": "https://www.redditstatic.com/shreddit/en-US/shreddit-media-lightbox-listener-1eb48ab4.js",
        "city": "New York",
        "region": "New York",
        "country": "United States",
        "org": "Fastly, Inc.",
        "timezone": "America/New_York",
        "source": "ip-api.com"
      },
      "geometry": {
        "type": "Point",
        "coordinates": [
          -74.0066,
          40.7126
        ]
      }
    },
    {
      "type": "Feature",
      "properties": {
        "ip": "199.232.37.140",
        "url": "https://www.reddit.com/svc/shreddit/hamburger-menu",
        "city": "New York",
        "region": "New York",
        "country": "United States",
        "org": "Fastly, Inc.",
        "timezone": "America/New_York",
        "source": "ip-api.com"
      },
      "geometry": {
        "type": "Point",
        "coordinates": [
          -74.0066,
          40.7126
        ]
      }
    },
    {
      "type": "Feature",
      "properties": {
        "ip": "199.232.37.140",
        "url": "https://styles.redditmedia.com/t5_4qnq51/styles/profileIcon_snoo5858b3ba-084a-4989-ad30-d779a1522238-headshot.png?width=64&height=64&frame=1&auto=webp&crop=&s=4d4ef54323a83a3543427723af08728496c038e9",
        "city": "New York",
        "region": "New York",
        "country": "United States",
        "org": "Fastly, Inc.",
        "timezone": "America/New_York",
        "source": "ip-api.com"
      },
      "geometry": {
        "type": "Point",
        "coordinates": [
          -74.0066,
          40.7126
        ]
      }
    },
    {
      "type": "Feature",
      "properties": {
        "ip": "199.232.37.140",
        "url": "https://external-preview.redd.it/alexandra-daddario-v0-cW9iOG00em16OTVlMaTSSGEROlj51xzli2l9PKHY-c9DC4-c0Iu62e80ORHJ.png?format=pjpg&auto=webp&s=3d57d1259b98d9a78457988c99dbb7ddceb04b0f",
        "city": "New York",
        "region": "New York",
        "country": "United States",
        "org": "Fastly, Inc.",
        "timezone": "America/New_York",
        "source": "ip-api.com"
      },
      "geometry": {
        "type": "Point",
        "coordinates": [
          -74.0066,
          40.7126
        ]
      }
    },
    {
      "type": "Feature",
      "properties": {
        "ip": "199.232.37.140",
        "url": "https://www.redditstatic.com/shreddit/en-US/recommendation-context-overflow-menu-a4af892d.js",
        "city": "New York",
        "region": "New York",
        "country": "United States",
        "org": "Fastly, Inc.",
        "timezone": "America/New_York",
        "source": "ip-api.com"
      },
      "geometry": {
        "type": "Point",
        "coordinates": [
          -74.0066,
          40.7126
        ]
      }
    },
    {
      "type": "Feature",
      "properties": {
        "ip": "199.232.37.140",
        "url": "https://www.redditstatic.com/shreddit/en-US/faceplate-bottom-sheet-header-2809dd97.js",
        "city": "New York",
        "region": "New York",
        "country": "United States",
        "org": "Fastly, Inc.",
        "timezone": "America/New_York",
        "source": "ip-api.com"
      },
      "geometry": {
        "type": "Point",
        "coordinates": [
          -74.0066,
          40.7126
        ]
      }
    },
    {
      "type": "Feature",
      "properties": {
        "ip": "199.232.37.140",
        "url": "https://www.redditstatic.com/shreddit/en-US/unicode-utils-577726f5.js",
        "city": "New York",
        "region": "New York",
        "country": "United States",
        "org": "Fastly, Inc.",
        "timezone": "America/New_York",
        "source": "ip-api.com"
      },
      "geometry": {
        "type": "Point",
        "coordinates": [
          -74.0066,
          40.7126
        ]
      }
    },
    {
      "type": "Feature",
      "properties": {
        "ip": "199.232.37.140",
        "url": "https://www.redditstatic.com/shreddit/en-US/utils-fa864392.js",
        "city": "New York",
        "region": "New York",
        "country": "United States",
        "org": "Fastly, Inc.",
        "timezone": "America/New_York",
        "source": "ip-api.com"
      },
      "geometry": {
        "type": "Point",
        "coordinates": [
          -74.0066,
          40.7126
        ]
      }
    },
    {
      "type": "Feature",
      "properties": {
        "ip": "199.232.37.140",
        "url": "https://preview.redd.it/what-i-see-vs-what-i-take-with-my-fujifilm-v0-6tr7lf9oveff1.jpg?width=1080&crop=smart&auto=webp&s=054ad21147ab5d9c5ede9879a507d17517b1c064",
        "city": "New York",
        "region": "New York",
        "country": "United States",
        "org": "Fastly, Inc.",
        "timezone": "America/New_York",
        "source": "ip-api.com"
      },
      "geometry": {
        "type": "Point",
        "coordinates": [
          -74.0066,
          40.7126
        ]
      }
    },
    {
      "type": "Feature",
      "properties": {
        "ip": "199.232.37.140",
        "url": "https://styles.redditmedia.com/t5_2qhul/styles/communityIcon_iau0r5x9zyna1.png",
        "city": "New York",
        "region": "New York",
        "country": "United States",
        "org": "Fastly, Inc.",
        "timezone": "America/New_York",
        "source": "ip-api.com"
      },
      "geometry": {
        "type": "Point",
        "coordinates": [
          -74.0066,
          40.7126
        ]
      }
    },
    {
      "type": "Feature",
      "properties": {
        "ip": "199.232.37.140",
        "url": "https://www.redditstatic.com/shreddit/en-US/header-action-item-inbox-client-js-2f9a17d0.js",
        "city": "New York",
        "region": "New York",
        "country": "United States",
        "org": "Fastly, Inc.",
        "timezone": "America/New_York",
        "source": "ip-api.com"
      },
      "geometry": {
        "type": "Point",
        "coordinates": [
          -74.0066,
          40.7126
        ]
      }
    },
    {
      "type": "Feature",
      "properties": {
        "ip": "199.232.37.140",
        "url": "https://www.redditstatic.com/shreddit/en-US/routing-21e09ffa.js",
        "city": "New York",
        "region": "New York",
        "country": "United States",
        "org": "Fastly, Inc.",
        "timezone": "America/New_York",
        "source": "ip-api.com"
      },
      "geometry": {
        "type": "Point",
        "coordinates": [
          -74.0066,
          40.7126
        ]
      }
    },
    {
      "type": "Feature",
      "properties": {
        "ip": "199.232.37.140",
        "url": "https://www.redditstatic.com/shreddit/en-US/listing-purchase-step-client-js-75b52dff.js",
        "city": "New York",
        "region": "New York",
        "country": "United States",
        "org": "Fastly, Inc.",
        "timezone": "America/New_York",
        "source": "ip-api.com"
      },
      "geometry": {
        "type": "Point",
        "coordinates": [
          -74.0066,
          40.7126
        ]
      }
    },
    {
      "type": "Feature",
      "properties": {
        "ip": "199.232.37.140",
        "url": "https://www.reddit.com/r/columbia/",
        "city": "New York",
        "region": "New York",
        "country": "United States",
        "org": "Fastly, Inc.",
        "timezone": "America/New_York",
        "source": "ip-api.com"
      },
      "geometry": {
        "type": "Point",
        "coordinates": [
          -74.0066,
          40.7126
        ]
      }
    },
    {
      "type": "Feature",
      "properties": {
        "ip": "199.232.37.140",
        "url": "https://external-preview.redd.it/%E5%B7%9D%E6%99%AE%E8%A1%A8%E7%A4%BA-%E5%A6%82%E6%9E%9C%E4%BB%96%E5%86%8D%E6%AC%A1%E5%BD%93%E9%80%89%E7%BE%8E%E5%9B%BD%E6%80%BB%E7%BB%9F-%E5%B0%86%E5%8A%A8%E7%94%A8%E6%89%80%E6%9C%89%E5%BF%85%E8%A6%81%E7%9A%84%E5%B7%9E-%E5%9C%B0%E6%96%B9-%E8%81%94%E9%82%A6%E5%92%8C%E5%86%9B%E4%BA%8B%E8%B5%84%E6%BA%90-%E5%BC%80%E5%B1%95%E7%BE%8E%E5%9B%BD%E5%8E%86%E5%8F%B2%E4%B8%8A%E6%9C%80%E5%A4%A7%E8%A7%84%E6%A8%A1%E7%9A%84%E5%9B%BD%E5%86%85%E9%A9%B1%E9%80%90-%E9%9D%9E%E6%B3%95%E7%A7%BB%E6%B0%91-v0-dnVoM2o4ajUzMmhiMYv43dRRON0BSfWctRBiGfM2hAQQTBatP2mgOlkLnUhZ.png?width=640&crop=smart&format=pjpg&auto=webp&s=47f7aa7a3c36f57f5dcd45f8fe12c32d09f75528",
        "city": "New York",
        "region": "New York",
        "country": "United States",
        "org": "Fastly, Inc.",
        "timezone": "America/New_York",
        "source": "ip-api.com"
      },
      "geometry": {
        "type": "Point",
        "coordinates": [
          -74.0066,
          40.7126
        ]
      }
    },
    {
      "type": "Feature",
      "properties": {
        "ip": "199.232.37.140",
        "url": "https://www.redditstatic.com/shreddit/en-US/lifetime-stats-client-js-ecb9aade.js",
        "city": "New York",
        "region": "New York",
        "country": "United States",
        "org": "Fastly, Inc.",
        "timezone": "America/New_York",
        "source": "ip-api.com"
      },
      "geometry": {
        "type": "Point",
        "coordinates": [
          -74.0066,
          40.7126
        ]
      }
    },
    {
      "type": "Feature",
      "properties": {
        "ip": "199.232.37.140",
        "url": "https://external-preview.redd.it/knee-stabilizer-support-gel-pads-v0--VPdg5YD5x2gBbbF5Vtu-BRnDvzrmMbqYdmXtrs4FYU.png?width=640&crop=smart&format=pjpg&auto=webp&s=bc448612f3b488cfb9c4762bd0bb373cb6c9d1d1",
        "city": "New York",
        "region": "New York",
        "country": "United States",
        "org": "Fastly, Inc.",
        "timezone": "America/New_York",
        "source": "ip-api.com"
      },
      "geometry": {
        "type": "Point",
        "coordinates": [
          -74.0066,
          40.7126
        ]
      }
    },
    {
      "type": "Feature",
      "properties": {
        "ip": "199.232.37.140",
        "url": "https://www.redditstatic.com/shreddit/en-US/search-hero-client-js-3e2080f9.js",
        "city": "New York",
        "region": "New York",
        "country": "United States",
        "org": "Fastly, Inc.",
        "timezone": "America/New_York",
        "source": "ip-api.com"
      },
      "geometry": {
        "type": "Point",
        "coordinates": [
          -74.0066,
          40.7126
        ]
      }
    },
    {
      "type": "Feature",
      "properties": {
        "ip": "199.232.37.140",
        "url": "https://www.redditstatic.com/shreddit/en-US/shreddit-spoiler-25ba1652.js",
        "city": "New York",
        "region": "New York",
        "country": "United States",
        "org": "Fastly, Inc.",
        "timezone": "America/New_York",
        "source": "ip-api.com"
      },
      "geometry": {
        "type": "Point",
        "coordinates": [
          -74.0066,
          40.7126
        ]
      }
    },
    {
      "type": "Feature",
      "properties": {
        "ip": "199.232.37.140",
        "url": "https://www.redditstatic.com/shreddit/en-US/mod-content-state-indicators-client-js-ba8b1a4b.js",
        "city": "New York",
        "region": "New York",
        "country": "United States",
        "org": "Fastly, Inc.",
        "timezone": "America/New_York",
        "source": "ip-api.com"
      },
      "geometry": {
        "type": "Point",
        "coordinates": [
          -74.0066,
          40.7126
        ]
      }
    },
    {
      "type": "Feature",
      "properties": {
        "ip": "199.232.37.140",
        "url": "https://www.redditstatic.com/shreddit/en-US/partial-feed-post-client-js-f393dd1a.js",
        "city": "New York",
        "region": "New York",
        "country": "United States",
        "org": "Fastly, Inc.",
        "timezone": "America/New_York",
        "source": "ip-api.com"
      },
      "geometry": {
        "type": "Point",
        "coordinates": [
          -74.0066,
          40.7126
        ]
      }
    },
    {
      "type": "Feature",
      "properties": {
        "ip": "199.232.37.140",
        "url": "https://www.redditstatic.com/shreddit/en-US/faceplate-switch-input-806a775c.js",
        "city": "New York",
        "region": "New York",
        "country": "United States",
        "org": "Fastly, Inc.",
        "timezone": "America/New_York",
        "source": "ip-api.com"
      },
      "geometry": {
        "type": "Point",
        "coordinates": [
          -74.0066,
          40.7126
        ]
      }
    },
    {
      "type": "Feature",
      "properties": {
        "ip": "199.232.37.140",
        "url": "https://www.reddit.com/svc/shreddit/header-action-item-chat",
        "city": "New York",
        "region": "New York",
        "country": "United States",
        "org": "Fastly, Inc.",
        "timezone": "America/New_York",
        "source": "ip-api.com"
      },
      "geometry": {
        "type": "Point",
        "coordinates": [
          -74.0066,
          40.7126
        ]
      }
    },
    {
      "type": "Feature",
      "properties": {
        "ip": "199.232.37.140",
        "url": "https://www.redditstatic.com/shreddit/en-US/community-picker-4b3c6444.js",
        "city": "New York",
        "region": "New York",
        "country": "United States",
        "org": "Fastly, Inc.",
        "timezone": "America/New_York",
        "source": "ip-api.com"
      },
      "geometry": {
        "type": "Point",
        "coordinates": [
          -74.0066,
          40.7126
        ]
      }
    },
    {
      "type": "Feature",
      "properties": {
        "ip": "199.232.37.140",
        "url": "https://www.redditstatic.com/shreddit/en-US/shreddit-interactable-element-1f40e16c.js",
        "city": "New York",
        "region": "New York",
        "country": "United States",
        "org": "Fastly, Inc.",
        "timezone": "America/New_York",
        "source": "ip-api.com"
      },
      "geometry": {
        "type": "Point",
        "coordinates": [
          -74.0066,
          40.7126
        ]
      }
    },
    {
      "type": "Feature",
      "properties": {
        "ip": "199.232.37.140",
        "url": "https://styles.redditmedia.com/t5_2tk7r/styles/communityIcon_z3tvivvw46he1.png?width=48&height=48&frame=1&auto=webp&crop=48:48,smart&s=27a96056dc8d72d2894c29e9dac6bd31825aedc6",
        "city": "New York",
        "region": "New York",
        "country": "United States",
        "org": "Fastly, Inc.",
        "timezone": "America/New_York",
        "source": "ip-api.com"
      },
      "geometry": {
        "type": "Point",
        "coordinates": [
          -74.0066,
          40.7126
        ]
      }
    },
    {
      "type": "Feature",
      "properties": {
        "ip": "199.232.37.140",
        "url": "https://www.redditstatic.com/shreddit/en-US/v2-events-27d122dd.js",
        "city": "New York",
        "region": "New York",
        "country": "United States",
        "org": "Fastly, Inc.",
        "timezone": "America/New_York",
        "source": "ip-api.com"
      },
      "geometry": {
        "type": "Point",
        "coordinates": [
          -74.0066,
          40.7126
        ]
      }
    },
    {
      "type": "Feature",
      "properties": {
        "ip": "199.232.37.140",
        "url": "https://preview.redd.it/cmn3s4ccr5gf1.jpeg?width=1080&crop=smart&blur=40&format=pjpg&auto=webp&s=2f0904c53b468a66f1dade56157fda25df9145cf",
        "city": "New York",
        "region": "New York",
        "country": "United States",
        "org": "Fastly, Inc.",
        "timezone": "America/New_York",
        "source": "ip-api.com"
      },
      "geometry": {
        "type": "Point",
        "coordinates": [
          -74.0066,
          40.7126
        ]
      }
    },
    {
      "type": "Feature",
      "properties": {
        "ip": "199.232.37.140",
        "url": "https://www.redditstatic.com/shreddit/en-US/report-flow-provider-client-js-f7e25732.js",
        "city": "New York",
        "region": "New York",
        "country": "United States",
        "org": "Fastly, Inc.",
        "timezone": "America/New_York",
        "source": "ip-api.com"
      },
      "geometry": {
        "type": "Point",
        "coordinates": [
          -74.0066,
          40.7126
        ]
      }
    },
    {
      "type": "Feature",
      "properties": {
        "ip": "199.232.37.140",
        "url": "https://www.redditstatic.com/shreddit/en-US/confirm-over-18-7952d110.js",
        "city": "New York",
        "region": "New York",
        "country": "United States",
        "org": "Fastly, Inc.",
        "timezone": "America/New_York",
        "source": "ip-api.com"
      },
      "geometry": {
        "type": "Point",
        "coordinates": [
          -74.0066,
          40.7126
        ]
      }
    },
    {
      "type": "Feature",
      "properties": {
        "ip": "199.232.37.140",
        "url": "https://preview.redd.it/checking-this-sub-every-morning-knowing-theres-no-news-v0-1016hmbmp7gf1.gif?width=640&crop=smart&format=png8&s=d99d7c1d358d3ff21d4c12e4e45c26d7620661b2",
        "city": "New York",
        "region": "New York",
        "country": "United States",
        "org": "Fastly, Inc.",
        "timezone": "America/New_York",
        "source": "ip-api.com"
      },
      "geometry": {
        "type": "Point",
        "coordinates": [
          -74.0066,
          40.7126
        ]
      }
    },
    {
      "type": "Feature",
      "properties": {
        "ip": "199.232.37.140",
        "url": "https://www.redditstatic.com/shreddit/en-US/app-selector-client-js-5dc62328.js",
        "city": "New York",
        "region": "New York",
        "country": "United States",
        "org": "Fastly, Inc.",
        "timezone": "America/New_York",
        "source": "ip-api.com"
      },
      "geometry": {
        "type": "Point",
        "coordinates": [
          -74.0066,
          40.7126
        ]
      }
    },
    {
      "type": "Feature",
      "properties": {
        "ip": "199.232.37.140",
        "url": "https://www.redditstatic.com/shreddit/en-US/profile-ssr-middle-state-dialog-client-js-8c86b22a.js",
        "city": "New York",
        "region": "New York",
        "country": "United States",
        "org": "Fastly, Inc.",
        "timezone": "America/New_York",
        "source": "ip-api.com"
      },
      "geometry": {
        "type": "Point",
        "coordinates": [
          -74.0066,
          40.7126
        ]
      }
    },
    {
      "type": "Feature",
      "properties": {
        "ip": "199.232.37.140",
        "url": "https://www.redditstatic.com/shreddit/en-US/with-share-9922362a.js",
        "city": "New York",
        "region": "New York",
        "country": "United States",
        "org": "Fastly, Inc.",
        "timezone": "America/New_York",
        "source": "ip-api.com"
      },
      "geometry": {
        "type": "Point",
        "coordinates": [
          -74.0066,
          40.7126
        ]
      }
    },
    {
      "type": "Feature",
      "properties": {
        "ip": "199.232.37.140",
        "url": "https://www.redditstatic.com/shreddit/en-US/guard-community-modal-6c361a8c.js",
        "city": "New York",
        "region": "New York",
        "country": "United States",
        "org": "Fastly, Inc.",
        "timezone": "America/New_York",
        "source": "ip-api.com"
      },
      "geometry": {
        "type": "Point",
        "coordinates": [
          -74.0066,
          40.7126
        ]
      }
    },
    {
      "type": "Feature",
      "properties": {
        "ip": "199.232.37.140",
        "url": "https://emoji.redditmedia.com/sbaxaecjs04e1_t5_3ndbi/Martin",
        "city": "New York",
        "region": "New York",
        "country": "United States",
        "org": "Fastly, Inc.",
        "timezone": "America/New_York",
        "source": "ip-api.com"
      },
      "geometry": {
        "type": "Point",
        "coordinates": [
          -74.0066,
          40.7126
        ]
      }
    },
    {
      "type": "Feature",
      "properties": {
        "ip": "199.232.37.140",
        "url": "https://www.redditstatic.com/shreddit/en-US/ads-carousel-f7ae991a.js",
        "city": "New York",
        "region": "New York",
        "country": "United States",
        "org": "Fastly, Inc.",
        "timezone": "America/New_York",
        "source": "ip-api.com"
      },
      "geometry": {
        "type": "Point",
        "coordinates": [
          -74.0066,
          40.7126
        ]
      }
    },
    {
      "type": "Feature",
      "properties": {
        "ip": "199.232.37.140",
        "url": "https://external-preview.redd.it/jessica-lucas-v0-empvcjFoYzNuM3pkMeOwxEKY_BwUmvv0yJlvuSQnrkHkZJuTTKSVmRt4UrhV.png?format=pjpg&auto=webp&s=5c800858aa53fa77d569f3a49625087bd12d61e9",
        "city": "New York",
        "region": "New York",
        "country": "United States",
        "org": "Fastly, Inc.",
        "timezone": "America/New_York",
        "source": "ip-api.com"
      },
      "geometry": {
        "type": "Point",
        "coordinates": [
          -74.0066,
          40.7126
        ]
      }
    },
    {
      "type": "Feature",
      "properties": {
        "ip": "199.232.37.140",
        "url": "https://www.redditstatic.com/shreddit/header-client-css-583e4e9f.css",
        "city": "New York",
        "region": "New York",
        "country": "United States",
        "org": "Fastly, Inc.",
        "timezone": "America/New_York",
        "source": "ip-api.com"
      },
      "geometry": {
        "type": "Point",
        "coordinates": [
          -74.0066,
          40.7126
        ]
      }
    },
    {
      "type": "Feature",
      "properties": {
        "ip": "199.232.37.140",
        "url": "https://www.redditstatic.com/shreddit/en-US/product-detail-card-view-data-fetcher-client-js-ce0afb6f.js",
        "city": "New York",
        "region": "New York",
        "country": "United States",
        "org": "Fastly, Inc.",
        "timezone": "America/New_York",
        "source": "ip-api.com"
      },
      "geometry": {
        "type": "Point",
        "coordinates": [
          -74.0066,
          40.7126
        ]
      }
    },
    {
      "type": "Feature",
      "properties": {
        "ip": "199.232.37.140",
        "url": "https://www.redditstatic.com/shreddit/en-US/search-dynamic-id-58aaf492.js",
        "city": "New York",
        "region": "New York",
        "country": "United States",
        "org": "Fastly, Inc.",
        "timezone": "America/New_York",
        "source": "ip-api.com"
      },
      "geometry": {
        "type": "Point",
        "coordinates": [
          -74.0066,
          40.7126
        ]
      }
    },
    {
      "type": "Feature",
      "properties": {
        "ip": "199.232.37.140",
        "url": "https://www.redditstatic.com/shreddit/en-US/shreddit-player-2-7f41e887.js",
        "city": "New York",
        "region": "New York",
        "country": "United States",
        "org": "Fastly, Inc.",
        "timezone": "America/New_York",
        "source": "ip-api.com"
      },
      "geometry": {
        "type": "Point",
        "coordinates": [
          -74.0066,
          40.7126
        ]
      }
    },
    {
      "type": "Feature",
      "properties": {
        "ip": "199.232.37.140",
        "url": "https://www.redditstatic.com/shreddit/en-US/community-status-bottom-sheet-a0a129ee.js",
        "city": "New York",
        "region": "New York",
        "country": "United States",
        "org": "Fastly, Inc.",
        "timezone": "America/New_York",
        "source": "ip-api.com"
      },
      "geometry": {
        "type": "Point",
        "coordinates": [
          -74.0066,
          40.7126
        ]
      }
    },
    {
      "type": "Feature",
      "properties": {
        "ip": "199.232.37.140",
        "url": "https://www.redditstatic.com/shreddit/en-US/left-nav-multireddits-section-client-js-c08443c8.js",
        "city": "New York",
        "region": "New York",
        "country": "United States",
        "org": "Fastly, Inc.",
        "timezone": "America/New_York",
        "source": "ip-api.com"
      },
      "geometry": {
        "type": "Point",
        "coordinates": [
          -74.0066,
          40.7126
        ]
      }
    },
    {
      "type": "Feature",
      "properties": {
        "ip": "199.232.37.140",
        "url": "https://www.redditstatic.com/shreddit/en-US/marketplace-route-handler-4647e0c1.js",
        "city": "New York",
        "region": "New York",
        "country": "United States",
        "org": "Fastly, Inc.",
        "timezone": "America/New_York",
        "source": "ip-api.com"
      },
      "geometry": {
        "type": "Point",
        "coordinates": [
          -74.0066,
          40.7126
        ]
      }
    },
    {
      "type": "Feature",
      "properties": {
        "ip": "199.232.37.140",
        "url": "https://www.redditstatic.com/shreddit/en-US/achievements-entrypoint-9652d48d.js",
        "city": "New York",
        "region": "New York",
        "country": "United States",
        "org": "Fastly, Inc.",
        "timezone": "America/New_York",
        "source": "ip-api.com"
      },
      "geometry": {
        "type": "Point",
        "coordinates": [
          -74.0066,
          40.7126
        ]
      }
    },
    {
      "type": "Feature",
      "properties": {
        "ip": "199.232.37.140",
        "url": "https://www.redditstatic.com/shreddit/en-US/models-73e9baa4.js",
        "city": "New York",
        "region": "New York",
        "country": "United States",
        "org": "Fastly, Inc.",
        "timezone": "America/New_York",
        "source": "ip-api.com"
      },
      "geometry": {
        "type": "Point",
        "coordinates": [
          -74.0066,
          40.7126
        ]
      }
    },
    {
      "type": "Feature",
      "properties": {
        "ip": "199.232.37.140",
        "url": "https://www.redditstatic.com/shreddit/en-US/password-recovery-bc6893ef.js",
        "city": "New York",
        "region": "New York",
        "country": "United States",
        "org": "Fastly, Inc.",
        "timezone": "America/New_York",
        "source": "ip-api.com"
      },
      "geometry": {
        "type": "Point",
        "coordinates": [
          -74.0066,
          40.7126
        ]
      }
    },
    {
      "type": "Feature",
      "properties": {
        "ip": "199.232.37.140",
        "url": "https://styles.redditmedia.com/t5_6zbzza/styles/profileIcon_snoob7d50b5b-321e-4552-afbc-5c6c2c85570a-headshot.png?width=48&height=48&frame=1&auto=webp&crop=&s=1c727428b3b9de7b1c9aeb3c68ededf99d8fe067",
        "city": "New York",
        "region": "New York",
        "country": "United States",
        "org": "Fastly, Inc.",
        "timezone": "America/New_York",
        "source": "ip-api.com"
      },
      "geometry": {
        "type": "Point",
        "coordinates": [
          -74.0066,
          40.7126
        ]
      }
    },
    {
      "type": "Feature",
      "properties": {
        "ip": "199.232.37.140",
        "url": "https://www.redditstatic.com/shreddit/en-US/upsert-wiki-page-9cea1be1.js",
        "city": "New York",
        "region": "New York",
        "country": "United States",
        "org": "Fastly, Inc.",
        "timezone": "America/New_York",
        "source": "ip-api.com"
      },
      "geometry": {
        "type": "Point",
        "coordinates": [
          -74.0066,
          40.7126
        ]
      }
    },
    {
      "type": "Feature",
      "properties": {
        "ip": "199.232.37.140",
        "url": "https://www.redditstatic.com/shreddit/en-US/xpromo-9e0e7290.js",
        "city": "New York",
        "region": "New York",
        "country": "United States",
        "org": "Fastly, Inc.",
        "timezone": "America/New_York",
        "source": "ip-api.com"
      },
      "geometry": {
        "type": "Point",
        "coordinates": [
          -74.0066,
          40.7126
        ]
      }
    },
    {
      "type": "Feature",
      "properties": {
        "ip": "199.232.37.140",
        "url": "https://www.redditstatic.com/shreddit/en-US/mod-inline-actions-client-js-22b15441.js",
        "city": "New York",
        "region": "New York",
        "country": "United States",
        "org": "Fastly, Inc.",
        "timezone": "America/New_York",
        "source": "ip-api.com"
      },
      "geometry": {
        "type": "Point",
        "coordinates": [
          -74.0066,
          40.7126
        ]
      }
    },
    {
      "type": "Feature",
      "properties": {
        "ip": "199.232.37.140",
        "url": "https://www.redditstatic.com/shreddit/en-US/faceplate-textarea-input-a35a367d.js",
        "city": "New York",
        "region": "New York",
        "country": "United States",
        "org": "Fastly, Inc.",
        "timezone": "America/New_York",
        "source": "ip-api.com"
      },
      "geometry": {
        "type": "Point",
        "coordinates": [
          -74.0066,
          40.7126
        ]
      }
    },
    {
      "type": "Feature",
      "properties": {
        "ip": "199.232.37.140",
        "url": "https://www.redditstatic.com/shreddit/en-US/reddit-chat-client-js-3e395e11.js",
        "city": "New York",
        "region": "New York",
        "country": "United States",
        "org": "Fastly, Inc.",
        "timezone": "America/New_York",
        "source": "ip-api.com"
      },
      "geometry": {
        "type": "Point",
        "coordinates": [
          -74.0066,
          40.7126
        ]
      }
    },
    {
      "type": "Feature",
      "properties": {
        "ip": "199.232.37.140",
        "url": "https://www.redditstatic.com/shreddit/en-US/hotkeys-loader-client-js-bcf38db0.js",
        "city": "New York",
        "region": "New York",
        "country": "United States",
        "org": "Fastly, Inc.",
        "timezone": "America/New_York",
        "source": "ip-api.com"
      },
      "geometry": {
        "type": "Point",
        "coordinates": [
          -74.0066,
          40.7126
        ]
      }
    },
    {
      "type": "Feature",
      "properties": {
        "ip": "199.232.37.140",
        "url": "https://www.redditstatic.com/shreddit/en-US/gallery-carousel-4fac8f9d.js",
        "city": "New York",
        "region": "New York",
        "country": "United States",
        "org": "Fastly, Inc.",
        "timezone": "America/New_York",
        "source": "ip-api.com"
      },
      "geometry": {
        "type": "Point",
        "coordinates": [
          -74.0066,
          40.7126
        ]
      }
    },
    {
      "type": "Feature",
      "properties": {
        "ip": "199.232.37.140",
        "url": "https://www.redditstatic.com/shreddit/subreddit-right-rail-client-css-392e1eac.css",
        "city": "New York",
        "region": "New York",
        "country": "United States",
        "org": "Fastly, Inc.",
        "timezone": "America/New_York",
        "source": "ip-api.com"
      },
      "geometry": {
        "type": "Point",
        "coordinates": [
          -74.0066,
          40.7126
        ]
      }
    },
    {
      "type": "Feature",
      "properties": {
        "ip": "199.232.37.140",
        "url": "https://www.redditstatic.com/shreddit/en-US/shop-flow-manager-49da0875.js",
        "city": "New York",
        "region": "New York",
        "country": "United States",
        "org": "Fastly, Inc.",
        "timezone": "America/New_York",
        "source": "ip-api.com"
      },
      "geometry": {
        "type": "Point",
        "coordinates": [
          -74.0066,
          40.7126
        ]
      }
    },
    {
      "type": "Feature",
      "properties": {
        "ip": "199.232.37.140",
        "url": "https://styles.redditmedia.com/t5_1yz875/styles/profileIcon_klqlly9fc4l41.png?width=128&height=128&frame=1&auto=webp&crop=&s=013873c07d0c52ae176c0788625d2fa92becb002",
        "city": "New York",
        "region": "New York",
        "country": "United States",
        "org": "Fastly, Inc.",
        "timezone": "America/New_York",
        "source": "ip-api.com"
      },
      "geometry": {
        "type": "Point",
        "coordinates": [
          -74.0066,
          40.7126
        ]
      }
    },
    {
      "type": "Feature",
      "properties": {
        "ip": "199.232.37.140",
        "url": "https://b.thumbs.redditmedia.com/b19-jQLBsVc2-EQfPx5WEQkYIL_clR0mhba4-pHT0AA.png",
        "city": "New York",
        "region": "New York",
        "country": "United States",
        "org": "Fastly, Inc.",
        "timezone": "America/New_York",
        "source": "ip-api.com"
      },
      "geometry": {
        "type": "Point",
        "coordinates": [
          -74.0066,
          40.7126
        ]
      }
    },
    {
      "type": "Feature",
      "properties": {
        "ip": "199.232.37.140",
        "url": "https://www.redditstatic.com/shreddit/en-US/reputation-recaptcha-2e1d2670.js",
        "city": "New York",
        "region": "New York",
        "country": "United States",
        "org": "Fastly, Inc.",
        "timezone": "America/New_York",
        "source": "ip-api.com"
      },
      "geometry": {
        "type": "Point",
        "coordinates": [
          -74.0066,
          40.7126
        ]
      }
    },
    {
      "type": "Feature",
      "properties": {
        "ip": "199.232.37.140",
        "url": "https://www.redditstatic.com/shreddit/en-US/faceplate-option-e6a9cdf7.js",
        "city": "New York",
        "region": "New York",
        "country": "United States",
        "org": "Fastly, Inc.",
        "timezone": "America/New_York",
        "source": "ip-api.com"
      },
      "geometry": {
        "type": "Point",
        "coordinates": [
          -74.0066,
          40.7126
        ]
      }
    },
    {
      "type": "Feature",
      "properties": {
        "ip": "199.232.37.140",
        "url": "https://www.redditstatic.com/shreddit/en-US/nsfw-bypassable-modal-client-js-7c65396a.js",
        "city": "New York",
        "region": "New York",
        "country": "United States",
        "org": "Fastly, Inc.",
        "timezone": "America/New_York",
        "source": "ip-api.com"
      },
      "geometry": {
        "type": "Point",
        "coordinates": [
          -74.0066,
          40.7126
        ]
      }
    },
    {
      "type": "Feature",
      "properties": {
        "ip": "199.232.37.140",
        "url": "https://www.redditstatic.com/shreddit/en-US/rpl-coachmark-card-a5647d87.js",
        "city": "New York",
        "region": "New York",
        "country": "United States",
        "org": "Fastly, Inc.",
        "timezone": "America/New_York",
        "source": "ip-api.com"
      },
      "geometry": {
        "type": "Point",
        "coordinates": [
          -74.0066,
          40.7126
        ]
      }
    },
    {
      "type": "Feature",
      "properties": {
        "ip": "199.232.37.140",
        "url": "https://www.redditstatic.com/shreddit/en-US/shreddit-post-flair-3bea083c.js",
        "city": "New York",
        "region": "New York",
        "country": "United States",
        "org": "Fastly, Inc.",
        "timezone": "America/New_York",
        "source": "ip-api.com"
      },
      "geometry": {
        "type": "Point",
        "coordinates": [
          -74.0066,
          40.7126
        ]
      }
    },
    {
      "type": "Feature",
      "properties": {
        "ip": "199.232.37.140",
        "url": "https://www.redditstatic.com/shreddit/en-US/mod-queue-pdp-client-js-931bdcf4.js",
        "city": "New York",
        "region": "New York",
        "country": "United States",
        "org": "Fastly, Inc.",
        "timezone": "America/New_York",
        "source": "ip-api.com"
      },
      "geometry": {
        "type": "Point",
        "coordinates": [
          -74.0066,
          40.7126
        ]
      }
    },
    {
      "type": "Feature",
      "properties": {
        "ip": "199.232.37.140",
        "url": "https://www.redditstatic.com/shreddit/en-US/mod-content-state-indicators-10243e38.js",
        "city": "New York",
        "region": "New York",
        "country": "United States",
        "org": "Fastly, Inc.",
        "timezone": "America/New_York",
        "source": "ip-api.com"
      },
      "geometry": {
        "type": "Point",
        "coordinates": [
          -74.0066,
          40.7126
        ]
      }
    },
    {
      "type": "Feature",
      "properties": {
        "ip": "199.232.37.140",
        "url": "https://www.redditstatic.com/shreddit/en-US/after-login-toast-client-js-3b7ed9b8.js",
        "city": "New York",
        "region": "New York",
        "country": "United States",
        "org": "Fastly, Inc.",
        "timezone": "America/New_York",
        "source": "ip-api.com"
      },
      "geometry": {
        "type": "Point",
        "coordinates": [
          -74.0066,
          40.7126
        ]
      }
    },
    {
      "type": "Feature",
      "properties": {
        "ip": "199.232.37.140",
        "url": "https://external-preview.redd.it/scientists-have-discovered-a-giant-new-species-of-stick-v0-bzVzeDl0dmczYWdmMYwyFB5iW_xkJEOgchqS76dnXntAjiH9B4AFnQxiNRMe.png?width=640&crop=smart&format=pjpg&auto=webp&s=bb7e02c77a99c1b9162d5cedde8ea701e37ea4b7",
        "city": "New York",
        "region": "New York",
        "country": "United States",
        "org": "Fastly, Inc.",
        "timezone": "America/New_York",
        "source": "ip-api.com"
      },
      "geometry": {
        "type": "Point",
        "coordinates": [
          -74.0066,
          40.7126
        ]
      }
    },
    {
      "type": "Feature",
      "properties": {
        "ip": "199.232.37.140",
        "url": "https://www.redditstatic.com/shreddit/en-US/header-action-item-chat-client-js-99452216.js",
        "city": "New York",
        "region": "New York",
        "country": "United States",
        "org": "Fastly, Inc.",
        "timezone": "America/New_York",
        "source": "ip-api.com"
      },
      "geometry": {
        "type": "Point",
        "coordinates": [
          -74.0066,
          40.7126
        ]
      }
    },
    {
      "type": "Feature",
      "properties": {
        "ip": "199.232.37.140",
        "url": "https://www.redditstatic.com/shreddit/assets/snoovatar-blank.png",
        "city": "New York",
        "region": "New York",
        "country": "United States",
        "org": "Fastly, Inc.",
        "timezone": "America/New_York",
        "source": "ip-api.com"
      },
      "geometry": {
        "type": "Point",
        "coordinates": [
          -74.0066,
          40.7126
        ]
      }
    },
    {
      "type": "Feature",
      "properties": {
        "ip": "199.232.37.140",
        "url": "https://www.redditstatic.com/shreddit/en-US/user-drawer-client-js-16e69bf9.js",
        "city": "New York",
        "region": "New York",
        "country": "United States",
        "org": "Fastly, Inc.",
        "timezone": "America/New_York",
        "source": "ip-api.com"
      },
      "geometry": {
        "type": "Point",
        "coordinates": [
          -74.0066,
          40.7126
        ]
      }
    },
    {
      "type": "Feature",
      "properties": {
        "ip": "199.232.37.140",
        "url": "https://www.reddit.com/svc/shreddit/partial/kvBblQ/mod-content-actions?params=prefix%3Dr%26subredditName%3Dcolumbia&sig=v1.V3JL7AvBIrLqHytm05tbzFwT4JjA8zorhlK3iA_tFTE",
        "city": "New York",
        "region": "New York",
        "country": "United States",
        "org": "Fastly, Inc.",
        "timezone": "America/New_York",
        "source": "ip-api.com"
      },
      "geometry": {
        "type": "Point",
        "coordinates": [
          -74.0066,
          40.7126
        ]
      }
    },
    {
      "type": "Feature",
      "properties": {
        "ip": "199.232.37.140",
        "url": "https://preview.redd.it/m0w7m59bdt1d1.png?width=100&height=100&crop=smart&auto=webp&s=e0e69d8866c544c350152274d9790aed36b5beff",
        "city": "New York",
        "region": "New York",
        "country": "United States",
        "org": "Fastly, Inc.",
        "timezone": "America/New_York",
        "source": "ip-api.com"
      },
      "geometry": {
        "type": "Point",
        "coordinates": [
          -74.0066,
          40.7126
        ]
      }
    },
    {
      "type": "Feature",
      "properties": {
        "ip": "199.232.37.140",
        "url": "https://external-preview.redd.it/bmY4ZWV1bGNxcTJlMed3RT3W0NlXGu1wHruo_mlDfElBtF0JJd0hTaoS67Qh.png?width=140&height=74&crop=140:74,smart&format=jpg&v=enabled&lthumb=true&s=9487c7174be6d61d3f9ba4183d4b13defcf8a5e6",
        "city": "New York",
        "region": "New York",
        "country": "United States",
        "org": "Fastly, Inc.",
        "timezone": "America/New_York",
        "source": "ip-api.com"
      },
      "geometry": {
        "type": "Point",
        "coordinates": [
          -74.0066,
          40.7126
        ]
      }
    },
    {
      "type": "Feature",
      "properties": {
        "ip": "199.232.37.140",
        "url": "https://www.redditstatic.com/shreddit/en-US/faceplate-tooltip-bd6354e9.js",
        "city": "New York",
        "region": "New York",
        "country": "United States",
        "org": "Fastly, Inc.",
        "timezone": "America/New_York",
        "source": "ip-api.com"
      },
      "geometry": {
        "type": "Point",
        "coordinates": [
          -74.0066,
          40.7126
        ]
      }
    },
    {
      "type": "Feature",
      "properties": {
        "ip": "199.232.37.140",
        "url": "https://www.redditstatic.com/shreddit/en-US/mod-user-summary-feedback-d4ba14ac.js",
        "city": "New York",
        "region": "New York",
        "country": "United States",
        "org": "Fastly, Inc.",
        "timezone": "America/New_York",
        "source": "ip-api.com"
      },
      "geometry": {
        "type": "Point",
        "coordinates": [
          -74.0066,
          40.7126
        ]
      }
    },
    {
      "type": "Feature",
      "properties": {
        "ip": "199.232.37.140",
        "url": "https://www.redditstatic.com/shreddit/profile-details-client-css-43728c75.css",
        "city": "New York",
        "region": "New York",
        "country": "United States",
        "org": "Fastly, Inc.",
        "timezone": "America/New_York",
        "source": "ip-api.com"
      },
      "geometry": {
        "type": "Point",
        "coordinates": [
          -74.0066,
          40.7126
        ]
      }
    },
    {
      "type": "Feature",
      "properties": {
        "ip": "199.232.37.140",
        "url": "https://www.redditstatic.com/shreddit/en-US/community-colors-ab402d9e.js",
        "city": "New York",
        "region": "New York",
        "country": "United States",
        "org": "Fastly, Inc.",
        "timezone": "America/New_York",
        "source": "ip-api.com"
      },
      "geometry": {
        "type": "Point",
        "coordinates": [
          -74.0066,
          40.7126
        ]
      }
    },
    {
      "type": "Feature",
      "properties": {
        "ip": "199.232.37.140",
        "url": "https://www.reddit.com/user/North-Respect-1391/hidden/",
        "city": "New York",
        "region": "New York",
        "country": "United States",
        "org": "Fastly, Inc.",
        "timezone": "America/New_York",
        "source": "ip-api.com"
      },
      "geometry": {
        "type": "Point",
        "coordinates": [
          -74.0066,
          40.7126
        ]
      }
    },
    {
      "type": "Feature",
      "properties": {
        "ip": "199.232.37.140",
        "url": "https://www.redditstatic.com/shreddit/en-US/shreddit-post-share-button-be82d502.js",
        "city": "New York",
        "region": "New York",
        "country": "United States",
        "org": "Fastly, Inc.",
        "timezone": "America/New_York",
        "source": "ip-api.com"
      },
      "geometry": {
        "type": "Point",
        "coordinates": [
          -74.0066,
          40.7126
        ]
      }
    },
    {
      "type": "Feature",
      "properties": {
        "ip": "199.232.37.140",
        "url": "https://external-preview.redd.it/red-pandas-use-their-tails-as-a-pillow-v0-Y2xuc2k0eGVnNWdmMULK19D2UklW-BCRrYwITlrWd_Tbkd6P1f2b8xn-SlOw.png?width=640&crop=smart&format=pjpg&auto=webp&s=3be14da9ff77e6d80da49fac7fd25ad0e5b46653",
        "city": "New York",
        "region": "New York",
        "country": "United States",
        "org": "Fastly, Inc.",
        "timezone": "America/New_York",
        "source": "ip-api.com"
      },
      "geometry": {
        "type": "Point",
        "coordinates": [
          -74.0066,
          40.7126
        ]
      }
    },
    {
      "type": "Feature",
      "properties": {
        "ip": "199.232.37.140",
        "url": "https://www.redditstatic.com/shreddit/en-US/comment-link-post-client-js-1475f66f.js",
        "city": "New York",
        "region": "New York",
        "country": "United States",
        "org": "Fastly, Inc.",
        "timezone": "America/New_York",
        "source": "ip-api.com"
      },
      "geometry": {
        "type": "Point",
        "coordinates": [
          -74.0066,
          40.7126
        ]
      }
    },
    {
      "type": "Feature",
      "properties": {
        "ip": "199.232.37.140",
        "url": "https://www.redditstatic.com/shreddit/en-US/helpers-e53bda86.js",
        "city": "New York",
        "region": "New York",
        "country": "United States",
        "org": "Fastly, Inc.",
        "timezone": "America/New_York",
        "source": "ip-api.com"
      },
      "geometry": {
        "type": "Point",
        "coordinates": [
          -74.0066,
          40.7126
        ]
      }
    },
    {
      "type": "Feature",
      "properties": {
        "ip": "199.232.37.140",
        "url": "https://www.redditstatic.com/shreddit/en-US/tooltip.base-48eee251.js",
        "city": "New York",
        "region": "New York",
        "country": "United States",
        "org": "Fastly, Inc.",
        "timezone": "America/New_York",
        "source": "ip-api.com"
      },
      "geometry": {
        "type": "Point",
        "coordinates": [
          -74.0066,
          40.7126
        ]
      }
    },
    {
      "type": "Feature",
      "properties": {
        "ip": "199.232.37.140",
        "url": "https://www.redditstatic.com/shreddit/en-US/open-interstitial-modal-81424f00.js",
        "city": "New York",
        "region": "New York",
        "country": "United States",
        "org": "Fastly, Inc.",
        "timezone": "America/New_York",
        "source": "ip-api.com"
      },
      "geometry": {
        "type": "Point",
        "coordinates": [
          -74.0066,
          40.7126
        ]
      }
    },
    {
      "type": "Feature",
      "properties": {
        "ip": "199.232.37.140",
        "url": "https://www.redditstatic.com/shreddit/en-US/errors-fff5bb2d.js",
        "city": "New York",
        "region": "New York",
        "country": "United States",
        "org": "Fastly, Inc.",
        "timezone": "America/New_York",
        "source": "ip-api.com"
      },
      "geometry": {
        "type": "Point",
        "coordinates": [
          -74.0066,
          40.7126
        ]
      }
    },
    {
      "type": "Feature",
      "properties": {
        "ip": "199.232.37.140",
        "url": "https://www.reddit.com/svc/shreddit/community-more-posts/best/?after=dDNfMW1laTd0bA%3D%3D&t=DAY&name=columbia&adDistance=2&ad_posts_served=1&navigationSessionId=7cb61e0c-c1e2-418e-b76a-68e6f5b72122&feedLength=4",
        "city": "New York",
        "region": "New York",
        "country": "United States",
        "org": "Fastly, Inc.",
        "timezone": "America/New_York",
        "source": "ip-api.com"
      },
      "geometry": {
        "type": "Point",
        "coordinates": [
          -74.0066,
          40.7126
        ]
      }
    },
    {
      "type": "Feature",
      "properties": {
        "ip": "199.232.37.140",
        "url": "https://www.redditstatic.com/shreddit/en-US/community-highlights-client-js-c5417095.js",
        "city": "New York",
        "region": "New York",
        "country": "United States",
        "org": "Fastly, Inc.",
        "timezone": "America/New_York",
        "source": "ip-api.com"
      },
      "geometry": {
        "type": "Point",
        "coordinates": [
          -74.0066,
          40.7126
        ]
      }
    },
    {
      "type": "Feature",
      "properties": {
        "ip": "199.232.37.140",
        "url": "https://preview.redd.it/came-back-to-campus-for-the-first-time-in-10-months-to-take-v0-akl34ce17xre1.jpg?width=320&crop=smart&auto=webp&s=a21dab57d783fb808c9b6a115697613e2fd4eaf7",
        "city": "New York",
        "region": "New York",
        "country": "United States",
        "org": "Fastly, Inc.",
        "timezone": "America/New_York",
        "source": "ip-api.com"
      },
      "geometry": {
        "type": "Point",
        "coordinates": [
          -74.0066,
          40.7126
        ]
      }
    },
    {
      "type": "Feature",
      "properties": {
        "ip": "199.232.37.140",
        "url": "https://www.redditstatic.com/shreddit/en-US/share-button-8408c6b5.js",
        "city": "New York",
        "region": "New York",
        "country": "United States",
        "org": "Fastly, Inc.",
        "timezone": "America/New_York",
        "source": "ip-api.com"
      },
      "geometry": {
        "type": "Point",
        "coordinates": [
          -74.0066,
          40.7126
        ]
      }
    },
    {
      "type": "Feature",
      "properties": {
        "ip": "199.232.37.140",
        "url": "https://www.redditstatic.com/shreddit/en-US/index-282b0670.js",
        "city": "New York",
        "region": "New York",
        "country": "United States",
        "org": "Fastly, Inc.",
        "timezone": "America/New_York",
        "source": "ip-api.com"
      },
      "geometry": {
        "type": "Point",
        "coordinates": [
          -74.0066,
          40.7126
        ]
      }
    },
    {
      "type": "Feature",
      "properties": {
        "ip": "199.232.37.140",
        "url": "https://www.redditstatic.com/shreddit/en-US/vault-creation-screen-client-js-3114ce92.js",
        "city": "New York",
        "region": "New York",
        "country": "United States",
        "org": "Fastly, Inc.",
        "timezone": "America/New_York",
        "source": "ip-api.com"
      },
      "geometry": {
        "type": "Point",
        "coordinates": [
          -74.0066,
          40.7126
        ]
      }
    },
    {
      "type": "Feature",
      "properties": {
        "ip": "199.232.37.140",
        "url": "https://external-preview.redd.it/rachel-pizzolato-v0-MDNuNjBjdTFseHVkMS2Bnl1ypI_3dtbRIVDsFa5ssefklL3FDsvHwlq5lJiZ.png?width=640&crop=smart&format=pjpg&auto=webp&s=af9486378283cceac5e7d64c4a6c83dfcee83e31",
        "city": "New York",
        "region": "New York",
        "country": "United States",
        "org": "Fastly, Inc.",
        "timezone": "America/New_York",
        "source": "ip-api.com"
      },
      "geometry": {
        "type": "Point",
        "coordinates": [
          -74.0066,
          40.7126
        ]
      }
    },
    {
      "type": "Feature",
      "properties": {
        "ip": "199.232.37.140",
        "url": "https://www.redditstatic.com/shreddit/en-US/index-4d1d6f75.js",
        "city": "New York",
        "region": "New York",
        "country": "United States",
        "org": "Fastly, Inc.",
        "timezone": "America/New_York",
        "source": "ip-api.com"
      },
      "geometry": {
        "type": "Point",
        "coordinates": [
          -74.0066,
          40.7126
        ]
      }
    },
    {
      "type": "Feature",
      "properties": {
        "ip": "199.232.37.140",
        "url": "https://www.redditstatic.com/shreddit/en-US/types-79a613af.js",
        "city": "New York",
        "region": "New York",
        "country": "United States",
        "org": "Fastly, Inc.",
        "timezone": "America/New_York",
        "source": "ip-api.com"
      },
      "geometry": {
        "type": "Point",
        "coordinates": [
          -74.0066,
          40.7126
        ]
      }
    },
    {
      "type": "Feature",
      "properties": {
        "ip": "199.232.37.140",
        "url": "https://www.redditstatic.com/shreddit/en-US/pdp-ad-client-js-beab22e3.js",
        "city": "New York",
        "region": "New York",
        "country": "United States",
        "org": "Fastly, Inc.",
        "timezone": "America/New_York",
        "source": "ip-api.com"
      },
      "geometry": {
        "type": "Point",
        "coordinates": [
          -74.0066,
          40.7126
        ]
      }
    },
    {
      "type": "Feature",
      "properties": {
        "ip": "199.232.37.140",
        "url": "https://www.redditstatic.com/shreddit/en-US/index-4e3ffd77.js",
        "city": "New York",
        "region": "New York",
        "country": "United States",
        "org": "Fastly, Inc.",
        "timezone": "America/New_York",
        "source": "ip-api.com"
      },
      "geometry": {
        "type": "Point",
        "coordinates": [
          -74.0066,
          40.7126
        ]
      }
    },
    {
      "type": "Feature",
      "properties": {
        "ip": "199.232.37.140",
        "url": "https://www.redditstatic.com/shreddit/en-US/reddit-skip-to-sidebar-1cb8ef6f.js",
        "city": "New York",
        "region": "New York",
        "country": "United States",
        "org": "Fastly, Inc.",
        "timezone": "America/New_York",
        "source": "ip-api.com"
      },
      "geometry": {
        "type": "Point",
        "coordinates": [
          -74.0066,
          40.7126
        ]
      }
    },
    {
      "type": "Feature",
      "properties": {
        "ip": "199.232.37.140",
        "url": "https://www.redditstatic.com/shreddit/en-US/translation-45f3d45e.js",
        "city": "New York",
        "region": "New York",
        "country": "United States",
        "org": "Fastly, Inc.",
        "timezone": "America/New_York",
        "source": "ip-api.com"
      },
      "geometry": {
        "type": "Point",
        "coordinates": [
          -74.0066,
          40.7126
        ]
      }
    },
    {
      "type": "Feature",
      "properties": {
        "ip": "199.232.37.140",
        "url": "https://www.redditstatic.com/shreddit/en-US/mod-post-list-client-js-88970518.js",
        "city": "New York",
        "region": "New York",
        "country": "United States",
        "org": "Fastly, Inc.",
        "timezone": "America/New_York",
        "source": "ip-api.com"
      },
      "geometry": {
        "type": "Point",
        "coordinates": [
          -74.0066,
          40.7126
        ]
      }
    },
    {
      "type": "Feature",
      "properties": {
        "ip": "199.232.37.140",
        "url": "https://b.thumbs.redditmedia.com/aWMwhH8M0sirLQg4iDuToPhftJtzHLqrcrvNekhiaXo.jpg",
        "city": "New York",
        "region": "New York",
        "country": "United States",
        "org": "Fastly, Inc.",
        "timezone": "America/New_York",
        "source": "ip-api.com"
      },
      "geometry": {
        "type": "Point",
        "coordinates": [
          -74.0066,
          40.7126
        ]
      }
    },
    {
      "type": "Feature",
      "properties": {
        "ip": "199.232.37.140",
        "url": "https://www.redditstatic.com/shreddit/en-US/hovercard.base-330beeb9.js",
        "city": "New York",
        "region": "New York",
        "country": "United States",
        "org": "Fastly, Inc.",
        "timezone": "America/New_York",
        "source": "ip-api.com"
      },
      "geometry": {
        "type": "Point",
        "coordinates": [
          -74.0066,
          40.7126
        ]
      }
    },
    {
      "type": "Feature",
      "properties": {
        "ip": "199.232.37.140",
        "url": "https://www.redditstatic.com/shreddit/en-US/shreddit-community-search-a2e19106.js",
        "city": "New York",
        "region": "New York",
        "country": "United States",
        "org": "Fastly, Inc.",
        "timezone": "America/New_York",
        "source": "ip-api.com"
      },
      "geometry": {
        "type": "Point",
        "coordinates": [
          -74.0066,
          40.7126
        ]
      }
    },
    {
      "type": "Feature",
      "properties": {
        "ip": "142.251.40.200",
        "url": "https://www.googletagmanager.com/gtag/js?id=AW-788729857",
        "city": "New York",
        "region": "New York",
        "country": "United States",
        "org": "Google LLC",
        "timezone": "America/New_York",
        "source": "ip-api.com"
      },
      "geometry": {
        "type": "Point",
        "coordinates": [
          -74.006,
          40.7128
        ]
      }
    },
    {
      "type": "Feature",
      "properties": {
        "ip": "142.251.40.200",
        "url": "https://www.googletagmanager.com/static/service_worker/57v0/sw_iframe.html?origin=https%3A%2F%2Fwww.reddit.com",
        "city": "New York",
        "region": "New York",
        "country": "United States",
        "org": "Google LLC",
        "timezone": "America/New_York",
        "source": "ip-api.com"
      },
      "geometry": {
        "type": "Point",
        "coordinates": [
          -74.006,
          40.7128
        ]
      }
    },
    {
      "type": "Feature",
      "properties": {
        "ip": "199.232.36.176",
        "url": "https://m.stripe.network/inner.html",
        "city": "New York",
        "region": "New York",
        "country": "United States",
        "org": "Fastly, Inc.",
        "timezone": "America/New_York",
        "source": "ip-api.com"
      },
      "geometry": {
        "type": "Point",
        "coordinates": [
          -74.0066,
          40.7126
        ]
      }
    },
    {
      "type": "Feature",
      "properties": {
        "ip": "199.232.36.176",
        "url": "https://m.stripe.network/out-4.5.44.js",
        "city": "New York",
        "region": "New York",
        "country": "United States",
        "org": "Fastly, Inc.",
        "timezone": "America/New_York",
        "source": "ip-api.com"
      },
      "geometry": {
        "type": "Point",
        "coordinates": [
          -74.0066,
          40.7126
        ]
      }
    },
    {
      "type": "Feature",
      "properties": {
        "ip": "199.232.36.176",
        "url": "https://js.stripe.com/v3/fingerprinted/js/m-outer-15a2b40a058ddff1cffdb63779fe3de1.js",
        "city": "New York",
        "region": "New York",
        "country": "United States",
        "org": "Fastly, Inc.",
        "timezone": "America/New_York",
        "source": "ip-api.com"
      },
      "geometry": {
        "type": "Point",
        "coordinates": [
          -74.0066,
          40.7126
        ]
      }
    },
    {
      "type": "Feature",
      "properties": {
        "ip": "142.251.111.84",
        "url": "https://accounts.google.com/gsi/style",
        "city": "Mountain View",
        "region": "California",
        "country": "United States",
        "org": "Google LLC",
        "timezone": "America/Los_Angeles",
        "source": "ip-api.com"
      },
      "geometry": {
        "type": "Point",
        "coordinates": [
          -122.085,
          37.4225
        ]
      }
    },
    {
      "type": "Feature",
      "properties": {
        "ip": "142.251.111.84",
        "url": "https://accounts.google.com/gsi/client",
        "city": "Mountain View",
        "region": "California",
        "country": "United States",
        "org": "Google LLC",
        "timezone": "America/Los_Angeles",
        "source": "ip-api.com"
      },
      "geometry": {
        "type": "Point",
        "coordinates": [
          -122.085,
          37.4225
        ]
      }
    },
    {
      "type": "Feature",
      "properties": {
        "ip": "142.250.80.99",
        "url": "https://www.gstatic.com/recaptcha/releases/ngcIAHyEnHQZZIKkyKneDTW3/recaptcha__zh_cn.js",
        "city": "New York",
        "region": "New York",
        "country": "United States",
        "org": "Google LLC",
        "timezone": "America/New_York",
        "source": "ip-api.com"
      },
      "geometry": {
        "type": "Point",
        "coordinates": [
          -74.006,
          40.7128
        ]
      }
    },
    {
      "type": "Feature",
      "properties": {
        "ip": "108.138.106.76",
        "url": "https://js.stripe.com/v3/m-outer-3437aaddcdf6922d623e172c2d6f9278.html",
        "city": "Ashburn",
        "region": "Virginia",
        "country": "United States",
        "org": "AWS CloudFront (GLOBAL)",
        "timezone": "America/New_York",
        "source": "ip-api.com"
      },
      "geometry": {
        "type": "Point",
        "coordinates": [
          -77.4874,
          39.0438
        ]
      }
    },
    {
      "type": "Feature",
      "properties": {
        "ip": "142.250.176.195",
        "url": "https://www.gstatic.com/recaptcha/api2/logo_48.png",
        "city": "New York",
        "region": "New York",
        "country": "United States",
        "org": "Google LLC",
        "timezone": "America/New_York",
        "source": "ip-api.com"
      },
      "geometry": {
        "type": "Point",
        "coordinates": [
          -74.006,
          40.7128
        ]
      }
    },
    {
      "type": "Feature",
      "properties": {
        "ip": "108.138.106.61",
        "url": "https://js.stripe.com/v3",
        "city": "Ashburn",
        "region": "Virginia",
        "country": "United States",
        "org": "AWS CloudFront (GLOBAL)",
        "timezone": "America/New_York",
        "source": "ip-api.com"
      },
      "geometry": {
        "type": "Point",
        "coordinates": [
          -77.4874,
          39.0438
        ]
      }
    },
    {
      "type": "Feature",
      "properties": {
        "ip": "35.244.154.8",
        "url": "https://id.rlcdn.com/472486.gif",
        "city": "Kansas City",
        "region": "Missouri",
        "country": "United States",
        "org": "Google Cloud",
        "timezone": "America/Chicago",
        "source": "ip-api.com"
      },
      "geometry": {
        "type": "Point",
        "coordinates": [
          -94.5785,
          39.0997
        ]
      }
    },
    {
      "type": "Feature",
      "properties": {
        "ip": "44.235.155.133",
        "url": "https://m.stripe.com/6",
        "city": "Portland",
        "region": "Oregon",
        "country": "United States",
        "org": "AWS EC2 (us-west-2)",
        "timezone": "America/Los_Angeles",
        "source": "ip-api.com"
      },
      "geometry": {
        "type": "Point",
        "coordinates": [
          -122.676,
          45.5235
        ]
      }
    },
    {
      "type": "Feature",
      "properties": {
        "ip": "142.251.40.130",
        "url": "https://googleads.g.doubleclick.net/pagead/viewthroughconversion/788729857/?random=1754013340389&cv=11&fst=1754013340389&bg=ffffff&guid=ON&async=1&en=page_view&gtm=45be57u1v9217137991za200zd9217137991&gcd=13l3l3l3l1l1&dma=0&tag_exp=101509157~103116026~103200004~103233427~104684208~104684211~104948813~105087538~105087540~105103161~105103163&u_w=1512&u_h=982&url=https%3A%2F%2Fwww.reddit.com%2Fr%2Fcolumbia%2F&hn=www.googleadservices.com&frm=0&tiba=r%2Fcolumbia%3A%20Virtual%20Low%20Steps&npa=0&pscdl=noapi&auid=1927719470.1752289703&uaa=arm&uab=64&uafvl=Not)A%253BBrand%3B8.0.0.0%7CChromium%3B138.0.7204.168%7CGoogle%2520Chrome%3B138.0.7204.168&uamb=0&uam=&uap=macOS&uapv=15.3.1&uaw=0&fledge=1&data=event%3Dpage_view%3Buser_status%3Dlogged_in&rfmt=3&fmt=4",
        "city": "New York",
        "region": "New York",
        "country": "United States",
        "org": "Google LLC",
        "timezone": "America/New_York",
        "source": "ip-api.com"
      },
      "geometry": {
        "type": "Point",
        "coordinates": [
          -74.006,
          40.7128
        ]
      }
    },
    {
      "type": "Feature",
      "properties": {
        "ip": "142.251.40.130",
        "url": "https://googleads.g.doubleclick.net/pagead/viewthroughconversion/788729857/?random=1754013340379&cv=11&fst=1754013340379&bg=ffffff&guid=ON&async=1&en=gtag.config&gtm=45be57u1v9217137991za200zd9217137991&gcd=13l3l3l3l1l1&dma=0&tag_exp=101509157~103116026~103200004~103233427~104684208~104684211~104948813~105087538~105087540~105103161~105103163&u_w=1512&u_h=982&url=https%3A%2F%2Fwww.reddit.com%2Fr%2Fcolumbia%2F&hn=www.googleadservices.com&frm=0&tiba=r%2Fcolumbia%3A%20Virtual%20Low%20Steps&npa=0&pscdl=noapi&auid=1927719470.1752289703&uaa=arm&uab=64&uafvl=Not)A%253BBrand%3B8.0.0.0%7CChromium%3B138.0.7204.168%7CGoogle%2520Chrome%3B138.0.7204.168&uamb=0&uam=&uap=macOS&uapv=15.3.1&uaw=0&fledge=1&data=event%3Dgtag.config&rfmt=3&fmt=4",
        "city": "New York",
        "region": "New York",
        "country": "United States",
        "org": "Google LLC",
        "timezone": "America/New_York",
        "source": "ip-api.com"
      },
      "geometry": {
        "type": "Point",
        "coordinates": [
          -74.006,
          40.7128
        ]
      }
    },
    {
      "type": "Feature",
      "properties": {
        "ip": "54.187.119.242",
        "url": "https://q.stripe.com/csp-report",
        "city": "Portland",
        "region": "Oregon",
        "country": "United States",
        "org": "AWS EC2 (us-west-2)",
        "timezone": "America/Los_Angeles",
        "source": "ip-api.com"
      },
      "geometry": {
        "type": "Point",
        "coordinates": [
          -122.676,
          45.5235
        ]
      }
    },
    {
      "type": "Feature",
      "properties": {
        "ip": "142.250.176.194",
        "url": "https://td.doubleclick.net/td/rul/788729857?random=1754013340379&cv=11&fst=1754013340379&fmt=3&bg=ffffff&guid=ON&async=1&en=gtag.config&gtm=45be57u1v9217137991za200zd9217137991&gcd=13l3l3l3l1l1&dma=0&tag_exp=101509157~103116026~103200004~103233427~104684208~104684211~104948813~105087538~105087540~105103161~105103163&u_w=1512&u_h=982&url=https%3A%2F%2Fwww.reddit.com%2Fr%2Fcolumbia%2F&hn=www.googleadservices.com&frm=0&tiba=r%2Fcolumbia%3A%20Virtual%20Low%20Steps&npa=0&pscdl=noapi&auid=1927719470.1752289703&uaa=arm&uab=64&uafvl=Not)A%253BBrand%3B8.0.0.0%7CChromium%3B138.0.7204.168%7CGoogle%2520Chrome%3B138.0.7204.168&uamb=0&uam=&uap=macOS&uapv=15.3.1&uaw=0&fledge=1&data=event%3Dgtag.config",
        "city": "New York",
        "region": "New York",
        "country": "United States",
        "org": "Google LLC",
        "timezone": "America/New_York",
        "source": "ip-api.com"
      },
      "geometry": {
        "type": "Point",
        "coordinates": [
          -74.006,
          40.7128
        ]
      }
    },
    {
      "type": "Feature",
      "properties": {
        "ip": "142.250.176.194",
        "url": "https://td.doubleclick.net/td/rul/788729857?random=1754013340389&cv=11&fst=1754013340389&fmt=3&bg=ffffff&guid=ON&async=1&en=page_view&gtm=45be57u1v9217137991za200zd9217137991&gcd=13l3l3l3l1l1&dma=0&tag_exp=101509157~103116026~103200004~103233427~104684208~104684211~104948813~105087538~105087540~105103161~105103163&u_w=1512&u_h=982&url=https%3A%2F%2Fwww.reddit.com%2Fr%2Fcolumbia%2F&hn=www.googleadservices.com&frm=0&tiba=r%2Fcolumbia%3A%20Virtual%20Low%20Steps&npa=0&pscdl=noapi&auid=1927719470.1752289703&uaa=arm&uab=64&uafvl=Not)A%253BBrand%3B8.0.0.0%7CChromium%3B138.0.7204.168%7CGoogle%2520Chrome%3B138.0.7204.168&uamb=0&uam=&uap=macOS&uapv=15.3.1&uaw=0&fledge=1&data=event%3Dpage_view%3Buser_status%3Dlogged_in",
        "city": "New York",
        "region": "New York",
        "country": "United States",
        "org": "Google LLC",
        "timezone": "America/New_York",
        "source": "ip-api.com"
      },
      "geometry": {
        "type": "Point",
        "coordinates": [
          -74.006,
          40.7128
        ]
      }
    }
  ]
}