{
  "type": "FeatureCollection",
  "features": [
    {
      "type": "Feature",
      "properties": {
        "ip": "173.194.31.137",
        "url": "https://rr4---sn-ab5sznzk.googlevideo.com/videoplayback?expire=1753861553&ei=UXmJaMKcBvDQoPMPq47I6A0&ip=160.39.40.250&id=o-AC9Wj_s8JZ-O5hsnXlJsi-3Cy7Z6mCdBmSiw7C8pWw-J&source=youtube&requiressl=yes&xpc=EgVo2aDSNQ%3D%3D&met=1753839953%2C&mh=0w&mm=31%2C29&mn=sn-ab5sznzk%2Csn-ab5l6nrl&ms=au%2Crdu&mv=m&mvi=4&pl=16&rms=au%2Cau&initcwndbps=4555000&siu=1&spc=l3OVKYQm-0GMf9jrv3iOdXN4YgYUV_SbqKQl_XbcC69j-8N-pZGAa9AoNBk8aCud8A&svpuc=1&ns=uPHpNfKNgp34MHHYpshmftQQ&sabr=1&rqh=1&mt=1753839435&fvip=5&keepalive=yes&fexp=51355912&c=WEB&n=0909pp1ZrMF-CA&sparams=expire%2Cei%2Cip%2Cid%2Csource%2Crequiressl%2Cxpc%2Csiu%2Cspc%2Csvpuc%2Cns%2Csabr%2Crqh&sig=AJfQdSswRQIgCWSEwv0DHYzxiSGfZ10nftfpteACk-14O5Ft6JnldpYCIQDPN-574HFfvflE1KLhxf_LUznOFeNa8crqw81FgDkWCA%3D%3D&lsparams=met%2Cmh%2Cmm%2Cmn%2Cms%2Cmv%2Cmvi%2Cpl%2Crms%2Cinitcwndbps&lsig=APaTxxMwRQIhAKld9IEadcfYsY0Dz9Lp4rvTh4Yos2ARKzU2dGE6PywzAiBRu8dTzIZgOOQoAAtRQQcv6nxqpWzdYiRUTLe9B_2SfA%3D%3D&cpn=xEsbkdjZZTiLpSq-&cver=2.20250728.08.00&rn=29&alr=yes",
        "city": "New York",
        "region": "New York",
        "country": "United States",
        "org": "Google LLC",
        "timezone": "America/New_York",
        "source": "ip-api.com"
      },
      "geometry": {
        "type": "Point",
        "coordinates": [
          -74.006,
          40.7128
        ]
      }
    },
    {
      "type": "Feature",
      "properties": {
        "ip": "173.194.31.137",
        "url": "https://rr4---sn-ab5sznzk.googlevideo.com/videoplayback?expire=1753861553&ei=UXmJaMKcBvDQoPMPq47I6A0&ip=160.39.40.250&id=o-AC9Wj_s8JZ-O5hsnXlJsi-3Cy7Z6mCdBmSiw7C8pWw-J&source=youtube&requiressl=yes&xpc=EgVo2aDSNQ%3D%3D&met=1753839953%2C&mh=0w&mm=31%2C29&mn=sn-ab5sznzk%2Csn-ab5l6nrl&ms=au%2Crdu&mv=m&mvi=4&pl=16&rms=au%2Cau&initcwndbps=4555000&siu=1&spc=l3OVKYQm-0GMf9jrv3iOdXN4YgYUV_SbqKQl_XbcC69j-8N-pZGAa9AoNBk8aCud8A&svpuc=1&ns=uPHpNfKNgp34MHHYpshmftQQ&sabr=1&rqh=1&mt=1753839435&fvip=5&keepalive=yes&fexp=51355912&c=WEB&n=0909pp1ZrMF-CA&sparams=expire%2Cei%2Cip%2Cid%2Csource%2Crequiressl%2Cxpc%2Csiu%2Cspc%2Csvpuc%2Cns%2Csabr%2Crqh&sig=AJfQdSswRQIgCWSEwv0DHYzxiSGfZ10nftfpteACk-14O5Ft6JnldpYCIQDPN-574HFfvflE1KLhxf_LUznOFeNa8crqw81FgDkWCA%3D%3D&lsparams=met%2Cmh%2Cmm%2Cmn%2Cms%2Cmv%2Cmvi%2Cpl%2Crms%2Cinitcwndbps&lsig=APaTxxMwRQIhAKld9IEadcfYsY0Dz9Lp4rvTh4Yos2ARKzU2dGE6PywzAiBRu8dTzIZgOOQoAAtRQQcv6nxqpWzdYiRUTLe9B_2SfA%3D%3D&cpn=xEsbkdjZZTiLpSq-&cver=2.20250728.08.00&rn=30&alr=yes",
        "city": "New York",
        "region": "New York",
        "country": "United States",
        "org": "Google LLC",
        "timezone": "America/New_York",
        "source": "ip-api.com"
      },
      "geometry": {
        "type": "Point",
        "coordinates": [
          -74.006,
          40.7128
        ]
      }
    },
    {
      "type": "Feature",
      "properties": {
        "ip": "173.194.31.137",
        "url": "https://rr4---sn-ab5sznzk.googlevideo.com/videoplayback?expire=1753861553&ei=UXmJaMKcBvDQoPMPq47I6A0&ip=160.39.40.250&id=o-AC9Wj_s8JZ-O5hsnXlJsi-3Cy7Z6mCdBmSiw7C8pWw-J&source=youtube&requiressl=yes&xpc=EgVo2aDSNQ%3D%3D&met=1753839953%2C&mh=0w&mm=31%2C29&mn=sn-ab5sznzk%2Csn-ab5l6nrl&ms=au%2Crdu&mv=m&mvi=4&pl=16&rms=au%2Cau&initcwndbps=4555000&siu=1&spc=l3OVKYQm-0GMf9jrv3iOdXN4YgYUV_SbqKQl_XbcC69j-8N-pZGAa9AoNBk8aCud8A&svpuc=1&ns=uPHpNfKNgp34MHHYpshmftQQ&sabr=1&rqh=1&mt=1753839435&fvip=5&keepalive=yes&fexp=51355912&c=WEB&n=0909pp1ZrMF-CA&sparams=expire%2Cei%2Cip%2Cid%2Csource%2Crequiressl%2Cxpc%2Csiu%2Cspc%2Csvpuc%2Cns%2Csabr%2Crqh&sig=AJfQdSswRQIgCWSEwv0DHYzxiSGfZ10nftfpteACk-14O5Ft6JnldpYCIQDPN-574HFfvflE1KLhxf_LUznOFeNa8crqw81FgDkWCA%3D%3D&lsparams=met%2Cmh%2Cmm%2Cmn%2Cms%2Cmv%2Cmvi%2Cpl%2Crms%2Cinitcwndbps&lsig=APaTxxMwRQIhAKld9IEadcfYsY0Dz9Lp4rvTh4Yos2ARKzU2dGE6PywzAiBRu8dTzIZgOOQoAAtRQQcv6nxqpWzdYiRUTLe9B_2SfA%3D%3D&cpn=pxmDWfwVd4IUuMfd&cver=2.20250728.08.00&rn=26&alr=yes",
        "city": "New York",
        "region": "New York",
        "country": "United States",
        "org": "Google LLC",
        "timezone": "America/New_York",
        "source": "ip-api.com"
      },
      "geometry": {
        "type": "Point",
        "coordinates": [
          -74.006,
          40.7128
        ]
      }
    },
    {
      "type": "Feature",
      "properties": {
        "ip": "142.250.65.214",
        "url": "https://i.ytimg.com/sb/otaSWMeT8w8/storyboard3_L2/M5.jpg?sqp=-oaymwENSDfyq4qpAwVwAcABBqLzl_8DBgix45G7Bg==&sigh=rs%24AOn4CLDffDDjuMR9Cs2W6z07OvcOETi3FA",
        "city": "New York",
        "region": "New York",
        "country": "United States",
        "org": "Google LLC",
        "timezone": "America/New_York",
        "source": "ip-api.com"
      },
      "geometry": {
        "type": "Point",
        "coordinates": [
          -74.006,
          40.7128
        ]
      }
    },
    {
      "type": "Feature",
      "properties": {
        "ip": "142.250.65.214",
        "url": "https://i.ytimg.com/vi/VTBngFfusVA/hqdefault.jpg?sqp=-oaymwFBCPYBEIoBSFryq4qpAzMIARUAAIhCGAHYAQHiAQoIGBACGAY4AUAB8AEB-AG2CIACgA-KAgwIABABGGMgZShTMA8=&rs=AOn4CLAtiQeTc19MWub15bT8HEsuKZ-wew",
        "city": "New York",
        "region": "New York",
        "country": "United States",
        "org": "Google LLC",
        "timezone": "America/New_York",
        "source": "ip-api.com"
      },
      "geometry": {
        "type": "Point",
        "coordinates": [
          -74.006,
          40.7128
        ]
      }
    },
    {
      "type": "Feature",
      "properties": {
        "ip": "142.250.65.214",
        "url": "https://i.ytimg.com/vi/otaSWMeT8w8/hqdefault.jpg?sqp=-oaymwEnCNACELwBSFryq4qpAxkIARUAAIhCGAHYAQHiAQoIGBACGAY4AUAB&rs=AOn4CLBfe7Ks30r2fh6VnIp2HSTfTKPCGA",
        "city": "New York",
        "region": "New York",
        "country": "United States",
        "org": "Google LLC",
        "timezone": "America/New_York",
        "source": "ip-api.com"
      },
      "geometry": {
        "type": "Point",
        "coordinates": [
          -74.006,
          40.7128
        ]
      }
    },
    {
      "type": "Feature",
      "properties": {
        "ip": "142.250.65.214",
        "url": "https://i.ytimg.com/sb/otaSWMeT8w8/storyboard3_L1/M1.jpg?sqp=-oaymwENSDfyq4qpAwVwAcABBqLzl_8DBgix45G7Bg==&sigh=rs%24AOn4CLCSr-ii0IGbf77Sdy6uL7SYp3-8sw",
        "city": "New York",
        "region": "New York",
        "country": "United States",
        "org": "Google LLC",
        "timezone": "America/New_York",
        "source": "ip-api.com"
      },
      "geometry": {
        "type": "Point",
        "coordinates": [
          -74.006,
          40.7128
        ]
      }
    },
    {
      "type": "Feature",
      "properties": {
        "ip": "142.250.65.214",
        "url": "https://i.ytimg.com/sb/otaSWMeT8w8/storyboard3_L3/M15.jpg?sqp=-oaymwENSDfyq4qpAwVwAcABBqLzl_8DBgix45G7Bg==&sigh=rs%24AOn4CLAVzLH68S_oVPpP4efN70MI-sZQdQ",
        "city": "New York",
        "region": "New York",
        "country": "United States",
        "org": "Google LLC",
        "timezone": "America/New_York",
        "source": "ip-api.com"
      },
      "geometry": {
        "type": "Point",
        "coordinates": [
          -74.006,
          40.7128
        ]
      }
    },
    {
      "type": "Feature",
      "properties": {
        "ip": "142.250.65.214",
        "url": "https://i.ytimg.com/vi/XtNs2QPRoP4/hqdefault.jpg?sqp=-oaymwExCOADEI4CSFryq4qpAyMIARUAAIhCGAHwAQH4Af4JgALQBYoCDAgAEAEYciBNKD0wDw==&rs=AOn4CLBaTmhzCEW4X_Gxb6MkQX1ZVkmGPw",
        "city": "New York",
        "region": "New York",
        "country": "United States",
        "org": "Google LLC",
        "timezone": "America/New_York",
        "source": "ip-api.com"
      },
      "geometry": {
        "type": "Point",
        "coordinates": [
          -74.006,
          40.7128
        ]
      }
    },
    {
      "type": "Feature",
      "properties": {
        "ip": "142.250.65.214",
        "url": "https://i.ytimg.com/vi/THY_UFpbZJY/hqdefault.jpg?sqp=-oaymwEnCNACELwBSFryq4qpAxkIARUAAIhCGAHYAQHiAQoIGBACGAY4AUAB&rs=AOn4CLA8gcc6H5vC2C7rFudQxPV1GEGvsg",
        "city": "New York",
        "region": "New York",
        "country": "United States",
        "org": "Google LLC",
        "timezone": "America/New_York",
        "source": "ip-api.com"
      },
      "geometry": {
        "type": "Point",
        "coordinates": [
          -74.006,
          40.7128
        ]
      }
    },
    {
      "type": "Feature",
      "properties": {
        "ip": "142.250.65.214",
        "url": "https://i.ytimg.com/vi/_EKQKF4qPPI/hqdefault.jpg?sqp=-oaymwEnCNACELwBSFryq4qpAxkIARUAAIhCGAHYAQHiAQoIGBACGAY4AUAB&rs=AOn4CLC8kzZcwX6zL48nh8LuxcERcSQQlQ",
        "city": "New York",
        "region": "New York",
        "country": "United States",
        "org": "Google LLC",
        "timezone": "America/New_York",
        "source": "ip-api.com"
      },
      "geometry": {
        "type": "Point",
        "coordinates": [
          -74.006,
          40.7128
        ]
      }
    },
    {
      "type": "Feature",
      "properties": {
        "ip": "142.250.65.214",
        "url": "https://i.ytimg.com/vi/RcVeN89Peqc/hqdefault.jpg?sqp=-oaymwEXCOADEI4CSFryq4qpAwkIARUAAIhCGAE=&rs=AOn4CLA48DULBj83qQdtAFAQpTxp5vmO1w",
        "city": "New York",
        "region": "New York",
        "country": "United States",
        "org": "Google LLC",
        "timezone": "America/New_York",
        "source": "ip-api.com"
      },
      "geometry": {
        "type": "Point",
        "coordinates": [
          -74.006,
          40.7128
        ]
      }
    },
    {
      "type": "Feature",
      "properties": {
        "ip": "142.250.65.214",
        "url": "https://i.ytimg.com/vi/ntCVNYOjQJ4/hq2.jpg?sqp=-oaymwFBCNACELwBSFryq4qpAzMIARUAAIhCGADYAQHiAQoIGBACGAY4AUAB8AEB-AHOBYACgAqKAgwIABABGFEgXihlMA8=&rs=AOn4CLCCvhDwWv9yvt5neZFVTLJ2XWKheA",
        "city": "New York",
        "region": "New York",
        "country": "United States",
        "org": "Google LLC",
        "timezone": "America/New_York",
        "source": "ip-api.com"
      },
      "geometry": {
        "type": "Point",
        "coordinates": [
          -74.006,
          40.7128
        ]
      }
    },
    {
      "type": "Feature",
      "properties": {
        "ip": "142.250.65.214",
        "url": "https://i.ytimg.com/vi/iCuxBMrc8bE/hqdefault.jpg?sqp=-oaymwFBCNACELwBSFryq4qpAzMIARUAAIhCGADYAQHiAQoIGBACGAY4AUAB8AEB-AG2CIACgA-KAgwIABABGGUgTCg9MA8=&rs=AOn4CLCmp6JdmAV2WtojrkS3NOAl4yEzjQ",
        "city": "New York",
        "region": "New York",
        "country": "United States",
        "org": "Google LLC",
        "timezone": "America/New_York",
        "source": "ip-api.com"
      },
      "geometry": {
        "type": "Point",
        "coordinates": [
          -74.006,
          40.7128
        ]
      }
    },
    {
      "type": "Feature",
      "properties": {
        "ip": "142.250.65.214",
        "url": "https://i.ytimg.com/img/no_thumbnail.jpg",
        "city": "New York",
        "region": "New York",
        "country": "United States",
        "org": "Google LLC",
        "timezone": "America/New_York",
        "source": "ip-api.com"
      },
      "geometry": {
        "type": "Point",
        "coordinates": [
          -74.006,
          40.7128
        ]
      }
    },
    {
      "type": "Feature",
      "properties": {
        "ip": "142.250.65.214",
        "url": "https://i.ytimg.com/vi/KSkvJS-q3Hc/hqdefault.jpg?sqp=-oaymwFBCNACELwBSFryq4qpAzMIARUAAIhCGADYAQHiAQoIGBACGAY4AUAB8AEB-AG2CIACgA-KAgwIABABGGUgUihBMA8=&rs=AOn4CLCVhC6gnj6w5-Adt1Y6U-twKzyGIg",
        "city": "New York",
        "region": "New York",
        "country": "United States",
        "org": "Google LLC",
        "timezone": "America/New_York",
        "source": "ip-api.com"
      },
      "geometry": {
        "type": "Point",
        "coordinates": [
          -74.006,
          40.7128
        ]
      }
    },
    {
      "type": "Feature",
      "properties": {
        "ip": "142.250.65.214",
        "url": "https://i.ytimg.com/vi/pg12Od0aS4U/hqdefault.jpg?sqp=-oaymwEXCOADEI4CSFryq4qpAwkIARUAAIhCGAE=&rs=AOn4CLCRMKLOUj34WgN80HAiwAVDNAP8cA",
        "city": "New York",
        "region": "New York",
        "country": "United States",
        "org": "Google LLC",
        "timezone": "America/New_York",
        "source": "ip-api.com"
      },
      "geometry": {
        "type": "Point",
        "coordinates": [
          -74.006,
          40.7128
        ]
      }
    },
    {
      "type": "Feature",
      "properties": {
        "ip": "142.250.65.214",
        "url": "https://i.ytimg.com/vi/THY_UFpbZJY/hqdefault.jpg?sqp=-oaymwEXCNACELwBSFryq4qpAwkIARUAAIhCGAE=&rs=AOn4CLCu6POPBjnUDRpAdC5zmWdB4WxgdQ",
        "city": "New York",
        "region": "New York",
        "country": "United States",
        "org": "Google LLC",
        "timezone": "America/New_York",
        "source": "ip-api.com"
      },
      "geometry": {
        "type": "Point",
        "coordinates": [
          -74.006,
          40.7128
        ]
      }
    },
    {
      "type": "Feature",
      "properties": {
        "ip": "142.250.65.214",
        "url": "https://i.ytimg.com/vi/zcCgHTDgkoE/hqdefault.jpg?sqp=-oaymwExCOADEI4CSFryq4qpAyMIARUAAIhCGAHwAQH4AbYIgAKAD4oCDAgAEAEYZSBPKEMwDw==&rs=AOn4CLCrxLqYVGG1GeddgsRU80aoIgNdLA",
        "city": "New York",
        "region": "New York",
        "country": "United States",
        "org": "Google LLC",
        "timezone": "America/New_York",
        "source": "ip-api.com"
      },
      "geometry": {
        "type": "Point",
        "coordinates": [
          -74.006,
          40.7128
        ]
      }
    },
    {
      "type": "Feature",
      "properties": {
        "ip": "142.250.65.214",
        "url": "https://i.ytimg.com/vi/yg6dmQuA3es/hqdefault.jpg?sqp=-oaymwFBCNACELwBSFryq4qpAzMIARUAAIhCGAHYAQHiAQoIGBACGAY4AUAB8AEB-AG2CIACgA-KAgwIABABGH8gPCgTMA8=&rs=AOn4CLBEgyDSXzXmWJ9hDzyCLpgkegQrHQ",
        "city": "New York",
        "region": "New York",
        "country": "United States",
        "org": "Google LLC",
        "timezone": "America/New_York",
        "source": "ip-api.com"
      },
      "geometry": {
        "type": "Point",
        "coordinates": [
          -74.006,
          40.7128
        ]
      }
    },
    {
      "type": "Feature",
      "properties": {
        "ip": "142.250.65.214",
        "url": "https://i.ytimg.com/vi/S7dc_DOVwbI/hqdefault.jpg?sqp=-oaymwEnCNACELwBSFryq4qpAxkIARUAAIhCGAHYAQHiAQoIGBACGAY4AUAB&rs=AOn4CLDsj4FwSAcE5Vz8e35_GKNBrHFZtA",
        "city": "New York",
        "region": "New York",
        "country": "United States",
        "org": "Google LLC",
        "timezone": "America/New_York",
        "source": "ip-api.com"
      },
      "geometry": {
        "type": "Point",
        "coordinates": [
          -74.006,
          40.7128
        ]
      }
    },
    {
      "type": "Feature",
      "properties": {
        "ip": "142.250.65.214",
        "url": "https://i.ytimg.com/vi/lGDhd-DTmrQ/hq2.jpg?sqp=-oaymwFBCNACELwBSFryq4qpAzMIARUAAIhCGADYAQHiAQoIGBACGAY4AUAB8AEB-AG2CIACgA-KAgwIABABGEogZShKMA8=&rs=AOn4CLAweIJVrHyqzQwUGNMuBc2T2hom1A",
        "city": "New York",
        "region": "New York",
        "country": "United States",
        "org": "Google LLC",
        "timezone": "America/New_York",
        "source": "ip-api.com"
      },
      "geometry": {
        "type": "Point",
        "coordinates": [
          -74.006,
          40.7128
        ]
      }
    },
    {
      "type": "Feature",
      "properties": {
        "ip": "142.250.65.214",
        "url": "https://i.ytimg.com/vi/CTE9w5RqhiY/hq2.jpg?sqp=-oaymwFBCNACELwBSFryq4qpAzMIARUAAIhCGADYAQHiAQoIGBACGAY4AUAB8AEB-AG2CIACgA-KAgwIABABGHIgSSg7MA8=&rs=AOn4CLBuNihWsfCKu4TcST4-QzclCFlsfA",
        "city": "New York",
        "region": "New York",
        "country": "United States",
        "org": "Google LLC",
        "timezone": "America/New_York",
        "source": "ip-api.com"
      },
      "geometry": {
        "type": "Point",
        "coordinates": [
          -74.006,
          40.7128
        ]
      }
    },
    {
      "type": "Feature",
      "properties": {
        "ip": "142.250.65.214",
        "url": "https://i.ytimg.com/vi/9RMilKQNsho/hq2.jpg?sqp=-oaymwFBCNACELwBSFryq4qpAzMIARUAAIhCGADYAQHiAQoIGBACGAY4AUAB8AEB-AG2CIACgA-KAgwIABABGFMgXihlMA8=&rs=AOn4CLBWvhxzbSYr5ZpujRNFieDW-kkCcQ",
        "city": "New York",
        "region": "New York",
        "country": "United States",
        "org": "Google LLC",
        "timezone": "America/New_York",
        "source": "ip-api.com"
      },
      "geometry": {
        "type": "Point",
        "coordinates": [
          -74.006,
          40.7128
        ]
      }
    },
    {
      "type": "Feature",
      "properties": {
        "ip": "142.250.65.214",
        "url": "https://i.ytimg.com/vi/0XlsFeNWDMg/hq2.jpg?sqp=-oaymwFBCNACELwBSFryq4qpAzMIARUAAIhCGADYAQHiAQoIGBACGAY4AUAB8AEB-AG2CIACgA-KAgwIABABGGUgRyhGMA8=&rs=AOn4CLCh-vsnMc7ZgCrZQYsMtrY8dQRp8w",
        "city": "New York",
        "region": "New York",
        "country": "United States",
        "org": "Google LLC",
        "timezone": "America/New_York",
        "source": "ip-api.com"
      },
      "geometry": {
        "type": "Point",
        "coordinates": [
          -74.006,
          40.7128
        ]
      }
    },
    {
      "type": "Feature",
      "properties": {
        "ip": "142.250.65.214",
        "url": "https://i.ytimg.com/vi/vUSL2Y9Inus/hq2.jpg?sqp=-oaymwFBCNACELwBSFryq4qpAzMIARUAAIhCGADYAQHiAQoIGBACGAY4AUAB8AEB-AG2CIACgA-KAgwIABABGEIgSyhyMA8=&rs=AOn4CLBkZyTRHjCdR7rxsrHair2n-J3Uyg",
        "city": "New York",
        "region": "New York",
        "country": "United States",
        "org": "Google LLC",
        "timezone": "America/New_York",
        "source": "ip-api.com"
      },
      "geometry": {
        "type": "Point",
        "coordinates": [
          -74.006,
          40.7128
        ]
      }
    },
    {
      "type": "Feature",
      "properties": {
        "ip": "142.250.65.214",
        "url": "https://i.ytimg.com/vi/kJ3o1E2WS8E/hq2.jpg?sqp=-oaymwFBCNACELwBSFryq4qpAzMIARUAAIhCGADYAQHiAQoIGBACGAY4AUAB8AEB-AG-BIACgAiKAgwIABABGGUgUihEMA8=&rs=AOn4CLBn906w6geJ28tgQhtgJQYSJZJeTA",
        "city": "New York",
        "region": "New York",
        "country": "United States",
        "org": "Google LLC",
        "timezone": "America/New_York",
        "source": "ip-api.com"
      },
      "geometry": {
        "type": "Point",
        "coordinates": [
          -74.006,
          40.7128
        ]
      }
    },
    {
      "type": "Feature",
      "properties": {
        "ip": "142.250.65.214",
        "url": "https://i.ytimg.com/vi/lCsV8l3s5_w/hq2.jpg?sqp=-oaymwFBCNACELwBSFryq4qpAzMIARUAAIhCGADYAQHiAQoIGBACGAY4AUAB8AEB-AG2CIACgA-KAgwIABABGEogZShLMA8=&rs=AOn4CLCmBq89FMS-b0UUFFI0FfOC4cKWWA",
        "city": "New York",
        "region": "New York",
        "country": "United States",
        "org": "Google LLC",
        "timezone": "America/New_York",
        "source": "ip-api.com"
      },
      "geometry": {
        "type": "Point",
        "coordinates": [
          -74.006,
          40.7128
        ]
      }
    },
    {
      "type": "Feature",
      "properties": {
        "ip": "142.250.65.214",
        "url": "https://i.ytimg.com/vi/otaSWMeT8w8/hqdefault.jpg?sqp=-oaymwEnCPYBEIoBSFryq4qpAxkIARUAAIhCGAHYAQHiAQoIGBACGAY4AUAB&rs=AOn4CLCx0EYYPeOg-qvdTOJ9G7xVzX7OCQ",
        "city": "New York",
        "region": "New York",
        "country": "United States",
        "org": "Google LLC",
        "timezone": "America/New_York",
        "source": "ip-api.com"
      },
      "geometry": {
        "type": "Point",
        "coordinates": [
          -74.006,
          40.7128
        ]
      }
    },
    {
      "type": "Feature",
      "properties": {
        "ip": "142.250.65.214",
        "url": "https://i.ytimg.com/vi/WkysaIBxwPc/hqdefault.jpg?sqp=-oaymwFBCNACELwBSFryq4qpAzMIARUAAIhCGADYAQHiAQoIGBACGAY4AUAB8AEB-AG2CIACgA-KAgwIABABGGUgUShBMA8=&rs=AOn4CLBqMlOcck_d6kBbuDVvufk4Bbpk-Q",
        "city": "New York",
        "region": "New York",
        "country": "United States",
        "org": "Google LLC",
        "timezone": "America/New_York",
        "source": "ip-api.com"
      },
      "geometry": {
        "type": "Point",
        "coordinates": [
          -74.006,
          40.7128
        ]
      }
    },
    {
      "type": "Feature",
      "properties": {
        "ip": "142.250.65.214",
        "url": "https://i.ytimg.com/vi/sD0-hqf3ZZk/hq2.jpg?sqp=-oaymwFBCNACELwBSFryq4qpAzMIARUAAIhCGADYAQHiAQoIGBACGAY4AUAB8AEB-AG-BIACgAiKAgwIABABGHIgUCg8MA8=&rs=AOn4CLD63oirbecf6Ks4U4yW7UM6iGrTfQ",
        "city": "New York",
        "region": "New York",
        "country": "United States",
        "org": "Google LLC",
        "timezone": "America/New_York",
        "source": "ip-api.com"
      },
      "geometry": {
        "type": "Point",
        "coordinates": [
          -74.006,
          40.7128
        ]
      }
    },
    {
      "type": "Feature",
      "properties": {
        "ip": "142.250.65.214",
        "url": "https://i.ytimg.com/vi/qxHGvJfqBeo/hq2.jpg?sqp=-oaymwFBCNACELwBSFryq4qpAzMIARUAAIhCGADYAQHiAQoIGBACGAY4AUAB8AEB-AG2CIACgA-KAgwIABABGGUgZChTMA8=&rs=AOn4CLCQe41RhNP4laP_o1njjoCEaW-c4w",
        "city": "New York",
        "region": "New York",
        "country": "United States",
        "org": "Google LLC",
        "timezone": "America/New_York",
        "source": "ip-api.com"
      },
      "geometry": {
        "type": "Point",
        "coordinates": [
          -74.006,
          40.7128
        ]
      }
    },
    {
      "type": "Feature",
      "properties": {
        "ip": "142.250.65.214",
        "url": "https://i.ytimg.com/vi/eut5Q5lUxic/hqdefault.jpg?sqp=-oaymwEnCPYBEIoBSFryq4qpAxkIARUAAIhCGAHYAQHiAQoIGBACGAY4AUAB&rs=AOn4CLD9iXn26zWE3qSwF1BqaHN4eiJbbA",
        "city": "New York",
        "region": "New York",
        "country": "United States",
        "org": "Google LLC",
        "timezone": "America/New_York",
        "source": "ip-api.com"
      },
      "geometry": {
        "type": "Point",
        "coordinates": [
          -74.006,
          40.7128
        ]
      }
    },
    {
      "type": "Feature",
      "properties": {
        "ip": "142.250.65.214",
        "url": "https://i.ytimg.com/vi/vFDQblj2LIo/hqdefault.jpg?sqp=-oaymwEXCOADEI4CSFryq4qpAwkIARUAAIhCGAE=&rs=AOn4CLA_kg6ap0PKpWsfKkON8RtiaEPLXA",
        "city": "New York",
        "region": "New York",
        "country": "United States",
        "org": "Google LLC",
        "timezone": "America/New_York",
        "source": "ip-api.com"
      },
      "geometry": {
        "type": "Point",
        "coordinates": [
          -74.006,
          40.7128
        ]
      }
    },
    {
      "type": "Feature",
      "properties": {
        "ip": "142.250.65.214",
        "url": "https://i.ytimg.com/vi/eut5Q5lUxic/hqdefault.jpg?sqp=-oaymwEnCNACELwBSFryq4qpAxkIARUAAIhCGAHYAQHiAQoIGBACGAY4AUAB&rs=AOn4CLBhPRFiQw2Rq1d10Tg-gMv5C6O5PA",
        "city": "New York",
        "region": "New York",
        "country": "United States",
        "org": "Google LLC",
        "timezone": "America/New_York",
        "source": "ip-api.com"
      },
      "geometry": {
        "type": "Point",
        "coordinates": [
          -74.006,
          40.7128
        ]
      }
    },
    {
      "type": "Feature",
      "properties": {
        "ip": "142.250.65.214",
        "url": "https://i.ytimg.com/sb/9RMilKQNsho/storyboard3_L2/M0.jpg?sqp=-oaymwENSDfyq4qpAwVwAcABBqLzl_8DBgiMu9qfBg==&sigh=rs%24AOn4CLBZimpndz1yPoHzJQHrLz3ycqIEbA",
        "city": "New York",
        "region": "New York",
        "country": "United States",
        "org": "Google LLC",
        "timezone": "America/New_York",
        "source": "ip-api.com"
      },
      "geometry": {
        "type": "Point",
        "coordinates": [
          -74.006,
          40.7128
        ]
      }
    },
    {
      "type": "Feature",
      "properties": {
        "ip": "142.250.65.214",
        "url": "https://i.ytimg.com/pl_c/PL0FB9262CF878A34A/studio_square_thumbnail.jpg?sqp=CJ3cpcQG-oaymwEICNYGEOADSFqi85f_AwYIiJyawAY=&rs=AOn4CLA0fDUMo747T8p0PVcp4M6t7mNybA",
        "city": "New York",
        "region": "New York",
        "country": "United States",
        "org": "Google LLC",
        "timezone": "America/New_York",
        "source": "ip-api.com"
      },
      "geometry": {
        "type": "Point",
        "coordinates": [
          -74.006,
          40.7128
        ]
      }
    },
    {
      "type": "Feature",
      "properties": {
        "ip": "142.250.65.214",
        "url": "https://i.ytimg.com/sb/otaSWMeT8w8/storyboard3_L1/M0.jpg?sqp=-oaymwENSDfyq4qpAwVwAcABBqLzl_8DBgix45G7Bg==&sigh=rs%24AOn4CLCSr-ii0IGbf77Sdy6uL7SYp3-8sw",
        "city": "New York",
        "region": "New York",
        "country": "United States",
        "org": "Google LLC",
        "timezone": "America/New_York",
        "source": "ip-api.com"
      },
      "geometry": {
        "type": "Point",
        "coordinates": [
          -74.006,
          40.7128
        ]
      }
    },
    {
      "type": "Feature",
      "properties": {
        "ip": "142.250.65.214",
        "url": "https://i.ytimg.com/vi/x7u2eyJ0Dv4/hqdefault.jpg?sqp=-oaymwEXCOADEI4CSFryq4qpAwkIARUAAIhCGAE=&rs=AOn4CLAzq3JL0i35ty144hk023z37v6JQw",
        "city": "New York",
        "region": "New York",
        "country": "United States",
        "org": "Google LLC",
        "timezone": "America/New_York",
        "source": "ip-api.com"
      },
      "geometry": {
        "type": "Point",
        "coordinates": [
          -74.006,
          40.7128
        ]
      }
    },
    {
      "type": "Feature",
      "properties": {
        "ip": "142.250.65.214",
        "url": "https://i.ytimg.com/vi/VTBngFfusVA/hqdefault.jpg?sqp=-oaymwFBCNACELwBSFryq4qpAzMIARUAAIhCGAHYAQHiAQoIGBACGAY4AUAB8AEB-AG2CIACgA-KAgwIABABGGMgZShTMA8=&rs=AOn4CLBKY5pel3xwDfADKRXjWjqhzNHa2w",
        "city": "New York",
        "region": "New York",
        "country": "United States",
        "org": "Google LLC",
        "timezone": "America/New_York",
        "source": "ip-api.com"
      },
      "geometry": {
        "type": "Point",
        "coordinates": [
          -74.006,
          40.7128
        ]
      }
    },
    {
      "type": "Feature",
      "properties": {
        "ip": "142.250.65.214",
        "url": "https://i.ytimg.com/vi/tzqJ1rJURgs/hqdefault.jpg?sqp=-oaymwEnCNACELwBSFryq4qpAxkIARUAAIhCGAHYAQHiAQoIGBACGAY4AUAB&rs=AOn4CLBwB8JqPInqTE1RFtjNiikl942Cdg",
        "city": "New York",
        "region": "New York",
        "country": "United States",
        "org": "Google LLC",
        "timezone": "America/New_York",
        "source": "ip-api.com"
      },
      "geometry": {
        "type": "Point",
        "coordinates": [
          -74.006,
          40.7128
        ]
      }
    },
    {
      "type": "Feature",
      "properties": {
        "ip": "142.250.65.214",
        "url": "https://i.ytimg.com/vi/THY_UFpbZJY/hqdefault.jpg?sqp=-oaymwEnCPYBEIoBSFryq4qpAxkIARUAAIhCGAHYAQHiAQoIGBACGAY4AUAB&rs=AOn4CLCWXK0pSN5o4eu9atDQ_qJdIqrsew",
        "city": "New York",
        "region": "New York",
        "country": "United States",
        "org": "Google LLC",
        "timezone": "America/New_York",
        "source": "ip-api.com"
      },
      "geometry": {
        "type": "Point",
        "coordinates": [
          -74.006,
          40.7128
        ]
      }
    },
    {
      "type": "Feature",
      "properties": {
        "ip": "142.250.65.214",
        "url": "https://i.ytimg.com/vi/S7dc_DOVwbI/hqdefault.jpg?sqp=-oaymwEnCPYBEIoBSFryq4qpAxkIARUAAIhCGAHYAQHiAQoIGBACGAY4AUAB&rs=AOn4CLCg80szGh8WYqoHSVoRroVEzfIl0w",
        "city": "New York",
        "region": "New York",
        "country": "United States",
        "org": "Google LLC",
        "timezone": "America/New_York",
        "source": "ip-api.com"
      },
      "geometry": {
        "type": "Point",
        "coordinates": [
          -74.006,
          40.7128
        ]
      }
    },
    {
      "type": "Feature",
      "properties": {
        "ip": "142.250.65.238",
        "url": "https://www.youtube.com/api/stats/qoe?fmt=396&afmt=251&cpn=nvAuY9p_mrkgmGD_&el=detailpage&ns=yt&fexp=v1%2C23930656%2C55365%2C18623%2C695255%2C14625955%2C11684381%2C53408%2C9105%2C22730%2C2821%2C106030%2C18644%2C14869%2C47210%2C15124%2C65%2C13526%2C391%2C26504%2C9252%2C3479%2C2519%2C10511%2C23206%2C10364%2C4815%2C2%2C19813%2C19660%2C562%2C11784%2C2796%2C2595%2C5656%2C2625%2C1904%2C874%2C10552%2C591%2C6045%2C64%2C4324%2C2313%2C1491%2C1592%2C1479%2C3906%2C1563%2C3888%2C207%2C346%2C7947%2C842%2C4174%2C1995%2C355%2C2585%2C62%2C372%2C723%2C1671%2C1635%2C867%2C1060%2C2039%2C5%2C3485%2C166%2C1414%2C2164%2C332%2C12%2C1029%2C2643%2C938%2C70&cl=787819992&seq=3&docid=Qvh2DovBi64&ei=M3mJaNGCCqiGoPMPq9WVyAM&event=streamingstats&feature=g-high&plid=AAY7G62dZ2Pv6MDr&sdetail=p%3A%2F&sourceid=y&cbrand=apple&cbr=Chrome&cbrver=138.0.0.0&c=WEB&cver=2.20250728.08.00&cplayer=UNIPLAYER&cos=Macintosh&cosver=10_15_7&cplatform=DESKTOP&bh=0.086:5.633,1.383:0.000&cmt=0.086:0.002,0.841:0.713,1.380:0.000,1.382:0.000,1.383:0.000&vps=0.086:PL,1.380:N,1.382:SU,1.383:SU&user_intent=0&bwm=1.383:872157:0.039&bat=1.383:0.64:1&qclc=ChBudkF1WTlwX21ya2dtR0RfEAM",
        "city": "New York",
        "region": "New York",
        "country": "United States",
        "org": "Google LLC",
        "timezone": "America/New_York",
        "source": "ip-api.com"
      },
      "geometry": {
        "type": "Point",
        "coordinates": [
          -74.006,
          40.7128
        ]
      }
    },
    {
      "type": "Feature",
      "properties": {
        "ip": "142.250.65.238",
        "url": "https://www.youtube.com/api/stats/qoe?fmt=398&afmt=251&cpn=DSExmEv2f6AdoD3Y&el=detailpage&ns=yt&fexp=v1%2C23930656%2C55365%2C18623%2C695255%2C14625955%2C11684381%2C53408%2C9105%2C22730%2C2821%2C106030%2C18644%2C14869%2C47210%2C15124%2C65%2C13526%2C391%2C26504%2C9252%2C3479%2C2519%2C10511%2C23206%2C10364%2C4815%2C2%2C19813%2C19660%2C562%2C11784%2C2796%2C2595%2C5656%2C2625%2C1904%2C874%2C10552%2C591%2C6045%2C64%2C4324%2C2313%2C1491%2C1592%2C1479%2C3906%2C1563%2C3888%2C207%2C346%2C7947%2C842%2C4174%2C1995%2C355%2C2585%2C62%2C372%2C723%2C1671%2C1635%2C867%2C1060%2C2039%2C5%2C3485%2C166%2C1414%2C2164%2C332%2C12%2C1029%2C2643%2C938%2C70&cl=787819992&seq=8&docid=otaSWMeT8w8&ei=sHmJaIG3H9TFkucPjZ3nwAg&event=streamingstats&feature=plpp_video&plid=AAY7G7UWRHlzFxHU&sdetail=p%3A%2Fplaylist&sourceid=y&cbrand=apple&cbr=Chrome&cbrver=138.0.0.0&c=WEB&cver=2.20250728.08.00&cplayer=UNIPLAYER&cos=Macintosh&cosver=10_15_7&cplatform=DESKTOP&vps=160.002:PL&bwm=160.002:1552524:0.738&bwe=160.002:4348535&bat=160.002:0.69:1&cmt=160.002:154.563&bh=160.002:120.605&qclc=ChBEU0V4bUV2MmY2QWRvRDNZEAg",
        "city": "New York",
        "region": "New York",
        "country": "United States",
        "org": "Google LLC",
        "timezone": "America/New_York",
        "source": "ip-api.com"
      },
      "geometry": {
        "type": "Point",
        "coordinates": [
          -74.006,
          40.7128
        ]
      }
    },
    {
      "type": "Feature",
      "properties": {
        "ip": "142.250.65.238",
        "url": "https://www.youtube.com/api/timedtext?v=WkysaIBxwPc&ei=jnmJaOfHEIO4kucPpYXn6Qs&caps=asr&opi=112496729&exp=xpe&xoaf=5&xosf=1&hl=zh-CN&ip=0.0.0.0&ipbits=0&expire=1753865214&sparams=ip%2Cipbits%2Cexpire%2Cv%2Cei%2Ccaps%2Copi%2Cexp%2Cxoaf&signature=AA881EFD5C887E201FF806051CFF579C02722CA1.BA8B8B62E45CB1BDBAEB7C93192886DD19C53BD1&key=yt8&kind=asr&lang=en&potc=1&pot=MlVqeh9ft-5rwWpEe378vY73kK0O_tcSRudEGpkHtgaCoJyZppoa7b1h4pTe3edKwTYHxZyGcnVog2zWF6iwB8FvvuZGVX0cxxmMkWCq4K6ohNpxf_cy&fmt=json3&xorb=2&xobt=3&xovt=3&cbrand=apple&cbr=Chrome&cbrver=138.0.0.0&c=WEB&cver=2.20250728.08.00&cplayer=UNIPLAYER&cos=Macintosh&cosver=10_15_7&cplatform=DESKTOP&tlang=zh-Hans",
        "city": "New York",
        "region": "New York",
        "country": "United States",
        "org": "Google LLC",
        "timezone": "America/New_York",
        "source": "ip-api.com"
      },
      "geometry": {
        "type": "Point",
        "coordinates": [
          -74.006,
          40.7128
        ]
      }
    },
    {
      "type": "Feature",
      "properties": {
        "ip": "142.250.65.238",
        "url": "https://www.youtube.com/api/stats/watchtime?ns=yt&el=detailpage&cpn=DSExmEv2f6AdoD3Y&ver=2&cmt=7.575&fmt=398&fs=0&rt=13.014&euri&lact=711&cl=787819992&state=playing&volume=62&cbrand=apple&cbr=Chrome&cbrver=138.0.0.0&c=WEB&cver=2.20250728.08.00&cplayer=UNIPLAYER&cos=Macintosh&cosver=10_15_7&cplatform=DESKTOP&hl=zh_CN&cr=US&uga=35&len=769.461&rtn=23&feature=plpp_video&afmt=251&idpj=-3&ldpj=-23&rti=13&st=0&et=7.575&muted=0&docid=otaSWMeT8w8&ei=sHmJaIG3H9TFkucPjZ3nwAg&plid=AAY7G7UWRHlzFxHU&referrer=https%3A%2F%2Fwww.youtube.com%2Fplaylist%3Flist%3DWL&sdetail=p%3A%2Fplaylist&sourceid=y&list=WL&of=oj8EnlXIBxXMJpgvzezpwA&vm=CAQQARgCOjJBSHFpSlRKTWxsOEZtRjd1eGQxNllrWjU5ZmdONUtwUklJVWEtZXZDaGdRRzlUU0QxQWJfQUZVQTZSUl9XdWs3bDkwcFp6Q3hnNExuRFlyUFVkMnFkVWxJVEVLVGtIMUFLbVZmUjNzUXRYanNiYndPOGZVSGQwTUJaYmY1YnlvMTdjQWpNRWdwSkRCX3M3X0lLMGM",
        "city": "New York",
        "region": "New York",
        "country": "United States",
        "org": "Google LLC",
        "timezone": "America/New_York",
        "source": "ip-api.com"
      },
      "geometry": {
        "type": "Point",
        "coordinates": [
          -74.006,
          40.7128
        ]
      }
    },
    {
      "type": "Feature",
      "properties": {
        "ip": "142.250.65.238",
        "url": "https://www.youtube.com/api/stats/watchtime?ns=yt&el=detailpage&cpn=lRzPnkhfdIdvD0Ru&ver=2&cmt=0&fmt=396&fs=0&rt=2.12&euri&lact=115&cl=787819992&state=paused&volume=100&subscribed=1&cbrand=apple&cbr=Chrome&cbrver=138.0.0.0&c=WEB&cver=2.20250728.08.00&cplayer=UNIPLAYER&cos=Macintosh&cosver=10_15_7&cplatform=DESKTOP&autoplay=1&final=1&delay=10&hl=zh_CN&cr=US&uga=35&len=411.321&feature=g-high-rec&afmt=251&idpj=-1&ldpj=-26&st=0&et=0&muted=1&vis=5&docid=pWRlDIBoQW4&ei=N3mJaOnGNqi30_wPi-eEmAs&plid=AAY7G63lgxFRp3x5&referrer=https%3A%2F%2Fwww.youtube.com%2F&sdetail=p%3A%2F&sourceid=y&autonav=1&of=TTOGcimrwD44xgEZ33ZEfQ&vm=CAEQARgEOjJBSHFpSlRKel9aeV9QalJKY1c4aTNCQXh4cDBVbFNibEhSblFmWlJ2a0hkSi0ySS1fQWJfQUZVQTZSUUoxVWs0cVFaMUxlbW9NbEFVa0k3UXFaY0NXS3RWU2xaVUc0ZTFzZnkyNzZHWVg0RDRWbnVVMGJIQ0tNdzdRV25iNkIyVWlFZzJGLVp1cmh1akFxM2NUSzg",
        "city": "New York",
        "region": "New York",
        "country": "United States",
        "org": "Google LLC",
        "timezone": "America/New_York",
        "source": "ip-api.com"
      },
      "geometry": {
        "type": "Point",
        "coordinates": [
          -74.006,
          40.7128
        ]
      }
    },
    {
      "type": "Feature",
      "properties": {
        "ip": "142.250.65.238",
        "url": "https://www.youtube.com/api/timedtext?v=lCsV8l3s5_w&ei=k3mJaIXiF9Gk0_wP9sSnsQY&caps=asr&opi=112496729&exp=xpe&xoaf=5&xosf=1&hl=zh-CN&ip=0.0.0.0&ipbits=0&expire=1753865219&sparams=ip%2Cipbits%2Cexpire%2Cv%2Cei%2Ccaps%2Copi%2Cexp%2Cxoaf&signature=208534F7E899E26182F2FFFE7F5EDCAB8AAB4232.92D25257F5385524A326E705865BB689342108A9&key=yt8&kind=asr&lang=en&variant=punctuated&potc=1&pot=MlXpESoAcEVYGOkvTiE7Fr0uE8Y7oRC5dT7HcaxYca2xeR_yk8XdRo64Yf_rgiDh8u-ErqnZtd5bWu-9Ivd3rPK2PY1zCrq39MC6bsumQmywhNWrOYJ8&fmt=json3&xorb=2&xobt=3&xovt=3&cbrand=apple&cbr=Chrome&cbrver=138.0.0.0&c=WEB&cver=2.20250728.08.00&cplayer=UNIPLAYER&cos=Macintosh&cosver=10_15_7&cplatform=DESKTOP",
        "city": "New York",
        "region": "New York",
        "country": "United States",
        "org": "Google LLC",
        "timezone": "America/New_York",
        "source": "ip-api.com"
      },
      "geometry": {
        "type": "Point",
        "coordinates": [
          -74.006,
          40.7128
        ]
      }
    },
    {
      "type": "Feature",
      "properties": {
        "ip": "142.250.65.238",
        "url": "https://www.youtube.com/api/stats/watchtime?ns=yt&el=adunit&cpn=Eqgf5ggvEQVjBMoI&ver=2&cmt=0.005&fmt=396&fs=0&rt=3.325&adformat=15_6&euri&lact=3613&cl=787819992&state=paused&volume=100%2C100&cbrand=apple&cbr=Chrome&cbrver=138.0.0.0&c=WEB&cver=2.20250728.08.00&cplayer=UNIPLAYER&cos=Macintosh&cosver=10_15_7&cplatform=DESKTOP&autoplay=1&delay=10&hl=zh_CN&cr=US&uga=35&len=15.041&afmt=251&idpj=0&ldpj=-19&rti=11&st=0%2C0.099&et=0.005%2C3.069&muted=1%2C1&vis=5%2C5&cc=-%2Ca.en&docid=Zg3Xd0giIIk&ei=LnmJaLOwD9KqoPMPjoLXmAg&plid=AAY7G61SkicvQGmF&referrer=https%3A%2F%2Fwww.youtube.com%2F&sdetail=p%3A%2F&sourceid=y&aqi=LHmJaPagA6iu9eQP_Yy38Qg&autonav=1&is_ad=1&of=wbAUJoLFDaeeOSJrHXH1sg&vm=CAEQABgEOjJBSHFpSlRMbTVVTUIwZDN0U1JBTGJpWW8zX3Z6cVBQUEpqVXlBa3ozb2tDaWk4MmpkQWJfQUZVQTZSVHQ1U1FGWmtITnNBTTkxSXlXa2txN0h5dU5EUXdjSnRzd2NtZDExT1psNnYxZnVyWXNUWmZtNDVQUjkzejdkbGNKZHVMZzJfOUcxTTVvdTRaMEJwcXNWLUU",
        "city": "New York",
        "region": "New York",
        "country": "United States",
        "org": "Google LLC",
        "timezone": "America/New_York",
        "source": "ip-api.com"
      },
      "geometry": {
        "type": "Point",
        "coordinates": [
          -74.006,
          40.7128
        ]
      }
    },
    {
      "type": "Feature",
      "properties": {
        "ip": "142.250.65.238",
        "url": "https://www.youtube.com/api/stats/qoe?cpn=PyJkOFKHNQ0xMl95&el=detailpage&ns=yt&fexp=v1%2C23930656%2C55365%2C18623%2C695255%2C14625955%2C11684381%2C53408%2C9105%2C22730%2C2821%2C106030%2C18644%2C14869%2C47210%2C15124%2C65%2C13526%2C391%2C26504%2C9252%2C3479%2C2519%2C10511%2C23206%2C10364%2C4815%2C2%2C19813%2C19660%2C562%2C11784%2C2796%2C2595%2C5656%2C2625%2C1904%2C874%2C10552%2C591%2C6045%2C64%2C4324%2C2313%2C1491%2C1592%2C1479%2C3906%2C1563%2C3888%2C207%2C346%2C7947%2C842%2C4174%2C1995%2C355%2C2585%2C62%2C372%2C723%2C1671%2C1635%2C867%2C1060%2C2039%2C5%2C3485%2C166%2C1414%2C2164%2C332%2C12%2C1029%2C2643%2C938%2C70&cl=787819992&seq=1&docid=THY_UFpbZJY&ei=XHmJaOC_E4aqoPMPtLv9oAE&event=streamingstats&feature=g-high-rec&plid=AAY7G7ARWAMs7BST&sdetail=p%3A%2F&sourceid=y&cbrand=apple&cbr=Chrome&cbrver=138.0.0.0&c=WEB&cver=2.20250728.08.00&cplayer=UNIPLAYER&cos=Macintosh&cosver=10_15_7&cplatform=DESKTOP&vps=0.000:N,0.008:B,0.056:B&cat=streaming,sabr&ctmp=esfw:usbc.1;hsu.1&cmt=0.008:0.000,0.056:0.000&bwe=0.056:2484855&bat=0.056:0.66:1&vis=0.056:5&bh=0.056:0.000&qclc=ChBQeUprT0ZLSE5RMHhNbDk1EAE",
        "city": "New York",
        "region": "New York",
        "country": "United States",
        "org": "Google LLC",
        "timezone": "America/New_York",
        "source": "ip-api.com"
      },
      "geometry": {
        "type": "Point",
        "coordinates": [
          -74.006,
          40.7128
        ]
      }
    },
    {
      "type": "Feature",
      "properties": {
        "ip": "142.250.65.238",
        "url": "https://www.youtube.com/api/stats/qoe?fmt=398&afmt=251&cpn=DSExmEv2f6AdoD3Y&el=detailpage&ns=yt&fexp=v1%2C23930656%2C55365%2C18623%2C695255%2C14625955%2C11684381%2C53408%2C9105%2C22730%2C2821%2C106030%2C18644%2C14869%2C47210%2C15124%2C65%2C13526%2C391%2C26504%2C9252%2C3479%2C2519%2C10511%2C23206%2C10364%2C4815%2C2%2C19813%2C19660%2C562%2C11784%2C2796%2C2595%2C5656%2C2625%2C1904%2C874%2C10552%2C591%2C6045%2C64%2C4324%2C2313%2C1491%2C1592%2C1479%2C3906%2C1563%2C3888%2C207%2C346%2C7947%2C842%2C4174%2C1995%2C355%2C2585%2C62%2C372%2C723%2C1671%2C1635%2C867%2C1060%2C2039%2C5%2C3485%2C166%2C1414%2C2164%2C332%2C12%2C1029%2C2643%2C938%2C70&cl=787819992&seq=7&docid=otaSWMeT8w8&ei=sHmJaIG3H9TFkucPjZ3nwAg&event=streamingstats&feature=plpp_video&plid=AAY7G7UWRHlzFxHU&sdetail=p%3A%2Fplaylist&sourceid=y&cbrand=apple&cbr=Chrome&cbrver=138.0.0.0&c=WEB&cver=2.20250728.08.00&cplayer=UNIPLAYER&cos=Macintosh&cosver=10_15_7&cplatform=DESKTOP&vps=130.002:PL&bwm=130.002:3073442:1.017&bwe=130.002:4709901&bat=130.002:0.68:1&cmt=130.002:124.562&bh=130.002:117.681&qclc=ChBEU0V4bUV2MmY2QWRvRDNZEAc",
        "city": "New York",
        "region": "New York",
        "country": "United States",
        "org": "Google LLC",
        "timezone": "America/New_York",
        "source": "ip-api.com"
      },
      "geometry": {
        "type": "Point",
        "coordinates": [
          -74.006,
          40.7128
        ]
      }
    },
    {
      "type": "Feature",
      "properties": {
        "ip": "142.250.65.238",
        "url": "https://www.youtube.com/api/stats/playback?ns=yt&el=detailpage&cpn=QE1U2zoVLx-UKxob&ver=2&cmt=0.046&fmt=396&fs=0&rt=0.214&euri&lact=137&cl=787819992&mos=1&volume=100&cbrand=apple&cbr=Chrome&cbrver=138.0.0.0&c=WEB&cver=2.20250728.08.00&cplayer=UNIPLAYER&cos=Macintosh&cosver=10_15_7&cplatform=DESKTOP&autoplay=1&delay=10&hl=zh_CN&cr=US&uga=35&len=891.181&fexp=v1%2C23930656%2C55365%2C18623%2C695255%2C14625955%2C11684381%2C53408%2C9105%2C22730%2C2821%2C106030%2C18644%2C14869%2C47210%2C15124%2C65%2C13526%2C391%2C26504%2C9252%2C3479%2C2519%2C10511%2C23206%2C10364%2C4815%2C2%2C19813%2C19660%2C562%2C11784%2C2796%2C2595%2C5656%2C2625%2C1904%2C874%2C10552%2C591%2C6045%2C64%2C4324%2C2313%2C1491%2C1592%2C1479%2C3906%2C1563%2C3888%2C207%2C346%2C7947%2C842%2C4174%2C1995%2C355%2C2585%2C62%2C372%2C723%2C1671%2C1635%2C867%2C1060%2C2039%2C5%2C3485%2C166%2C1414%2C2164%2C332%2C12%2C1029%2C2643%2C938%2C70&rtn=8&feature=g-high-rec&afmt=251&muted=1&vis=5&cc=a.en&au_d=en-US.4&docid=S7dc_DOVwbI&ei=OXmJaJiuF4yGkucPq6OjgQg&plid=AAY7G638VDD-UH3s&referrer=https%3A%2F%2Fwww.youtube.com%2F&sdetail=p%3A%2F&sourceid=y&autonav=1&of=w9TYKSJjyGmNibdjhRe5xg&vm=CAEQARgEOjJBSHFpSlRMYlRHdWgxY2Q2bmtpemRWdmpSdUtMc0dCUFBBVVdmTTM0bXZOY0Rfdzk4Z2JaQUZVQTZSVFZKYzdnN21wQU1GeEZmSExtVnBuZlFDOFRyVE9odk4tYjY3SndSUnZkM2xEbEZrcXE5MVdyekhXbGlMN3pQMXhrMTZNNjJMcWNvR1VHSllYa0Rn",
        "city": "New York",
        "region": "New York",
        "country": "United States",
        "org": "Google LLC",
        "timezone": "America/New_York",
        "source": "ip-api.com"
      },
      "geometry": {
        "type": "Point",
        "coordinates": [
          -74.006,
          40.7128
        ]
      }
    },
    {
      "type": "Feature",
      "properties": {
        "ip": "142.250.65.238",
        "url": "https://www.youtube.com/ptracking?html5=1&video_id=Qvh2DovBi64&cpn=fMDjmaNK9Zee260q&ei=M3mJaNGCCqiGoPMPq9WVyAM&ptk=youtube_single&oid=zzkjNrzgX5zt5q7Oh1_KMA&ptchn=qit4NtRDfdEHKX_zgmAwrg&pltype=content&m=ApzsBZkV0PVSyaZ15ybkDu7Sm0_HQRu0HylE88HuAgVGMBr79zmCx1NG2xyEgP2jSN_UawbRitImHOGmVe3Tj8_K",
        "city": "New York",
        "region": "New York",
        "country": "United States",
        "org": "Google LLC",
        "timezone": "America/New_York",
        "source": "ip-api.com"
      },
      "geometry": {
        "type": "Point",
        "coordinates": [
          -74.006,
          40.7128
        ]
      }
    },
    {
      "type": "Feature",
      "properties": {
        "ip": "142.250.65.238",
        "url": "https://www.youtube.com/api/stats/watchtime?ns=yt&el=detailpage&cpn=R8jEZRVKsEZHNv5n&ver=2&cmt=0&fmt=396&fs=0&rt=0.598&euri&lact=347&cl=787819992&state=paused&volume=100&cbrand=apple&cbr=Chrome&cbrver=138.0.0.0&c=WEB&cver=2.20250728.08.00&cplayer=UNIPLAYER&cos=Macintosh&cosver=10_15_7&cplatform=DESKTOP&autoplay=1&final=1&delay=10&hl=zh_CN&cr=US&uga=35&len=538.721&feature=g-high-rec&afmt=251&idpj=-4&ldpj=-25&st=0&et=0&muted=1&vis=5&au=en-US.4&docid=3F7t2bnGbis&ei=SHmJaJWPCZeikucPzMKRwAc&plid=AAY7G67dsDXGHyjL&referrer=https%3A%2F%2Fwww.youtube.com%2F&sdetail=p%3A%2F&sourceid=y&autonav=1&of=ojW4fsWU3tyLPeG-RmfjXg&vm=CAEQARgEOjJBSHFpSlRJZ3lFV3FhX1kxSUl5NGFrUXZWT0ZqOXQ0TGE5b19leHdGQVNTR3M2UDFkZ2JcQUZVQTZSU0FSVTFjd0txdWNsOWhUTXRRdzRGY1NlUmZXMTg2NzJDT1VuSHNQNjJmZkFLQ2lPbVdZbVB0aV9yNG1RQlBRREdkQl9kbXdrbnJhajZkenVDc3NJR3A",
        "city": "New York",
        "region": "New York",
        "country": "United States",
        "org": "Google LLC",
        "timezone": "America/New_York",
        "source": "ip-api.com"
      },
      "geometry": {
        "type": "Point",
        "coordinates": [
          -74.006,
          40.7128
        ]
      }
    },
    {
      "type": "Feature",
      "properties": {
        "ip": "142.250.65.238",
        "url": "https://www.youtube.com/api/stats/qoe?fmt=396&afmt=251&cpn=Zb-07ICh_J_R3YqT&el=detailpage&ns=yt&fexp=v1%2C23930656%2C55365%2C18623%2C695255%2C14625955%2C11684381%2C53408%2C9105%2C22730%2C2821%2C106030%2C18644%2C14869%2C47210%2C15124%2C65%2C13526%2C391%2C26504%2C9252%2C3479%2C2519%2C10511%2C23206%2C10364%2C4815%2C2%2C19813%2C19660%2C562%2C11784%2C2796%2C2595%2C5656%2C2625%2C1904%2C874%2C10552%2C591%2C6045%2C64%2C4324%2C2313%2C1491%2C1592%2C1479%2C3906%2C1563%2C3888%2C207%2C346%2C7947%2C842%2C4174%2C1995%2C355%2C2585%2C62%2C372%2C723%2C1671%2C1635%2C867%2C1060%2C2039%2C5%2C3485%2C166%2C1414%2C2164%2C332%2C12%2C1029%2C2643%2C938%2C70&cl=787819992&seq=3&docid=otaSWMeT8w8&ei=WHmJaPrVKoXQoPMP5PzR2QE&event=streamingstats&feature=g-high-rec&plid=AAY7G6_aJIMIiBEd&sdetail=p%3A%2F&sourceid=y&cbrand=apple&cbr=Chrome&cbrver=138.0.0.0&c=WEB&cver=2.20250728.08.00&cplayer=UNIPLAYER&cos=Macintosh&cosver=10_15_7&cplatform=DESKTOP&user_intent=0&bh=0.167:16.600,0.433:0.000&cmt=0.167:0.052,0.432:0.000,0.433:0.000,0.433:0.000&vps=0.167:PL,0.432:N,0.433:SU,0.433:SU&bwm=0.433:143:0.014&bat=0.433:0.65:1&qclc=ChBaYi0wN0lDaF9KX1IzWXFUEAM",
        "city": "New York",
        "region": "New York",
        "country": "United States",
        "org": "Google LLC",
        "timezone": "America/New_York",
        "source": "ip-api.com"
      },
      "geometry": {
        "type": "Point",
        "coordinates": [
          -74.006,
          40.7128
        ]
      }
    },
    {
      "type": "Feature",
      "properties": {
        "ip": "142.250.65.238",
        "url": "https://www.youtube.com/api/stats/playback?ns=yt&el=adunit&cpn=u8Lbh3rzNZJmLMSx&ver=2&cmt=0.021&fmt=698&fs=0&rt=0.221&adformat=15_20&euri=https%3A%2F%2Fwww.youtube.com%2Fshorts%2F0wBfICuWl7M&lact=10313&cl=787819992&mos=0&volume=62&cbrand=apple&cbr=Chrome&cbrver=138.0.0.0&c=WEB&cver=2.20250728.08.00&cplayer=UNIPLAYER&cos=Macintosh&cosver=10_15_7&cplatform=DESKTOP&delay=4&hl=zh_CN&cr=US&uga=35&len=43.001&fexp=v1%2C23930656%2C55365%2C18623%2C695255%2C14625955%2C11684381%2C53408%2C9105%2C22730%2C2821%2C106030%2C18644%2C14869%2C47210%2C15124%2C65%2C13526%2C391%2C26504%2C9252%2C3479%2C2519%2C10511%2C23206%2C10364%2C4815%2C2%2C19813%2C19660%2C562%2C11784%2C2796%2C2595%2C5656%2C2625%2C1904%2C874%2C10552%2C591%2C6045%2C64%2C4324%2C2313%2C1491%2C1592%2C1479%2C3906%2C1563%2C3888%2C207%2C346%2C7947%2C842%2C4174%2C1995%2C355%2C2585%2C62%2C372%2C723%2C1671%2C1635%2C867%2C1060%2C2039%2C5%2C3485%2C166%2C1414%2C2164%2C332%2C12%2C1029%2C2643%2C938%2C70&rtn=5&afmt=251&muted=0&docid=CTE9w5RqhiY&ei=lXmJaPqrMI21kucP9o6AkAM&plid=AAY7G7N-Ld1qwUr8&referrer=https%3A%2F%2Fwww.youtube.com%2Fshorts%2FntCVNYOjQJ4&sdetail=p%3A%2Fshorts%2FntCVNYOjQJ4&sourceid=y&adcontext=CAESEwjR04OFu-OOAxX8Qp0GHfp7Io0YAyAQKAQ&aqi=ZXmJaJGNLvyF9eQP-veJ6Qg&of=2B_a7nyQqyuEzCjG6av3WQ&vm=CAEQABgEOjJBSHFpSlRLZmptWjhfV1dWb28tNmRoTFVacVI2QThmdGoyUTR0WnRnYnc3WDluSDhxUWJnQUZVQTZSU1BpLUJ6T3ZEck80NGdPZjhyOVZORUhpeHdPWE5rXzZCV09sTXU1Q0RKSXVzUFdWQS14N09ka2NoV3pIR0lrOWNrWFl0NW1BX3BvVy1zT0Nhd29TRXVkdnFzY01rbW1xbw",
        "city": "New York",
        "region": "New York",
        "country": "United States",
        "org": "Google LLC",
        "timezone": "America/New_York",
        "source": "ip-api.com"
      },
      "geometry": {
        "type": "Point",
        "coordinates": [
          -74.006,
          40.7128
        ]
      }
    },
    {
      "type": "Feature",
      "properties": {
        "ip": "142.250.65.238",
        "url": "https://www.youtube.com/api/stats/watchtime?ns=yt&el=detailpage&cpn=5m7xa9A0xZ9cQu-J&ver=2&cmt=3&fmt=396&fs=0&rt=0.358&euri&lact=393&cl=787819992&state=paused&volume=100&subscribed=1&cbrand=apple&cbr=Chrome&cbrver=138.0.0.0&c=WEB&cver=2.20250728.08.00&cplayer=UNIPLAYER&cos=Macintosh&cosver=10_15_7&cplatform=DESKTOP&autoplay=1&final=1&delay=10&hl=zh_CN&cr=US&uga=35&len=40.161&feature=g-high&afmt=251&idpj=-4&ldpj=-32&st=3&et=3&muted=1&vis=5&docid=4Ds2VCOKMSE&ei=MnmJaMjME7CAy_sP7fqniQc&plid=AAY7G62QmbFH7Dbe&referrer=https%3A%2F%2Fwww.youtube.com%2F&sdetail=p%3A%2F&sourceid=y&autonav=1&of=BZ4_sYAgIRXdGgxPuwj3uA&vm=CAEQABgEOjJBSHFpSlRMMDR3TkJMZTZpQVpUalNvNUo1SlhFaXlRYUxhTmpmUVp2TWszNFdxdGNfd2JkQUZVQTZSU3ZrRGh0a1JBM3ZwbG5rb1RkN3NJYkM0WFJMd3pEUFRPYlY2WE1IbXVJbnZBTTdfOC1qLWZiRVBjZTk4bVBjR05EUTJWZjcyME9zMlJkbEY0b0pkVE42dV95OVYtVQ",
        "city": "New York",
        "region": "New York",
        "country": "United States",
        "org": "Google LLC",
        "timezone": "America/New_York",
        "source": "ip-api.com"
      },
      "geometry": {
        "type": "Point",
        "coordinates": [
          -74.006,
          40.7128
        ]
      }
    },
    {
      "type": "Feature",
      "properties": {
        "ip": "142.250.65.238",
        "url": "https://www.youtube.com/api/stats/watchtime?ns=yt&el=detailpage&cpn=sU6UFpQj_Eh9OdhG&ver=2&cmt=0&fmt=396&fs=0&rt=0.846&euri&lact=24&cl=787819992&state=paused&volume=100&cbrand=apple&cbr=Chrome&cbrver=138.0.0.0&c=WEB&cver=2.20250728.08.00&cplayer=UNIPLAYER&cos=Macintosh&cosver=10_15_7&cplatform=DESKTOP&autoplay=1&final=1&delay=10&hl=zh_CN&cr=US&uga=35&len=756.761&feature=g-high-rec&afmt=251&idpj=-4&ldpj=-20&st=0&et=0&muted=1&vis=5&docid=tW-emn1hOHQ&ei=SHmJaJPHNLPLoPMP9saPgAE&plid=AAY7G67oZgcCeQ5r&referrer=https%3A%2F%2Fwww.youtube.com%2F&sdetail=p%3A%2F&sourceid=y&autonav=1&of=UftzHSvOHxJXXA1n3oXpqQ&vm=CAQQARgCOjJBSHFpSlRKb1Vjc1ptaHBmNDA1bUR0Yi1yWDJheEx1UEtjczFlMXJLTmJqekZLdWpPZ2JaQUZVQTZSUi05bVVBZ1FyVVJ0dWdFX042WTJtVllTaWdicXhqZXVaRWVSb195XzgtalBUUXZROXBZSEM5U0U4dENGT2E2UmN3WUhfRlYwUl9mc2MzRXRTc3Zn",
        "city": "New York",
        "region": "New York",
        "country": "United States",
        "org": "Google LLC",
        "timezone": "America/New_York",
        "source": "ip-api.com"
      },
      "geometry": {
        "type": "Point",
        "coordinates": [
          -74.006,
          40.7128
        ]
      }
    },
    {
      "type": "Feature",
      "properties": {
        "ip": "142.250.65.238",
        "url": "https://www.youtube.com/api/stats/watchtime?ns=yt&el=detailpage&cpn=DSExmEv2f6AdoD3Y&ver=2&cmt=47.562&fmt=398&fs=1&rt=53.001&euri&lact=14122&cl=787819992&state=playing&volume=62&cbrand=apple&cbr=Chrome&cbrver=138.0.0.0&c=WEB&cver=2.20250728.08.00&cplayer=UNIPLAYER&cos=Macintosh&cosver=10_15_7&cplatform=DESKTOP&hl=zh_CN&cr=US&uga=35&len=769.461&rtn=93&feature=plpp_video&afmt=251&idpj=-3&ldpj=-23&rti=53&st=27.561&et=47.562&muted=0&vis=2&docid=otaSWMeT8w8&ei=sHmJaIG3H9TFkucPjZ3nwAg&plid=AAY7G7UWRHlzFxHU&referrer=https%3A%2F%2Fwww.youtube.com%2Fplaylist%3Flist%3DWL&sdetail=p%3A%2Fplaylist&sourceid=y&list=WL&of=oj8EnlXIBxXMJpgvzezpwA&vm=CAQQARgCOjJBSHFpSlRKTWxsOEZtRjd1eGQxNllrWjU5ZmdONUtwUklJVWEtZXZDaGdRRzlUU0QxQWJfQUZVQTZSUl9XdWs3bDkwcFp6Q3hnNExuRFlyUFVkMnFkVWxJVEVLVGtIMUFLbVZmUjNzUXRYanNiYndPOGZVSGQwTUJaYmY1YnlvMTdjQWpNRWdwSkRCX3M3X0lLMGM",
        "city": "New York",
        "region": "New York",
        "country": "United States",
        "org": "Google LLC",
        "timezone": "America/New_York",
        "source": "ip-api.com"
      },
      "geometry": {
        "type": "Point",
        "coordinates": [
          -74.006,
          40.7128
        ]
      }
    },
    {
      "type": "Feature",
      "properties": {
        "ip": "142.250.65.238",
        "url": "https://www.youtube.com/api/stats/atr?ns=yt&el=detailpage&cpn=QE1U2zoVLx-UKxob&ver=2&cmt=1.053&fmt=396&fs=0&rt=1.216&euri&lact=408&cl=787819992&mos=1&volume=100&cbrand=apple&cbr=Chrome&cbrver=138.0.0.0&c=WEB&cver=2.20250728.08.00&cplayer=UNIPLAYER&cos=Macintosh&cosver=10_15_7&cplatform=DESKTOP&autoplay=1&delay=10&hl=zh_CN&cr=US&uga=35&len=891.181&fexp=v1%2C23930656%2C55365%2C18623%2C695255%2C14625955%2C11684381%2C53408%2C9105%2C22730%2C2821%2C106030%2C18644%2C14869%2C47210%2C15124%2C65%2C13526%2C391%2C26504%2C9252%2C3479%2C2519%2C10511%2C23206%2C10364%2C4815%2C2%2C19813%2C19660%2C562%2C11784%2C2796%2C2595%2C5656%2C2625%2C1904%2C874%2C10552%2C591%2C6045%2C64%2C4324%2C2313%2C1491%2C1592%2C1479%2C3906%2C1563%2C3888%2C207%2C346%2C7947%2C842%2C4174%2C1995%2C355%2C2585%2C62%2C372%2C723%2C1671%2C1635%2C867%2C1060%2C2039%2C5%2C3485%2C166%2C1414%2C2164%2C332%2C12%2C1029%2C2643%2C938%2C70&feature=g-high-rec&afmt=251&muted=1&vis=5&cc=a.en&au=en-US.4&docid=S7dc_DOVwbI&ei=OXmJaJiuF4yGkucPq6OjgQg&plid=AAY7G638VDD-UH3s&vm=CAEQARgEOjJBSHFpSlRMYlRHdWgxY2Q2bmtpemRWdmpSdUtMc0dCUFBBVVdmTTM0bXZOY0Rfdzk4Z2JaQUZVQTZSVFZKYzdnN21wQU1GeEZmSExtVnBuZlFDOFRyVE9odk4tYjY3SndSUnZkM2xEbEZrcXE5MVdyekhXbGlMN3pQMXhrMTZNNjJMcWNvR1VHSllYa0Rn",
        "city": "New York",
        "region": "New York",
        "country": "United States",
        "org": "Google LLC",
        "timezone": "America/New_York",
        "source": "ip-api.com"
      },
      "geometry": {
        "type": "Point",
        "coordinates": [
          -74.006,
          40.7128
        ]
      }
    },
    {
      "type": "Feature",
      "properties": {
        "ip": "142.250.65.238",
        "url": "https://www.youtube.com/api/stats/qoe?fmt=396&afmt=251&cpn=Mb-B6HKdw_6CJYKJ&el=detailpage&ns=yt&fexp=v1%2C23930656%2C55365%2C18623%2C695255%2C14625955%2C11684381%2C53408%2C9105%2C22730%2C2821%2C106030%2C18644%2C14869%2C47210%2C15124%2C65%2C13526%2C391%2C26504%2C9252%2C3479%2C2519%2C10511%2C23206%2C10364%2C4815%2C2%2C19813%2C19660%2C562%2C11784%2C2796%2C2595%2C5656%2C2625%2C1904%2C874%2C10552%2C591%2C6045%2C64%2C4324%2C2313%2C1491%2C1592%2C1479%2C3906%2C1563%2C3888%2C207%2C346%2C7947%2C842%2C4174%2C1995%2C355%2C2585%2C62%2C372%2C723%2C1671%2C1635%2C867%2C1060%2C2039%2C5%2C3485%2C166%2C1414%2C2164%2C332%2C12%2C1029%2C2643%2C938%2C70&cl=787819992&seq=3&docid=Qvh2DovBi64&ei=M3mJaNGCCqiGoPMPq9WVyAM&event=streamingstats&feature=g-high&plid=AAY7G62dZ2Pv6MDr&sdetail=p%3A%2F&sourceid=y&cbrand=apple&cbr=Chrome&cbrver=138.0.0.0&c=WEB&cver=2.20250728.08.00&cplayer=UNIPLAYER&cos=Macintosh&cosver=10_15_7&cplatform=DESKTOP&afs=0.079:251;CggKA2RyYxIBMQ::i:CCUoAQ&ctmp=atrkchg:t.80;id.und;m.0&user_intent=0&bh=0.193:16.633,4.277:0.000&cmt=0.193:0.051,0.948:0.808,4.273:0.000,4.277:0.000,4.277:0.000&vps=0.193:PL,4.273:N,4.277:SU,4.277:SU&bwm=4.277:1282998:0.064&bat=4.277:0.65:1&qclc=ChBNYi1CNkhLZHdfNkNKWUtKEAM",
        "city": "New York",
        "region": "New York",
        "country": "United States",
        "org": "Google LLC",
        "timezone": "America/New_York",
        "source": "ip-api.com"
      },
      "geometry": {
        "type": "Point",
        "coordinates": [
          -74.006,
          40.7128
        ]
      }
    },
    {
      "type": "Feature",
      "properties": {
        "ip": "142.250.65.238",
        "url": "https://www.youtube.com/api/stats/watchtime?ns=yt&el=adunit&cpn=s-ZuRnfTG5Fd5T-e&ver=2&cmt=0&fmt=398&fs=0&rt=0.652&adformat=15_20&euri=https%3A%2F%2Fwww.youtube.com%2Fshorts%2F0wBfICuWl7M&lact=8348&cl=787819992&state=paused&volume=62&cbrand=apple&cbr=Chrome&cbrver=138.0.0.0&c=WEB&cver=2.20250728.08.00&cplayer=UNIPLAYER&cos=Macintosh&cosver=10_15_7&cplatform=DESKTOP&delay=4&hl=zh_CN&cr=US&uga=35&len=30.061&afmt=251&idpj=-5&ldpj=-19&rti=6&st=0&et=0.218&muted=0&docid=lCsV8l3s5_w&ei=k3mJaIXiF9Gk0_wP9sSnsQY&plid=AAY7G7NZggWyqyaz&referrer=https%3A%2F%2Fwww.youtube.com%2Fshorts%2FsD0-hqf3ZZk&sdetail=p%3A%2Fshorts%2FsD0-hqf3ZZk&sourceid=y&aqi=ZXmJaJGNLvyF9eQP-veJ6Qg&is_ad=1&of=wbAUJoLFDaeeOSJrHXH1sg&vm=CAEQABgEOjJBSHFpSlRKRnYtWU51ODZOVTV4QXNrcDdIemtwVzFYUlJSTXVlaklrcG4zWTFueUdJUWJiQUZVQTZSVGMxM3UwdlZnWHNIeUlWTnlEVExYQXRFb2hibUd6MFQ4N29iQ0VkMDY3N0k5T3VFNkFtb1I5MWxTbDVDdkd3TG5qT3ZtaU1iWFdoc3B3Q2hkd0NYSFpBTnl4eFE",
        "city": "New York",
        "region": "New York",
        "country": "United States",
        "org": "Google LLC",
        "timezone": "America/New_York",
        "source": "ip-api.com"
      },
      "geometry": {
        "type": "Point",
        "coordinates": [
          -74.006,
          40.7128
        ]
      }
    },
    {
      "type": "Feature",
      "properties": {
        "ip": "142.250.65.238",
        "url": "https://www.youtube.com/api/stats/qoe?fmt=398&afmt=251&cpn=DSExmEv2f6AdoD3Y&el=detailpage&ns=yt&fexp=v1%2C23930656%2C55365%2C18623%2C695255%2C14625955%2C11684381%2C53408%2C9105%2C22730%2C2821%2C106030%2C18644%2C14869%2C47210%2C15124%2C65%2C13526%2C391%2C26504%2C9252%2C3479%2C2519%2C10511%2C23206%2C10364%2C4815%2C2%2C19813%2C19660%2C562%2C11784%2C2796%2C2595%2C5656%2C2625%2C1904%2C874%2C10552%2C591%2C6045%2C64%2C4324%2C2313%2C1491%2C1592%2C1479%2C3906%2C1563%2C3888%2C207%2C346%2C7947%2C842%2C4174%2C1995%2C355%2C2585%2C62%2C372%2C723%2C1671%2C1635%2C867%2C1060%2C2039%2C5%2C3485%2C166%2C1414%2C2164%2C332%2C12%2C1029%2C2643%2C938%2C70&cl=787819992&seq=4&docid=otaSWMeT8w8&ei=sHmJaIG3H9TFkucPjZ3nwAg&event=streamingstats&feature=plpp_video&plid=AAY7G7UWRHlzFxHU&sdetail=p%3A%2Fplaylist&sourceid=y&cbrand=apple&cbr=Chrome&cbrver=138.0.0.0&c=WEB&cver=2.20250728.08.00&cplayer=UNIPLAYER&cos=Macintosh&cosver=10_15_7&cplatform=DESKTOP&bwm=23.037:1880487:0.695,30.001:870740:0.396&bwe=23.037:3654673,30.001:3251979&bat=23.037:0.66:1,30.001:0.67:1&vis=23.037:2&cmt=23.037:17.598,30.001:24.562&bh=23.037:36.207,30.001:39.271&vps=30.001:PL&qclc=ChBEU0V4bUV2MmY2QWRvRDNZEAQ",
        "city": "New York",
        "region": "New York",
        "country": "United States",
        "org": "Google LLC",
        "timezone": "America/New_York",
        "source": "ip-api.com"
      },
      "geometry": {
        "type": "Point",
        "coordinates": [
          -74.006,
          40.7128
        ]
      }
    },
    {
      "type": "Feature",
      "properties": {
        "ip": "142.250.65.238",
        "url": "https://www.youtube.com/api/timedtext?v=3F7t2bnGbis&ei=SHmJaJWPCZeikucPzMKRwAc&caps=asr&opi=112496729&exp=xpo%2Cxpe&xoaf=7&xospf=1&hl=zh-CN&ip=0.0.0.0&ipbits=0&expire=1753865144&sparams=ip%2Cipbits%2Cexpire%2Cv%2Cei%2Ccaps%2Copi%2Cexp%2Cxoaf&signature=1060C7D10D8A191C348192471AB219CF83A9C5C4.11E358C061584E55DF1D20B848D2BFD5BD20B025&key=yt8&kind=asr&lang=en&variant=punctuated&potc=1&pot=MlU_0GdmIxwElD_uA0doT-GixQd2x0PgKbIRsOE-IvTt9ckz3qOOH9I0tz6m5HO4rmNSb-S_5ocH1jl8b5Ek9a4660w-bOnuqExpUEY3kzCa0HMMf8lZ&fmt=json3&xorb=2&xobt=3&xovt=3&cbrand=apple&cbr=Chrome&cbrver=138.0.0.0&c=WEB&cver=2.20250728.08.00&cplayer=UNIPLAYER&cos=Macintosh&cosver=10_15_7&cplatform=DESKTOP",
        "city": "New York",
        "region": "New York",
        "country": "United States",
        "org": "Google LLC",
        "timezone": "America/New_York",
        "source": "ip-api.com"
      },
      "geometry": {
        "type": "Point",
        "coordinates": [
          -74.006,
          40.7128
        ]
      }
    },
    {
      "type": "Feature",
      "properties": {
        "ip": "142.250.65.238",
        "url": "https://www.youtube.com/api/timedtext?v=lGDhd-DTmrQ&ei=lHmJaNjOMeC1kucP2ufnqQg&caps=asr&opi=112496729&exp=xpe&xoaf=5&xosf=1&hl=zh-CN&ip=0.0.0.0&ipbits=0&expire=1753865220&sparams=ip%2Cipbits%2Cexpire%2Cv%2Cei%2Ccaps%2Copi%2Cexp%2Cxoaf&signature=DE06BB848D31966F194CC5422C0B7B1D15FA7BCB.655FDE48E7B9A56B78E9812B979D2CA775EB2319&key=yt8&kind=asr&lang=en&potc=1&pot=MlURIbuiIUXa-hEf34NqFj_M6_aqA0G599w_QT36IK0zm-fCAmeMRgxamc96IHHhcA18njh75N7ZuBeNs1UmrHBUxb3iqOu3diIXUaQ0RvKQ7PR0Wdut&fmt=json3&xorb=2&xobt=3&xovt=3&cbrand=apple&cbr=Chrome&cbrver=138.0.0.0&c=WEB&cver=2.20250728.08.00&cplayer=UNIPLAYER&cos=Macintosh&cosver=10_15_7&cplatform=DESKTOP&tlang=zh-CN",
        "city": "New York",
        "region": "New York",
        "country": "United States",
        "org": "Google LLC",
        "timezone": "America/New_York",
        "source": "ip-api.com"
      },
      "geometry": {
        "type": "Point",
        "coordinates": [
          -74.006,
          40.7128
        ]
      }
    },
    {
      "type": "Feature",
      "properties": {
        "ip": "142.250.65.238",
        "url": "https://www.youtube.com/api/stats/qoe?fmt=398&afmt=251&cpn=DSExmEv2f6AdoD3Y&el=detailpage&ns=yt&fexp=v1%2C23930656%2C55365%2C18623%2C695255%2C14625955%2C11684381%2C53408%2C9105%2C22730%2C2821%2C106030%2C18644%2C14869%2C47210%2C15124%2C65%2C13526%2C391%2C26504%2C9252%2C3479%2C2519%2C10511%2C23206%2C10364%2C4815%2C2%2C19813%2C19660%2C562%2C11784%2C2796%2C2595%2C5656%2C2625%2C1904%2C874%2C10552%2C591%2C6045%2C64%2C4324%2C2313%2C1491%2C1592%2C1479%2C3906%2C1563%2C3888%2C207%2C346%2C7947%2C842%2C4174%2C1995%2C355%2C2585%2C62%2C372%2C723%2C1671%2C1635%2C867%2C1060%2C2039%2C5%2C3485%2C166%2C1414%2C2164%2C332%2C12%2C1029%2C2643%2C938%2C70&cl=787819992&seq=15&docid=otaSWMeT8w8&ei=sHmJaIG3H9TFkucPjZ3nwAg&event=streamingstats&feature=plpp_video&plid=AAY7G7UWRHlzFxHU&sdetail=p%3A%2Fplaylist&sourceid=y&cbrand=apple&cbr=Chrome&cbrver=138.0.0.0&c=WEB&cver=2.20250728.08.00&cplayer=UNIPLAYER&cos=Macintosh&cosver=10_15_7&cplatform=DESKTOP&vps=212.601:PL,212.904:S:ss.7,213.661:PL,223.162:PL&bwe=212.904:3143122,214.794:5751111,223.162:6128919&bat=212.904:0.7:1,214.794:0.7:1,223.162:0.7:1&bh=212.904:2.220,214.794:18.996,223.162:24.042&ctmp=mdstm:t.213158;rst4disc.d;cd.0.000;sq.-1&bwm=214.794:1198083:0.590,223.162:362715:0.131&vis=214.794:0&df=223.162:1&qclc=ChBEU0V4bUV2MmY2QWRvRDNZEA8",
        "city": "New York",
        "region": "New York",
        "country": "United States",
        "org": "Google LLC",
        "timezone": "America/New_York",
        "source": "ip-api.com"
      },
      "geometry": {
        "type": "Point",
        "coordinates": [
          -74.006,
          40.7128
        ]
      }
    },
    {
      "type": "Feature",
      "properties": {
        "ip": "142.250.65.238",
        "url": "https://www.youtube.com/pagead/adview?ai=CK8WOZXmJaJGNLvyF9eQP-veJ6QjAhrrzgAH_vqai1hS1kB8QASAAYMnGqYvApNgPggEXY2EtcHViLTYyMTk4MTE3NDcwNDkzNzGgAfuZsfwBqAMEyAMKqgS6AU_QGeYpEzZc8FPKuCQ8P34P6o2ErAJn2gcRTFgVKQb87dMuu3TrHH9OkkqExZtAdziFBvjNuX8A5lpXd-md3mcY3mRQRA3N-dizgGyqVkuBiYdO0nRyU4c1_IvYIShDRAR_OG3q45wEd2tOgqktsj6lNpn0uw7ErpqtnkbcNeDR1VfII3-sa-slBab0jeIDydp1j6O8VbyAbZUI8fzHGiZCiZcbvsc5WaLBLfK0kqaTTKByjU-o4GxH_sAEjbXTsKMFiAWszd2GVaAGoQGAB-3lzoMCiAcBkAcCqAfywLECqAe4xLECqAfhtrECqAelz7ECqAfnnbECqAfonbECqAfvtbECqAfwtbECqAf507ECqAeCqrECqAeECKgHptSxAqgHqNIbqAe2B6gHsdwbqAeBw7ECqAf4v7ECqAewm7ECqAeusbECqAfmvLECqAfKurECqAf9srECqAf3uLECqAf4uLECqAfIz7ECqAfJz7ECqAfNx7ECqAfx0bECqAf0mbECqAf4v7ECqAeBxhuoB_yvsQKoB6vFG6gHhrKxAqgH182xAqgH49kbqAe3qbECqAeXurECqAfpq7ECkggLMFhsc0ZlTldETWeoCAGwCAzSCDEIgICAgAQQAhhaMgKABDoRj9CAgICABIDAgICAwICAAipI2aDSNVAUWMC8goW7444DyAmPAcgJwgHICeQBugt8CAQQBRgEIBAoATARQAFIAFgsYABoAHABiAEAmAEBogEoCh0IACAD2rgEFTITOhEKDygwSLD7suiQBJgZAbggAdABAagCBcACAqgBAdgBAYACAYgCBagCALUCpPEKQuUCxwf1PO0C5UXZN_0CNpsrO4UDEESYPo0DNeXJQ9IMBAgBEAG4E____________wGIFAGwFATAFcmAgEDSFg0Iwar-CBAAGAEoATgAihcWCAMYASABKAEwATgBQAFIAVABWAFgAqAXAakXcoYtjHKK4LS6FwgQASgAMAFIAdIXChIC-lMYoQEiAQCAGQM&sigh=uSderB6Dj3g&cid=CAESD-D2LiMQVeIaDXeS-X-nSg",
        "city": "New York",
        "region": "New York",
        "country": "United States",
        "org": "Google LLC",
        "timezone": "America/New_York",
        "source": "ip-api.com"
      },
      "geometry": {
        "type": "Point",
        "coordinates": [
          -74.006,
          40.7128
        ]
      }
    },
    {
      "type": "Feature",
      "properties": {
        "ip": "142.250.65.238",
        "url": "https://www.youtube.com/api/stats/qoe?fmt=398&afmt=251&cpn=dL0jEbaRvVHtsl66&el=shortspage&ns=yt&fexp=v1%2C23930656%2C55365%2C18623%2C695255%2C14625955%2C11684381%2C53408%2C9105%2C22730%2C2821%2C106030%2C18644%2C14869%2C47210%2C15124%2C65%2C13526%2C391%2C26504%2C9252%2C3479%2C2519%2C10511%2C23206%2C10364%2C4815%2C2%2C19813%2C19660%2C562%2C11784%2C2796%2C2595%2C5656%2C2625%2C1904%2C874%2C10552%2C591%2C6045%2C64%2C4324%2C2313%2C1491%2C1592%2C1479%2C3906%2C1563%2C3888%2C207%2C346%2C7947%2C842%2C4174%2C1995%2C355%2C2585%2C62%2C372%2C723%2C1671%2C1635%2C867%2C1060%2C2039%2C5%2C3485%2C166%2C1414%2C2164%2C332%2C12%2C1029%2C2643%2C938%2C70&cl=787819992&seq=2&docid=iCuxBMrc8bE&ei=l3mJaPXnFsWVkucP5f2D4AU&event=streamingstats&plid=AAY7G7OWbqNaZYGP&sdetail=p%3A%2Fshorts%2FyxIfKLAHEho&sourceid=y&cbrand=apple&cbr=Chrome&cbrver=138.0.0.0&c=WEB&cver=2.20250728.08.00&cplayer=UNIPLAYER&cos=Macintosh&cosver=10_15_7&cplatform=DESKTOP&user_intent=0&bh=0.260:14.800,0.523:0.000&cmt=0.260:0.018,0.520:0.255,0.521:0.000,0.523:0.000,0.523:0.000&vps=0.260:PL,0.520:PA,0.521:N,0.523:SU,0.523:SU&cfs=0.329:a.en:::s&bwm=0.523:1632160:0.028&bat=0.523:0.66:1&qclc=ChBkTDBqRWJhUnZWSHRzbDY2EAIaDENnSUlEQSUzRCUzRA",
        "city": "New York",
        "region": "New York",
        "country": "United States",
        "org": "Google LLC",
        "timezone": "America/New_York",
        "source": "ip-api.com"
      },
      "geometry": {
        "type": "Point",
        "coordinates": [
          -74.006,
          40.7128
        ]
      }
    },
    {
      "type": "Feature",
      "properties": {
        "ip": "142.250.65.238",
        "url": "https://www.youtube.com/ptracking?html5=1&video_id=WkysaIBxwPc&cpn=KHlzL2XVthjSOKmg&ei=jnmJaOfHEIO4kucPpYXn6Qs&ptk=youtube_single&oid=HjRC6FbXW_oS4lP7ZqZk9A&ptchn=WZp4y1jqBuvLtiyxSs_ZBw&pltype=content&m=ArcV9A5-4IUo75zEMu6dlKVmZ9VrliByuQzAVH_sYxazkiyxvAvS64nyt9epLoQGj1YaUkrCFTfPhDFIkDdY2frV",
        "city": "New York",
        "region": "New York",
        "country": "United States",
        "org": "Google LLC",
        "timezone": "America/New_York",
        "source": "ip-api.com"
      },
      "geometry": {
        "type": "Point",
        "coordinates": [
          -74.006,
          40.7128
        ]
      }
    },
    {
      "type": "Feature",
      "properties": {
        "ip": "142.250.65.238",
        "url": "https://www.youtube.com/api/stats/qoe?cpn=fMDjmaNK9Zee260q&el=detailpage&ns=yt&fexp=v1%2C23930656%2C55365%2C18623%2C695255%2C14625955%2C11684381%2C53408%2C9105%2C22730%2C2821%2C106030%2C18644%2C14869%2C47210%2C15124%2C65%2C13526%2C391%2C26504%2C9252%2C3479%2C2519%2C10511%2C23206%2C10364%2C4815%2C2%2C19813%2C19660%2C562%2C11784%2C2796%2C2595%2C5656%2C2625%2C1904%2C874%2C10552%2C591%2C6045%2C64%2C4324%2C2313%2C1491%2C1592%2C1479%2C3906%2C1563%2C3888%2C207%2C346%2C7947%2C842%2C4174%2C1995%2C355%2C2585%2C62%2C372%2C723%2C1671%2C1635%2C867%2C1060%2C2039%2C5%2C3485%2C166%2C1414%2C2164%2C332%2C12%2C1029%2C2643%2C938%2C70&cl=787819992&seq=1&docid=Qvh2DovBi64&ei=M3mJaNGCCqiGoPMPq9WVyAM&event=streamingstats&feature=g-high&plid=AAY7G62dZ2Pv6MDr&sdetail=p%3A%2F&sourceid=y&cbrand=apple&cbr=Chrome&cbrver=138.0.0.0&c=WEB&cver=2.20250728.08.00&cplayer=UNIPLAYER&cos=Macintosh&cosver=10_15_7&cplatform=DESKTOP&vps=0.000:N,0.010:B,0.041:B&cat=streaming,sabr&ctmp=esfw:usbc.1;hsu.1&cmt=0.010:0.000,0.041:0.000&bwe=0.041:2686669&bat=0.041:0.64:1&vis=0.041:5&bh=0.041:0.000&qclc=ChBmTURqbWFOSzlaZWUyNjBxEAE",
        "city": "New York",
        "region": "New York",
        "country": "United States",
        "org": "Google LLC",
        "timezone": "America/New_York",
        "source": "ip-api.com"
      },
      "geometry": {
        "type": "Point",
        "coordinates": [
          -74.006,
          40.7128
        ]
      }
    },
    {
      "type": "Feature",
      "properties": {
        "ip": "142.250.65.238",
        "url": "https://www.youtube.com/api/stats/playback?ns=yt&el=shortspage&cpn=dL0jEbaRvVHtsl66&ver=2&cmt=0.018&fmt=398&fs=0&rt=0.261&euri=https%3A%2F%2Fwww.youtube.com%2Fshorts%2F0wBfICuWl7M&lact=12006&cl=787819992&mos=0&volume=62&cbrand=apple&cbr=Chrome&cbrver=138.0.0.0&c=WEB&cver=2.20250728.08.00&cplayer=UNIPLAYER&cos=Macintosh&cosver=10_15_7&cplatform=DESKTOP&delay=4&hl=zh_CN&cr=US&uga=35&len=14.841&fexp=v1%2C23930656%2C55365%2C18623%2C695255%2C14625955%2C11684381%2C53408%2C9105%2C22730%2C2821%2C106030%2C18644%2C14869%2C47210%2C15124%2C65%2C13526%2C391%2C26504%2C9252%2C3479%2C2519%2C10511%2C23206%2C10364%2C4815%2C2%2C19813%2C19660%2C562%2C11784%2C2796%2C2595%2C5656%2C2625%2C1904%2C874%2C10552%2C591%2C6045%2C64%2C4324%2C2313%2C1491%2C1592%2C1479%2C3906%2C1563%2C3888%2C207%2C346%2C7947%2C842%2C4174%2C1995%2C355%2C2585%2C62%2C372%2C723%2C1671%2C1635%2C867%2C1060%2C2039%2C5%2C3485%2C166%2C1414%2C2164%2C332%2C12%2C1029%2C2643%2C938%2C70&rtn=6&afmt=251&muted=0&docid=iCuxBMrc8bE&ei=l3mJaPXnFsWVkucP5f2D4AU&plid=AAY7G7OWbqNaZYGP&referrer=https%3A%2F%2Fwww.youtube.com%2Fshorts%2FyxIfKLAHEho&sdetail=p%3A%2Fshorts%2FyxIfKLAHEho&sourceid=y&of=ZhnM2NhBkSmMny4AjiimEA&vm=CAQQARgCOjJBSHFpSlRLMzd4eVZTaGxTR0VUNk8tblRzODJKSmZOa0xqRjc4alJlRlZ0N3l3WFdVQWJfQUZVQTZSVFlrRUVWYWNlcXotNWMtTTJ1UGJRMFY1RFJCd2FsV1oxMVJZOVUxMk80MkdJQWdCLXBMcFFBZzJnQ0VsYlphUF9CT3BJSm5fRHBEOVFCYWZ0RkJTM0w3SFk",
        "city": "New York",
        "region": "New York",
        "country": "United States",
        "org": "Google LLC",
        "timezone": "America/New_York",
        "source": "ip-api.com"
      },
      "geometry": {
        "type": "Point",
        "coordinates": [
          -74.006,
          40.7128
        ]
      }
    },
    {
      "type": "Feature",
      "properties": {
        "ip": "142.250.65.238",
        "url": "https://www.youtube.com/api/stats/qoe?fmt=398&afmt=251&cpn=yEzFv5n5TCyxr_H7&el=shortspage&ns=yt&fexp=v1%2C23930656%2C55365%2C18623%2C695255%2C14625955%2C11684381%2C53408%2C9105%2C22730%2C2821%2C106030%2C18644%2C14869%2C47210%2C15124%2C65%2C13526%2C391%2C26504%2C9252%2C3479%2C2519%2C10511%2C23206%2C10364%2C4815%2C2%2C19813%2C19660%2C562%2C11784%2C2796%2C2595%2C5656%2C2625%2C1904%2C874%2C10552%2C591%2C6045%2C64%2C4324%2C2313%2C1491%2C1592%2C1479%2C3906%2C1563%2C3888%2C207%2C346%2C7947%2C842%2C4174%2C1995%2C355%2C2585%2C62%2C372%2C723%2C1671%2C1635%2C867%2C1060%2C2039%2C5%2C3485%2C166%2C1414%2C2164%2C332%2C12%2C1029%2C2643%2C938%2C70&cl=787819992&seq=2&docid=kJ3o1E2WS8E&ei=aHmJaID2LuLsy9YPvLrIiQ0&event=streamingstats&plid=AAY7G7DPZeGvfyFn&sdetail=p%3A%2F&sourceid=y&cbrand=apple&cbr=Chrome&cbrver=138.0.0.0&c=WEB&cver=2.20250728.08.00&cplayer=UNIPLAYER&cos=Macintosh&cosver=10_15_7&cplatform=DESKTOP&cmt=22.338:0.000,22.340:0.000,22.405:0.000&vps=22.338:N,22.340:B,22.405:B&cat=sabr&bwe=22.405:2901175&bat=22.405:0.65:1&bh=22.405:0.000&qclc=ChB5RXpGdjVuNVRDeXhyX0g3EAIaDENnSUlEQSUzRCUzRA",
        "city": "New York",
        "region": "New York",
        "country": "United States",
        "org": "Google LLC",
        "timezone": "America/New_York",
        "source": "ip-api.com"
      },
      "geometry": {
        "type": "Point",
        "coordinates": [
          -74.006,
          40.7128
        ]
      }
    },
    {
      "type": "Feature",
      "properties": {
        "ip": "142.250.65.238",
        "url": "https://www.youtube.com/ptracking?html5=1&video_id=eut5Q5lUxic&cpn=xEsbkdjZZTiLpSq-&ei=UXmJaMKcBvDQoPMPq47I6A0&ptk=youtube_single&oid=19r0swy-JYyR_en6_ymYgA&ptchn=6n8I1UDTKP1IWjQMg6_TwA&pltype=content&m=A9w0KwjaLtWtOzfa-bUoPaFVjAU8B6ThQb-2TfJ7XfKrEZqyWO1CKHFGXP9UA2zG47A2IJFWzJDg_FoSg6nrPWLq",
        "city": "New York",
        "region": "New York",
        "country": "United States",
        "org": "Google LLC",
        "timezone": "America/New_York",
        "source": "ip-api.com"
      },
      "geometry": {
        "type": "Point",
        "coordinates": [
          -74.006,
          40.7128
        ]
      }
    },
    {
      "type": "Feature",
      "properties": {
        "ip": "142.250.65.238",
        "url": "https://www.youtube.com/api/stats/watchtime?ns=yt&el=shortspage&cpn=W4dcoRT_QP7neJH4&ver=2&cmt=0&fmt=398&fs=0&rt=0.987&euri=https%3A%2F%2Fwww.youtube.com%2Fshorts%2F0wBfICuWl7M&lact=6209&cl=787819992&state=paused&volume=62&cbrand=apple&cbr=Chrome&cbrver=138.0.0.0&c=WEB&cver=2.20250728.08.00&cplayer=UNIPLAYER&cos=Macintosh&cosver=10_15_7&cplatform=DESKTOP&final=1&delay=4&hl=zh_CN&cr=US&uga=35&len=18.141&afmt=251&idpj=-5&ldpj=-1&st=0&et=0&muted=0&docid=9RMilKQNsho&ei=kHmJaMmFOOO3kucPwcf_qAI&plid=AAY7G7Mz0I__chHJ&referrer=https%3A%2F%2Fwww.youtube.com%2Fshorts%2F0XlsFeNWDMg&sdetail=p%3A%2Fshorts%2F0XlsFeNWDMg&sourceid=y&of=55GruTtBJ9KmbeuKBIg0WA&vm=CAQQARgCOjJBSHFpSlRKN3ZkR015S0NhN0ttY2sxUEhpaVNtWEhLS2dvV3plWFBKcF9Ta0ZBWm5fd2JfQUZVQTZSU1VHR1B2LUc1UWFoVlhxdmpBUnNrb1A5SnFTdTJjTVZld093Q2FobHlSZ2RzTURZRmlVOHJSSklWcDZkc1A1QkFwdVZWTmRfcUJYZVdfWC1qMGNpeXFyR2s",
        "city": "New York",
        "region": "New York",
        "country": "United States",
        "org": "Google LLC",
        "timezone": "America/New_York",
        "source": "ip-api.com"
      },
      "geometry": {
        "type": "Point",
        "coordinates": [
          -74.006,
          40.7128
        ]
      }
    },
    {
      "type": "Feature",
      "properties": {
        "ip": "142.250.65.238",
        "url": "https://www.youtube.com/api/stats/watchtime?ns=yt&el=detailpage&cpn=DSExmEv2f6AdoD3Y&ver=2&cmt=18.161&fmt=398&fs=1&rt=23.6&euri&lact=868&cl=787819992&state=playing&volume=62%2C62&cbrand=apple&cbr=Chrome&cbrver=138.0.0.0&c=WEB&cver=2.20250728.08.00&cplayer=UNIPLAYER&cos=Macintosh&cosver=10_15_7&cplatform=DESKTOP&hl=zh_CN&cr=US&uga=35&len=769.461&rtn=33&feature=plpp_video&afmt=251&idpj=-3&ldpj=-23&rti=23&st=7.575%2C17.318&et=17.318%2C18.161&muted=0%2C0&vis=0%2C2&docid=otaSWMeT8w8&ei=sHmJaIG3H9TFkucPjZ3nwAg&plid=AAY7G7UWRHlzFxHU&referrer=https%3A%2F%2Fwww.youtube.com%2Fplaylist%3Flist%3DWL&sdetail=p%3A%2Fplaylist&sourceid=y&list=WL&of=oj8EnlXIBxXMJpgvzezpwA&vm=CAQQARgCOjJBSHFpSlRKTWxsOEZtRjd1eGQxNllrWjU5ZmdONUtwUklJVWEtZXZDaGdRRzlUU0QxQWJfQUZVQTZSUl9XdWs3bDkwcFp6Q3hnNExuRFlyUFVkMnFkVWxJVEVLVGtIMUFLbVZmUjNzUXRYanNiYndPOGZVSGQwTUJaYmY1YnlvMTdjQWpNRWdwSkRCX3M3X0lLMGM",
        "city": "New York",
        "region": "New York",
        "country": "United States",
        "org": "Google LLC",
        "timezone": "America/New_York",
        "source": "ip-api.com"
      },
      "geometry": {
        "type": "Point",
        "coordinates": [
          -74.006,
          40.7128
        ]
      }
    },
    {
      "type": "Feature",
      "properties": {
        "ip": "142.250.65.238",
        "url": "https://www.youtube.com/api/stats/playback?ns=yt&el=detailpage&cpn=nvAuY9p_mrkgmGD_&ver=2&cmt=0.047&fmt=396&fs=0&rt=0.177&euri&lact=2750&cl=787819992&mos=1&volume=100&subscribed=1&cbrand=apple&cbr=Chrome&cbrver=138.0.0.0&c=WEB&cver=2.20250728.08.00&cplayer=UNIPLAYER&cos=Macintosh&cosver=10_15_7&cplatform=DESKTOP&autoplay=1&delay=10&hl=zh_CN&cr=US&uga=35&len=46.501&fexp=v1%2C23930656%2C55365%2C18623%2C695255%2C14625955%2C11684381%2C53408%2C9105%2C22730%2C2821%2C106030%2C18644%2C14869%2C47210%2C15124%2C65%2C13526%2C391%2C26504%2C9252%2C3479%2C2519%2C10511%2C23206%2C10364%2C4815%2C2%2C19813%2C19660%2C562%2C11784%2C2796%2C2595%2C5656%2C2625%2C1904%2C874%2C10552%2C591%2C6045%2C64%2C4324%2C2313%2C1491%2C1592%2C1479%2C3906%2C1563%2C3888%2C207%2C346%2C7947%2C842%2C4174%2C1995%2C355%2C2585%2C62%2C372%2C723%2C1671%2C1635%2C867%2C1060%2C2039%2C5%2C3485%2C166%2C1414%2C2164%2C332%2C12%2C1029%2C2643%2C938%2C70&rtn=10&feature=g-high&afmt=251&muted=1&vis=5&docid=Qvh2DovBi64&ei=M3mJaNGCCqiGoPMPq9WVyAM&plid=AAY7G62dZ2Pv6MDr&referrer=https%3A%2F%2Fwww.youtube.com%2F&sdetail=p%3A%2F&sourceid=y&autonav=1&of=ShPYt4YTIxEtCFnju4SHvQ&vm=CAEQARgEOjJBSHFpSlRJUVdUMGhlTVl2Sk1TWTRCdTZDVEF4aTJhYXhFYkpLN3dqclZZTUc4c0JlZ2JfQUZVQTZSVDFqMDQ5bDFPRWs1UTJ1b0x3SF9aRXNnN0E4V0xiZXBYWF8yQ18tLXlnUkNaRkk0b1hSZkIzbjBRejJ2elVlN0xWdkJUS3p6VHdjNmlVaDZPejZIUUg1MTQ",
        "city": "New York",
        "region": "New York",
        "country": "United States",
        "org": "Google LLC",
        "timezone": "America/New_York",
        "source": "ip-api.com"
      },
      "geometry": {
        "type": "Point",
        "coordinates": [
          -74.006,
          40.7128
        ]
      }
    },
    {
      "type": "Feature",
      "properties": {
        "ip": "142.250.65.238",
        "url": "https://www.youtube.com/api/timedtext?v=vUSL2Y9Inus&ei=kXmJaJa7MbKBkucP7rHFoAs&caps=asr&opi=112496729&exp=xpe&xoaf=5&xosf=1&xospf=1&hl=zh-CN&ip=0.0.0.0&ipbits=0&expire=1753865217&sparams=ip%2Cipbits%2Cexpire%2Cv%2Cei%2Ccaps%2Copi%2Cexp%2Cxoaf&signature=5776FFF3B66563AB1683F2C4F373040F4AD2DFED.17230CD50B3890EA1C9C556BD76ED9273628C3E4&key=yt8&kind=asr&lang=en&variant=punctuated&potc=1&pot=MlXN44-NDXvcZ83d66xGKDlRNzSeLG2H8UHjgwnVDJM1BjsANkigeArHRQ1OD13fdpCgXAxUyODfJctPh3oKknbJGX_Wh8eJcL_-o0nvUE_k-WVhs2Pk&fmt=json3&xorb=2&xobt=3&xovt=3&cbrand=apple&cbr=Chrome&cbrver=138.0.0.0&c=WEB&cver=2.20250728.08.00&cplayer=UNIPLAYER&cos=Macintosh&cosver=10_15_7&cplatform=DESKTOP",
        "city": "New York",
        "region": "New York",
        "country": "United States",
        "org": "Google LLC",
        "timezone": "America/New_York",
        "source": "ip-api.com"
      },
      "geometry": {
        "type": "Point",
        "coordinates": [
          -74.006,
          40.7128
        ]
      }
    },
    {
      "type": "Feature",
      "properties": {
        "ip": "142.250.65.238",
        "url": "https://www.youtube.com/ptracking?html5=1&video_id=6W_s3VPMdNs&cpn=G4pFAwLvDqtQgcbE&ei=RnmJaP2LI5PNoPMPtP7cyA8&ptk=youtube_single&oid=B3kGGtWUeXgo4Xf5sJHoFA&pltype=contentugc&m=A0B8wWDyy6f--HkC8CzY0jlDcane-ehKbZpbns_aAliAbiuq1SH_LrdksHQCGhdjN5efwNyiC-qdUPqb8bB73HsW",
        "city": "New York",
        "region": "New York",
        "country": "United States",
        "org": "Google LLC",
        "timezone": "America/New_York",
        "source": "ip-api.com"
      },
      "geometry": {
        "type": "Point",
        "coordinates": [
          -74.006,
          40.7128
        ]
      }
    },
    {
      "type": "Feature",
      "properties": {
        "ip": "142.250.65.238",
        "url": "https://www.youtube.com/ptracking?html5=1&video_id=lCsV8l3s5_w&cpn=s-ZuRnfTG5Fd5T-e&ei=k3mJaIXiF9Gk0_wP9sSnsQY&ptk=youtube_none&pltype=contentugc&m=AmRNNNrQl_w2xUcj1HWOOdB3kTJCaAII0wppvnxzWkX2drfl2-OcuI8RF1Icw75aTKE2rUSOGdL0Ti3OJnsgMO6L",
        "city": "New York",
        "region": "New York",
        "country": "United States",
        "org": "Google LLC",
        "timezone": "America/New_York",
        "source": "ip-api.com"
      },
      "geometry": {
        "type": "Point",
        "coordinates": [
          -74.006,
          40.7128
        ]
      }
    },
    {
      "type": "Feature",
      "properties": {
        "ip": "142.250.65.238",
        "url": "https://www.youtube.com/api/stats/qoe?cpn=M9UqSPjRiF2gSgNJ&el=detailpage&ns=yt&fexp=v1%2C23930656%2C55365%2C18623%2C695255%2C14625955%2C11684381%2C53408%2C9105%2C22730%2C2821%2C106030%2C18644%2C14869%2C47210%2C15124%2C65%2C13526%2C391%2C26504%2C9252%2C3479%2C2519%2C10511%2C23206%2C10364%2C4815%2C2%2C19813%2C19660%2C562%2C11784%2C2796%2C2595%2C5656%2C2625%2C1904%2C874%2C10552%2C591%2C6045%2C64%2C4324%2C2313%2C1491%2C1592%2C1479%2C3906%2C1563%2C3888%2C207%2C346%2C7947%2C842%2C4174%2C1995%2C355%2C2585%2C62%2C372%2C723%2C1671%2C1635%2C867%2C1060%2C2039%2C5%2C3485%2C166%2C1414%2C2164%2C332%2C12%2C1029%2C2643%2C938%2C70&cl=787819992&adformat=15_20&seq=1&adcontext=CAESEwjR04OFu-OOAxX8Qp0GHfp7Io0gECgE&docid=0XlsFeNWDMg&ei=j3mJaJDyI5m-kucPjO68kQg&event=streamingstats&plid=AAY7G7Mfe0U9YavT&sdetail=p%3A%2Fshorts%2FWkysaIBxwPc&sourceid=y&cbrand=apple&cbr=Chrome&cbrver=138.0.0.0&c=WEB&cver=2.20250728.08.00&cplayer=UNIPLAYER&cos=Macintosh&cosver=10_15_7&cplatform=DESKTOP&vps=0.000:N,0.015:B,0.040:B&cat=streaming,sabr&ctmp=esfw:usbc.1;hsu.1&cmt=0.015:0.000,0.040:0.000&bwe=0.040:2828649&bat=0.040:0.65:1&vis=0.040:0&bh=0.040:0.000&qclc=ChBNOVVxU1BqUmlGMmdTZ05KEAEaDENnSUlEQSUzRCUzRA",
        "city": "New York",
        "region": "New York",
        "country": "United States",
        "org": "Google LLC",
        "timezone": "America/New_York",
        "source": "ip-api.com"
      },
      "geometry": {
        "type": "Point",
        "coordinates": [
          -74.006,
          40.7128
        ]
      }
    },
    {
      "type": "Feature",
      "properties": {
        "ip": "142.250.65.238",
        "url": "https://www.youtube.com/pcs/activeview?xai=AKAOjstu0HQcuNuaaT8WOuD9HmBEhS2OniZeNw6L0eLMIeAbTJ1yFiNixwui-dNUfyl84p089TBwnwDEy1X46fSW3cxFTVc5fTt2TnEeYouVUpZuRapgUTu6UgtZSzQ7zG4h7z-9VTo5PE1r0gVLCEGbJTMYqjqZmEshJ9uF&sig=Cg0ArKJSzFO5AFhNrD7IEAE&ad_cpn=&id=lidarv&acvw=sv%3D967%26v%3D20250727%26cb%3Dyw%26e%3D15%26nas%3D1%26sdk%3Db%26p%3D-695,198,66,626%26tos%3D0,0,0,0,0%26mtos%3D0,0,0,0,0%26amtos%3D0,0,0,0,0%26mcvt%3D0%26ps%3D849,865%26scs%3D1512,982%26bs%3D849,857%26vht%3D0%26mut%3D0%26a%3D0.62%26ft%3D0%26dft%3D0%26at%3D0%26dat%3D0%26as%3D1%26vpt%3D0%26gmm%3D4%26efpf%3D2%26nmt%3D0%26tcm%3D1%26bt%3D0%26pst%3D-1%26dur%3D37000%26vmtime%3D2%26dvs%3D0%26dfvs%3D0%26dvpt%3D0%26is%3D278%26i0%3D278%26ic%3D0%26cs%3D278%26c%3D0.08%26mc%3D0.08%26nc%3D0.08%26mv%3D0.62%26nv%3D0.62%26lte%3D0.08%26ces%26avms%3Dgeo%26qi%3DJRqKTNlxM3WO3qd4%26psm%3D1%26psv%3D0%26psfv%3D0%26psa%3D1%26ptlt%3D96997%26pngs%3D9,14,15%26veid%3Dfmd%3A1%26ssb%3D0,0,0,0,0,0,0,0,0,0,0%26co%3D4977281501%26tm%3D0%26tu%3D0&gv=atos%3D0,0,0,0,0%26avt%3D0%26davs%3D0%26dafvs%3D0%26ss%3D0.01%26t%3D1753840015975&avm=1",
        "city": "New York",
        "region": "New York",
        "country": "United States",
        "org": "Google LLC",
        "timezone": "America/New_York",
        "source": "ip-api.com"
      },
      "geometry": {
        "type": "Point",
        "coordinates": [
          -74.006,
          40.7128
        ]
      }
    },
    {
      "type": "Feature",
      "properties": {
        "ip": "142.250.65.238",
        "url": "https://www.youtube.com/api/stats/qoe?fmt=698&afmt=251&cpn=u8Lbh3rzNZJmLMSx&el=detailpage&ns=yt&fexp=v1%2C23930656%2C55365%2C18623%2C695255%2C14625955%2C11684381%2C53408%2C9105%2C22730%2C2821%2C106030%2C18644%2C14869%2C47210%2C15124%2C65%2C13526%2C391%2C26504%2C9252%2C3479%2C2519%2C10511%2C23206%2C10364%2C4815%2C2%2C19813%2C19660%2C562%2C11784%2C2796%2C2595%2C5656%2C2625%2C1904%2C874%2C10552%2C591%2C6045%2C64%2C4324%2C2313%2C1491%2C1592%2C1479%2C3906%2C1563%2C3888%2C207%2C346%2C7947%2C842%2C4174%2C1995%2C355%2C2585%2C62%2C372%2C723%2C1671%2C1635%2C867%2C1060%2C2039%2C5%2C3485%2C166%2C1414%2C2164%2C332%2C12%2C1029%2C2643%2C938%2C70&cl=787819992&adformat=15_20&seq=2&adcontext=CAESEwjR04OFu-OOAxX8Qp0GHfp7Io0YAyAQKAQ&docid=CTE9w5RqhiY&ei=lXmJaPqrMI21kucP9o6AkAM&event=streamingstats&plid=AAY7G7N-Ld1qwUr8&sdetail=p%3A%2Fshorts%2FntCVNYOjQJ4&sourceid=y&cbrand=apple&cbr=Chrome&cbrver=138.0.0.0&c=WEB&cver=2.20250728.08.00&cplayer=UNIPLAYER&cos=Macintosh&cosver=10_15_7&cplatform=DESKTOP&user_intent=0&bh=0.220:18.000,0.704:0.000&cmt=0.220:0.021,0.697:0.462,0.699:0.000,0.704:0.000,0.704:0.000&vps=0.220:PL,0.697:PA,0.699:N,0.704:SU,0.704:SU&bwm=0.704:3726102:0.116&bat=0.704:0.66:1&qclc=ChB1OExiaDNyek5aSm1MTVN4EAIaDENnSUlEQSUzRCUzRA",
        "city": "New York",
        "region": "New York",
        "country": "United States",
        "org": "Google LLC",
        "timezone": "America/New_York",
        "source": "ip-api.com"
      },
      "geometry": {
        "type": "Point",
        "coordinates": [
          -74.006,
          40.7128
        ]
      }
    },
    {
      "type": "Feature",
      "properties": {
        "ip": "142.250.65.238",
        "url": "https://www.youtube.com/api/stats/qoe?fmt=398&afmt=251&cpn=DSExmEv2f6AdoD3Y&el=detailpage&ns=yt&fexp=v1%2C23930656%2C55365%2C18623%2C695255%2C14625955%2C11684381%2C53408%2C9105%2C22730%2C2821%2C106030%2C18644%2C14869%2C47210%2C15124%2C65%2C13526%2C391%2C26504%2C9252%2C3479%2C2519%2C10511%2C23206%2C10364%2C4815%2C2%2C19813%2C19660%2C562%2C11784%2C2796%2C2595%2C5656%2C2625%2C1904%2C874%2C10552%2C591%2C6045%2C64%2C4324%2C2313%2C1491%2C1592%2C1479%2C3906%2C1563%2C3888%2C207%2C346%2C7947%2C842%2C4174%2C1995%2C355%2C2585%2C62%2C372%2C723%2C1671%2C1635%2C867%2C1060%2C2039%2C5%2C3485%2C166%2C1414%2C2164%2C332%2C12%2C1029%2C2643%2C938%2C70&cl=787819992&seq=10&docid=otaSWMeT8w8&ei=sHmJaIG3H9TFkucPjZ3nwAg&event=streamingstats&feature=plpp_video&plid=AAY7G7UWRHlzFxHU&sdetail=p%3A%2Fplaylist&sourceid=y&cbrand=apple&cbr=Chrome&cbrver=138.0.0.0&c=WEB&cver=2.20250728.08.00&cplayer=UNIPLAYER&cos=Macintosh&cosver=10_15_7&cplatform=DESKTOP&bwe=200.995:4862742,201.251:4862742&bat=200.995:0.69:1,201.251:0.69:1&cmt=200.995:270.550,201.251:270.550&bh=200.995:121.458,201.251:46.017&vps=200.995:S:ss.7,201.251:S&qclc=ChBEU0V4bUV2MmY2QWRvRDNZEAo",
        "city": "New York",
        "region": "New York",
        "country": "United States",
        "org": "Google LLC",
        "timezone": "America/New_York",
        "source": "ip-api.com"
      },
      "geometry": {
        "type": "Point",
        "coordinates": [
          -74.006,
          40.7128
        ]
      }
    },
    {
      "type": "Feature",
      "properties": {
        "ip": "142.250.65.238",
        "url": "https://www.youtube.com/api/stats/watchtime?ns=yt&el=shortspage&cpn=An_V4zjTSbzGuH1A&ver=2&cmt=0&fmt=398&fs=0&rt=0.468&euri=https%3A%2F%2Fwww.youtube.com%2Fshorts%2F0wBfICuWl7M&lact=10088&cl=787819992&state=paused&volume=62&cbrand=apple&cbr=Chrome&cbrver=138.0.0.0&c=WEB&cver=2.20250728.08.00&cplayer=UNIPLAYER&cos=Macintosh&cosver=10_15_7&cplatform=DESKTOP&delay=4&hl=zh_CN&cr=US&uga=35&len=10.641&afmt=251&idpj=-3&ldpj=-31&rti=8&st=0&et=0.152&muted=0&docid=ntCVNYOjQJ4&ei=lXmJaMGNEq6pkucP2Lu2iQw&plid=AAY7G7N2qVSHJhMv&referrer=https%3A%2F%2Fwww.youtube.com%2Fshorts%2FlGDhd-DTmrQ&sdetail=p%3A%2Fshorts%2FlGDhd-DTmrQ&sourceid=y&of=wbAUJoLFDaeeOSJrHXH1sg&vm=CAEQABgEOjJBSHFpSlRKeEdVU0p0ZTVQeU5Ga0RxT3FNcHRMSWZ6WERqRUc2VGxVWi1ZTUlwV0Y4d2JfQUZVQTZSUzJMa0gyWjhwRExnTVpKSUN6WUNMYmhMMUhEaHBmQnBuX0hkOUVDa05rbkZWVV9IckVETWVUZnk5cEpfOGVpNnFsV0ZieHVSM3ZMUkM3Q0ZRVjlieGs0cVE",
        "city": "New York",
        "region": "New York",
        "country": "United States",
        "org": "Google LLC",
        "timezone": "America/New_York",
        "source": "ip-api.com"
      },
      "geometry": {
        "type": "Point",
        "coordinates": [
          -74.006,
          40.7128
        ]
      }
    },
    {
      "type": "Feature",
      "properties": {
        "ip": "142.250.65.238",
        "url": "https://www.youtube.com/api/stats/watchtime?ns=yt&el=detailpage&cpn=aUHYyMWyQ-evkcR2&ver=2&cmt=0&fmt=396&fs=0&rt=1.358&euri&lact=783&cl=787819992&state=paused&volume=100&cbrand=apple&cbr=Chrome&cbrver=138.0.0.0&c=WEB&cver=2.20250728.08.00&cplayer=UNIPLAYER&cos=Macintosh&cosver=10_15_7&cplatform=DESKTOP&autoplay=1&delay=10&hl=zh_CN&cr=US&uga=35&len=678.541&feature=g-high-rec&afmt=251&idpj=-8&ldpj=-33&rti=3&st=0&et=1.064&muted=1&vis=5&docid=THY_UFpbZJY&ei=XHmJaOC_E4aqoPMPtLv9oAE&plid=AAY7G7ARWAMs7BST&referrer=https%3A%2F%2Fwww.youtube.com%2F&sdetail=p%3A%2F&sourceid=y&autonav=1&of=QMUIVEXNYDgfqiZ0Z4lCkw&vm=CAEQARgEOjJBSHFpSlRJVllHdWRXdWhRVWxzblhZcWtZQTlkc2toblhtNnNXWkx6LUJWejRkam9FZ2JaQUZVQTZSUzh5MUpMNEVMNFMwSnpCdy1xZkx3SmstTldic3ZFVkszU016RGt5ZTh4VW1mUlZSTDRSUUlZTHNQbVdDV19ZcjZENGhBTjFvaFRjYzRGcGN5eW5n",
        "city": "New York",
        "region": "New York",
        "country": "United States",
        "org": "Google LLC",
        "timezone": "America/New_York",
        "source": "ip-api.com"
      },
      "geometry": {
        "type": "Point",
        "coordinates": [
          -74.006,
          40.7128
        ]
      }
    },
    {
      "type": "Feature",
      "properties": {
        "ip": "142.250.65.238",
        "url": "https://www.youtube.com/api/stats/playback?ns=yt&el=shortspage&cpn=yEzFv5n5TCyxr_H7&ver=2&cmt=0.006&fmt=398&fs=0&rt=22.697&euri=https%3A%2F%2Fwww.youtube.com%2Fshorts%2F0wBfICuWl7M&lact=1452&cl=787819992&mos=0&volume=62&cbrand=apple&cbr=Chrome&cbrver=138.0.0.0&c=WEB&cver=2.20250728.08.00&cplayer=UNIPLAYER&cos=Macintosh&cosver=10_15_7&cplatform=DESKTOP&delay=4&hl=zh_CN&cr=US&uga=35&len=14.881&fexp=v1%2C23930656%2C55365%2C18623%2C695255%2C14625955%2C11684381%2C53408%2C9105%2C22730%2C2821%2C106030%2C18644%2C14869%2C47210%2C15124%2C65%2C13526%2C391%2C26504%2C9252%2C3479%2C2519%2C10511%2C23206%2C10364%2C4815%2C2%2C19813%2C19660%2C562%2C11784%2C2796%2C2595%2C5656%2C2625%2C1904%2C874%2C10552%2C591%2C6045%2C64%2C4324%2C2313%2C1491%2C1592%2C1479%2C3906%2C1563%2C3888%2C207%2C346%2C7947%2C842%2C4174%2C1995%2C355%2C2585%2C62%2C372%2C723%2C1671%2C1635%2C867%2C1060%2C2039%2C5%2C3485%2C166%2C1414%2C2164%2C332%2C12%2C1029%2C2643%2C938%2C70&rtn=24&afmt=251&muted=0&docid=kJ3o1E2WS8E&ei=aHmJaID2LuLsy9YPvLrIiQ0&plid=AAY7G7DPZeGvfyFn&referrer=https%3A%2F%2Fwww.youtube.com%2F&sdetail=p%3A%2F&sourceid=y&of=GC6OCn1lTVgpgJyrp2hYjw&vm=CAEQABgEOjJBSHFpSlRMZTdQMEl4WTQxNWUzSFNMandnUVNoNF9DeThuN2s5Mzcxdy1rNHAyc0hJZ2JkQUZVQTZSUnUxRGM5enQ0RTRMcDUxY3dNVlVVVGVHTmNMcW1UTkJMd3ltRXZhNmdHaDA5ZWpVLV85bktGY2RFanJaYVNsWExOSU1ncHQtczFZazAyaF90WWNmS0Q0YUExZ1E5cQ",
        "city": "New York",
        "region": "New York",
        "country": "United States",
        "org": "Google LLC",
        "timezone": "America/New_York",
        "source": "ip-api.com"
      },
      "geometry": {
        "type": "Point",
        "coordinates": [
          -74.006,
          40.7128
        ]
      }
    },
    {
      "type": "Feature",
      "properties": {
        "ip": "142.250.65.238",
        "url": "https://www.youtube.com/api/stats/watchtime?ns=yt&el=detailpage&cpn=WKXIDGw7-PaALgiY&ver=2&cmt=0&fmt=396&fs=0&rt=0.791&euri&lact=311&cl=787819992&state=paused&volume=100&cbrand=apple&cbr=Chrome&cbrver=138.0.0.0&c=WEB&cver=2.20250728.08.00&cplayer=UNIPLAYER&cos=Macintosh&cosver=10_15_7&cplatform=DESKTOP&autoplay=1&delay=10&hl=zh_CN&cr=US&uga=35&len=678.541&feature=g-high-rec&afmt=251&idpj=-5&ldpj=-1&rti=6&st=0&et=0.555&muted=1&vis=5&cc=.en-US&docid=THY_UFpbZJY&ei=XHmJaOC_E4aqoPMPtLv9oAE&plid=AAY7G7ARWAMs7BST&referrer=https%3A%2F%2Fwww.youtube.com%2F&sdetail=p%3A%2F&sourceid=y&autonav=1&of=QMUIVEXNYDgfqiZ0Z4lCkw&vm=CAEQARgEOjJBSHFpSlRJVllHdWRXdWhRVWxzblhZcWtZQTlkc2toblhtNnNXWkx6LUJWejRkam9FZ2JaQUZVQTZSUzh5MUpMNEVMNFMwSnpCdy1xZkx3SmstTldic3ZFVkszU016RGt5ZTh4VW1mUlZSTDRSUUlZTHNQbVdDV19ZcjZENGhBTjFvaFRjYzRGcGN5eW5n",
        "city": "New York",
        "region": "New York",
        "country": "United States",
        "org": "Google LLC",
        "timezone": "America/New_York",
        "source": "ip-api.com"
      },
      "geometry": {
        "type": "Point",
        "coordinates": [
          -74.006,
          40.7128
        ]
      }
    },
    {
      "type": "Feature",
      "properties": {
        "ip": "142.250.65.238",
        "url": "https://www.youtube.com/api/timedtext?v=lCsV8l3s5_w&ei=k3mJaIXiF9Gk0_wP9sSnsQY&caps=asr&opi=112496729&exp=xpe&xoaf=5&xosf=1&hl=zh-CN&ip=0.0.0.0&ipbits=0&expire=1753865219&sparams=ip%2Cipbits%2Cexpire%2Cv%2Cei%2Ccaps%2Copi%2Cexp%2Cxoaf&signature=208534F7E899E26182F2FFFE7F5EDCAB8AAB4232.92D25257F5385524A326E705865BB689342108A9&key=yt8&kind=asr&lang=en&variant=punctuated&potc=1&pot=MlXpESoAcEVYGOkvTiE7Fr0uE8Y7oRC5dT7HcaxYca2xeR_yk8XdRo64Yf_rgiDh8u-ErqnZtd5bWu-9Ivd3rPK2PY1zCrq39MC6bsumQmywhNWrOYJ8&fmt=json3&xorb=2&xobt=3&xovt=3&cbrand=apple&cbr=Chrome&cbrver=138.0.0.0&c=WEB&cver=2.20250728.08.00&cplayer=UNIPLAYER&cos=Macintosh&cosver=10_15_7&cplatform=DESKTOP&tlang=zh-Hans",
        "city": "New York",
        "region": "New York",
        "country": "United States",
        "org": "Google LLC",
        "timezone": "America/New_York",
        "source": "ip-api.com"
      },
      "geometry": {
        "type": "Point",
        "coordinates": [
          -74.006,
          40.7128
        ]
      }
    },
    {
      "type": "Feature",
      "properties": {
        "ip": "142.250.65.238",
        "url": "https://www.youtube.com/ptracking?html5=1&video_id=qxHGvJfqBeo&cpn=H0SwRGHF9KTml3K4&ei=lHmJaKG1A43HkucPr_Hn6AU&ptk=youtube_single&oid=jJeucSh0WODc1lIC-LJZ5Q&ptchn=IGwKMAjr2vei-jBBV9d2_Q&pltype=content&m=A-hVvLk6kdMgQT3iPFK2hwHCikfpbs1rBcgnvjtikVmrck8g-9YuDBv60TVWBDRjaWG_pg4x9O6MNEsQQtxL-vYK",
        "city": "New York",
        "region": "New York",
        "country": "United States",
        "org": "Google LLC",
        "timezone": "America/New_York",
        "source": "ip-api.com"
      },
      "geometry": {
        "type": "Point",
        "coordinates": [
          -74.006,
          40.7128
        ]
      }
    },
    {
      "type": "Feature",
      "properties": {
        "ip": "142.250.65.238",
        "url": "https://www.youtube.com/api/stats/playback?ns=yt&el=detailpage&cpn=R8jEZRVKsEZHNv5n&ver=2&cmt=0.052&fmt=396&fs=0&rt=0.239&euri&lact=201&cl=787819992&mos=1&volume=100&cbrand=apple&cbr=Chrome&cbrver=138.0.0.0&c=WEB&cver=2.20250728.08.00&cplayer=UNIPLAYER&cos=Macintosh&cosver=10_15_7&cplatform=DESKTOP&autoplay=1&delay=10&hl=zh_CN&cr=US&uga=35&len=538.721&fexp=v1%2C23930656%2C55365%2C18623%2C695255%2C14625955%2C11684381%2C53408%2C9105%2C22730%2C2821%2C106030%2C18644%2C14869%2C47210%2C15124%2C65%2C13526%2C391%2C26504%2C9252%2C3479%2C2519%2C10511%2C23206%2C10364%2C4815%2C2%2C19813%2C19660%2C562%2C11784%2C2796%2C2595%2C5656%2C2625%2C1904%2C874%2C10552%2C591%2C6045%2C64%2C4324%2C2313%2C1491%2C1592%2C1479%2C3906%2C1563%2C3888%2C207%2C346%2C7947%2C842%2C4174%2C1995%2C355%2C2585%2C62%2C372%2C723%2C1671%2C1635%2C867%2C1060%2C2039%2C5%2C3485%2C166%2C1414%2C2164%2C332%2C12%2C1029%2C2643%2C938%2C70&rtn=7&feature=g-high-rec&afmt=251&muted=1&vis=5&cc=a.en&au_d=en-US.4&docid=3F7t2bnGbis&ei=SHmJaJWPCZeikucPzMKRwAc&plid=AAY7G67dsDXGHyjL&referrer=https%3A%2F%2Fwww.youtube.com%2F&sdetail=p%3A%2F&sourceid=y&autonav=1&of=ojW4fsWU3tyLPeG-RmfjXg&vm=CAEQARgEOjJBSHFpSlRJZ3lFV3FhX1kxSUl5NGFrUXZWT0ZqOXQ0TGE5b19leHdGQVNTR3M2UDFkZ2JcQUZVQTZSU0FSVTFjd0txdWNsOWhUTXRRdzRGY1NlUmZXMTg2NzJDT1VuSHNQNjJmZkFLQ2lPbVdZbVB0aV9yNG1RQlBRREdkQl9kbXdrbnJhajZkenVDc3NJR3A",
        "city": "New York",
        "region": "New York",
        "country": "United States",
        "org": "Google LLC",
        "timezone": "America/New_York",
        "source": "ip-api.com"
      },
      "geometry": {
        "type": "Point",
        "coordinates": [
          -74.006,
          40.7128
        ]
      }
    },
    {
      "type": "Feature",
      "properties": {
        "ip": "142.250.65.238",
        "url": "https://www.youtube.com/api/stats/watchtime?ns=yt&el=detailpage&cpn=Zb-07ICh_J_R3YqT&ver=2&cmt=0&fmt=396&fs=0&rt=0.433&euri&lact=237&cl=787819992&state=paused&volume=100&cbrand=apple&cbr=Chrome&cbrver=138.0.0.0&c=WEB&cver=2.20250728.08.00&cplayer=UNIPLAYER&cos=Macintosh&cosver=10_15_7&cplatform=DESKTOP&autoplay=1&delay=10&hl=zh_CN&cr=US&uga=35&len=769.461&feature=g-high-rec&afmt=251&idpj=-3&ldpj=-29&rti=8&st=0&et=0.272&muted=1&vis=5&docid=otaSWMeT8w8&ei=WHmJaPrVKoXQoPMP5PzR2QE&plid=AAY7G6_aJIMIiBEd&referrer=https%3A%2F%2Fwww.youtube.com%2F&sdetail=p%3A%2F&sourceid=y&autonav=1&of=oj8EnlXIBxXMJpgvzezpwA&vm=CAQQARgCOjJBSHFpSlRLbUluZUlFbXFMcWE1bHVLZXE4OTRJSDVNZmxjb0lGX2dnQ2FYUk1IWkhaZ2JcQUZVQTZSVEJtSzNnVTNQTENZYlN0Ymp0am1ESEYtNmZnX2tkRDFnMlFYYzV6Wmo0ck8wVkdjQlZCbGhJTE5SX0lNcUdRYnZsRXV5YUNwVjZzWkpCUUJyUGdZWng",
        "city": "New York",
        "region": "New York",
        "country": "United States",
        "org": "Google LLC",
        "timezone": "America/New_York",
        "source": "ip-api.com"
      },
      "geometry": {
        "type": "Point",
        "coordinates": [
          -74.006,
          40.7128
        ]
      }
    },
    {
      "type": "Feature",
      "properties": {
        "ip": "142.250.65.238",
        "url": "https://www.youtube.com/api/timedtext?v=3F7t2bnGbis&ei=SHmJaJWPCZeikucPzMKRwAc&caps=asr&opi=112496729&exp=xpo%2Cxpe&xoaf=7&xospf=1&hl=zh-CN&ip=0.0.0.0&ipbits=0&expire=1753865144&sparams=ip%2Cipbits%2Cexpire%2Cv%2Cei%2Ccaps%2Copi%2Cexp%2Cxoaf&signature=1060C7D10D8A191C348192471AB219CF83A9C5C4.11E358C061584E55DF1D20B848D2BFD5BD20B025&key=yt8&kind=asr&lang=en&variant=punctuated&potc=1&pot=MlXGDX0vKZP1IcYzGQ5iwBAXPNpsjklv2Afobft3KHscQDDuxOqEkCOBTuO8rXk3X9arsv727Aj2Y8Chddguel-PEpEkJeNhWfl3dGODTjz4pHT_YgiU&fmt=json3&xorb=2&xobt=3&xovt=3&cbrand=apple&cbr=Chrome&cbrver=138.0.0.0&c=WEB&cver=2.20250728.08.00&cplayer=UNIPLAYER&cos=Macintosh&cosver=10_15_7&cplatform=DESKTOP",
        "city": "New York",
        "region": "New York",
        "country": "United States",
        "org": "Google LLC",
        "timezone": "America/New_York",
        "source": "ip-api.com"
      },
      "geometry": {
        "type": "Point",
        "coordinates": [
          -74.006,
          40.7128
        ]
      }
    },
    {
      "type": "Feature",
      "properties": {
        "ip": "142.250.65.238",
        "url": "https://www.youtube.com/api/stats/qoe?fmt=398&afmt=251&cpn=DSExmEv2f6AdoD3Y&el=detailpage&ns=yt&fexp=v1%2C23930656%2C55365%2C18623%2C695255%2C14625955%2C11684381%2C53408%2C9105%2C22730%2C2821%2C106030%2C18644%2C14869%2C47210%2C15124%2C65%2C13526%2C391%2C26504%2C9252%2C3479%2C2519%2C10511%2C23206%2C10364%2C4815%2C2%2C19813%2C19660%2C562%2C11784%2C2796%2C2595%2C5656%2C2625%2C1904%2C874%2C10552%2C591%2C6045%2C64%2C4324%2C2313%2C1491%2C1592%2C1479%2C3906%2C1563%2C3888%2C207%2C346%2C7947%2C842%2C4174%2C1995%2C355%2C2585%2C62%2C372%2C723%2C1671%2C1635%2C867%2C1060%2C2039%2C5%2C3485%2C166%2C1414%2C2164%2C332%2C12%2C1029%2C2643%2C938%2C70&cl=787819992&seq=13&docid=otaSWMeT8w8&ei=sHmJaIG3H9TFkucPjZ3nwAg&event=streamingstats&feature=plpp_video&plid=AAY7G7UWRHlzFxHU&sdetail=p%3A%2Fplaylist&sourceid=y&cbrand=apple&cbr=Chrome&cbrver=138.0.0.0&c=WEB&cver=2.20250728.08.00&cplayer=UNIPLAYER&cos=Macintosh&cosver=10_15_7&cplatform=DESKTOP&cmt=208.682:468.185,209.023:577.556,209.586:577.556,209.697:577.556,209.998:663.902,210.207:663.902&vps=208.682:PL,209.023:S:ss.7,209.697:PL,209.998:S:ss.7,210.207:S&bwm=209.023:1088232:0.155,209.998:1075641:0.262&bwe=209.023:2171274,209.998:2063777,210.207:2063777&bat=209.023:0.7:1,209.998:0.7:1,210.207:0.7:1&bh=209.023:18.980,209.998:21.440,210.207:0.000&qclc=ChBEU0V4bUV2MmY2QWRvRDNZEA0",
        "city": "New York",
        "region": "New York",
        "country": "United States",
        "org": "Google LLC",
        "timezone": "America/New_York",
        "source": "ip-api.com"
      },
      "geometry": {
        "type": "Point",
        "coordinates": [
          -74.006,
          40.7128
        ]
      }
    },
    {
      "type": "Feature",
      "properties": {
        "ip": "142.250.65.238",
        "url": "https://www.youtube.com/api/stats/watchtime?ns=yt&el=detailpage&cpn=t9G2ABkInr7vg1wk&ver=2&cmt=0&fmt=396&fs=0&rt=2.432&euri&lact=2552&cl=787819992&state=paused&volume=100&cbrand=apple&cbr=Chrome&cbrver=138.0.0.0&c=WEB&cver=2.20250728.08.00&cplayer=UNIPLAYER&cos=Macintosh&cosver=10_15_7&cplatform=DESKTOP&autoplay=1&final=1&delay=10&hl=zh_CN&cr=US&uga=35&len=15.361&feature=g-high&afmt=251&idpj=-7&ldpj=-1&st=0&et=0&muted=1&vis=5&au=en-US.4&docid=0wBfICuWl7M&ei=M3mJaMenN-XOoPMPwpXJwQs&plid=AAY7G62pJZy2NqiA&referrer=https%3A%2F%2Fwww.youtube.com%2F&sdetail=p%3A%2F&sourceid=y&autonav=1&of=raQYPSIGQC6NHabIWN64uQ&vm=CAEQABgEOjJBSHFpSlRKdzlHYV9pdE54NXlWMVJvNURDdzVGd1pCcUg0ZldUTkViemFReE1WZ3NXZ2JkQUZVQTZSUnNZWDRzbDg4VjlkZ3MxWlNfVlZzbk5mRk1PSkREV0E3Q2NwNVExQm5aeEtYX0RXRnBDRDZ5S0I4VFdBZHJfWC1tamY3cDVMLXpsQ2d1NEdoQTFfdm1LSTRmOUxrcg",
        "city": "New York",
        "region": "New York",
        "country": "United States",
        "org": "Google LLC",
        "timezone": "America/New_York",
        "source": "ip-api.com"
      },
      "geometry": {
        "type": "Point",
        "coordinates": [
          -74.006,
          40.7128
        ]
      }
    },
    {
      "type": "Feature",
      "properties": {
        "ip": "142.250.65.238",
        "url": "https://www.youtube.com/api/stats/watchtime?ns=yt&el=shortspage&cpn=XL_rutMTUkEBX_dj&ver=2&cmt=0&fmt=398&fs=0&rt=0.495&euri=https%3A%2F%2Fwww.youtube.com%2Fshorts%2F0wBfICuWl7M&lact=9619&cl=787819992&state=paused&volume=62&cbrand=apple&cbr=Chrome&cbrver=138.0.0.0&c=WEB&cver=2.20250728.08.00&cplayer=UNIPLAYER&cos=Macintosh&cosver=10_15_7&cplatform=DESKTOP&final=1&delay=4&hl=zh_CN&cr=US&uga=35&len=10.921&afmt=251&idpj=-2&ldpj=-6&st=0&et=0&muted=0&docid=lGDhd-DTmrQ&ei=lHmJaNjOMeC1kucP2ufnqQg&plid=AAY7G7NvTWcC11bf&referrer=https%3A%2F%2Fwww.youtube.com%2Fshorts%2FqxHGvJfqBeo&sdetail=p%3A%2Fshorts%2FqxHGvJfqBeo&sourceid=y&of=ShGPvePbP-ynCeGX0HyHQQ&vm=CAEQABgEOjJBSHFpSlRLeUw4YWxiTWc0c1NTMzBYcktha3hvNlowZjFrN3A2czNiNWNWRGh0TmExd2JfQUZVQTZSUUd0ajRCT3ZfcmRuUFdJcUg4bXhPaUIwNG16THVNa3dRT0RYXzM1Q2J3aEZFa3c4bk9JejhVOFdOUDZtbXRPZEp0Z2pteDFTdW1Lb1VNLTdoQmptcDZHbVE",
        "city": "New York",
        "region": "New York",
        "country": "United States",
        "org": "Google LLC",
        "timezone": "America/New_York",
        "source": "ip-api.com"
      },
      "geometry": {
        "type": "Point",
        "coordinates": [
          -74.006,
          40.7128
        ]
      }
    },
    {
      "type": "Feature",
      "properties": {
        "ip": "142.250.65.238",
        "url": "https://www.youtube.com/api/stats/watchtime?ns=yt&el=detailpage&cpn=fMDjmaNK9Zee260q&ver=2&cmt=0&fmt=396&fs=0&rt=0.626&euri&lact=369&cl=787819992&state=paused&volume=100&subscribed=1&cbrand=apple&cbr=Chrome&cbrver=138.0.0.0&c=WEB&cver=2.20250728.08.00&cplayer=UNIPLAYER&cos=Macintosh&cosver=10_15_7&cplatform=DESKTOP&autoplay=1&final=1&delay=10&hl=zh_CN&cr=US&uga=35&len=46.501&feature=g-high&afmt=251&idpj=-5&ldpj=-26&st=0&et=0&muted=1&vis=5&docid=Qvh2DovBi64&ei=M3mJaNGCCqiGoPMPq9WVyAM&plid=AAY7G62dZ2Pv6MDr&referrer=https%3A%2F%2Fwww.youtube.com%2F&sdetail=p%3A%2F&sourceid=y&autonav=1&of=ShPYt4YTIxEtCFnju4SHvQ&vm=CAEQARgEOjJBSHFpSlRJUVdUMGhlTVl2Sk1TWTRCdTZDVEF4aTJhYXhFYkpLN3dqclZZTUc4c0JlZ2JfQUZVQTZSVDFqMDQ5bDFPRWs1UTJ1b0x3SF9aRXNnN0E4V0xiZXBYWF8yQ18tLXlnUkNaRkk0b1hSZkIzbjBRejJ2elVlN0xWdkJUS3p6VHdjNmlVaDZPejZIUUg1MTQ",
        "city": "New York",
        "region": "New York",
        "country": "United States",
        "org": "Google LLC",
        "timezone": "America/New_York",
        "source": "ip-api.com"
      },
      "geometry": {
        "type": "Point",
        "coordinates": [
          -74.006,
          40.7128
        ]
      }
    },
    {
      "type": "Feature",
      "properties": {
        "ip": "142.250.65.238",
        "url": "https://www.youtube.com/pagead/interaction/?ai=CgnMRZXmJaJGNLvyF9eQP-veJ6QiL04C9gAHwzZfg1hS1kB8QAyAAYMnGqYvApNgPggEXY2EtcHViLTYyMTk4MTE3NDcwNDkzNzGgAY60tLk9qAMEyAMKqgSyAU_QGeYpEzauduJoWOJD-Rp_15LNvBpm_gEIBEQ-fEjz8NQukiyjAH1PhWPfiMwGIH_qA-THp30N-F1V_caikT5fwK8-Pg7P7JPkjHaz-Sjzz5BVz91Ja8A2_4yFYmgZRwZqczrm-YXpF58hIcRF4j7xTXTZo_8KO4L988Mn0krO5vCTKfdTyBUyI_ks1oKO1lL4zugP575TsfIRKmTsOJzyWG7bSkymYIDNNUYcw-tN14CIBeDIouxUoAahAYAHjuyEmRiIBwGQBwKoB_LAsQKoB7jEsQKoB-G2sQKoB6XPsQKoB-edsQKoB-idsQKoB--1sQKoB_C1sQKoB_nTsQKoB4KqsQKoB4QIqAem1LECqAeo0huoB7YHqAex3BuoB4HDsQKoB_i_sQKoB7CbsQKoB66xsQKoB-a8sQKoB8q6sQKoB_2ysQKoB_e4sQKoB_i4sQKoB8jPsQKoB8nPsQKoB83HsQKoB_HRsQKoB_SZsQKoB_i_sQKoB4HGG6gH_K-xAqgH49kbkggLQ1RFOXc1UnFoaVmoCAGwCAzSCDEIgICAgAQQAhhaMgKABDoRj9CAgICABIDAgICAwICAAipI2aDSNVAUWMC8goW7444DyAmPAcgJwgHICeQBugtVCAQQBRgEIBAoATARQAFIAFgsYABoAHABiAEAmAEBogEoCh0IACAD2rgEFTITOhEKDygwSLD7suiQBJgZAbggAdABAagCBcACAqgBAdgBAYACAYgCBdIMBAgBEAG4E____________wGwFATAFcmAgECKFxYIAxgBIAEoATABOAFAAUgBUAFYAWACoBcBqRf9G1gGQknmNLoXCBABKAAwAUgBgBkD&sigh=VhEaHUjyU_o&cid=CAESD-D2LiMQVeIaDXeS-X-nSg&label=swipe&ad_mt=0&acvw=sv%3D967%26v%3D20250727%26cb%3Dyw%26e%3D8%26nas%3D1%26sdk%3Db%26p%3D-507,198,254,626%26p0%3D-724,198,37,626%26tos%3D0,0,47,0,141%26mtos%3D0,0,47,47,188%26amtos%3D0,0,47,0,141%26mcvt%3D47%26ps%3D849,865%26scs%3D1512,982%26bs%3D849,857%26vht%3D0%26mut%3D141%26a%3D0.62%26a0%3D0.62%26ft%3D0%26dft%3D0%26at%3D188%26dat%3D188%26as%3D1%26vpt%3D188%26gmm%3D4%26efpf%3D2%26nmt%3D0%26tcm%3D1%26bt%3D59%26pst%3D0%26dur%3D43000%26vmtime%3D192%26dvs%3D47%26dfvs%3D0%26dvpt%3D188%26is%3D278%26i0%3D278%26ic%3D32768%26cs%3D33046%26c%3D0.33%26c0%3D0.04%26mc%3D0.61%26nc%3D0.04%26mv%3D0.62%26nv%3D0.62%26qmt%3D0,0,47,47,188%26qnc%3D0.04%26qmv%3D0.62%26qnv%3D0.62%26lte%3D0.04%26ces%26avms%3Dgeo%26qi%3Dkd0MMoxuvpN7OZrc%26psm%3D1%26psv%3D0%26psfv%3D0%26psa%3D1%26ptlt%3D103292%26pngs%3D9,14,15s%26veid%3Dfmd%3A1%26ssb%3D0,0,0,0,0,0,0,0,0,47,141%26ss0%3D0.01%26co%3D4977282203%26tm%3D188%26tu%3D0&gv=atos%3D0,0,47,47,188%26avt%3D47%26davs%3D47%26dafvs%3D0%26ss%3D0.07%26t%3D1753840022024",
        "city": "New York",
        "region": "New York",
        "country": "United States",
        "org": "Google LLC",
        "timezone": "America/New_York",
        "source": "ip-api.com"
      },
      "geometry": {
        "type": "Point",
        "coordinates": [
          -74.006,
          40.7128
        ]
      }
    },
    {
      "type": "Feature",
      "properties": {
        "ip": "142.250.65.238",
        "url": "https://www.youtube.com/api/stats/qoe?fmt=398&afmt=251&cpn=dL0jEbaRvVHtsl66&el=shortspage&ns=yt&fexp=v1%2C23930656%2C55365%2C18623%2C695255%2C14625955%2C11684381%2C53408%2C9105%2C22730%2C2821%2C106030%2C18644%2C14869%2C47210%2C15124%2C65%2C13526%2C391%2C26504%2C9252%2C3479%2C2519%2C10511%2C23206%2C10364%2C4815%2C2%2C19813%2C19660%2C562%2C11784%2C2796%2C2595%2C5656%2C2625%2C1904%2C874%2C10552%2C591%2C6045%2C64%2C4324%2C2313%2C1491%2C1592%2C1479%2C3906%2C1563%2C3888%2C207%2C346%2C7947%2C842%2C4174%2C1995%2C355%2C2585%2C62%2C372%2C723%2C1671%2C1635%2C867%2C1060%2C2039%2C5%2C3485%2C166%2C1414%2C2164%2C332%2C12%2C1029%2C2643%2C938%2C70&cl=787819992&seq=1&docid=iCuxBMrc8bE&ei=l3mJaPXnFsWVkucP5f2D4AU&event=streamingstats&plid=AAY7G7OWbqNaZYGP&sdetail=p%3A%2Fshorts%2FyxIfKLAHEho&sourceid=y&cbrand=apple&cbr=Chrome&cbrver=138.0.0.0&c=WEB&cver=2.20250728.08.00&cplayer=UNIPLAYER&cos=Macintosh&cosver=10_15_7&cplatform=DESKTOP&vps=0.000:N,0.009:B,0.128:B,0.128:B&cat=streaming,sabr&ctmp=esfw:usbc.1;hsu.1,atrkchg:t.128;id.und;m.0&cmt=0.009:0.000,0.128:0.000&afs=0.126:251;CggKA2RyYxIBMQ::i:CDsoAQ&vfs=0.128:398:398::r:CDsoAQ&view=0.128:428:761:2&bwm=0.128:591641:0.121&bwe=0.128:1887996&bat=0.128:0.66:1&vis=0.128:0&bh=0.128:0.000&qclc=ChBkTDBqRWJhUnZWSHRzbDY2EAEaDENnSUlEQSUzRCUzRA",
        "city": "New York",
        "region": "New York",
        "country": "United States",
        "org": "Google LLC",
        "timezone": "America/New_York",
        "source": "ip-api.com"
      },
      "geometry": {
        "type": "Point",
        "coordinates": [
          -74.006,
          40.7128
        ]
      }
    },
    {
      "type": "Feature",
      "properties": {
        "ip": "142.250.65.238",
        "url": "https://www.youtube.com/api/timedtext?v=0XlsFeNWDMg&ei=j3mJaJDyI5m-kucPjO68kQg&caps=asr&opi=112496729&exp=xpe&xoaf=5&xosf=1&hl=zh-CN&ip=0.0.0.0&ipbits=0&expire=1753865215&sparams=ip%2Cipbits%2Cexpire%2Cv%2Cei%2Ccaps%2Copi%2Cexp%2Cxoaf&signature=826518859D1AC7850BBAA51E1C3B954685ACF1AB.567040A43C9BAB5CDADFF771FA1C646FFAE6A66D&key=yt8&kind=asr&lang=en&variant=punctuated&potc=1&pot=MlV1hg7k77O4unW4asWk4F2Mj1EfRY9PlZxb5oi87ltR24NltyFCsG4a_WjPZr8XEk0YOY09Kii7-HMqBhPoWhIUoRpX7iVBFGI0pXJyVjgi3Ee5Cyb5&fmt=json3&xorb=2&xobt=3&xovt=3&cbrand=apple&cbr=Chrome&cbrver=138.0.0.0&c=WEB&cver=2.20250728.08.00&cplayer=UNIPLAYER&cos=Macintosh&cosver=10_15_7&cplatform=DESKTOP&tlang=zh-CN",
        "city": "New York",
        "region": "New York",
        "country": "United States",
        "org": "Google LLC",
        "timezone": "America/New_York",
        "source": "ip-api.com"
      },
      "geometry": {
        "type": "Point",
        "coordinates": [
          -74.006,
          40.7128
        ]
      }
    },
    {
      "type": "Feature",
      "properties": {
        "ip": "142.250.65.238",
        "url": "https://www.youtube.com/api/stats/watchtime?ns=yt&el=shortspage&cpn=AGNOZsC9swm5vJbe&ver=2&cmt=13.346&fmt=398&fs=0&rt=29.006&euri=https%3A%2F%2Fwww.youtube.com%2Fshorts%2F0wBfICuWl7M&lact=27636&cl=787819992&state=playing&volume=62&cbrand=apple&cbr=Chrome&cbrver=138.0.0.0&c=WEB&cver=2.20250728.08.00&cplayer=UNIPLAYER&cos=Macintosh&cosver=10_15_7&cplatform=DESKTOP&hl=zh_CN&cr=US&uga=35&len=15.361&rtn=37&afmt=251&idpj=-2&ldpj=-34&rti=29&st=3.346&et=13.346&muted=0&cc=a.en&au=en-US.4&docid=0wBfICuWl7M&ei=ZXmJaJ2DKY-Fy_sPypGguAY&plid=AAY7G7CgcuBikd8u&referrer=https%3A%2F%2Fwww.youtube.com%2F&sdetail=p%3A%2F&sourceid=y&of=raQYPSIGQC6NHabIWN64uQ&vm=CAEQABgEOjJBSHFpSlRMVkdJZ1ctUDRMXzE2QnRITDZOVDNxVldjRDZqb2xVMHZydmQ3XzFGbjRTQWJkQUZVQTZSUTlla1ZPTmN0cFVEeXBOOFRGTEtQU1UxbjM3N09tcFhuR25sU3hkNFBvaTdrT29tRUx1ZEo1elJ2d3U1QUVQRkhHY2MtaEtHRXNZLS0tbkJ2WW91RmtkTFBlVU1WUw",
        "city": "New York",
        "region": "New York",
        "country": "United States",
        "org": "Google LLC",
        "timezone": "America/New_York",
        "source": "ip-api.com"
      },
      "geometry": {
        "type": "Point",
        "coordinates": [
          -74.006,
          40.7128
        ]
      }
    },
    {
      "type": "Feature",
      "properties": {
        "ip": "142.250.65.238",
        "url": "https://www.youtube.com/youtubei/v1/reel/reel_watch_sequence?prettyPrint=false",
        "city": "New York",
        "region": "New York",
        "country": "United States",
        "org": "Google LLC",
        "timezone": "America/New_York",
        "source": "ip-api.com"
      },
      "geometry": {
        "type": "Point",
        "coordinates": [
          -74.006,
          40.7128
        ]
      }
    },
    {
      "type": "Feature",
      "properties": {
        "ip": "142.250.65.238",
        "url": "https://www.youtube.com/api/stats/qoe?fmt=398&afmt=251&cpn=PGVlNxAQV9Hr93s7&el=shortspage&ns=yt&fexp=v1%2C23930656%2C55365%2C18623%2C695255%2C14625955%2C11684381%2C53408%2C9105%2C22730%2C2821%2C106030%2C18644%2C14869%2C47210%2C15124%2C65%2C13526%2C391%2C26504%2C9252%2C3479%2C2519%2C10511%2C23206%2C10364%2C4815%2C2%2C19813%2C19660%2C562%2C11784%2C2796%2C2595%2C5656%2C2625%2C1904%2C874%2C10552%2C591%2C6045%2C64%2C4324%2C2313%2C1491%2C1592%2C1479%2C3906%2C1563%2C3888%2C207%2C346%2C7947%2C842%2C4174%2C1995%2C355%2C2585%2C62%2C372%2C723%2C1671%2C1635%2C867%2C1060%2C2039%2C5%2C3485%2C166%2C1414%2C2164%2C332%2C12%2C1029%2C2643%2C938%2C70&cl=787819992&seq=1&docid=yxIfKLAHEho&ei=lnmJaPn9E9mGkucP5OKl6Qs&event=streamingstats&plid=AAY7G7OGWpyZUh-J&sdetail=p%3A%2Fshorts%2FCTE9w5RqhiY&sourceid=y&cbrand=apple&cbr=Chrome&cbrver=138.0.0.0&c=WEB&cver=2.20250728.08.00&cplayer=UNIPLAYER&cos=Macintosh&cosver=10_15_7&cplatform=DESKTOP&vps=0.000:N,0.006:B,0.841:B,0.841:B&cat=streaming,sabr&ctmp=esfw:usbc.1;hsu.1,atrkchg:t.840;id.und;m.0&cmt=0.006:0.000,0.841:0.000&afs=0.840:251;CggKA2RyYxIBMQ::i:CDooAQ&vfs=0.841:398:398::r:CDooAQ&view=0.841:428:761:2&bwm=0.841:1154805:0.835&bwe=0.841:2790871&bat=0.841:0.66:1&vis=0.841:0&bh=0.841:0.000&qclc=ChBQR1ZsTnhBUVY5SHI5M3M3EAEaDENnSUlEQSUzRCUzRA",
        "city": "New York",
        "region": "New York",
        "country": "United States",
        "org": "Google LLC",
        "timezone": "America/New_York",
        "source": "ip-api.com"
      },
      "geometry": {
        "type": "Point",
        "coordinates": [
          -74.006,
          40.7128
        ]
      }
    },
    {
      "type": "Feature",
      "properties": {
        "ip": "142.250.65.238",
        "url": "https://www.youtube.com/api/stats/watchtime?ns=yt&el=shortspage&cpn=7NyH9ZrQbWG9jb8W&ver=2&cmt=3.53&fmt=398&fs=0&rt=3.775&euri=https%3A%2F%2Fwww.youtube.com%2Fshorts%2F0wBfICuWl7M&lact=26&cl=787819992&state=paused&volume=62&cbrand=apple&cbr=Chrome&cbrver=138.0.0.0&c=WEB&cver=2.20250728.08.00&cplayer=UNIPLAYER&cos=Macintosh&cosver=10_15_7&cplatform=DESKTOP&final=1&delay=4&hl=zh_CN&cr=US&uga=35&len=9.961&afmt=251&idpj=-4&ldpj=-13&rti=7&st=0&et=3.53&muted=0&docid=KSkvJS-q3Hc&ei=l3mJaN2mOteJkucPsOqc4AU&plid=AAY7G7OfUynXgN68&referrer=https%3A%2F%2Fwww.youtube.com%2Fshorts%2FiCuxBMrc8bE&sdetail=p%3A%2Fshorts%2FiCuxBMrc8bE&sourceid=y&of=97jZDX2Abac0F50lAYSCcw&vm=CAEQABgEOjJBSHFpSlRJUEpYOGZtS0o1N1ZJRG5SR2UxV2VLYmk2Z210eW0wS01qeXFBVjl0VTFSQWJfQUZVQTZSVFVGa0dSeUgzVzBYUUEwcmIzSDF4OWxKUXI3b2RiVGk4WklLZklQNDVOZ0Q4TlVBRU1sSXpLV0lxN1hIQ0tIWUlDWmd1czFaOFNrbmczLU5xT25sLUJ1WkE",
        "city": "New York",
        "region": "New York",
        "country": "United States",
        "org": "Google LLC",
        "timezone": "America/New_York",
        "source": "ip-api.com"
      },
      "geometry": {
        "type": "Point",
        "coordinates": [
          -74.006,
          40.7128
        ]
      }
    },
    {
      "type": "Feature",
      "properties": {
        "ip": "142.250.65.238",
        "url": "https://www.youtube.com/api/stats/qoe?fmt=398&afmt=251&cpn=yEzFv5n5TCyxr_H7&el=shortspage&ns=yt&fexp=v1%2C23930656%2C55365%2C18623%2C695255%2C14625955%2C11684381%2C53408%2C9105%2C22730%2C2821%2C106030%2C18644%2C14869%2C47210%2C15124%2C65%2C13526%2C391%2C26504%2C9252%2C3479%2C2519%2C10511%2C23206%2C10364%2C4815%2C2%2C19813%2C19660%2C562%2C11784%2C2796%2C2595%2C5656%2C2625%2C1904%2C874%2C10552%2C591%2C6045%2C64%2C4324%2C2313%2C1491%2C1592%2C1479%2C3906%2C1563%2C3888%2C207%2C346%2C7947%2C842%2C4174%2C1995%2C355%2C2585%2C62%2C372%2C723%2C1671%2C1635%2C867%2C1060%2C2039%2C5%2C3485%2C166%2C1414%2C2164%2C332%2C12%2C1029%2C2643%2C938%2C70&cl=787819992&seq=3&docid=kJ3o1E2WS8E&ei=aHmJaID2LuLsy9YPvLrIiQ0&event=streamingstats&plid=AAY7G7DPZeGvfyFn&sdetail=p%3A%2F&sourceid=y&cbrand=apple&cbr=Chrome&cbrver=138.0.0.0&c=WEB&cver=2.20250728.08.00&cplayer=UNIPLAYER&cos=Macintosh&cosver=10_15_7&cplatform=DESKTOP&user_intent=22.34&bh=22.696:14.815,23.831:0.000&cmt=22.696:0.006,23.447:0.718,23.827:1.097,23.828:0.000,23.830:0.000,23.831:0.000&vps=22.696:PL,23.827:PA,23.828:N,23.830:SU,23.831:SU&bat=23.831:0.65:1&qclc=ChB5RXpGdjVuNVRDeXhyX0g3EAMaDENnSUlEQSUzRCUzRA",
        "city": "New York",
        "region": "New York",
        "country": "United States",
        "org": "Google LLC",
        "timezone": "America/New_York",
        "source": "ip-api.com"
      },
      "geometry": {
        "type": "Point",
        "coordinates": [
          -74.006,
          40.7128
        ]
      }
    },
    {
      "type": "Feature",
      "properties": {
        "ip": "142.250.65.238",
        "url": "https://www.youtube.com/api/stats/qoe?fmt=398&afmt=251&cpn=ed_AH0kKHedq7BBl&el=shortspage&ns=yt&fexp=v1%2C23930656%2C55365%2C18623%2C695255%2C14625955%2C11684381%2C53408%2C9105%2C22730%2C2821%2C106030%2C18644%2C14869%2C47210%2C15124%2C65%2C13526%2C391%2C26504%2C9252%2C3479%2C2519%2C10511%2C23206%2C10364%2C4815%2C2%2C19813%2C19660%2C562%2C11784%2C2796%2C2595%2C5656%2C2625%2C1904%2C874%2C10552%2C591%2C6045%2C64%2C4324%2C2313%2C1491%2C1592%2C1479%2C3906%2C1563%2C3888%2C207%2C346%2C7947%2C842%2C4174%2C1995%2C355%2C2585%2C62%2C372%2C723%2C1671%2C1635%2C867%2C1060%2C2039%2C5%2C3485%2C166%2C1414%2C2164%2C332%2C12%2C1029%2C2643%2C938%2C70&cl=787819992&seq=2&docid=sD0-hqf3ZZk&ei=knmJaNWnK-Xcut0Ph7uhyQY&event=streamingstats&plid=AAY7G7NPemgPHT8u&sdetail=p%3A%2Fshorts%2FvUSL2Y9Inus&sourceid=y&cbrand=apple&cbr=Chrome&cbrver=138.0.0.0&c=WEB&cver=2.20250728.08.00&cplayer=UNIPLAYER&cos=Macintosh&cosver=10_15_7&cplatform=DESKTOP&user_intent=0&bh=0.287:11.700,0.658:0.000&cmt=0.287:0.020,0.653:0.376,0.655:0.000,0.658:0.000,0.658:0.000&vps=0.287:PL,0.653:PA,0.655:N,0.658:SU,0.658:SU&bwm=0.658:826245:0.026&bat=0.658:0.66:1&qclc=ChBlZF9BSDBrS0hlZHE3QkJsEAIaDENnSUlEQSUzRCUzRA",
        "city": "New York",
        "region": "New York",
        "country": "United States",
        "org": "Google LLC",
        "timezone": "America/New_York",
        "source": "ip-api.com"
      },
      "geometry": {
        "type": "Point",
        "coordinates": [
          -74.006,
          40.7128
        ]
      }
    },
    {
      "type": "Feature",
      "properties": {
        "ip": "142.250.65.238",
        "url": "https://www.youtube.com/api/stats/watchtime?ns=yt&el=detailpage&cpn=Mb-B6HKdw_6CJYKJ&ver=2&cmt=0&fmt=396&fs=0&rt=4.278&euri&lact=42&cl=787819992&state=paused&volume=100&subscribed=1&cbrand=apple&cbr=Chrome&cbrver=138.0.0.0&c=WEB&cver=2.20250728.08.00&cplayer=UNIPLAYER&cos=Macintosh&cosver=10_15_7&cplatform=DESKTOP&autoplay=1&final=1&delay=10&hl=zh_CN&cr=US&uga=35&len=46.501&feature=g-high&afmt=251&idpj=-5&ldpj=-17&st=0&et=0&muted=1&vis=5&docid=Qvh2DovBi64&ei=M3mJaNGCCqiGoPMPq9WVyAM&plid=AAY7G62dZ2Pv6MDr&referrer=https%3A%2F%2Fwww.youtube.com%2F&sdetail=p%3A%2F&sourceid=y&autonav=1&of=ShPYt4YTIxEtCFnju4SHvQ&vm=CAEQARgEOjJBSHFpSlRJUVdUMGhlTVl2Sk1TWTRCdTZDVEF4aTJhYXhFYkpLN3dqclZZTUc4c0JlZ2JfQUZVQTZSVDFqMDQ5bDFPRWs1UTJ1b0x3SF9aRXNnN0E4V0xiZXBYWF8yQ18tLXlnUkNaRkk0b1hSZkIzbjBRejJ2elVlN0xWdkJUS3p6VHdjNmlVaDZPejZIUUg1MTQ",
        "city": "New York",
        "region": "New York",
        "country": "United States",
        "org": "Google LLC",
        "timezone": "America/New_York",
        "source": "ip-api.com"
      },
      "geometry": {
        "type": "Point",
        "coordinates": [
          -74.006,
          40.7128
        ]
      }
    },
    {
      "type": "Feature",
      "properties": {
        "ip": "142.250.65.238",
        "url": "https://www.youtube.com/api/stats/watchtime?ns=yt&el=detailpage&cpn=nvAuY9p_mrkgmGD_&ver=2&cmt=0&fmt=396&fs=0&rt=1.381&euri&lact=1196&cl=787819992&state=paused&volume=100&subscribed=1&cbrand=apple&cbr=Chrome&cbrver=138.0.0.0&c=WEB&cver=2.20250728.08.00&cplayer=UNIPLAYER&cos=Macintosh&cosver=10_15_7&cplatform=DESKTOP&autoplay=1&delay=10&hl=zh_CN&cr=US&uga=35&len=46.501&feature=g-high&afmt=251&idpj=-1&ldpj=-27&rti=10&st=0&et=1.158&muted=1&vis=5&docid=Qvh2DovBi64&ei=M3mJaNGCCqiGoPMPq9WVyAM&plid=AAY7G62dZ2Pv6MDr&referrer=https%3A%2F%2Fwww.youtube.com%2F&sdetail=p%3A%2F&sourceid=y&autonav=1&of=ShPYt4YTIxEtCFnju4SHvQ&vm=CAEQARgEOjJBSHFpSlRJUVdUMGhlTVl2Sk1TWTRCdTZDVEF4aTJhYXhFYkpLN3dqclZZTUc4c0JlZ2JfQUZVQTZSVDFqMDQ5bDFPRWs1UTJ1b0x3SF9aRXNnN0E4V0xiZXBYWF8yQ18tLXlnUkNaRkk0b1hSZkIzbjBRejJ2elVlN0xWdkJUS3p6VHdjNmlVaDZPejZIUUg1MTQ",
        "city": "New York",
        "region": "New York",
        "country": "United States",
        "org": "Google LLC",
        "timezone": "America/New_York",
        "source": "ip-api.com"
      },
      "geometry": {
        "type": "Point",
        "coordinates": [
          -74.006,
          40.7128
        ]
      }
    },
    {
      "type": "Feature",
      "properties": {
        "ip": "142.250.65.238",
        "url": "https://www.youtube.com/api/stats/qoe?fmt=398&afmt=251&cpn=DSExmEv2f6AdoD3Y&el=detailpage&ns=yt&fexp=v1%2C23930656%2C55365%2C18623%2C695255%2C14625955%2C11684381%2C53408%2C9105%2C22730%2C2821%2C106030%2C18644%2C14869%2C47210%2C15124%2C65%2C13526%2C391%2C26504%2C9252%2C3479%2C2519%2C10511%2C23206%2C10364%2C4815%2C2%2C19813%2C19660%2C562%2C11784%2C2796%2C2595%2C5656%2C2625%2C1904%2C874%2C10552%2C591%2C6045%2C64%2C4324%2C2313%2C1491%2C1592%2C1479%2C3906%2C1563%2C3888%2C207%2C346%2C7947%2C842%2C4174%2C1995%2C355%2C2585%2C62%2C372%2C723%2C1671%2C1635%2C867%2C1060%2C2039%2C5%2C3485%2C166%2C1414%2C2164%2C332%2C12%2C1029%2C2643%2C938%2C70&cl=787819992&seq=3&docid=otaSWMeT8w8&ei=sHmJaIG3H9TFkucPjZ3nwAg&event=streamingstats&feature=plpp_video&plid=AAY7G7UWRHlzFxHU&sdetail=p%3A%2Fplaylist&sourceid=y&cbrand=apple&cbr=Chrome&cbrver=138.0.0.0&c=WEB&cver=2.20250728.08.00&cplayer=UNIPLAYER&cos=Macintosh&cosver=10_15_7&cplatform=DESKTOP&bh=5.427:10.001,10.006:26.080&cmt=5.427:0.017,6.313:0.874,10.006:4.568&vps=5.427:PL,10.006:PL&user_intent=0&bwm=10.006:549487:0.749&bwe=10.006:2343382&bat=10.006:0.66:1&df=10.006:0&qclc=ChBEU0V4bUV2MmY2QWRvRDNZEAM",
        "city": "New York",
        "region": "New York",
        "country": "United States",
        "org": "Google LLC",
        "timezone": "America/New_York",
        "source": "ip-api.com"
      },
      "geometry": {
        "type": "Point",
        "coordinates": [
          -74.006,
          40.7128
        ]
      }
    },
    {
      "type": "Feature",
      "properties": {
        "ip": "142.250.65.238",
        "url": "https://www.youtube.com/api/timedtext?v=iCuxBMrc8bE&ei=l3mJaPXnFsWVkucP5f2D4AU&caps=asr&opi=112496729&exp=xpe&xoaf=5&xosf=1&xospf=1&hl=zh-CN&ip=0.0.0.0&ipbits=0&expire=1753865223&sparams=ip%2Cipbits%2Cexpire%2Cv%2Cei%2Ccaps%2Copi%2Cexp%2Cxoaf&signature=133B59FADDB7DA51B995807D6265418CF6207C6C.5E1B179BCD3EBDD8CEA8BAD890783902C164A822&key=yt8&kind=asr&lang=en&variant=punctuated&potc=1&pot=MlUGtvZFc5rTowaIkmQ4yTaV_GHn5BNm_oUo1nAdcnI6wvBVT4DemQUDjlg3xyM-eVRrCXWctgHQ4QAa_rJ0c3kN0iqvT7lof3ubYFDwef8SX5OUwAQl&fmt=json3&xorb=2&xobt=3&xovt=3&cbrand=apple&cbr=Chrome&cbrver=138.0.0.0&c=WEB&cver=2.20250728.08.00&cplayer=UNIPLAYER&cos=Macintosh&cosver=10_15_7&cplatform=DESKTOP",
        "city": "New York",
        "region": "New York",
        "country": "United States",
        "org": "Google LLC",
        "timezone": "America/New_York",
        "source": "ip-api.com"
      },
      "geometry": {
        "type": "Point",
        "coordinates": [
          -74.006,
          40.7128
        ]
      }
    },
    {
      "type": "Feature",
      "properties": {
        "ip": "142.250.65.238",
        "url": "https://www.youtube.com/api/stats/qoe?fmt=396&afmt=251&cpn=HySq6ttCi_EcCGfQ&el=detailpage&ns=yt&fexp=v1%2C23930656%2C55365%2C18623%2C695255%2C14625955%2C11684381%2C53408%2C9105%2C22730%2C2821%2C106030%2C18644%2C14869%2C47210%2C15124%2C65%2C13526%2C391%2C26504%2C9252%2C3479%2C2519%2C10511%2C23206%2C10364%2C4815%2C2%2C19813%2C19660%2C562%2C11784%2C2796%2C2595%2C5656%2C2625%2C1904%2C874%2C10552%2C591%2C6045%2C64%2C4324%2C2313%2C1491%2C1592%2C1479%2C3906%2C1563%2C3888%2C207%2C346%2C7947%2C842%2C4174%2C1995%2C355%2C2585%2C62%2C372%2C723%2C1671%2C1635%2C867%2C1060%2C2039%2C5%2C3485%2C166%2C1414%2C2164%2C332%2C12%2C1029%2C2643%2C938%2C70&cl=787819992&seq=2&docid=otaSWMeT8w8&ei=WHmJaPrVKoXQoPMP5PzR2QE&event=streamingstats&feature=g-high-rec&plid=AAY7G6_aJIMIiBEd&sdetail=p%3A%2F&sourceid=y&cbrand=apple&cbr=Chrome&cbrver=138.0.0.0&c=WEB&cver=2.20250728.08.00&cplayer=UNIPLAYER&cos=Macintosh&cosver=10_15_7&cplatform=DESKTOP&afs=0.119:251;CggKA2RyYxIBMQ::i:CB8oAQ&ctmp=atrkchg:t.119;id.und;m.0&vfs=0.123:396:396::r:CB8oAQ&view=0.123:357:201:2&vps=0.123:B,0.123:B&bwm=0.123:18398:0.118&bwe=0.123:2229611&bat=0.123:0.65:1&cmt=0.123:0.000&bh=0.123:0.000&qclc=ChBIeVNxNnR0Q2lfRWNDR2ZREAI",
        "city": "New York",
        "region": "New York",
        "country": "United States",
        "org": "Google LLC",
        "timezone": "America/New_York",
        "source": "ip-api.com"
      },
      "geometry": {
        "type": "Point",
        "coordinates": [
          -74.006,
          40.7128
        ]
      }
    },
    {
      "type": "Feature",
      "properties": {
        "ip": "142.250.65.238",
        "url": "https://www.youtube.com/youtubei/v1/browse/edit_playlist?prettyPrint=false",
        "city": "New York",
        "region": "New York",
        "country": "United States",
        "org": "Google LLC",
        "timezone": "America/New_York",
        "source": "ip-api.com"
      },
      "geometry": {
        "type": "Point",
        "coordinates": [
          -74.006,
          40.7128
        ]
      }
    },
    {
      "type": "Feature",
      "properties": {
        "ip": "142.250.65.238",
        "url": "https://www.youtube.com/pcs/activeview?xai=AKAOjstpnuUVcR_dTYKzm96VftCE6mD6FFXGjh8Vlfte1FJQkiI1L1yR6DAgF-W2in7J4yLVAvzRA0bkE96Yu3bChM5hkMLIJRgkj3iS9lpMv65VU63iAeLPppTnQIN292e-FRMqS6cOSXXT3hZWy3kYLPuYaQcHiRojkr8q&sig=Cg0ArKJSzJpjxRIXA9xeEAE&ad_cpn=&id=lidarv&acvw=sv%3D967%26v%3D20250727%26cb%3Dyw%26e%3D15%26nas%3D1%26sdk%3Db%26p%3D-724,198,37,626%26tos%3D0,0,0,0,0%26mtos%3D0,0,0,0,0%26amtos%3D0,0,0,0,0%26mcvt%3D0%26ps%3D849,865%26scs%3D1512,982%26bs%3D849,857%26vht%3D0%26mut%3D0%26a%3D0.62%26ft%3D0%26dft%3D0%26at%3D0%26dat%3D0%26as%3D1%26vpt%3D0%26gmm%3D4%26efpf%3D2%26nmt%3D0%26tcm%3D1%26bt%3D0%26pst%3D0%26dur%3D43000%26vmtime%3D4%26dvs%3D0%26dfvs%3D0%26dvpt%3D0%26is%3D278%26i0%3D278%26ic%3D0%26cs%3D278%26c%3D0.04%26mc%3D0.04%26nc%3D0.04%26mv%3D0.62%26nv%3D0.62%26lte%3D0.04%26ces%26avms%3Dgeo%26qi%3Dkd0MMoxuvpN7OZrc%26psm%3D1%26psv%3D0%26psfv%3D0%26psa%3D1%26ptlt%3D103045%26pngs%3D9,14,15%26veid%3Dfmd%3A1%26ssb%3D0,0,0,0,0,0,0,0,0,0,0%26co%3D4977282201%26tm%3D0%26tu%3D0&gv=atos%3D0,0,0,0,0%26avt%3D0%26davs%3D0%26dafvs%3D0%26ss%3D0.01%26t%3D1753840022024&avm=1",
        "city": "New York",
        "region": "New York",
        "country": "United States",
        "org": "Google LLC",
        "timezone": "America/New_York",
        "source": "ip-api.com"
      },
      "geometry": {
        "type": "Point",
        "coordinates": [
          -74.006,
          40.7128
        ]
      }
    },
    {
      "type": "Feature",
      "properties": {
        "ip": "142.250.65.238",
        "url": "https://www.youtube.com/api/stats/qoe?fmt=396&afmt=251&cpn=sU6UFpQj_Eh9OdhG&el=detailpage&ns=yt&fexp=v1%2C23930656%2C55365%2C18623%2C695255%2C14625955%2C11684381%2C53408%2C9105%2C22730%2C2821%2C106030%2C18644%2C14869%2C47210%2C15124%2C65%2C13526%2C391%2C26504%2C9252%2C3479%2C2519%2C10511%2C23206%2C10364%2C4815%2C2%2C19813%2C19660%2C562%2C11784%2C2796%2C2595%2C5656%2C2625%2C1904%2C874%2C10552%2C591%2C6045%2C64%2C4324%2C2313%2C1491%2C1592%2C1479%2C3906%2C1563%2C3888%2C207%2C346%2C7947%2C842%2C4174%2C1995%2C355%2C2585%2C62%2C372%2C723%2C1671%2C1635%2C867%2C1060%2C2039%2C5%2C3485%2C166%2C1414%2C2164%2C332%2C12%2C1029%2C2643%2C938%2C70&cl=787819992&seq=1&docid=tW-emn1hOHQ&ei=SHmJaJPHNLPLoPMP9saPgAE&event=streamingstats&feature=g-high-rec&plid=AAY7G67oZgcCeQ5r&sdetail=p%3A%2F&sourceid=y&cbrand=apple&cbr=Chrome&cbrver=138.0.0.0&c=WEB&cver=2.20250728.08.00&cplayer=UNIPLAYER&cos=Macintosh&cosver=10_15_7&cplatform=DESKTOP&vps=0.000:N,0.003:B,0.193:B,0.193:B&cat=streaming,sabr&ctmp=esfw:usbc.1;hsu.1,atrkchg:t.191;id.und;m.0&cmt=0.003:0.000,0.193:0.000&afs=0.191:251;CggKA2RyYxIBMQ::i:CBYoAQ&vfs=0.193:396:396::r:CBYoAQ&view=0.193:357:201:2&bwm=0.193:1990:0.190&bwe=0.193:1679006&bat=0.193:0.64:1&vis=0.193:5&bh=0.193:0.000&qclc=ChBzVTZVRnBRal9FaDlPZGhHEAE",
        "city": "New York",
        "region": "New York",
        "country": "United States",
        "org": "Google LLC",
        "timezone": "America/New_York",
        "source": "ip-api.com"
      },
      "geometry": {
        "type": "Point",
        "coordinates": [
          -74.006,
          40.7128
        ]
      }
    },
    {
      "type": "Feature",
      "properties": {
        "ip": "142.250.65.238",
        "url": "https://www.youtube.com/api/stats/qoe?cpn=pxmDWfwVd4IUuMfd&el=detailpage&ns=yt&fexp=v1%2C23930656%2C55365%2C18623%2C695255%2C14625955%2C11684381%2C53408%2C9105%2C22730%2C2821%2C106030%2C18644%2C14869%2C47210%2C15124%2C65%2C13526%2C391%2C26504%2C9252%2C3479%2C2519%2C10511%2C23206%2C10364%2C4815%2C2%2C19813%2C19660%2C562%2C11784%2C2796%2C2595%2C5656%2C2625%2C1904%2C874%2C10552%2C591%2C6045%2C64%2C4324%2C2313%2C1491%2C1592%2C1479%2C3906%2C1563%2C3888%2C207%2C346%2C7947%2C842%2C4174%2C1995%2C355%2C2585%2C62%2C372%2C723%2C1671%2C1635%2C867%2C1060%2C2039%2C5%2C3485%2C166%2C1414%2C2164%2C332%2C12%2C1029%2C2643%2C938%2C70&cl=787819992&seq=1&docid=eut5Q5lUxic&ei=UXmJaMKcBvDQoPMPq47I6A0&event=streamingstats&feature=g-high-rec&plid=AAY7G69mRkR5pgPl&sdetail=p%3A%2F&sourceid=y&cbrand=apple&cbr=Chrome&cbrver=138.0.0.0&c=WEB&cver=2.20250728.08.00&cplayer=UNIPLAYER&cos=Macintosh&cosver=10_15_7&cplatform=DESKTOP&vps=0.000:N,0.005:B,0.033:B&cat=streaming,sabr&ctmp=esfw:usbc.1;hsu.1&cmt=0.005:0.000,0.033:0.000&bwe=0.033:1704070&bat=0.033:0.64:1&vis=0.033:5&bh=0.033:0.000&qclc=ChBweG1EV2Z3VmQ0SVV1TWZkEAE",
        "city": "New York",
        "region": "New York",
        "country": "United States",
        "org": "Google LLC",
        "timezone": "America/New_York",
        "source": "ip-api.com"
      },
      "geometry": {
        "type": "Point",
        "coordinates": [
          -74.006,
          40.7128
        ]
      }
    },
    {
      "type": "Feature",
      "properties": {
        "ip": "142.250.65.238",
        "url": "https://www.youtube.com/api/stats/watchtime?ns=yt&el=detailpage&cpn=lRzPnkhfdIdvD0Ru&ver=2&cmt=0&fmt=396&fs=0&rt=2.118&euri&lact=113&cl=787819992&state=paused&volume=100&subscribed=1&cbrand=apple&cbr=Chrome&cbrver=138.0.0.0&c=WEB&cver=2.20250728.08.00&cplayer=UNIPLAYER&cos=Macintosh&cosver=10_15_7&cplatform=DESKTOP&autoplay=1&delay=10&hl=zh_CN&cr=US&uga=35&len=411.321&feature=g-high-rec&afmt=251&idpj=-1&ldpj=-26&rti=10&st=0&et=1.969&muted=1&vis=5&cc=.en-US&docid=pWRlDIBoQW4&ei=N3mJaOnGNqi30_wPi-eEmAs&plid=AAY7G63lgxFRp3x5&referrer=https%3A%2F%2Fwww.youtube.com%2F&sdetail=p%3A%2F&sourceid=y&autonav=1&of=TTOGcimrwD44xgEZ33ZEfQ&vm=CAEQARgEOjJBSHFpSlRKel9aeV9QalJKY1c4aTNCQXh4cDBVbFNibEhSblFmWlJ2a0hkSi0ySS1fQWJfQUZVQTZSUUoxVWs0cVFaMUxlbW9NbEFVa0k3UXFaY0NXS3RWU2xaVUc0ZTFzZnkyNzZHWVg0RDRWbnVVMGJIQ0tNdzdRV25iNkIyVWlFZzJGLVp1cmh1akFxM2NUSzg",
        "city": "New York",
        "region": "New York",
        "country": "United States",
        "org": "Google LLC",
        "timezone": "America/New_York",
        "source": "ip-api.com"
      },
      "geometry": {
        "type": "Point",
        "coordinates": [
          -74.006,
          40.7128
        ]
      }
    },
    {
      "type": "Feature",
      "properties": {
        "ip": "142.250.65.238",
        "url": "https://www.youtube.com/api/timedtext?v=osZ15XJOBdY&ei=U3mJaMeNK4-Fy_sPypGguAY&caps=asr&opi=112496729&exp=xpo%2Cxpe&xoaf=7&xospf=1&hl=zh-CN&ip=0.0.0.0&ipbits=0&expire=1753865155&sparams=ip%2Cipbits%2Cexpire%2Cv%2Cei%2Ccaps%2Copi%2Cexp%2Cxoaf&signature=0CAE9F78CC1594E109A0AD193CB64E4F4798F3C5.23D4A93AF94119D7F138F2E976C509D47D241BA8&key=yt8&kind=asr&lang=en&variant=punctuated&potc=1&pot=MlVNnlQDMBoz102gMCJ7Sdbht0lFolDmHvFj_tJbMfLatrt97cadGeV3xXCVgWC-mSAgIdfa9YEwlUsyXPQ385l5mQINCfronw8Up3WtkT26rxVgkfJv&fmt=json3&xorb=2&xobt=3&xovt=3&cbrand=apple&cbr=Chrome&cbrver=138.0.0.0&c=WEB&cver=2.20250728.08.00&cplayer=UNIPLAYER&cos=Macintosh&cosver=10_15_7&cplatform=DESKTOP",
        "city": "New York",
        "region": "New York",
        "country": "United States",
        "org": "Google LLC",
        "timezone": "America/New_York",
        "source": "ip-api.com"
      },
      "geometry": {
        "type": "Point",
        "coordinates": [
          -74.006,
          40.7128
        ]
      }
    },
    {
      "type": "Feature",
      "properties": {
        "ip": "142.250.65.238",
        "url": "https://www.youtube.com/api/stats/qoe?fmt=396&afmt=251&cpn=PyJkOFKHNQ0xMl95&el=detailpage&ns=yt&fexp=v1%2C23930656%2C55365%2C18623%2C695255%2C14625955%2C11684381%2C53408%2C9105%2C22730%2C2821%2C106030%2C18644%2C14869%2C47210%2C15124%2C65%2C13526%2C391%2C26504%2C9252%2C3479%2C2519%2C10511%2C23206%2C10364%2C4815%2C2%2C19813%2C19660%2C562%2C11784%2C2796%2C2595%2C5656%2C2625%2C1904%2C874%2C10552%2C591%2C6045%2C64%2C4324%2C2313%2C1491%2C1592%2C1479%2C3906%2C1563%2C3888%2C207%2C346%2C7947%2C842%2C4174%2C1995%2C355%2C2585%2C62%2C372%2C723%2C1671%2C1635%2C867%2C1060%2C2039%2C5%2C3485%2C166%2C1414%2C2164%2C332%2C12%2C1029%2C2643%2C938%2C70&cl=787819992&seq=3&docid=THY_UFpbZJY&ei=XHmJaOC_E4aqoPMPtLv9oAE&event=streamingstats&feature=g-high-rec&plid=AAY7G7ARWAMs7BST&sdetail=p%3A%2F&sourceid=y&cbrand=apple&cbr=Chrome&cbrver=138.0.0.0&c=WEB&cver=2.20250728.08.00&cplayer=UNIPLAYER&cos=Macintosh&cosver=10_15_7&cplatform=DESKTOP&cmt=0.117:0.000,0.118:0.000,0.119:0.000&vps=0.117:N,0.118:SU,0.119:SU&bwm=0.119:222339:0.004&bat=0.119:0.66:1&bh=0.119:0.000&qclc=ChBQeUprT0ZLSE5RMHhNbDk1EAM",
        "city": "New York",
        "region": "New York",
        "country": "United States",
        "org": "Google LLC",
        "timezone": "America/New_York",
        "source": "ip-api.com"
      },
      "geometry": {
        "type": "Point",
        "coordinates": [
          -74.006,
          40.7128
        ]
      }
    },
    {
      "type": "Feature",
      "properties": {
        "ip": "142.250.65.238",
        "url": "https://www.youtube.com/api/stats/qoe?fmt=398&afmt=251&cpn=7NyH9ZrQbWG9jb8W&el=shortspage&ns=yt&fexp=v1%2C23930656%2C55365%2C18623%2C695255%2C14625955%2C11684381%2C53408%2C9105%2C22730%2C2821%2C106030%2C18644%2C14869%2C47210%2C15124%2C65%2C13526%2C391%2C26504%2C9252%2C3479%2C2519%2C10511%2C23206%2C10364%2C4815%2C2%2C19813%2C19660%2C562%2C11784%2C2796%2C2595%2C5656%2C2625%2C1904%2C874%2C10552%2C591%2C6045%2C64%2C4324%2C2313%2C1491%2C1592%2C1479%2C3906%2C1563%2C3888%2C207%2C346%2C7947%2C842%2C4174%2C1995%2C355%2C2585%2C62%2C372%2C723%2C1671%2C1635%2C867%2C1060%2C2039%2C5%2C3485%2C166%2C1414%2C2164%2C332%2C12%2C1029%2C2643%2C938%2C70&cl=787819992&seq=1&docid=KSkvJS-q3Hc&ei=l3mJaN2mOteJkucPsOqc4AU&event=streamingstats&plid=AAY7G7OfUynXgN68&sdetail=p%3A%2Fshorts%2FiCuxBMrc8bE&sourceid=y&cbrand=apple&cbr=Chrome&cbrver=138.0.0.0&c=WEB&cver=2.20250728.08.00&cplayer=UNIPLAYER&cos=Macintosh&cosver=10_15_7&cplatform=DESKTOP&vps=0.000:N,0.003:B,0.117:B,0.117:B&cat=streaming,sabr&ctmp=esfw:usbc.1;hsu.1,atrkchg:t.117;id.und;m.0&cmt=0.003:0.000,0.117:0.000&afs=0.116:251;CggKA2RyYxIBMQ::i:CDwoAQ&vfs=0.117:398:398::r:CDwoAQ&view=0.117:428:761:2&bwm=0.117:411382:0.115&bwe=0.117:2034312&bat=0.117:0.66:1&vis=0.117:0&bh=0.117:0.000&qclc=ChA3TnlIOVpyUWJXRzlqYjhXEAEaDENnSUlEQSUzRCUzRA",
        "city": "New York",
        "region": "New York",
        "country": "United States",
        "org": "Google LLC",
        "timezone": "America/New_York",
        "source": "ip-api.com"
      },
      "geometry": {
        "type": "Point",
        "coordinates": [
          -74.006,
          40.7128
        ]
      }
    },
    {
      "type": "Feature",
      "properties": {
        "ip": "142.250.65.238",
        "url": "https://www.youtube.com/api/timedtext?v=qxHGvJfqBeo&ei=lHmJaKG1A43HkucPr_Hn6AU&caps=asr&opi=112496729&exp=xpe&xoaf=5&xosf=1&hl=zh-CN&ip=0.0.0.0&ipbits=0&expire=1753865220&sparams=ip%2Cipbits%2Cexpire%2Cv%2Cei%2Ccaps%2Copi%2Cexp%2Cxoaf&signature=B6177D1F79CA15496AC2EB75C1472F6A17BFBEEE.5EDF3C7451231A874D40D69101D88724BD16CDCB&key=yt8&kind=asr&lang=en&potc=1&pot=MlViefYbi-WxG2JHkjrAtlQtmK7nuusZnD1MGXBDig1YepSaT94m5me76pc3mdtBG-wPxnXCTn6yWWTV_uyMDBu1tuWvEUEXHcPTYj29GyvLThlxMho1&fmt=json3&xorb=2&xobt=3&xovt=3&cbrand=apple&cbr=Chrome&cbrver=138.0.0.0&c=WEB&cver=2.20250728.08.00&cplayer=UNIPLAYER&cos=Macintosh&cosver=10_15_7&cplatform=DESKTOP",
        "city": "New York",
        "region": "New York",
        "country": "United States",
        "org": "Google LLC",
        "timezone": "America/New_York",
        "source": "ip-api.com"
      },
      "geometry": {
        "type": "Point",
        "coordinates": [
          -74.006,
          40.7128
        ]
      }
    },
    {
      "type": "Feature",
      "properties": {
        "ip": "142.250.65.238",
        "url": "https://www.youtube.com/api/stats/playback?ns=yt&el=detailpage&cpn=Zb-07ICh_J_R3YqT&ver=2&cmt=0.052&fmt=396&fs=0&rt=0.168&euri&lact=429&cl=787819992&mos=1&volume=100&cbrand=apple&cbr=Chrome&cbrver=138.0.0.0&c=WEB&cver=2.20250728.08.00&cplayer=UNIPLAYER&cos=Macintosh&cosver=10_15_7&cplatform=DESKTOP&autoplay=1&delay=10&hl=zh_CN&cr=US&uga=35&len=769.461&fexp=v1%2C23930656%2C55365%2C18623%2C695255%2C14625955%2C11684381%2C53408%2C9105%2C22730%2C2821%2C106030%2C18644%2C14869%2C47210%2C15124%2C65%2C13526%2C391%2C26504%2C9252%2C3479%2C2519%2C10511%2C23206%2C10364%2C4815%2C2%2C19813%2C19660%2C562%2C11784%2C2796%2C2595%2C5656%2C2625%2C1904%2C874%2C10552%2C591%2C6045%2C64%2C4324%2C2313%2C1491%2C1592%2C1479%2C3906%2C1563%2C3888%2C207%2C346%2C7947%2C842%2C4174%2C1995%2C355%2C2585%2C62%2C372%2C723%2C1671%2C1635%2C867%2C1060%2C2039%2C5%2C3485%2C166%2C1414%2C2164%2C332%2C12%2C1029%2C2643%2C938%2C70&rtn=8&feature=g-high-rec&afmt=251&muted=1&vis=5&docid=otaSWMeT8w8&ei=WHmJaPrVKoXQoPMP5PzR2QE&plid=AAY7G6_aJIMIiBEd&referrer=https%3A%2F%2Fwww.youtube.com%2F&sdetail=p%3A%2F&sourceid=y&autonav=1&of=oj8EnlXIBxXMJpgvzezpwA&vm=CAQQARgCOjJBSHFpSlRLbUluZUlFbXFMcWE1bHVLZXE4OTRJSDVNZmxjb0lGX2dnQ2FYUk1IWkhaZ2JcQUZVQTZSVEJtSzNnVTNQTENZYlN0Ymp0am1ESEYtNmZnX2tkRDFnMlFYYzV6Wmo0ck8wVkdjQlZCbGhJTE5SX0lNcUdRYnZsRXV5YUNwVjZzWkpCUUJyUGdZWng",
        "city": "New York",
        "region": "New York",
        "country": "United States",
        "org": "Google LLC",
        "timezone": "America/New_York",
        "source": "ip-api.com"
      },
      "geometry": {
        "type": "Point",
        "coordinates": [
          -74.006,
          40.7128
        ]
      }
    },
    {
      "type": "Feature",
      "properties": {
        "ip": "142.250.65.238",
        "url": "https://www.youtube.com/api/timedtext?v=pWRlDIBoQW4&ei=N3mJaOnGNqi30_wPi-eEmAs&caps=asr&opi=112496729&exp=xpo%2Cxpe&xoaf=7&hl=zh-CN&ip=0.0.0.0&ipbits=0&expire=1753865127&sparams=ip%2Cipbits%2Cexpire%2Cv%2Cei%2Ccaps%2Copi%2Cexp%2Cxoaf&signature=AADF738DA957E1EFF95C383F2D4CDC9C2211F087.54CCFFE4477FC6B73B7A03C7CF6714AC7DABC3DD&key=yt8&lang=en-US&potc=1&pot=MlURNJS-seRWrxEK8J_6t7OZ6-OFH9EYe4k_VBLmsAy_zufXLXsc54APmdpVPOFA_Fh8ixdndH9V7ReYnEm2DfwBxajNtHsW-nfl1EoXk8c1ziQiVGTs&fmt=json3&xorb=2&xobt=3&xovt=3&cbrand=apple&cbr=Chrome&cbrver=138.0.0.0&c=WEB&cver=2.20250728.08.00&cplayer=UNIPLAYER&cos=Macintosh&cosver=10_15_7&cplatform=DESKTOP",
        "city": "New York",
        "region": "New York",
        "country": "United States",
        "org": "Google LLC",
        "timezone": "America/New_York",
        "source": "ip-api.com"
      },
      "geometry": {
        "type": "Point",
        "coordinates": [
          -74.006,
          40.7128
        ]
      }
    },
    {
      "type": "Feature",
      "properties": {
        "ip": "142.250.65.238",
        "url": "https://www.youtube.com/api/stats/qoe?cpn=KHlzL2XVthjSOKmg&el=shortspage&ns=yt&fexp=v1%2C23930656%2C55365%2C18623%2C695255%2C14625955%2C11684381%2C53408%2C9105%2C22730%2C2821%2C106030%2C18644%2C14869%2C47210%2C15124%2C65%2C13526%2C391%2C26504%2C9252%2C3479%2C2519%2C10511%2C23206%2C10364%2C4815%2C2%2C19813%2C19660%2C562%2C11784%2C2796%2C2595%2C5656%2C2625%2C1904%2C874%2C10552%2C591%2C6045%2C64%2C4324%2C2313%2C1491%2C1592%2C1479%2C3906%2C1563%2C3888%2C207%2C346%2C7947%2C842%2C4174%2C1995%2C355%2C2585%2C62%2C372%2C723%2C1671%2C1635%2C867%2C1060%2C2039%2C5%2C3485%2C166%2C1414%2C2164%2C332%2C12%2C1029%2C2643%2C938%2C70&cl=787819992&seq=1&docid=WkysaIBxwPc&ei=jnmJaOfHEIO4kucPpYXn6Qs&event=streamingstats&plid=AAY7G7MLtTSihYV2&sdetail=p%3A%2Fshorts%2FkJ3o1E2WS8E&sourceid=y&cbrand=apple&cbr=Chrome&cbrver=138.0.0.0&c=WEB&cver=2.20250728.08.00&cplayer=UNIPLAYER&cos=Macintosh&cosver=10_15_7&cplatform=DESKTOP&vps=0.000:N,0.004:B,0.027:B&cat=streaming,sabr&ctmp=esfw:usbc.1;hsu.1&cmt=0.004:0.000,0.027:0.000&bwe=0.027:8870215&bat=0.027:0.65:1&vis=0.027:0&bh=0.027:0.000&qclc=ChBLSGx6TDJYVnRoalNPS21nEAEaDENnSUlEQSUzRCUzRA",
        "city": "New York",
        "region": "New York",
        "country": "United States",
        "org": "Google LLC",
        "timezone": "America/New_York",
        "source": "ip-api.com"
      },
      "geometry": {
        "type": "Point",
        "coordinates": [
          -74.006,
          40.7128
        ]
      }
    },
    {
      "type": "Feature",
      "properties": {
        "ip": "142.250.65.238",
        "url": "https://www.youtube.com/api/stats/watchtime?ns=yt&el=shortspage&cpn=H0SwRGHF9KTml3K4&ver=2&cmt=0&fmt=788&fs=0&rt=0.768&euri=https%3A%2F%2Fwww.youtube.com%2Fshorts%2F0wBfICuWl7M&lact=9122&cl=787819992&state=paused&volume=62&cbrand=apple&cbr=Chrome&cbrver=138.0.0.0&c=WEB&cver=2.20250728.08.00&cplayer=UNIPLAYER&cos=Macintosh&cosver=10_15_7&cplatform=DESKTOP&final=1&delay=4&hl=zh_CN&cr=US&uga=35&len=13.841&afmt=251&idpj=-8&ldpj=-23&st=0&et=0&muted=0&docid=qxHGvJfqBeo&ei=lHmJaKG1A43HkucPr_Hn6AU&plid=AAY7G7NjxmrzSisB&referrer=https%3A%2F%2Fwww.youtube.com%2Fshorts%2FlCsV8l3s5_w&sdetail=p%3A%2Fshorts%2FlCsV8l3s5_w&sourceid=y&of=prjv5HfGk3E6aCa4dybJwA&vm=CAEQABgEOjJBSHFpSlRLWnVVRHN5QWlfbll6NVdZRC1JMEloVUVzUm41U09xTWdfTDZxTEwyLWhCd2JfQUZVQTZSU1k4cktGbi1QZjVzLWdzck8wak9Uc1RhSUdWZlNFU2ZSNkNGY2JMNG15Sm15VlBjbkRmemljT0w1R3MxdjVRT1VQaDJpVElsa0NwZnZzUDlQWDJhSnZ2NVU",
        "city": "New York",
        "region": "New York",
        "country": "United States",
        "org": "Google LLC",
        "timezone": "America/New_York",
        "source": "ip-api.com"
      },
      "geometry": {
        "type": "Point",
        "coordinates": [
          -74.006,
          40.7128
        ]
      }
    },
    {
      "type": "Feature",
      "properties": {
        "ip": "142.250.65.238",
        "url": "https://www.youtube.com/api/stats/watchtime?ns=yt&el=detailpage&cpn=sU6UFpQj_Eh9OdhG&ver=2&cmt=0&fmt=396&fs=0&rt=0.843&euri&lact=21&cl=787819992&state=paused&volume=100&cbrand=apple&cbr=Chrome&cbrver=138.0.0.0&c=WEB&cver=2.20250728.08.00&cplayer=UNIPLAYER&cos=Macintosh&cosver=10_15_7&cplatform=DESKTOP&autoplay=1&delay=10&hl=zh_CN&cr=US&uga=35&len=756.761&feature=g-high-rec&afmt=251&idpj=-4&ldpj=-20&rti=7&st=0&et=0.564&muted=1&vis=5&docid=tW-emn1hOHQ&ei=SHmJaJPHNLPLoPMP9saPgAE&plid=AAY7G67oZgcCeQ5r&referrer=https%3A%2F%2Fwww.youtube.com%2F&sdetail=p%3A%2F&sourceid=y&autonav=1&of=UftzHSvOHxJXXA1n3oXpqQ&vm=CAQQARgCOjJBSHFpSlRKb1Vjc1ptaHBmNDA1bUR0Yi1yWDJheEx1UEtjczFlMXJLTmJqekZLdWpPZ2JaQUZVQTZSUi05bVVBZ1FyVVJ0dWdFX042WTJtVllTaWdicXhqZXVaRWVSb195XzgtalBUUXZROXBZSEM5U0U4dENGT2E2UmN3WUhfRlYwUl9mc2MzRXRTc3Zn",
        "city": "New York",
        "region": "New York",
        "country": "United States",
        "org": "Google LLC",
        "timezone": "America/New_York",
        "source": "ip-api.com"
      },
      "geometry": {
        "type": "Point",
        "coordinates": [
          -74.006,
          40.7128
        ]
      }
    },
    {
      "type": "Feature",
      "properties": {
        "ip": "142.250.65.238",
        "url": "https://www.youtube.com/api/stats/playback?ns=yt&el=shortspage&cpn=W4dcoRT_QP7neJH4&ver=2&cmt=0.021&fmt=398&fs=0&rt=0.317&euri=https%3A%2F%2Fwww.youtube.com%2Fshorts%2F0wBfICuWl7M&lact=5539&cl=787819992&mos=0&volume=62&cbrand=apple&cbr=Chrome&cbrver=138.0.0.0&c=WEB&cver=2.20250728.08.00&cplayer=UNIPLAYER&cos=Macintosh&cosver=10_15_7&cplatform=DESKTOP&delay=4&hl=zh_CN&cr=US&uga=35&len=18.141&fexp=v1%2C23930656%2C55365%2C18623%2C695255%2C14625955%2C11684381%2C53408%2C9105%2C22730%2C2821%2C106030%2C18644%2C14869%2C47210%2C15124%2C65%2C13526%2C391%2C26504%2C9252%2C3479%2C2519%2C10511%2C23206%2C10364%2C4815%2C2%2C19813%2C19660%2C562%2C11784%2C2796%2C2595%2C5656%2C2625%2C1904%2C874%2C10552%2C591%2C6045%2C64%2C4324%2C2313%2C1491%2C1592%2C1479%2C3906%2C1563%2C3888%2C207%2C346%2C7947%2C842%2C4174%2C1995%2C355%2C2585%2C62%2C372%2C723%2C1671%2C1635%2C867%2C1060%2C2039%2C5%2C3485%2C166%2C1414%2C2164%2C332%2C12%2C1029%2C2643%2C938%2C70&rtn=6&afmt=251&muted=0&docid=9RMilKQNsho&ei=kHmJaMmFOOO3kucPwcf_qAI&plid=AAY7G7Mz0I__chHJ&referrer=https%3A%2F%2Fwww.youtube.com%2Fshorts%2F0XlsFeNWDMg&sdetail=p%3A%2Fshorts%2F0XlsFeNWDMg&sourceid=y&of=55GruTtBJ9KmbeuKBIg0WA&vm=CAQQARgCOjJBSHFpSlRKN3ZkR015S0NhN0ttY2sxUEhpaVNtWEhLS2dvV3plWFBKcF9Ta0ZBWm5fd2JfQUZVQTZSU1VHR1B2LUc1UWFoVlhxdmpBUnNrb1A5SnFTdTJjTVZld093Q2FobHlSZ2RzTURZRmlVOHJSSklWcDZkc1A1QkFwdVZWTmRfcUJYZVdfWC1qMGNpeXFyR2s",
        "city": "New York",
        "region": "New York",
        "country": "United States",
        "org": "Google LLC",
        "timezone": "America/New_York",
        "source": "ip-api.com"
      },
      "geometry": {
        "type": "Point",
        "coordinates": [
          -74.006,
          40.7128
        ]
      }
    },
    {
      "type": "Feature",
      "properties": {
        "ip": "142.250.65.238",
        "url": "https://www.youtube.com/api/stats/watchtime?ns=yt&el=adunit&cpn=u8Lbh3rzNZJmLMSx&ver=2&cmt=0&fmt=698&fs=0&rt=0.7&adformat=15_20&euri=https%3A%2F%2Fwww.youtube.com%2Fshorts%2F0wBfICuWl7M&lact=10792&cl=787819992&state=paused&volume=62&cbrand=apple&cbr=Chrome&cbrver=138.0.0.0&c=WEB&cver=2.20250728.08.00&cplayer=UNIPLAYER&cos=Macintosh&cosver=10_15_7&cplatform=DESKTOP&delay=4&hl=zh_CN&cr=US&uga=35&len=43.001&afmt=251&idpj=-6&ldpj=-12&rti=5&st=0&et=0.42&muted=0&docid=CTE9w5RqhiY&ei=lXmJaPqrMI21kucP9o6AkAM&plid=AAY7G7N-Ld1qwUr8&referrer=https%3A%2F%2Fwww.youtube.com%2Fshorts%2FntCVNYOjQJ4&sdetail=p%3A%2Fshorts%2FntCVNYOjQJ4&sourceid=y&aqi=ZXmJaJGNLvyF9eQP-veJ6Qg&is_ad=1&of=2B_a7nyQqyuEzCjG6av3WQ&vm=CAEQABgEOjJBSHFpSlRLZmptWjhfV1dWb28tNmRoTFVacVI2QThmdGoyUTR0WnRnYnc3WDluSDhxUWJnQUZVQTZSU1BpLUJ6T3ZEck80NGdPZjhyOVZORUhpeHdPWE5rXzZCV09sTXU1Q0RKSXVzUFdWQS14N09ka2NoV3pIR0lrOWNrWFl0NW1BX3BvVy1zT0Nhd29TRXVkdnFzY01rbW1xbw",
        "city": "New York",
        "region": "New York",
        "country": "United States",
        "org": "Google LLC",
        "timezone": "America/New_York",
        "source": "ip-api.com"
      },
      "geometry": {
        "type": "Point",
        "coordinates": [
          -74.006,
          40.7128
        ]
      }
    },
    {
      "type": "Feature",
      "properties": {
        "ip": "142.250.65.238",
        "url": "https://www.youtube.com/api/stats/qoe?fmt=243&afmt=251&cpn=9b_Fg_iMnfEYBSet&el=detailpage&ns=yt&fexp=v1%2C23930656%2C55365%2C18623%2C695255%2C14625955%2C11684381%2C53408%2C9105%2C22730%2C2821%2C106030%2C18644%2C14869%2C47210%2C15124%2C65%2C13526%2C391%2C26504%2C9252%2C3479%2C2519%2C10511%2C23206%2C10364%2C4815%2C2%2C19813%2C19660%2C562%2C11784%2C2796%2C2595%2C5656%2C2625%2C1904%2C874%2C10552%2C591%2C6045%2C64%2C4324%2C2313%2C1491%2C1592%2C1479%2C3906%2C1563%2C3888%2C207%2C346%2C7947%2C842%2C4174%2C1995%2C355%2C2585%2C62%2C372%2C723%2C1671%2C1635%2C867%2C1060%2C2039%2C5%2C3485%2C166%2C1414%2C2164%2C332%2C12%2C1029%2C2643%2C938%2C70&cl=787819992&seq=3&docid=osZ15XJOBdY&ei=U3mJaMeNK4-Fy_sPypGguAY&event=streamingstats&feature=g-high&plid=AAY7G6-ONH8Ty808&sdetail=p%3A%2F&sourceid=y&cbrand=apple&cbr=Chrome&cbrver=138.0.0.0&c=WEB&cver=2.20250728.08.00&cplayer=UNIPLAYER&cos=Macintosh&cosver=10_15_7&cplatform=DESKTOP&cmt=0.061:0.000,0.062:0.000,0.062:0.000&vps=0.061:N,0.062:SU,0.062:SU&bat=0.062:0.64:1&bh=0.062:0.000&qclc=ChA5Yl9GZ19pTW5mRVlCU2V0EAM",
        "city": "New York",
        "region": "New York",
        "country": "United States",
        "org": "Google LLC",
        "timezone": "America/New_York",
        "source": "ip-api.com"
      },
      "geometry": {
        "type": "Point",
        "coordinates": [
          -74.006,
          40.7128
        ]
      }
    },
    {
      "type": "Feature",
      "properties": {
        "ip": "142.250.65.238",
        "url": "https://www.youtube.com/ptracking?html5=1&video_id=sD0-hqf3ZZk&cpn=ed_AH0kKHedq7BBl&ei=knmJaNWnK-Xcut0Ph7uhyQY&ptk=youtube_single&oid=8bMTNQ27Kdpl8_JROElrqA&ptchn=F1ehD3s1xlI25jmbieIrQA&pltype=content&m=A5rBxYnfsTItqchUoGcxxmxAM0o-5cJBBjfJYoG1ll3B9nU7HStEl8Rrh9zH5pW2ZAfdCHAL6UnruX6sRgX9U340",
        "city": "New York",
        "region": "New York",
        "country": "United States",
        "org": "Google LLC",
        "timezone": "America/New_York",
        "source": "ip-api.com"
      },
      "geometry": {
        "type": "Point",
        "coordinates": [
          -74.006,
          40.7128
        ]
      }
    },
    {
      "type": "Feature",
      "properties": {
        "ip": "142.250.65.238",
        "url": "https://www.youtube.com/api/stats/qoe?fmt=396&cpn=fMDjmaNK9Zee260q&el=detailpage&ns=yt&fexp=v1%2C23930656%2C55365%2C18623%2C695255%2C14625955%2C11684381%2C53408%2C9105%2C22730%2C2821%2C106030%2C18644%2C14869%2C47210%2C15124%2C65%2C13526%2C391%2C26504%2C9252%2C3479%2C2519%2C10511%2C23206%2C10364%2C4815%2C2%2C19813%2C19660%2C562%2C11784%2C2796%2C2595%2C5656%2C2625%2C1904%2C874%2C10552%2C591%2C6045%2C64%2C4324%2C2313%2C1491%2C1592%2C1479%2C3906%2C1563%2C3888%2C207%2C346%2C7947%2C842%2C4174%2C1995%2C355%2C2585%2C62%2C372%2C723%2C1671%2C1635%2C867%2C1060%2C2039%2C5%2C3485%2C166%2C1414%2C2164%2C332%2C12%2C1029%2C2643%2C938%2C70&cl=787819992&seq=2&docid=Qvh2DovBi64&ei=M3mJaNGCCqiGoPMPq9WVyAM&event=streamingstats&feature=g-high&plid=AAY7G62dZ2Pv6MDr&sdetail=p%3A%2F&sourceid=y&cbrand=apple&cbr=Chrome&cbrver=138.0.0.0&c=WEB&cver=2.20250728.08.00&cplayer=UNIPLAYER&cos=Macintosh&cosver=10_15_7&cplatform=DESKTOP&vfs=0.128:396:396::r:CAMoAQ&view=0.128:232:348:2&vps=0.128:B,0.128:B&bwm=0.128:1200:0.123&bwe=0.128:1874923&bat=0.128:0.64:1&cmt=0.128:0.000&bh=0.128:0.000&qclc=ChBmTURqbWFOSzlaZWUyNjBxEAI",
        "city": "New York",
        "region": "New York",
        "country": "United States",
        "org": "Google LLC",
        "timezone": "America/New_York",
        "source": "ip-api.com"
      },
      "geometry": {
        "type": "Point",
        "coordinates": [
          -74.006,
          40.7128
        ]
      }
    },
    {
      "type": "Feature",
      "properties": {
        "ip": "142.250.65.238",
        "url": "https://www.youtube.com/api/stats/qoe?fmt=398&afmt=251&cpn=W4dcoRT_QP7neJH4&el=shortspage&ns=yt&fexp=v1%2C23930656%2C55365%2C18623%2C695255%2C14625955%2C11684381%2C53408%2C9105%2C22730%2C2821%2C106030%2C18644%2C14869%2C47210%2C15124%2C65%2C13526%2C391%2C26504%2C9252%2C3479%2C2519%2C10511%2C23206%2C10364%2C4815%2C2%2C19813%2C19660%2C562%2C11784%2C2796%2C2595%2C5656%2C2625%2C1904%2C874%2C10552%2C591%2C6045%2C64%2C4324%2C2313%2C1491%2C1592%2C1479%2C3906%2C1563%2C3888%2C207%2C346%2C7947%2C842%2C4174%2C1995%2C355%2C2585%2C62%2C372%2C723%2C1671%2C1635%2C867%2C1060%2C2039%2C5%2C3485%2C166%2C1414%2C2164%2C332%2C12%2C1029%2C2643%2C938%2C70&cl=787819992&seq=3&docid=9RMilKQNsho&ei=kHmJaMmFOOO3kucPwcf_qAI&event=streamingstats&plid=AAY7G7Mz0I__chHJ&sdetail=p%3A%2Fshorts%2F0XlsFeNWDMg&sourceid=y&cbrand=apple&cbr=Chrome&cbrver=138.0.0.0&c=WEB&cver=2.20250728.08.00&cplayer=UNIPLAYER&cos=Macintosh&cosver=10_15_7&cplatform=DESKTOP&bh=0.256:18.118,0.986:0.000&cmt=0.256:0.003,0.981:0.668,0.983:0.000,0.986:0.000,0.986:0.000&vps=0.256:PL,0.981:PA,0.983:N,0.986:SU,0.986:SU&user_intent=0&bwm=0.986:2233117:0.039&bat=0.986:0.66:1&qclc=ChBXNGRjb1JUX1FQN25lSkg0EAMaDENnSUlEQSUzRCUzRA",
        "city": "New York",
        "region": "New York",
        "country": "United States",
        "org": "Google LLC",
        "timezone": "America/New_York",
        "source": "ip-api.com"
      },
      "geometry": {
        "type": "Point",
        "coordinates": [
          -74.006,
          40.7128
        ]
      }
    },
    {
      "type": "Feature",
      "properties": {
        "ip": "142.250.65.238",
        "url": "https://www.youtube.com/api/stats/qoe?fmt=396&afmt=251&cpn=PyJkOFKHNQ0xMl95&el=detailpage&ns=yt&fexp=v1%2C23930656%2C55365%2C18623%2C695255%2C14625955%2C11684381%2C53408%2C9105%2C22730%2C2821%2C106030%2C18644%2C14869%2C47210%2C15124%2C65%2C13526%2C391%2C26504%2C9252%2C3479%2C2519%2C10511%2C23206%2C10364%2C4815%2C2%2C19813%2C19660%2C562%2C11784%2C2796%2C2595%2C5656%2C2625%2C1904%2C874%2C10552%2C591%2C6045%2C64%2C4324%2C2313%2C1491%2C1592%2C1479%2C3906%2C1563%2C3888%2C207%2C346%2C7947%2C842%2C4174%2C1995%2C355%2C2585%2C62%2C372%2C723%2C1671%2C1635%2C867%2C1060%2C2039%2C5%2C3485%2C166%2C1414%2C2164%2C332%2C12%2C1029%2C2643%2C938%2C70&cl=787819992&seq=2&docid=THY_UFpbZJY&ei=XHmJaOC_E4aqoPMPtLv9oAE&event=streamingstats&feature=g-high-rec&plid=AAY7G7ARWAMs7BST&sdetail=p%3A%2F&sourceid=y&cbrand=apple&cbr=Chrome&cbrver=138.0.0.0&c=WEB&cver=2.20250728.08.00&cplayer=UNIPLAYER&cos=Macintosh&cosver=10_15_7&cplatform=DESKTOP&afs=0.084:251;CggKA2RyYxIBMQ::i:CD4oAQ&ctmp=atrkchg:t.85;id.und;m.0&vfs=0.086:396:396::r:CD4oAQ&view=0.086:357:201:2&vps=0.086:B,0.086:B&bwm=0.086:478522:0.081&bwe=0.086:2164286&bat=0.086:0.66:1&cmt=0.086:0.000&bh=0.086:0.000&qclc=ChBQeUprT0ZLSE5RMHhNbDk1EAI",
        "city": "New York",
        "region": "New York",
        "country": "United States",
        "org": "Google LLC",
        "timezone": "America/New_York",
        "source": "ip-api.com"
      },
      "geometry": {
        "type": "Point",
        "coordinates": [
          -74.006,
          40.7128
        ]
      }
    },
    {
      "type": "Feature",
      "properties": {
        "ip": "142.250.65.238",
        "url": "https://www.youtube.com/ptracking?html5=1&video_id=ntCVNYOjQJ4&cpn=An_V4zjTSbzGuH1A&ei=lXmJaMGNEq6pkucP2Lu2iQw&ptk=youtube_none&pltype=contentugc&m=AlHnll4_L4Tgb1xtPPxaUnyZ9XqRbkwqge4k5aCS3ySKx4rbeEOMXFLzggXRHFqO3Wqhc_45w9ZQ3jOqvoAkczqM",
        "city": "New York",
        "region": "New York",
        "country": "United States",
        "org": "Google LLC",
        "timezone": "America/New_York",
        "source": "ip-api.com"
      },
      "geometry": {
        "type": "Point",
        "coordinates": [
          -74.006,
          40.7128
        ]
      }
    },
    {
      "type": "Feature",
      "properties": {
        "ip": "142.250.65.238",
        "url": "https://www.youtube.com/ptracking?html5=1&video_id=tW-emn1hOHQ&cpn=sU6UFpQj_Eh9OdhG&ei=SHmJaJPHNLPLoPMP9saPgAE&ptk=youtube_multi&oid=LtuniTgT0PFayH9n3PW4_A.TsT5ztlcfu8EsWy2ztsauA.a91gfbXNUC6HZmUHr2Wg7Q&pltype=contentugc&m=A3owl3VRB8OY36cbGgHQZspnFm4n2SRwpEolHTgx7VyQBo7BID2EgCM6P9rmx9K4C8RglO9tnlpdU-083vxdt8eW",
        "city": "New York",
        "region": "New York",
        "country": "United States",
        "org": "Google LLC",
        "timezone": "America/New_York",
        "source": "ip-api.com"
      },
      "geometry": {
        "type": "Point",
        "coordinates": [
          -74.006,
          40.7128
        ]
      }
    },
    {
      "type": "Feature",
      "properties": {
        "ip": "142.250.65.238",
        "url": "https://www.youtube.com/api/stats/atr?ns=yt&el=detailpage&cpn=TzjODNMc-skX1fHp&ver=2&cmt=1.101&fmt=396&fs=0&rt=1.293&euri&lact=28&cl=787819992&mos=1&volume=100&cbrand=apple&cbr=Chrome&cbrver=138.0.0.0&c=WEB&cver=2.20250728.08.00&cplayer=UNIPLAYER&cos=Macintosh&cosver=10_15_7&cplatform=DESKTOP&autoplay=1&delay=10&hl=zh_CN&cr=US&uga=35&len=891.181&fexp=v1%2C23930656%2C55365%2C18623%2C695255%2C14625955%2C11684381%2C53408%2C9105%2C22730%2C2821%2C106030%2C18644%2C14869%2C47210%2C15124%2C65%2C13526%2C391%2C26504%2C9252%2C3479%2C2519%2C10511%2C23206%2C10364%2C4815%2C2%2C19813%2C19660%2C562%2C11784%2C2796%2C2595%2C5656%2C2625%2C1904%2C874%2C10552%2C591%2C6045%2C64%2C4324%2C2313%2C1491%2C1592%2C1479%2C3906%2C1563%2C3888%2C207%2C346%2C7947%2C842%2C4174%2C1995%2C355%2C2585%2C62%2C372%2C723%2C1671%2C1635%2C867%2C1060%2C2039%2C5%2C3485%2C166%2C1414%2C2164%2C332%2C12%2C1029%2C2643%2C938%2C70&feature=g-high-rec&afmt=251&muted=1&vis=5&cc=a.en&au=en-US.4&docid=S7dc_DOVwbI&ei=OXmJaJiuF4yGkucPq6OjgQg&plid=AAY7G638VDD-UH3s&vm=CAEQARgEOjJBSHFpSlRMYlRHdWgxY2Q2bmtpemRWdmpSdUtMc0dCUFBBVVdmTTM0bXZOY0Rfdzk4Z2JaQUZVQTZSVFZKYzdnN21wQU1GeEZmSExtVnBuZlFDOFRyVE9odk4tYjY3SndSUnZkM2xEbEZrcXE5MVdyekhXbGlMN3pQMXhrMTZNNjJMcWNvR1VHSllYa0Rn",
        "city": "New York",
        "region": "New York",
        "country": "United States",
        "org": "Google LLC",
        "timezone": "America/New_York",
        "source": "ip-api.com"
      },
      "geometry": {
        "type": "Point",
        "coordinates": [
          -74.006,
          40.7128
        ]
      }
    },
    {
      "type": "Feature",
      "properties": {
        "ip": "142.250.65.238",
        "url": "https://www.youtube.com/api/stats/playback?ns=yt&el=shortspage&cpn=An_V4zjTSbzGuH1A&ver=2&cmt=0.023&fmt=398&fs=0&rt=0.325&euri=https%3A%2F%2Fwww.youtube.com%2Fshorts%2F0wBfICuWl7M&lact=9946&cl=787819992&mos=0&volume=62&cbrand=apple&cbr=Chrome&cbrver=138.0.0.0&c=WEB&cver=2.20250728.08.00&cplayer=UNIPLAYER&cos=Macintosh&cosver=10_15_7&cplatform=DESKTOP&delay=4&hl=zh_CN&cr=US&uga=35&len=10.641&fexp=v1%2C23930656%2C55365%2C18623%2C695255%2C14625955%2C11684381%2C53408%2C9105%2C22730%2C2821%2C106030%2C18644%2C14869%2C47210%2C15124%2C65%2C13526%2C391%2C26504%2C9252%2C3479%2C2519%2C10511%2C23206%2C10364%2C4815%2C2%2C19813%2C19660%2C562%2C11784%2C2796%2C2595%2C5656%2C2625%2C1904%2C874%2C10552%2C591%2C6045%2C64%2C4324%2C2313%2C1491%2C1592%2C1479%2C3906%2C1563%2C3888%2C207%2C346%2C7947%2C842%2C4174%2C1995%2C355%2C2585%2C62%2C372%2C723%2C1671%2C1635%2C867%2C1060%2C2039%2C5%2C3485%2C166%2C1414%2C2164%2C332%2C12%2C1029%2C2643%2C938%2C70&rtn=8&afmt=251&muted=0&docid=ntCVNYOjQJ4&ei=lXmJaMGNEq6pkucP2Lu2iQw&plid=AAY7G7N2qVSHJhMv&referrer=https%3A%2F%2Fwww.youtube.com%2Fshorts%2FlGDhd-DTmrQ&sdetail=p%3A%2Fshorts%2FlGDhd-DTmrQ&sourceid=y&of=wbAUJoLFDaeeOSJrHXH1sg&vm=CAEQABgEOjJBSHFpSlRKeEdVU0p0ZTVQeU5Ga0RxT3FNcHRMSWZ6WERqRUc2VGxVWi1ZTUlwV0Y4d2JfQUZVQTZSUzJMa0gyWjhwRExnTVpKSUN6WUNMYmhMMUhEaHBmQnBuX0hkOUVDa05rbkZWVV9IckVETWVUZnk5cEpfOGVpNnFsV0ZieHVSM3ZMUkM3Q0ZRVjlieGs0cVE",
        "city": "New York",
        "region": "New York",
        "country": "United States",
        "org": "Google LLC",
        "timezone": "America/New_York",
        "source": "ip-api.com"
      },
      "geometry": {
        "type": "Point",
        "coordinates": [
          -74.006,
          40.7128
        ]
      }
    },
    {
      "type": "Feature",
      "properties": {
        "ip": "142.250.65.238",
        "url": "https://www.youtube.com/api/stats/qoe?fmt=398&afmt=251&cpn=AGNOZsC9swm5vJbe&el=shortspage&ns=yt&fexp=v1%2C23930656%2C55365%2C18623%2C695255%2C14625955%2C11684381%2C53408%2C9105%2C22730%2C2821%2C106030%2C18644%2C14869%2C47210%2C15124%2C65%2C13526%2C391%2C26504%2C9252%2C3479%2C2519%2C10511%2C23206%2C10364%2C4815%2C2%2C19813%2C19660%2C562%2C11784%2C2796%2C2595%2C5656%2C2625%2C1904%2C874%2C10552%2C591%2C6045%2C64%2C4324%2C2313%2C1491%2C1592%2C1479%2C3906%2C1563%2C3888%2C207%2C346%2C7947%2C842%2C4174%2C1995%2C355%2C2585%2C62%2C372%2C723%2C1671%2C1635%2C867%2C1060%2C2039%2C5%2C3485%2C166%2C1414%2C2164%2C332%2C12%2C1029%2C2643%2C938%2C70&cl=787819992&seq=1&docid=0wBfICuWl7M&ei=ZXmJaJ2DKY-Fy_sPypGguAY&event=streamingstats&plid=AAY7G7CgcuBikd8u&sdetail=p%3A%2F&sourceid=y&cbrand=apple&cbr=Chrome&cbrver=138.0.0.0&c=WEB&cver=2.20250728.08.00&cplayer=UNIPLAYER&cos=Macintosh&cosver=10_15_7&cplatform=DESKTOP&vps=0.000:N,0.006:B,0.102:B,0.102:B&cat=streaming,mta,sabr&ctmp=esfw:usbc.1;hsu.1,atrkchg:t.102;id.en-US.4;m.0&cmt=0.006:0.000,0.102:0.000&afs=0.099:251;ChEKBWFjb250EghvcmlnaW5hbAoNCgRsYW5nEgVlbi1VUw::i:CC0oAQ&vfs=0.102:398:398::r:CC0oAQ&view=0.102:428:761:2&bwm=0.102:941644:0.098&bwe=0.102:4263287&bat=0.102:0.65:1&vis=0.102:0&bh=0.102:0.000&qclc=ChBBR05PWnNDOXN3bTV2SmJlEAEaDENnSUlEQSUzRCUzRA",
        "city": "New York",
        "region": "New York",
        "country": "United States",
        "org": "Google LLC",
        "timezone": "America/New_York",
        "source": "ip-api.com"
      },
      "geometry": {
        "type": "Point",
        "coordinates": [
          -74.006,
          40.7128
        ]
      }
    },
    {
      "type": "Feature",
      "properties": {
        "ip": "142.250.65.238",
        "url": "https://www.youtube.com/youtubei/v1/account/get_setting_values?prettyPrint=false",
        "city": "New York",
        "region": "New York",
        "country": "United States",
        "org": "Google LLC",
        "timezone": "America/New_York",
        "source": "ip-api.com"
      },
      "geometry": {
        "type": "Point",
        "coordinates": [
          -74.006,
          40.7128
        ]
      }
    },
    {
      "type": "Feature",
      "properties": {
        "ip": "142.250.65.238",
        "url": "https://www.youtube.com/api/stats/watchtime?ns=yt&el=detailpage&cpn=fbyitdUMTjwLLY8N&ver=2&cmt=0&fmt=396&fs=0&rt=2.465&euri&lact=2270&cl=787819992&state=paused&volume=100&cbrand=apple&cbr=Chrome&cbrver=138.0.0.0&c=WEB&cver=2.20250728.08.00&cplayer=UNIPLAYER&cos=Macintosh&cosver=10_15_7&cplatform=DESKTOP&autoplay=1&final=1&delay=10&hl=zh_CN&cr=US&uga=35&len=538.721&feature=g-high-rec&afmt=251&idpj=-3&ldpj=-32&st=0&et=0&muted=1&vis=5&au=en-US.4&docid=3F7t2bnGbis&ei=SHmJaJWPCZeikucPzMKRwAc&plid=AAY7G67dsDXGHyjL&referrer=https%3A%2F%2Fwww.youtube.com%2F&sdetail=p%3A%2F&sourceid=y&autonav=1&of=ojW4fsWU3tyLPeG-RmfjXg&vm=CAEQARgEOjJBSHFpSlRJZ3lFV3FhX1kxSUl5NGFrUXZWT0ZqOXQ0TGE5b19leHdGQVNTR3M2UDFkZ2JcQUZVQTZSU0FSVTFjd0txdWNsOWhUTXRRdzRGY1NlUmZXMTg2NzJDT1VuSHNQNjJmZkFLQ2lPbVdZbVB0aV9yNG1RQlBRREdkQl9kbXdrbnJhajZkenVDc3NJR3A",
        "city": "New York",
        "region": "New York",
        "country": "United States",
        "org": "Google LLC",
        "timezone": "America/New_York",
        "source": "ip-api.com"
      },
      "geometry": {
        "type": "Point",
        "coordinates": [
          -74.006,
          40.7128
        ]
      }
    },
    {
      "type": "Feature",
      "properties": {
        "ip": "142.250.65.238",
        "url": "https://www.youtube.com/api/stats/watchtime?ns=yt&el=detailpage&cpn=xEsbkdjZZTiLpSq-&ver=2&cmt=1.869&fmt=396&fs=0&rt=2.002&euri&lact=106&cl=787819992&state=playing&volume=100&subscribed=1&cbrand=apple&cbr=Chrome&cbrver=138.0.0.0&c=WEB&cver=2.20250728.08.00&cplayer=UNIPLAYER&cos=Macintosh&cosver=10_15_7&cplatform=DESKTOP&autoplay=1&delay=10&hl=zh_CN&cr=US&uga=35&len=1012.181&rtn=12&feature=g-high-rec&afmt=251&idpj=-9&ldpj=-31&rti=2&st=0&et=1.869&muted=1&vis=5&cc=.en-GB&docid=eut5Q5lUxic&ei=UXmJaMKcBvDQoPMPq47I6A0&plid=AAY7G69mRkR5pgPl&referrer=https%3A%2F%2Fwww.youtube.com%2F&sdetail=p%3A%2F&sourceid=y&autonav=1&of=jBAmqTi7SxXKiHeiR5PclA&vm=CAEQARgEOjJBSHFpSlRLeVlCa1BsZzNZclJZTlVOdlJ6VjBGUTdmaXM0UnNkSGwwOGxaMnhnZEhDQWJfQUZVQTZSVEFLclN6UzRWTENfNkxacnJUdWRVVWUzS1hOY0V2bTFVSElUU213SlNkdFB2UzJYZDNNU1NHTGJQZk95bllIWUlWQVEyZDBZZnlfeUxXZHNfVWp1el9ZWEU",
        "city": "New York",
        "region": "New York",
        "country": "United States",
        "org": "Google LLC",
        "timezone": "America/New_York",
        "source": "ip-api.com"
      },
      "geometry": {
        "type": "Point",
        "coordinates": [
          -74.006,
          40.7128
        ]
      }
    },
    {
      "type": "Feature",
      "properties": {
        "ip": "142.250.65.238",
        "url": "https://www.youtube.com/api/stats/qoe?fmt=398&afmt=251&cpn=ed_AH0kKHedq7BBl&el=shortspage&ns=yt&fexp=v1%2C23930656%2C55365%2C18623%2C695255%2C14625955%2C11684381%2C53408%2C9105%2C22730%2C2821%2C106030%2C18644%2C14869%2C47210%2C15124%2C65%2C13526%2C391%2C26504%2C9252%2C3479%2C2519%2C10511%2C23206%2C10364%2C4815%2C2%2C19813%2C19660%2C562%2C11784%2C2796%2C2595%2C5656%2C2625%2C1904%2C874%2C10552%2C591%2C6045%2C64%2C4324%2C2313%2C1491%2C1592%2C1479%2C3906%2C1563%2C3888%2C207%2C346%2C7947%2C842%2C4174%2C1995%2C355%2C2585%2C62%2C372%2C723%2C1671%2C1635%2C867%2C1060%2C2039%2C5%2C3485%2C166%2C1414%2C2164%2C332%2C12%2C1029%2C2643%2C938%2C70&cl=787819992&seq=1&docid=sD0-hqf3ZZk&ei=knmJaNWnK-Xcut0Ph7uhyQY&event=streamingstats&plid=AAY7G7NPemgPHT8u&sdetail=p%3A%2Fshorts%2FvUSL2Y9Inus&sourceid=y&cbrand=apple&cbr=Chrome&cbrver=138.0.0.0&c=WEB&cver=2.20250728.08.00&cplayer=UNIPLAYER&cos=Macintosh&cosver=10_15_7&cplatform=DESKTOP&vps=0.000:N,0.006:B,0.168:B,0.168:B&cat=streaming,sabr&ctmp=esfw:usbc.1;hsu.1,atrkchg:t.168;id.und;m.0&cmt=0.006:0.000,0.168:0.000&afs=0.168:251;CggKA2RyYxIBMQ::i:CDQoAQ&vfs=0.168:398:398::r:CDQoAQ&view=0.168:428:761:2&bwm=0.168:181964:0.166&bwe=0.168:2184475&bat=0.168:0.66:1&vis=0.168:0&bh=0.168:0.000&qclc=ChBlZF9BSDBrS0hlZHE3QkJsEAEaDENnSUlEQSUzRCUzRA",
        "city": "New York",
        "region": "New York",
        "country": "United States",
        "org": "Google LLC",
        "timezone": "America/New_York",
        "source": "ip-api.com"
      },
      "geometry": {
        "type": "Point",
        "coordinates": [
          -74.006,
          40.7128
        ]
      }
    },
    {
      "type": "Feature",
      "properties": {
        "ip": "142.250.65.238",
        "url": "https://www.youtube.com/api/stats/atr?ns=yt&el=detailpage&cpn=lRzPnkhfdIdvD0Ru&ver=2&cmt=1.06&fmt=396&fs=0&rt=1.175&euri&lact=67&cl=787819992&mos=1&volume=100&subscribed=1&cbrand=apple&cbr=Chrome&cbrver=138.0.0.0&c=WEB&cver=2.20250728.08.00&cplayer=UNIPLAYER&cos=Macintosh&cosver=10_15_7&cplatform=DESKTOP&autoplay=1&delay=10&hl=zh_CN&cr=US&uga=35&len=411.321&fexp=v1%2C23930656%2C55365%2C18623%2C695255%2C14625955%2C11684381%2C53408%2C9105%2C22730%2C2821%2C106030%2C18644%2C14869%2C47210%2C15124%2C65%2C13526%2C391%2C26504%2C9252%2C3479%2C2519%2C10511%2C23206%2C10364%2C4815%2C2%2C19813%2C19660%2C562%2C11784%2C2796%2C2595%2C5656%2C2625%2C1904%2C874%2C10552%2C591%2C6045%2C64%2C4324%2C2313%2C1491%2C1592%2C1479%2C3906%2C1563%2C3888%2C207%2C346%2C7947%2C842%2C4174%2C1995%2C355%2C2585%2C62%2C372%2C723%2C1671%2C1635%2C867%2C1060%2C2039%2C5%2C3485%2C166%2C1414%2C2164%2C332%2C12%2C1029%2C2643%2C938%2C70&feature=g-high-rec&afmt=251&muted=1&vis=5&cc=.en-US&docid=pWRlDIBoQW4&ei=N3mJaOnGNqi30_wPi-eEmAs&plid=AAY7G63lgxFRp3x5&vm=CAEQARgEOjJBSHFpSlRKel9aeV9QalJKY1c4aTNCQXh4cDBVbFNibEhSblFmWlJ2a0hkSi0ySS1fQWJfQUZVQTZSUUoxVWs0cVFaMUxlbW9NbEFVa0k3UXFaY0NXS3RWU2xaVUc0ZTFzZnkyNzZHWVg0RDRWbnVVMGJIQ0tNdzdRV25iNkIyVWlFZzJGLVp1cmh1akFxM2NUSzg",
        "city": "New York",
        "region": "New York",
        "country": "United States",
        "org": "Google LLC",
        "timezone": "America/New_York",
        "source": "ip-api.com"
      },
      "geometry": {
        "type": "Point",
        "coordinates": [
          -74.006,
          40.7128
        ]
      }
    },
    {
      "type": "Feature",
      "properties": {
        "ip": "142.250.65.238",
        "url": "https://www.youtube.com/pagead/interaction/?ai=CgnMRZXmJaJGNLvyF9eQP-veJ6QiL04C9gAHwzZfg1hS1kB8QAyAAYMnGqYvApNgPggEXY2EtcHViLTYyMTk4MTE3NDcwNDkzNzGgAY60tLk9qAMEyAMKqgSyAU_QGeYpEzauduJoWOJD-Rp_15LNvBpm_gEIBEQ-fEjz8NQukiyjAH1PhWPfiMwGIH_qA-THp30N-F1V_caikT5fwK8-Pg7P7JPkjHaz-Sjzz5BVz91Ja8A2_4yFYmgZRwZqczrm-YXpF58hIcRF4j7xTXTZo_8KO4L988Mn0krO5vCTKfdTyBUyI_ks1oKO1lL4zugP575TsfIRKmTsOJzyWG7bSkymYIDNNUYcw-tN14CIBeDIouxUoAahAYAHjuyEmRiIBwGQBwKoB_LAsQKoB7jEsQKoB-G2sQKoB6XPsQKoB-edsQKoB-idsQKoB--1sQKoB_C1sQKoB_nTsQKoB4KqsQKoB4QIqAem1LECqAeo0huoB7YHqAex3BuoB4HDsQKoB_i_sQKoB7CbsQKoB66xsQKoB-a8sQKoB8q6sQKoB_2ysQKoB_e4sQKoB_i4sQKoB8jPsQKoB8nPsQKoB83HsQKoB_HRsQKoB_SZsQKoB_i_sQKoB4HGG6gH_K-xAqgH49kbkggLQ1RFOXc1UnFoaVmoCAGwCAzSCDEIgICAgAQQAhhaMgKABDoRj9CAgICABIDAgICAwICAAipI2aDSNVAUWMC8goW7444DyAmPAcgJwgHICeQBugtVCAQQBRgEIBAoATARQAFIAFgsYABoAHABiAEAmAEBogEoCh0IACAD2rgEFTITOhEKDygwSLD7suiQBJgZAbggAdABAagCBcACAqgBAdgBAYACAYgCBdIMBAgBEAG4E____________wGwFATAFcmAgECKFxYIAxgBIAEoATABOAFAAUgBUAFYAWACoBcBqRf9G1gGQknmNLoXCBABKAAwAUgBgBkD&sigh=VhEaHUjyU_o&cid=CAESD-D2LiMQVeIaDXeS-X-nSg&label=part2viewed&ad_mt=0&acvw=sv%3D967%26v%3D20250727%26cb%3Dyw%26e%3D0%26nas%3D1%26sdk%3Db%26p%3D-724,198,37,626%26tos%3D0,0,0,0,0%26mtos%3D0,0,0,0,0%26amtos%3D0,0,0,0,0%26mcvt%3D0%26ps%3D849,865%26scs%3D1512,982%26bs%3D849,857%26vht%3D0%26mut%3D0%26a%3D0.62%26ft%3D0%26dft%3D0%26at%3D0%26dat%3D0%26as%3D1%26vpt%3D0%26gmm%3D4%26efpf%3D2%26nmt%3D0%26tcm%3D1%26bt%3D0%26pst%3D0%26dur%3D43000%26vmtime%3D4%26dvs%3D0%26dfvs%3D0%26dvpt%3D0%26is%3D278%26i0%3D278%26ic%3D278%26cs%3D278%26c%3D0.04%26mc%3D0.04%26nc%3D0.04%26mv%3D0.62%26nv%3D0.62%26lte%3D0.04%26ces%26avms%3Dgeo%26qi%3Dkd0MMoxuvpN7OZrc%26psm%3D1%26psv%3D0%26psfv%3D0%26psa%3D1%26ptlt%3D103045%26pngs%3D9,14,15%26veid%3Dfmd%3A1%26ssb%3D0,0,0,0,0,0,0,0,0,0,0%26co%3D4977282200%26tm%3D0%26tu%3D0&gv=atos%3D0,0,0,0,0%26avt%3D0%26davs%3D0%26dafvs%3D0%26ss%3D0.01%26t%3D1753840022024",
        "city": "New York",
        "region": "New York",
        "country": "United States",
        "org": "Google LLC",
        "timezone": "America/New_York",
        "source": "ip-api.com"
      },
      "geometry": {
        "type": "Point",
        "coordinates": [
          -74.006,
          40.7128
        ]
      }
    },
    {
      "type": "Feature",
      "properties": {
        "ip": "142.250.65.238",
        "url": "https://www.youtube.com/api/stats/atr?ns=yt&el=detailpage&cpn=xEsbkdjZZTiLpSq-&ver=2&cmt=1.061&fmt=396&fs=0&rt=1.194&euri&lact=226&cl=787819992&mos=1&volume=100&subscribed=1&cbrand=apple&cbr=Chrome&cbrver=138.0.0.0&c=WEB&cver=2.20250728.08.00&cplayer=UNIPLAYER&cos=Macintosh&cosver=10_15_7&cplatform=DESKTOP&autoplay=1&delay=10&hl=zh_CN&cr=US&uga=35&len=1012.181&fexp=v1%2C23930656%2C55365%2C18623%2C695255%2C14625955%2C11684381%2C53408%2C9105%2C22730%2C2821%2C106030%2C18644%2C14869%2C47210%2C15124%2C65%2C13526%2C391%2C26504%2C9252%2C3479%2C2519%2C10511%2C23206%2C10364%2C4815%2C2%2C19813%2C19660%2C562%2C11784%2C2796%2C2595%2C5656%2C2625%2C1904%2C874%2C10552%2C591%2C6045%2C64%2C4324%2C2313%2C1491%2C1592%2C1479%2C3906%2C1563%2C3888%2C207%2C346%2C7947%2C842%2C4174%2C1995%2C355%2C2585%2C62%2C372%2C723%2C1671%2C1635%2C867%2C1060%2C2039%2C5%2C3485%2C166%2C1414%2C2164%2C332%2C12%2C1029%2C2643%2C938%2C70&feature=g-high-rec&afmt=251&muted=1&vis=5&cc=.en-GB&docid=eut5Q5lUxic&ei=UXmJaMKcBvDQoPMPq47I6A0&plid=AAY7G69mRkR5pgPl&vm=CAEQARgEOjJBSHFpSlRLeVlCa1BsZzNZclJZTlVOdlJ6VjBGUTdmaXM0UnNkSGwwOGxaMnhnZEhDQWJfQUZVQTZSVEFLclN6UzRWTENfNkxacnJUdWRVVWUzS1hOY0V2bTFVSElUU213SlNkdFB2UzJYZDNNU1NHTGJQZk95bllIWUlWQVEyZDBZZnlfeUxXZHNfVWp1el9ZWEU",
        "city": "New York",
        "region": "New York",
        "country": "United States",
        "org": "Google LLC",
        "timezone": "America/New_York",
        "source": "ip-api.com"
      },
      "geometry": {
        "type": "Point",
        "coordinates": [
          -74.006,
          40.7128
        ]
      }
    },
    {
      "type": "Feature",
      "properties": {
        "ip": "142.250.65.238",
        "url": "https://www.youtube.com/api/stats/watchtime?ns=yt&el=detailpage&cpn=TzjODNMc-skX1fHp&ver=2&cmt=0&fmt=396&fs=0&rt=1.738&euri&lact=377&cl=787819992&state=paused&volume=100&cbrand=apple&cbr=Chrome&cbrver=138.0.0.0&c=WEB&cver=2.20250728.08.00&cplayer=UNIPLAYER&cos=Macintosh&cosver=10_15_7&cplatform=DESKTOP&autoplay=1&final=1&delay=10&hl=zh_CN&cr=US&uga=35&len=891.181&feature=g-high-rec&afmt=251&idpj=0&ldpj=-18&st=0&et=0&muted=1&vis=5&au=en-US.4&docid=S7dc_DOVwbI&ei=OXmJaJiuF4yGkucPq6OjgQg&plid=AAY7G638VDD-UH3s&referrer=https%3A%2F%2Fwww.youtube.com%2F&sdetail=p%3A%2F&sourceid=y&autonav=1&of=w9TYKSJjyGmNibdjhRe5xg&vm=CAEQARgEOjJBSHFpSlRMYlRHdWgxY2Q2bmtpemRWdmpSdUtMc0dCUFBBVVdmTTM0bXZOY0Rfdzk4Z2JaQUZVQTZSVFZKYzdnN21wQU1GeEZmSExtVnBuZlFDOFRyVE9odk4tYjY3SndSUnZkM2xEbEZrcXE5MVdyekhXbGlMN3pQMXhrMTZNNjJMcWNvR1VHSllYa0Rn",
        "city": "New York",
        "region": "New York",
        "country": "United States",
        "org": "Google LLC",
        "timezone": "America/New_York",
        "source": "ip-api.com"
      },
      "geometry": {
        "type": "Point",
        "coordinates": [
          -74.006,
          40.7128
        ]
      }
    },
    {
      "type": "Feature",
      "properties": {
        "ip": "142.250.65.238",
        "url": "https://www.youtube.com/api/stats/watchtime?ns=yt&el=detailpage&cpn=aUHYyMWyQ-evkcR2&ver=2&cmt=0&fmt=396&fs=0&rt=1.36&euri&lact=785&cl=787819992&state=paused&volume=100&cbrand=apple&cbr=Chrome&cbrver=138.0.0.0&c=WEB&cver=2.20250728.08.00&cplayer=UNIPLAYER&cos=Macintosh&cosver=10_15_7&cplatform=DESKTOP&autoplay=1&final=1&delay=10&hl=zh_CN&cr=US&uga=35&len=678.541&feature=g-high-rec&afmt=251&idpj=-8&ldpj=-33&st=0&et=0&muted=1&vis=5&docid=THY_UFpbZJY&ei=XHmJaOC_E4aqoPMPtLv9oAE&plid=AAY7G7ARWAMs7BST&referrer=https%3A%2F%2Fwww.youtube.com%2F&sdetail=p%3A%2F&sourceid=y&autonav=1&of=QMUIVEXNYDgfqiZ0Z4lCkw&vm=CAEQARgEOjJBSHFpSlRJVllHdWRXdWhRVWxzblhZcWtZQTlkc2toblhtNnNXWkx6LUJWejRkam9FZ2JaQUZVQTZSUzh5MUpMNEVMNFMwSnpCdy1xZkx3SmstTldic3ZFVkszU016RGt5ZTh4VW1mUlZSTDRSUUlZTHNQbVdDV19ZcjZENGhBTjFvaFRjYzRGcGN5eW5n",
        "city": "New York",
        "region": "New York",
        "country": "United States",
        "org": "Google LLC",
        "timezone": "America/New_York",
        "source": "ip-api.com"
      },
      "geometry": {
        "type": "Point",
        "coordinates": [
          -74.006,
          40.7128
        ]
      }
    },
    {
      "type": "Feature",
      "properties": {
        "ip": "142.250.65.238",
        "url": "https://www.youtube.com/api/stats/qoe?fmt=398&afmt=251&cpn=FCxKUpeOZbJURbpq&el=detailpage&content_v=KSkvJS-q3Hc&ns=yt&fexp=v1%2C23930656%2C55365%2C18623%2C695255%2C14625955%2C11684381%2C53408%2C9105%2C22730%2C2821%2C106030%2C18644%2C14869%2C47210%2C15124%2C65%2C13526%2C391%2C26504%2C9252%2C3479%2C2519%2C10511%2C23206%2C10364%2C4815%2C2%2C19813%2C19660%2C562%2C11784%2C2796%2C2595%2C5656%2C2625%2C1904%2C874%2C10552%2C591%2C6045%2C64%2C4324%2C2313%2C1491%2C1592%2C1479%2C3906%2C1563%2C3888%2C207%2C346%2C7947%2C842%2C4174%2C1995%2C355%2C2585%2C62%2C372%2C723%2C1671%2C1635%2C867%2C1060%2C2039%2C5%2C3485%2C166%2C1414%2C2164%2C332%2C12%2C1029%2C2643%2C938%2C70&cl=787819992&adformat=15_20&seq=1&adcontext=CAESEwjR04OFu-OOAxX8Qp0GHfp7Io0YBCAQKAU&docid=Lz_1gYYw2j8&ei=mXmJaKeeF_7Cy_sPmYri6Q8&event=streamingstats&plid=AAY7G7O1HN9HnaXC&sdetail=p%3A%2Fshorts%2FKSkvJS-q3Hc&sourceid=y&cbrand=apple&cbr=Chrome&cbrver=138.0.0.0&c=WEB&cver=2.20250728.08.00&cplayer=UNIPLAYER&cos=Macintosh&cosver=10_15_7&cplatform=DESKTOP&vps=0.000:N,0.003:SU,0.171:SU&cat=prefetch,streaming&ctmp=esfw:usbc.1;hsu.1&cmt=0.003:0.000,0.171:0.000&afs=0.170:251;CggKA2RyYxIBMQ::i:CD0oAQ&vfs=0.171:398:398::r:CD0oAQ&view=0.171:428:761:2&bwm=0.171:1766268:0.169&bwe=0.171:1885701&bat=0.171:0.66:1&vis=0.171:0&bh=0.171:0.000&qclc=ChBGQ3hLVXBlT1piSlVSYnBxEAEaDENnSUlEQSUzRCUzRA",
        "city": "New York",
        "region": "New York",
        "country": "United States",
        "org": "Google LLC",
        "timezone": "America/New_York",
        "source": "ip-api.com"
      },
      "geometry": {
        "type": "Point",
        "coordinates": [
          -74.006,
          40.7128
        ]
      }
    },
    {
      "type": "Feature",
      "properties": {
        "ip": "142.250.65.238",
        "url": "https://www.youtube.com/api/stats/watchtime?ns=yt&el=detailpage&cpn=HySq6ttCi_EcCGfQ&ver=2&cmt=0&fmt=396&fs=0&rt=1.3&euri&lact=392&cl=787819992&state=paused&volume=100&cbrand=apple&cbr=Chrome&cbrver=138.0.0.0&c=WEB&cver=2.20250728.08.00&cplayer=UNIPLAYER&cos=Macintosh&cosver=10_15_7&cplatform=DESKTOP&autoplay=1&final=1&delay=10&hl=zh_CN&cr=US&uga=35&len=769.461&feature=g-high-rec&afmt=251&idpj=-4&ldpj=-4&st=0&et=0&muted=1&vis=5&docid=otaSWMeT8w8&ei=WHmJaPrVKoXQoPMP5PzR2QE&plid=AAY7G6_aJIMIiBEd&referrer=https%3A%2F%2Fwww.youtube.com%2F&sdetail=p%3A%2F&sourceid=y&autonav=1&of=oj8EnlXIBxXMJpgvzezpwA&vm=CAQQARgCOjJBSHFpSlRLbUluZUlFbXFMcWE1bHVLZXE4OTRJSDVNZmxjb0lGX2dnQ2FYUk1IWkhaZ2JcQUZVQTZSVEJtSzNnVTNQTENZYlN0Ymp0am1ESEYtNmZnX2tkRDFnMlFYYzV6Wmo0ck8wVkdjQlZCbGhJTE5SX0lNcUdRYnZsRXV5YUNwVjZzWkpCUUJyUGdZWng",
        "city": "New York",
        "region": "New York",
        "country": "United States",
        "org": "Google LLC",
        "timezone": "America/New_York",
        "source": "ip-api.com"
      },
      "geometry": {
        "type": "Point",
        "coordinates": [
          -74.006,
          40.7128
        ]
      }
    },
    {
      "type": "Feature",
      "properties": {
        "ip": "142.250.65.238",
        "url": "https://www.youtube.com/api/stats/qoe?cpn=QE1U2zoVLx-UKxob&el=detailpage&ns=yt&fexp=v1%2C23930656%2C55365%2C18623%2C695255%2C14625955%2C11684381%2C53408%2C9105%2C22730%2C2821%2C106030%2C18644%2C14869%2C47210%2C15124%2C65%2C13526%2C391%2C26504%2C9252%2C3479%2C2519%2C10511%2C23206%2C10364%2C4815%2C2%2C19813%2C19660%2C562%2C11784%2C2796%2C2595%2C5656%2C2625%2C1904%2C874%2C10552%2C591%2C6045%2C64%2C4324%2C2313%2C1491%2C1592%2C1479%2C3906%2C1563%2C3888%2C207%2C346%2C7947%2C842%2C4174%2C1995%2C355%2C2585%2C62%2C372%2C723%2C1671%2C1635%2C867%2C1060%2C2039%2C5%2C3485%2C166%2C1414%2C2164%2C332%2C12%2C1029%2C2643%2C938%2C70&cl=787819992&seq=1&docid=S7dc_DOVwbI&ei=OXmJaJiuF4yGkucPq6OjgQg&event=streamingstats&feature=g-high-rec&plid=AAY7G638VDD-UH3s&sdetail=p%3A%2F&sourceid=y&cbrand=apple&cbr=Chrome&cbrver=138.0.0.0&c=WEB&cver=2.20250728.08.00&cplayer=UNIPLAYER&cos=Macintosh&cosver=10_15_7&cplatform=DESKTOP&vps=0.000:N,0.007:B,0.061:B&cat=streaming,mta,sabr&ctmp=esfw:usbc.1;hsu.1&cmt=0.007:0.000,0.061:0.000&bwe=0.061:2308561&bat=0.061:0.64:1&vis=0.061:5&bh=0.061:0.000&qclc=ChBRRTFVMnpvVkx4LVVLeG9iEAE",
        "city": "New York",
        "region": "New York",
        "country": "United States",
        "org": "Google LLC",
        "timezone": "America/New_York",
        "source": "ip-api.com"
      },
      "geometry": {
        "type": "Point",
        "coordinates": [
          -74.006,
          40.7128
        ]
      }
    },
    {
      "type": "Feature",
      "properties": {
        "ip": "142.250.65.238",
        "url": "https://www.youtube.com/youtubei/v1/reel/reel_item_watch?prettyPrint=false",
        "city": "New York",
        "region": "New York",
        "country": "United States",
        "org": "Google LLC",
        "timezone": "America/New_York",
        "source": "ip-api.com"
      },
      "geometry": {
        "type": "Point",
        "coordinates": [
          -74.006,
          40.7128
        ]
      }
    },
    {
      "type": "Feature",
      "properties": {
        "ip": "142.250.65.238",
        "url": "https://www.youtube.com/ptracking?html5=1&video_id=S7dc_DOVwbI&cpn=TzjODNMc-skX1fHp&ei=OXmJaJiuF4yGkucPq6OjgQg&ptk=youtube_single&oid=8qkyLwHu846F-csytxmmRA&ptchn=CJFWxm9fUtB4hPzNvmfcMA&pltype=content&m=A3Vs1c0egIGslDijBrPgOsRSlE87sCXIKhb2fgjdNtJnuRuE2-577_9iFw6b28IJTGn95a8s7wQZ0boGCxZHA8vm",
        "city": "New York",
        "region": "New York",
        "country": "United States",
        "org": "Google LLC",
        "timezone": "America/New_York",
        "source": "ip-api.com"
      },
      "geometry": {
        "type": "Point",
        "coordinates": [
          -74.006,
          40.7128
        ]
      }
    },
    {
      "type": "Feature",
      "properties": {
        "ip": "142.250.65.238",
        "url": "https://www.youtube.com/api/stats/watchtime?ns=yt&el=detailpage&cpn=xEsbkdjZZTiLpSq-&ver=2&cmt=0&fmt=396&fs=0&rt=2.192&euri&lact=296&cl=787819992&state=paused&volume=100&subscribed=1&cbrand=apple&cbr=Chrome&cbrver=138.0.0.0&c=WEB&cver=2.20250728.08.00&cplayer=UNIPLAYER&cos=Macintosh&cosver=10_15_7&cplatform=DESKTOP&autoplay=1&final=1&delay=10&hl=zh_CN&cr=US&uga=35&len=1012.181&feature=g-high-rec&afmt=251&idpj=-9&ldpj=-31&st=0&et=0&muted=1&vis=5&docid=eut5Q5lUxic&ei=UXmJaMKcBvDQoPMPq47I6A0&plid=AAY7G69mRkR5pgPl&referrer=https%3A%2F%2Fwww.youtube.com%2F&sdetail=p%3A%2F&sourceid=y&autonav=1&of=jBAmqTi7SxXKiHeiR5PclA&vm=CAEQARgEOjJBSHFpSlRLeVlCa1BsZzNZclJZTlVOdlJ6VjBGUTdmaXM0UnNkSGwwOGxaMnhnZEhDQWJfQUZVQTZSVEFLclN6UzRWTENfNkxacnJUdWRVVWUzS1hOY0V2bTFVSElUU213SlNkdFB2UzJYZDNNU1NHTGJQZk95bllIWUlWQVEyZDBZZnlfeUxXZHNfVWp1el9ZWEU",
        "city": "New York",
        "region": "New York",
        "country": "United States",
        "org": "Google LLC",
        "timezone": "America/New_York",
        "source": "ip-api.com"
      },
      "geometry": {
        "type": "Point",
        "coordinates": [
          -74.006,
          40.7128
        ]
      }
    },
    {
      "type": "Feature",
      "properties": {
        "ip": "142.250.65.238",
        "url": "https://www.youtube.com/pagead/adview?ai=CR94eZXmJaJGNLvyF9eQP-veJ6QiL04C9gAHwzZfg1hS1kB8QAyAAYMnGqYvApNgPggEXY2EtcHViLTYyMTk4MTE3NDcwNDkzNzGgAY60tLk9qAMEyAMKqgS5AU_QGeYpEzZcvSfSyhk8P34P6o2ErAJn2gcRTFgVKQb87dMuu3TrHH9OkkqExZtAdziFBvjNuX8A5lpXd-md3mcY3mRQRA3N-dizgGyqVkuBiYdO0nRyU4c1_IvYIShDRAR_OG3q45wEd2tOgqktsj6b-Fs2vNcOV5WthMEn03HszkVGwZgHBr2d52OULBe7dFPuugUkxZSq4dxLqmzl40Bw6U8Kn-wbWa7VzJSG8n6IbqB8m9vhozfXwATg6fDyqAWIBeDIouxUoAahAYAHjuyEmRiIBwGQBwKoB_LAsQKoB7jEsQKoB-G2sQKoB6XPsQKoB-edsQKoB-idsQKoB--1sQKoB_C1sQKoB_nTsQKoB4KqsQKoB4QIqAem1LECqAeo0huoB7YHqAex3BuoB4HDsQKoB_i_sQKoB7CbsQKoB66xsQKoB-a8sQKoB8q6sQKoB_2ysQKoB_e4sQKoB_i4sQKoB8jPsQKoB8nPsQKoB83HsQKoB_HRsQKoB_SZsQKoB_i_sQKoB4HGG6gH_K-xAqgHq8UbqAfj2RuoB7epsQKoB5e6sQKoB-mrsQKSCAtDVEU5dzVScWhpWagIAbAIDNIIMQiAgICABBACGFoyAoAEOhGP0ICAgIAEgMCAgIDAgIACKkjZoNI1UBRYwLyChbvjjgPICY8ByAnCAcgJ5AG6C3wIBBAFGAQgECgBMBFAAUgAWCxgAGgAcAGIAQCYAQGiASgKHQgAIAPauAQVMhM6EQoPKDBIsPuy6JAEmBkBuCAB0AEBqAIFwAICqAEB2AEBgAIBiAIFqAIAtQJjZAVB5QIR5GA87QK1EZ83_QL4QSY8hQORsoo-jQMB52ZC0gwECAEQAbgT____________AbAUBMAVyYCAQIoXFggDGAEgASgBMAE4AUABSAFQAVgBYAKgFwGpF_0bWAZCSeY0uhcIEAEoADABSAHSFwoSAotUGKEBIgEAgBkD&sigh=x8kQiWxddvo&cid=CAESD-D2LiMQVeIaDXeS-X-nSg",
        "city": "New York",
        "region": "New York",
        "country": "United States",
        "org": "Google LLC",
        "timezone": "America/New_York",
        "source": "ip-api.com"
      },
      "geometry": {
        "type": "Point",
        "coordinates": [
          -74.006,
          40.7128
        ]
      }
    },
    {
      "type": "Feature",
      "properties": {
        "ip": "142.250.65.238",
        "url": "https://www.youtube.com/pcs/activeview?xai=AKAOjsv5AwZSymAZ4vZzr6OYyWRhCJu8WjLKI1gQUoSnpb02A95VKCyNixByEZFvJfkxEV3BExrefgCq6rJIiKBoR3GgqWUxP4CDyInmK-MsQcrVb_T-xwYpGNtUuI857BTtQyknmANFQbMuzj0zn-zr7ECsrpTChyivObB_&sig=Cg0ArKJSzNCRKDkfqVJgEAE&ad_cpn=&id=lidarv&acvw=sv%3D967%26v%3D20250727%26cb%3Dyw%26e%3D15%26nas%3D1%26sdk%3Db%26p%3D-684,198,77,626%26tos%3D0,0,0,0,0%26mtos%3D0,0,0,0,0%26amtos%3D0,0,0,0,0%26mcvt%3D0%26ps%3D849,865%26scs%3D1512,982%26bs%3D849,857%26vht%3D0%26mut%3D0%26a%3D0.62%26ft%3D0%26dft%3D0%26at%3D0%26dat%3D0%26as%3D1%26vpt%3D0%26gmm%3D4%26efpf%3D2%26nmt%3D0%26tcm%3D1%26bt%3D0%26pst%3D1%26dur%3D30000%26vmtime%3D4%26dvs%3D0%26dfvs%3D0%26dvpt%3D0%26is%3D278%26i0%3D278%26ic%3D0%26cs%3D278%26c%3D0.1%26mc%3D0.1%26nc%3D0.1%26mv%3D0.62%26nv%3D0.62%26lte%3D0.1%26ces%26avms%3Dgeo%26qi%3D3hhxQcrdZC3TA1x3%26psm%3D1%26psv%3D0%26psfv%3D0%26psa%3D1%26ptlt%3D100783%26pngs%3D9,14,15%26veid%3Dfmd%3A1%26ssb%3D0,0,0,0,0,0,0,0,0,0,0%26co%3D4977281901%26tm%3D0%26tu%3D0&gv=atos%3D0,0,0,0,0%26avt%3D0%26davs%3D0%26dafvs%3D0%26ss%3D0.02%26t%3D1753840019760&avm=1",
        "city": "New York",
        "region": "New York",
        "country": "United States",
        "org": "Google LLC",
        "timezone": "America/New_York",
        "source": "ip-api.com"
      },
      "geometry": {
        "type": "Point",
        "coordinates": [
          -74.006,
          40.7128
        ]
      }
    },
    {
      "type": "Feature",
      "properties": {
        "ip": "142.250.65.238",
        "url": "https://www.youtube.com/api/stats/atr?ns=yt&el=detailpage&cpn=HySq6ttCi_EcCGfQ&ver=2&cmt=1.064&fmt=396&fs=0&rt=1.255&euri&lact=346&cl=787819992&mos=1&volume=100&cbrand=apple&cbr=Chrome&cbrver=138.0.0.0&c=WEB&cver=2.20250728.08.00&cplayer=UNIPLAYER&cos=Macintosh&cosver=10_15_7&cplatform=DESKTOP&autoplay=1&delay=10&hl=zh_CN&cr=US&uga=35&len=769.461&fexp=v1%2C23930656%2C55365%2C18623%2C695255%2C14625955%2C11684381%2C53408%2C9105%2C22730%2C2821%2C106030%2C18644%2C14869%2C47210%2C15124%2C65%2C13526%2C391%2C26504%2C9252%2C3479%2C2519%2C10511%2C23206%2C10364%2C4815%2C2%2C19813%2C19660%2C562%2C11784%2C2796%2C2595%2C5656%2C2625%2C1904%2C874%2C10552%2C591%2C6045%2C64%2C4324%2C2313%2C1491%2C1592%2C1479%2C3906%2C1563%2C3888%2C207%2C346%2C7947%2C842%2C4174%2C1995%2C355%2C2585%2C62%2C372%2C723%2C1671%2C1635%2C867%2C1060%2C2039%2C5%2C3485%2C166%2C1414%2C2164%2C332%2C12%2C1029%2C2643%2C938%2C70&feature=g-high-rec&afmt=251&muted=1&vis=5&docid=otaSWMeT8w8&ei=WHmJaPrVKoXQoPMP5PzR2QE&plid=AAY7G6_aJIMIiBEd&vm=CAQQARgCOjJBSHFpSlRLbUluZUlFbXFMcWE1bHVLZXE4OTRJSDVNZmxjb0lGX2dnQ2FYUk1IWkhaZ2JcQUZVQTZSVEJtSzNnVTNQTENZYlN0Ymp0am1ESEYtNmZnX2tkRDFnMlFYYzV6Wmo0ck8wVkdjQlZCbGhJTE5SX0lNcUdRYnZsRXV5YUNwVjZzWkpCUUJyUGdZWng",
        "city": "New York",
        "region": "New York",
        "country": "United States",
        "org": "Google LLC",
        "timezone": "America/New_York",
        "source": "ip-api.com"
      },
      "geometry": {
        "type": "Point",
        "coordinates": [
          -74.006,
          40.7128
        ]
      }
    },
    {
      "type": "Feature",
      "properties": {
        "ip": "142.250.65.238",
        "url": "https://www.youtube.com/api/stats/qoe?cpn=Pyt14bW8aDiqvzUD&el=detailpage&ns=yt&fexp=v1%2C23930656%2C55365%2C18623%2C695255%2C14625955%2C11684381%2C53408%2C9105%2C22730%2C2821%2C106030%2C18644%2C14869%2C47210%2C15124%2C65%2C13526%2C391%2C26504%2C9252%2C3479%2C2519%2C10511%2C23206%2C10364%2C4815%2C2%2C19813%2C19660%2C562%2C11784%2C2796%2C2595%2C5656%2C2625%2C1904%2C874%2C10552%2C591%2C6045%2C64%2C4324%2C2313%2C1491%2C1592%2C1479%2C3906%2C1563%2C3888%2C207%2C346%2C7947%2C842%2C4174%2C1995%2C355%2C2585%2C62%2C372%2C723%2C1671%2C1635%2C867%2C1060%2C2039%2C5%2C3485%2C166%2C1414%2C2164%2C332%2C12%2C1029%2C2643%2C938%2C70&cl=787819992&seq=1&docid=Qvh2DovBi64&ei=M3mJaNGCCqiGoPMPq9WVyAM&event=streamingstats&feature=g-high&plid=AAY7G62dZ2Pv6MDr&sdetail=p%3A%2F&sourceid=y&cbrand=apple&cbr=Chrome&cbrver=138.0.0.0&c=WEB&cver=2.20250728.08.00&cplayer=UNIPLAYER&cos=Macintosh&cosver=10_15_7&cplatform=DESKTOP&vps=0.000:N,0.005:B,0.020:N,0.021:SU,0.021:SU&cat=streaming,sabr&ctmp=esfw:usbc.1;hsu.1&cmt=0.005:0.000,0.020:0.000,0.021:0.000,0.021:0.000&bat=0.021:0.65:1&vis=0.021:5&bh=0.021:0.000&qclc=ChBQeXQxNGJXOGFEaXF2elVEEAE",
        "city": "New York",
        "region": "New York",
        "country": "United States",
        "org": "Google LLC",
        "timezone": "America/New_York",
        "source": "ip-api.com"
      },
      "geometry": {
        "type": "Point",
        "coordinates": [
          -74.006,
          40.7128
        ]
      }
    },
    {
      "type": "Feature",
      "properties": {
        "ip": "142.250.65.238",
        "url": "https://www.youtube.com/ptracking?html5=1&video_id=0XlsFeNWDMg&cpn=M9UqSPjRiF2gSgNJ&ei=j3mJaJDyI5m-kucPjO68kQg&ptk=youtube_single&oid=wx_V5d9HFBms_fWJeLjqsQ&pltype=contentugc&m=A6T1M2-qDP95rztcWf5Xio56UzJD3uou-ZcCrmWsu-NFRwPlgfqQuWCoVgUapeS67EWhuxWIAJ_38W-3ElulTh72",
        "city": "New York",
        "region": "New York",
        "country": "United States",
        "org": "Google LLC",
        "timezone": "America/New_York",
        "source": "ip-api.com"
      },
      "geometry": {
        "type": "Point",
        "coordinates": [
          -74.006,
          40.7128
        ]
      }
    },
    {
      "type": "Feature",
      "properties": {
        "ip": "142.250.65.238",
        "url": "https://www.youtube.com/api/stats/qoe?fmt=396&afmt=251&cpn=WKXIDGw7-PaALgiY&el=detailpage&ns=yt&fexp=v1%2C23930656%2C55365%2C18623%2C695255%2C14625955%2C11684381%2C53408%2C9105%2C22730%2C2821%2C106030%2C18644%2C14869%2C47210%2C15124%2C65%2C13526%2C391%2C26504%2C9252%2C3479%2C2519%2C10511%2C23206%2C10364%2C4815%2C2%2C19813%2C19660%2C562%2C11784%2C2796%2C2595%2C5656%2C2625%2C1904%2C874%2C10552%2C591%2C6045%2C64%2C4324%2C2313%2C1491%2C1592%2C1479%2C3906%2C1563%2C3888%2C207%2C346%2C7947%2C842%2C4174%2C1995%2C355%2C2585%2C62%2C372%2C723%2C1671%2C1635%2C867%2C1060%2C2039%2C5%2C3485%2C166%2C1414%2C2164%2C332%2C12%2C1029%2C2643%2C938%2C70&cl=787819992&seq=3&docid=THY_UFpbZJY&ei=XHmJaOC_E4aqoPMPtLv9oAE&event=streamingstats&feature=g-high-rec&plid=AAY7G7ARWAMs7BST&sdetail=p%3A%2F&sourceid=y&cbrand=apple&cbr=Chrome&cbrver=138.0.0.0&c=WEB&cver=2.20250728.08.00&cplayer=UNIPLAYER&cos=Macintosh&cosver=10_15_7&cplatform=DESKTOP&bh=0.099:4.004,0.792:0.000&cmt=0.099:0.005,0.790:0.000,0.792:0.000,0.792:0.000&vps=0.099:PL,0.790:N,0.792:SU,0.792:SU&user_intent=0&cfs=0.175:.en-US:::s&bwm=0.792:680306:0.045&bat=0.792:0.65:1&qclc=ChBXS1hJREd3Ny1QYUFMZ2lZEAM",
        "city": "New York",
        "region": "New York",
        "country": "United States",
        "org": "Google LLC",
        "timezone": "America/New_York",
        "source": "ip-api.com"
      },
      "geometry": {
        "type": "Point",
        "coordinates": [
          -74.006,
          40.7128
        ]
      }
    },
    {
      "type": "Feature",
      "properties": {
        "ip": "142.250.65.238",
        "url": "https://www.youtube.com/api/stats/qoe?fmt=396&afmt=251&cpn=TzjODNMc-skX1fHp&el=detailpage&ns=yt&fexp=v1%2C23930656%2C55365%2C18623%2C695255%2C14625955%2C11684381%2C53408%2C9105%2C22730%2C2821%2C106030%2C18644%2C14869%2C47210%2C15124%2C65%2C13526%2C391%2C26504%2C9252%2C3479%2C2519%2C10511%2C23206%2C10364%2C4815%2C2%2C19813%2C19660%2C562%2C11784%2C2796%2C2595%2C5656%2C2625%2C1904%2C874%2C10552%2C591%2C6045%2C64%2C4324%2C2313%2C1491%2C1592%2C1479%2C3906%2C1563%2C3888%2C207%2C346%2C7947%2C842%2C4174%2C1995%2C355%2C2585%2C62%2C372%2C723%2C1671%2C1635%2C867%2C1060%2C2039%2C5%2C3485%2C166%2C1414%2C2164%2C332%2C12%2C1029%2C2643%2C938%2C70&cl=787819992&seq=2&docid=S7dc_DOVwbI&ei=OXmJaJiuF4yGkucPq6OjgQg&event=streamingstats&feature=g-high-rec&plid=AAY7G638VDD-UH3s&sdetail=p%3A%2F&sourceid=y&cbrand=apple&cbr=Chrome&cbrver=138.0.0.0&c=WEB&cver=2.20250728.08.00&cplayer=UNIPLAYER&cos=Macintosh&cosver=10_15_7&cplatform=DESKTOP&afs=0.062:251;ChEKBWFjb250EghvcmlnaW5hbAoNCgRsYW5nEgVlbi1VUw::i:CAwoAQ&ctmp=atrkchg:t.64;id.en-US.4;m.0&vfs=0.065:396:396::r:CAwoAQ&view=0.065:357:201:2&vps=0.065:B,0.065:B&bwm=0.065:5340:0.060&bwe=0.065:3036619&bat=0.065:0.64:1&cmt=0.065:0.000&bh=0.065:0.000&qclc=ChBUempPRE5NYy1za1gxZkhwEAI",
        "city": "New York",
        "region": "New York",
        "country": "United States",
        "org": "Google LLC",
        "timezone": "America/New_York",
        "source": "ip-api.com"
      },
      "geometry": {
        "type": "Point",
        "coordinates": [
          -74.006,
          40.7128
        ]
      }
    },
    {
      "type": "Feature",
      "properties": {
        "ip": "142.250.65.238",
        "url": "https://www.youtube.com/api/timedtext?v=THY_UFpbZJY&ei=XHmJaOC_E4aqoPMPtLv9oAE&caps=asr&opi=112496729&exp=xpo%2Cxpe&xoaf=7&hl=zh-CN&ip=0.0.0.0&ipbits=0&expire=1753865164&sparams=ip%2Cipbits%2Cexpire%2Cv%2Cei%2Ccaps%2Copi%2Cexp%2Cxoaf&signature=0A27F49439B072E3C9DCB4690BAFE5FA427ACBF5.E090AD05C8F96BDB44454A2AF92B59218189AB73&key=yt8&lang=en-US&potc=1&pot=MlXFraZlbxgBqcWTwkQkS-SfP3q3xA_kLI_rzSA9bvDoyDNOH6DCG9cJTUNn5z-8q16oEiW8qoMC68MBrpJo8asHETH_b6XqrXFbpX3-RwXIFLu4ZI9_&fmt=json3&xorb=2&xobt=3&xovt=3&cbrand=apple&cbr=Chrome&cbrver=138.0.0.0&c=WEB&cver=2.20250728.08.00&cplayer=UNIPLAYER&cos=Macintosh&cosver=10_15_7&cplatform=DESKTOP",
        "city": "New York",
        "region": "New York",
        "country": "United States",
        "org": "Google LLC",
        "timezone": "America/New_York",
        "source": "ip-api.com"
      },
      "geometry": {
        "type": "Point",
        "coordinates": [
          -74.006,
          40.7128
        ]
      }
    },
    {
      "type": "Feature",
      "properties": {
        "ip": "142.250.65.238",
        "url": "https://www.youtube.com/api/stats/atr?ns=yt&el=detailpage&cpn=Mb-B6HKdw_6CJYKJ&ver=2&cmt=1.059&fmt=396&fs=0&rt=1.199&euri&lact=771&cl=787819992&mos=1&volume=100&subscribed=1&cbrand=apple&cbr=Chrome&cbrver=138.0.0.0&c=WEB&cver=2.20250728.08.00&cplayer=UNIPLAYER&cos=Macintosh&cosver=10_15_7&cplatform=DESKTOP&autoplay=1&delay=10&hl=zh_CN&cr=US&uga=35&len=46.501&fexp=v1%2C23930656%2C55365%2C18623%2C695255%2C14625955%2C11684381%2C53408%2C9105%2C22730%2C2821%2C106030%2C18644%2C14869%2C47210%2C15124%2C65%2C13526%2C391%2C26504%2C9252%2C3479%2C2519%2C10511%2C23206%2C10364%2C4815%2C2%2C19813%2C19660%2C562%2C11784%2C2796%2C2595%2C5656%2C2625%2C1904%2C874%2C10552%2C591%2C6045%2C64%2C4324%2C2313%2C1491%2C1592%2C1479%2C3906%2C1563%2C3888%2C207%2C346%2C7947%2C842%2C4174%2C1995%2C355%2C2585%2C62%2C372%2C723%2C1671%2C1635%2C867%2C1060%2C2039%2C5%2C3485%2C166%2C1414%2C2164%2C332%2C12%2C1029%2C2643%2C938%2C70&feature=g-high&afmt=251&muted=1&vis=5&docid=Qvh2DovBi64&ei=M3mJaNGCCqiGoPMPq9WVyAM&plid=AAY7G62dZ2Pv6MDr&vm=CAEQARgEOjJBSHFpSlRJUVdUMGhlTVl2Sk1TWTRCdTZDVEF4aTJhYXhFYkpLN3dqclZZTUc4c0JlZ2JfQUZVQTZSVDFqMDQ5bDFPRWs1UTJ1b0x3SF9aRXNnN0E4V0xiZXBYWF8yQ18tLXlnUkNaRkk0b1hSZkIzbjBRejJ2elVlN0xWdkJUS3p6VHdjNmlVaDZPejZIUUg1MTQ",
        "city": "New York",
        "region": "New York",
        "country": "United States",
        "org": "Google LLC",
        "timezone": "America/New_York",
        "source": "ip-api.com"
      },
      "geometry": {
        "type": "Point",
        "coordinates": [
          -74.006,
          40.7128
        ]
      }
    },
    {
      "type": "Feature",
      "properties": {
        "ip": "142.250.65.238",
        "url": "https://www.youtube.com/api/stats/playback?ns=yt&el=detailpage&cpn=t9G2ABkInr7vg1wk&ver=2&cmt=0.054&fmt=396&fs=0&rt=0.248&euri&lact=368&cl=787819992&mos=1&volume=100&cbrand=apple&cbr=Chrome&cbrver=138.0.0.0&c=WEB&cver=2.20250728.08.00&cplayer=UNIPLAYER&cos=Macintosh&cosver=10_15_7&cplatform=DESKTOP&autoplay=1&delay=10&hl=zh_CN&cr=US&uga=35&len=15.361&fexp=v1%2C23930656%2C55365%2C18623%2C695255%2C14625955%2C11684381%2C53408%2C9105%2C22730%2C2821%2C106030%2C18644%2C14869%2C47210%2C15124%2C65%2C13526%2C391%2C26504%2C9252%2C3479%2C2519%2C10511%2C23206%2C10364%2C4815%2C2%2C19813%2C19660%2C562%2C11784%2C2796%2C2595%2C5656%2C2625%2C1904%2C874%2C10552%2C591%2C6045%2C64%2C4324%2C2313%2C1491%2C1592%2C1479%2C3906%2C1563%2C3888%2C207%2C346%2C7947%2C842%2C4174%2C1995%2C355%2C2585%2C62%2C372%2C723%2C1671%2C1635%2C867%2C1060%2C2039%2C5%2C3485%2C166%2C1414%2C2164%2C332%2C12%2C1029%2C2643%2C938%2C70&rtn=4&feature=g-high&afmt=251&muted=1&vis=5&au_d=en-US.4&docid=0wBfICuWl7M&ei=M3mJaMenN-XOoPMPwpXJwQs&plid=AAY7G62pJZy2NqiA&referrer=https%3A%2F%2Fwww.youtube.com%2F&sdetail=p%3A%2F&sourceid=y&autonav=1&of=raQYPSIGQC6NHabIWN64uQ&vm=CAEQABgEOjJBSHFpSlRKdzlHYV9pdE54NXlWMVJvNURDdzVGd1pCcUg0ZldUTkViemFReE1WZ3NXZ2JkQUZVQTZSUnNZWDRzbDg4VjlkZ3MxWlNfVlZzbk5mRk1PSkREV0E3Q2NwNVExQm5aeEtYX0RXRnBDRDZ5S0I4VFdBZHJfWC1tamY3cDVMLXpsQ2d1NEdoQTFfdm1LSTRmOUxrcg",
        "city": "New York",
        "region": "New York",
        "country": "United States",
        "org": "Google LLC",
        "timezone": "America/New_York",
        "source": "ip-api.com"
      },
      "geometry": {
        "type": "Point",
        "coordinates": [
          -74.006,
          40.7128
        ]
      }
    },
    {
      "type": "Feature",
      "properties": {
        "ip": "142.250.65.238",
        "url": "https://www.youtube.com/api/stats/playback?ns=yt&el=detailpage&cpn=xEsbkdjZZTiLpSq-&ver=2&cmt=0.055&fmt=396&fs=0&rt=0.192&euri&lact=147&cl=787819992&mos=1&volume=100&subscribed=1&cbrand=apple&cbr=Chrome&cbrver=138.0.0.0&c=WEB&cver=2.20250728.08.00&cplayer=UNIPLAYER&cos=Macintosh&cosver=10_15_7&cplatform=DESKTOP&autoplay=1&delay=10&hl=zh_CN&cr=US&uga=35&len=1012.181&fexp=v1%2C23930656%2C55365%2C18623%2C695255%2C14625955%2C11684381%2C53408%2C9105%2C22730%2C2821%2C106030%2C18644%2C14869%2C47210%2C15124%2C65%2C13526%2C391%2C26504%2C9252%2C3479%2C2519%2C10511%2C23206%2C10364%2C4815%2C2%2C19813%2C19660%2C562%2C11784%2C2796%2C2595%2C5656%2C2625%2C1904%2C874%2C10552%2C591%2C6045%2C64%2C4324%2C2313%2C1491%2C1592%2C1479%2C3906%2C1563%2C3888%2C207%2C346%2C7947%2C842%2C4174%2C1995%2C355%2C2585%2C62%2C372%2C723%2C1671%2C1635%2C867%2C1060%2C2039%2C5%2C3485%2C166%2C1414%2C2164%2C332%2C12%2C1029%2C2643%2C938%2C70&rtn=2&feature=g-high-rec&afmt=251&muted=1&vis=5&cc=.en-GB&docid=eut5Q5lUxic&ei=UXmJaMKcBvDQoPMPq47I6A0&plid=AAY7G69mRkR5pgPl&referrer=https%3A%2F%2Fwww.youtube.com%2F&sdetail=p%3A%2F&sourceid=y&autonav=1&of=jBAmqTi7SxXKiHeiR5PclA&vm=CAEQARgEOjJBSHFpSlRLeVlCa1BsZzNZclJZTlVOdlJ6VjBGUTdmaXM0UnNkSGwwOGxaMnhnZEhDQWJfQUZVQTZSVEFLclN6UzRWTENfNkxacnJUdWRVVWUzS1hOY0V2bTFVSElUU213SlNkdFB2UzJYZDNNU1NHTGJQZk95bllIWUlWQVEyZDBZZnlfeUxXZHNfVWp1el9ZWEU",
        "city": "New York",
        "region": "New York",
        "country": "United States",
        "org": "Google LLC",
        "timezone": "America/New_York",
        "source": "ip-api.com"
      },
      "geometry": {
        "type": "Point",
        "coordinates": [
          -74.006,
          40.7128
        ]
      }
    },
    {
      "type": "Feature",
      "properties": {
        "ip": "142.250.65.238",
        "url": "https://www.youtube.com/api/stats/qoe?fmt=398&afmt=251&cpn=DSExmEv2f6AdoD3Y&el=detailpage&ns=yt&fexp=v1%2C23930656%2C55365%2C18623%2C695255%2C14625955%2C11684381%2C53408%2C9105%2C22730%2C2821%2C106030%2C18644%2C14869%2C47210%2C15124%2C65%2C13526%2C391%2C26504%2C9252%2C3479%2C2519%2C10511%2C23206%2C10364%2C4815%2C2%2C19813%2C19660%2C562%2C11784%2C2796%2C2595%2C5656%2C2625%2C1904%2C874%2C10552%2C591%2C6045%2C64%2C4324%2C2313%2C1491%2C1592%2C1479%2C3906%2C1563%2C3888%2C207%2C346%2C7947%2C842%2C4174%2C1995%2C355%2C2585%2C62%2C372%2C723%2C1671%2C1635%2C867%2C1060%2C2039%2C5%2C3485%2C166%2C1414%2C2164%2C332%2C12%2C1029%2C2643%2C938%2C70&cl=787819992&seq=12&docid=otaSWMeT8w8&ei=sHmJaIG3H9TFkucPjZ3nwAg&event=streamingstats&feature=plpp_video&plid=AAY7G7UWRHlzFxHU&sdetail=p%3A%2Fplaylist&sourceid=y&cbrand=apple&cbr=Chrome&cbrver=138.0.0.0&c=WEB&cver=2.20250728.08.00&cplayer=UNIPLAYER&cos=Macintosh&cosver=10_15_7&cplatform=DESKTOP&vps=204.017:PL,204.797:S:ss.7,205.010:PL,205.923:S:ss.7,206.576:PL,207.630:S:ss.7,207.876:S&bwe=204.797:4862742,205.923:3527993,207.630:2229756,207.876:2229756&bat=204.797:0.69:1,205.923:0.69:1,207.630:0.7:1,207.876:0.7:1&bh=204.797:20.378,205.923:17.632,207.630:21.843,207.876:0.000&bwm=205.923:579226:0.436,207.630:1735636:0.383&qclc=ChBEU0V4bUV2MmY2QWRvRDNZEAw",
        "city": "New York",
        "region": "New York",
        "country": "United States",
        "org": "Google LLC",
        "timezone": "America/New_York",
        "source": "ip-api.com"
      },
      "geometry": {
        "type": "Point",
        "coordinates": [
          -74.006,
          40.7128
        ]
      }
    },
    {
      "type": "Feature",
      "properties": {
        "ip": "142.250.65.238",
        "url": "https://www.youtube.com/api/stats/qoe?fmt=396&afmt=251&cpn=YJKnLoXkh9BSFDc0&el=detailpage&ns=yt&fexp=v1%2C23930656%2C55365%2C18623%2C695255%2C14625955%2C11684381%2C53408%2C9105%2C22730%2C2821%2C106030%2C18644%2C14869%2C47210%2C15124%2C65%2C13526%2C391%2C26504%2C9252%2C3479%2C2519%2C10511%2C23206%2C10364%2C4815%2C2%2C19813%2C19660%2C562%2C11784%2C2796%2C2595%2C5656%2C2625%2C1904%2C874%2C10552%2C591%2C6045%2C64%2C4324%2C2313%2C1491%2C1592%2C1479%2C3906%2C1563%2C3888%2C207%2C346%2C7947%2C842%2C4174%2C1995%2C355%2C2585%2C62%2C372%2C723%2C1671%2C1635%2C867%2C1060%2C2039%2C5%2C3485%2C166%2C1414%2C2164%2C332%2C12%2C1029%2C2643%2C938%2C70&cl=787819992&seq=2&docid=0wBfICuWl7M&ei=M3mJaMenN-XOoPMPwpXJwQs&event=streamingstats&feature=g-high&plid=AAY7G62pJZy2NqiA&sdetail=p%3A%2F&sourceid=y&cbrand=apple&cbr=Chrome&cbrver=138.0.0.0&c=WEB&cver=2.20250728.08.00&cplayer=UNIPLAYER&cos=Macintosh&cosver=10_15_7&cplatform=DESKTOP&user_intent=0&cmt=0.137:0.000,0.138:0.000,0.138:0.000&vps=0.137:N,0.138:SU,0.138:SU&bat=0.138:0.65:1&bh=0.138:0.000&qclc=ChBZSktuTG9Ya2g5QlNGRGMwEAI",
        "city": "New York",
        "region": "New York",
        "country": "United States",
        "org": "Google LLC",
        "timezone": "America/New_York",
        "source": "ip-api.com"
      },
      "geometry": {
        "type": "Point",
        "coordinates": [
          -74.006,
          40.7128
        ]
      }
    },
    {
      "type": "Feature",
      "properties": {
        "ip": "142.250.65.238",
        "url": "https://www.youtube.com/youtubei/v1/browse?prettyPrint=false",
        "city": "New York",
        "region": "New York",
        "country": "United States",
        "org": "Google LLC",
        "timezone": "America/New_York",
        "source": "ip-api.com"
      },
      "geometry": {
        "type": "Point",
        "coordinates": [
          -74.006,
          40.7128
        ]
      }
    },
    {
      "type": "Feature",
      "properties": {
        "ip": "142.250.65.238",
        "url": "https://www.youtube.com/api/stats/qoe?cpn=l9hjxExjwqnoHJA4&el=detailpage&ns=yt&fexp=v1%2C23930656%2C55365%2C18623%2C695255%2C14625955%2C11684381%2C53408%2C9105%2C22730%2C2821%2C106030%2C18644%2C14869%2C47210%2C15124%2C65%2C13526%2C391%2C26504%2C9252%2C3479%2C2519%2C10511%2C23206%2C10364%2C4815%2C2%2C19813%2C19660%2C562%2C11784%2C2796%2C2595%2C5656%2C2625%2C1904%2C874%2C10552%2C591%2C6045%2C64%2C4324%2C2313%2C1491%2C1592%2C1479%2C3906%2C1563%2C3888%2C207%2C346%2C7947%2C842%2C4174%2C1995%2C355%2C2585%2C62%2C372%2C723%2C1671%2C1635%2C867%2C1060%2C2039%2C5%2C3485%2C166%2C1414%2C2164%2C332%2C12%2C1029%2C2643%2C938%2C70&cl=787819992&seq=1&docid=pWRlDIBoQW4&ei=N3mJaOnGNqi30_wPi-eEmAs&event=streamingstats&feature=g-high-rec&plid=AAY7G63lgxFRp3x5&sdetail=p%3A%2F&sourceid=y&cbrand=apple&cbr=Chrome&cbrver=138.0.0.0&c=WEB&cver=2.20250728.08.00&cplayer=UNIPLAYER&cos=Macintosh&cosver=10_15_7&cplatform=DESKTOP&vps=0.000:N,0.005:B,0.029:B&cat=streaming,sabr&ctmp=esfw:usbc.1;hsu.1&cmt=0.005:0.000,0.029:0.000&bwe=0.029:1841290&bat=0.029:0.64:1&vis=0.029:5&bh=0.029:0.000&qclc=ChBsOWhqeEV4andxbm9ISkE0EAE",
        "city": "New York",
        "region": "New York",
        "country": "United States",
        "org": "Google LLC",
        "timezone": "America/New_York",
        "source": "ip-api.com"
      },
      "geometry": {
        "type": "Point",
        "coordinates": [
          -74.006,
          40.7128
        ]
      }
    },
    {
      "type": "Feature",
      "properties": {
        "ip": "142.250.65.238",
        "url": "https://www.youtube.com/api/stats/playback?ns=yt&el=detailpage&cpn=Mb-B6HKdw_6CJYKJ&ver=2&cmt=0.051&fmt=396&fs=0&rt=0.194&euri&lact=334&cl=787819992&mos=1&volume=100&subscribed=1&cbrand=apple&cbr=Chrome&cbrver=138.0.0.0&c=WEB&cver=2.20250728.08.00&cplayer=UNIPLAYER&cos=Macintosh&cosver=10_15_7&cplatform=DESKTOP&autoplay=1&delay=10&hl=zh_CN&cr=US&uga=35&len=46.501&fexp=v1%2C23930656%2C55365%2C18623%2C695255%2C14625955%2C11684381%2C53408%2C9105%2C22730%2C2821%2C106030%2C18644%2C14869%2C47210%2C15124%2C65%2C13526%2C391%2C26504%2C9252%2C3479%2C2519%2C10511%2C23206%2C10364%2C4815%2C2%2C19813%2C19660%2C562%2C11784%2C2796%2C2595%2C5656%2C2625%2C1904%2C874%2C10552%2C591%2C6045%2C64%2C4324%2C2313%2C1491%2C1592%2C1479%2C3906%2C1563%2C3888%2C207%2C346%2C7947%2C842%2C4174%2C1995%2C355%2C2585%2C62%2C372%2C723%2C1671%2C1635%2C867%2C1060%2C2039%2C5%2C3485%2C166%2C1414%2C2164%2C332%2C12%2C1029%2C2643%2C938%2C70&rtn=6&feature=g-high&afmt=251&muted=1&vis=5&docid=Qvh2DovBi64&ei=M3mJaNGCCqiGoPMPq9WVyAM&plid=AAY7G62dZ2Pv6MDr&referrer=https%3A%2F%2Fwww.youtube.com%2F&sdetail=p%3A%2F&sourceid=y&autonav=1&of=ShPYt4YTIxEtCFnju4SHvQ&vm=CAEQARgEOjJBSHFpSlRJUVdUMGhlTVl2Sk1TWTRCdTZDVEF4aTJhYXhFYkpLN3dqclZZTUc4c0JlZ2JfQUZVQTZSVDFqMDQ5bDFPRWs1UTJ1b0x3SF9aRXNnN0E4V0xiZXBYWF8yQ18tLXlnUkNaRkk0b1hSZkIzbjBRejJ2elVlN0xWdkJUS3p6VHdjNmlVaDZPejZIUUg1MTQ",
        "city": "New York",
        "region": "New York",
        "country": "United States",
        "org": "Google LLC",
        "timezone": "America/New_York",
        "source": "ip-api.com"
      },
      "geometry": {
        "type": "Point",
        "coordinates": [
          -74.006,
          40.7128
        ]
      }
    },
    {
      "type": "Feature",
      "properties": {
        "ip": "142.250.65.238",
        "url": "https://www.youtube.com/api/timedtext?v=WkysaIBxwPc&ei=jnmJaOfHEIO4kucPpYXn6Qs&caps=asr&opi=112496729&exp=xpe&xoaf=5&xosf=1&hl=zh-CN&ip=0.0.0.0&ipbits=0&expire=1753865214&sparams=ip%2Cipbits%2Cexpire%2Cv%2Cei%2Ccaps%2Copi%2Cexp%2Cxoaf&signature=AA881EFD5C887E201FF806051CFF579C02722CA1.BA8B8B62E45CB1BDBAEB7C93192886DD19C53BD1&key=yt8&kind=asr&lang=en&potc=1&pot=MlUjTCc6nj20NSNyQxvVblED2Zs2m_7BmRMNLKFin9VdVNWvnv8zPmKVq6LmuM6ZHsJO86TjW6a3dyXgL82Z1B6b99B-MFTPGO25MUU5Z8f6hfv1iu0S&fmt=json3&xorb=2&xobt=3&xovt=3&cbrand=apple&cbr=Chrome&cbrver=138.0.0.0&c=WEB&cver=2.20250728.08.00&cplayer=UNIPLAYER&cos=Macintosh&cosver=10_15_7&cplatform=DESKTOP",
        "city": "New York",
        "region": "New York",
        "country": "United States",
        "org": "Google LLC",
        "timezone": "America/New_York",
        "source": "ip-api.com"
      },
      "geometry": {
        "type": "Point",
        "coordinates": [
          -74.006,
          40.7128
        ]
      }
    },
    {
      "type": "Feature",
      "properties": {
        "ip": "142.250.65.238",
        "url": "https://www.youtube.com/api/stats/watchtime?ns=yt&el=detailpage&cpn=WKXIDGw7-PaALgiY&ver=2&cmt=0&fmt=396&fs=0&rt=0.793&euri&lact=313&cl=787819992&state=paused&volume=100&cbrand=apple&cbr=Chrome&cbrver=138.0.0.0&c=WEB&cver=2.20250728.08.00&cplayer=UNIPLAYER&cos=Macintosh&cosver=10_15_7&cplatform=DESKTOP&autoplay=1&final=1&delay=10&hl=zh_CN&cr=US&uga=35&len=678.541&feature=g-high-rec&afmt=251&idpj=-5&ldpj=-1&st=0&et=0&muted=1&vis=5&docid=THY_UFpbZJY&ei=XHmJaOC_E4aqoPMPtLv9oAE&plid=AAY7G7ARWAMs7BST&referrer=https%3A%2F%2Fwww.youtube.com%2F&sdetail=p%3A%2F&sourceid=y&autonav=1&of=QMUIVEXNYDgfqiZ0Z4lCkw&vm=CAEQARgEOjJBSHFpSlRJVllHdWRXdWhRVWxzblhZcWtZQTlkc2toblhtNnNXWkx6LUJWejRkam9FZ2JaQUZVQTZSUzh5MUpMNEVMNFMwSnpCdy1xZkx3SmstTldic3ZFVkszU016RGt5ZTh4VW1mUlZSTDRSUUlZTHNQbVdDV19ZcjZENGhBTjFvaFRjYzRGcGN5eW5n",
        "city": "New York",
        "region": "New York",
        "country": "United States",
        "org": "Google LLC",
        "timezone": "America/New_York",
        "source": "ip-api.com"
      },
      "geometry": {
        "type": "Point",
        "coordinates": [
          -74.006,
          40.7128
        ]
      }
    },
    {
      "type": "Feature",
      "properties": {
        "ip": "142.250.65.238",
        "url": "https://www.youtube.com/api/stats/atr?ns=yt&el=detailpage&cpn=nvAuY9p_mrkgmGD_&ver=2&cmt=1.057&fmt=396&fs=0&rt=1.186&euri&lact=1000&cl=787819992&mos=1&volume=100&subscribed=1&cbrand=apple&cbr=Chrome&cbrver=138.0.0.0&c=WEB&cver=2.20250728.08.00&cplayer=UNIPLAYER&cos=Macintosh&cosver=10_15_7&cplatform=DESKTOP&autoplay=1&delay=10&hl=zh_CN&cr=US&uga=35&len=46.501&fexp=v1%2C23930656%2C55365%2C18623%2C695255%2C14625955%2C11684381%2C53408%2C9105%2C22730%2C2821%2C106030%2C18644%2C14869%2C47210%2C15124%2C65%2C13526%2C391%2C26504%2C9252%2C3479%2C2519%2C10511%2C23206%2C10364%2C4815%2C2%2C19813%2C19660%2C562%2C11784%2C2796%2C2595%2C5656%2C2625%2C1904%2C874%2C10552%2C591%2C6045%2C64%2C4324%2C2313%2C1491%2C1592%2C1479%2C3906%2C1563%2C3888%2C207%2C346%2C7947%2C842%2C4174%2C1995%2C355%2C2585%2C62%2C372%2C723%2C1671%2C1635%2C867%2C1060%2C2039%2C5%2C3485%2C166%2C1414%2C2164%2C332%2C12%2C1029%2C2643%2C938%2C70&feature=g-high&afmt=251&muted=1&vis=5&docid=Qvh2DovBi64&ei=M3mJaNGCCqiGoPMPq9WVyAM&plid=AAY7G62dZ2Pv6MDr&vm=CAEQARgEOjJBSHFpSlRJUVdUMGhlTVl2Sk1TWTRCdTZDVEF4aTJhYXhFYkpLN3dqclZZTUc4c0JlZ2JfQUZVQTZSVDFqMDQ5bDFPRWs1UTJ1b0x3SF9aRXNnN0E4V0xiZXBYWF8yQ18tLXlnUkNaRkk0b1hSZkIzbjBRejJ2elVlN0xWdkJUS3p6VHdjNmlVaDZPejZIUUg1MTQ",
        "city": "New York",
        "region": "New York",
        "country": "United States",
        "org": "Google LLC",
        "timezone": "America/New_York",
        "source": "ip-api.com"
      },
      "geometry": {
        "type": "Point",
        "coordinates": [
          -74.006,
          40.7128
        ]
      }
    },
    {
      "type": "Feature",
      "properties": {
        "ip": "142.250.65.238",
        "url": "https://www.youtube.com/api/stats/playback?ns=yt&el=detailpage&cpn=aUHYyMWyQ-evkcR2&ver=2&cmt=0.057&fmt=396&fs=0&rt=0.261&euri&lact=162&cl=787819992&mos=1&volume=100&cbrand=apple&cbr=Chrome&cbrver=138.0.0.0&c=WEB&cver=2.20250728.08.00&cplayer=UNIPLAYER&cos=Macintosh&cosver=10_15_7&cplatform=DESKTOP&autoplay=1&delay=10&hl=zh_CN&cr=US&uga=35&len=678.541&fexp=v1%2C23930656%2C55365%2C18623%2C695255%2C14625955%2C11684381%2C53408%2C9105%2C22730%2C2821%2C106030%2C18644%2C14869%2C47210%2C15124%2C65%2C13526%2C391%2C26504%2C9252%2C3479%2C2519%2C10511%2C23206%2C10364%2C4815%2C2%2C19813%2C19660%2C562%2C11784%2C2796%2C2595%2C5656%2C2625%2C1904%2C874%2C10552%2C591%2C6045%2C64%2C4324%2C2313%2C1491%2C1592%2C1479%2C3906%2C1563%2C3888%2C207%2C346%2C7947%2C842%2C4174%2C1995%2C355%2C2585%2C62%2C372%2C723%2C1671%2C1635%2C867%2C1060%2C2039%2C5%2C3485%2C166%2C1414%2C2164%2C332%2C12%2C1029%2C2643%2C938%2C70&rtn=3&feature=g-high-rec&afmt=251&muted=1&vis=5&docid=THY_UFpbZJY&ei=XHmJaOC_E4aqoPMPtLv9oAE&plid=AAY7G7ARWAMs7BST&referrer=https%3A%2F%2Fwww.youtube.com%2F&sdetail=p%3A%2F&sourceid=y&autonav=1&of=QMUIVEXNYDgfqiZ0Z4lCkw&vm=CAEQARgEOjJBSHFpSlRJVllHdWRXdWhRVWxzblhZcWtZQTlkc2toblhtNnNXWkx6LUJWejRkam9FZ2JaQUZVQTZSUzh5MUpMNEVMNFMwSnpCdy1xZkx3SmstTldic3ZFVkszU016RGt5ZTh4VW1mUlZSTDRSUUlZTHNQbVdDV19ZcjZENGhBTjFvaFRjYzRGcGN5eW5n",
        "city": "New York",
        "region": "New York",
        "country": "United States",
        "org": "Google LLC",
        "timezone": "America/New_York",
        "source": "ip-api.com"
      },
      "geometry": {
        "type": "Point",
        "coordinates": [
          -74.006,
          40.7128
        ]
      }
    },
    {
      "type": "Feature",
      "properties": {
        "ip": "142.250.65.238",
        "url": "https://www.youtube.com/api/stats/qoe?cpn=R8jEZRVKsEZHNv5n&el=detailpage&ns=yt&fexp=v1%2C23930656%2C55365%2C18623%2C695255%2C14625955%2C11684381%2C53408%2C9105%2C22730%2C2821%2C106030%2C18644%2C14869%2C47210%2C15124%2C65%2C13526%2C391%2C26504%2C9252%2C3479%2C2519%2C10511%2C23206%2C10364%2C4815%2C2%2C19813%2C19660%2C562%2C11784%2C2796%2C2595%2C5656%2C2625%2C1904%2C874%2C10552%2C591%2C6045%2C64%2C4324%2C2313%2C1491%2C1592%2C1479%2C3906%2C1563%2C3888%2C207%2C346%2C7947%2C842%2C4174%2C1995%2C355%2C2585%2C62%2C372%2C723%2C1671%2C1635%2C867%2C1060%2C2039%2C5%2C3485%2C166%2C1414%2C2164%2C332%2C12%2C1029%2C2643%2C938%2C70&cl=787819992&seq=1&docid=3F7t2bnGbis&ei=SHmJaJWPCZeikucPzMKRwAc&event=streamingstats&feature=g-high-rec&plid=AAY7G67dsDXGHyjL&sdetail=p%3A%2F&sourceid=y&cbrand=apple&cbr=Chrome&cbrver=138.0.0.0&c=WEB&cver=2.20250728.08.00&cplayer=UNIPLAYER&cos=Macintosh&cosver=10_15_7&cplatform=DESKTOP&vps=0.000:N,0.004:B,0.027:B&cat=streaming,mta,sabr&ctmp=esfw:usbc.1;hsu.1&cmt=0.004:0.000,0.027:0.000&bwe=0.027:1697708&bat=0.027:0.64:1&vis=0.027:5&bh=0.027:0.000&qclc=ChBSOGpFWlJWS3NFWkhOdjVuEAE",
        "city": "New York",
        "region": "New York",
        "country": "United States",
        "org": "Google LLC",
        "timezone": "America/New_York",
        "source": "ip-api.com"
      },
      "geometry": {
        "type": "Point",
        "coordinates": [
          -74.006,
          40.7128
        ]
      }
    },
    {
      "type": "Feature",
      "properties": {
        "ip": "142.250.65.238",
        "url": "https://www.youtube.com/api/stats/qoe?fmt=396&afmt=251&cpn=pxmDWfwVd4IUuMfd&el=detailpage&ns=yt&fexp=v1%2C23930656%2C55365%2C18623%2C695255%2C14625955%2C11684381%2C53408%2C9105%2C22730%2C2821%2C106030%2C18644%2C14869%2C47210%2C15124%2C65%2C13526%2C391%2C26504%2C9252%2C3479%2C2519%2C10511%2C23206%2C10364%2C4815%2C2%2C19813%2C19660%2C562%2C11784%2C2796%2C2595%2C5656%2C2625%2C1904%2C874%2C10552%2C591%2C6045%2C64%2C4324%2C2313%2C1491%2C1592%2C1479%2C3906%2C1563%2C3888%2C207%2C346%2C7947%2C842%2C4174%2C1995%2C355%2C2585%2C62%2C372%2C723%2C1671%2C1635%2C867%2C1060%2C2039%2C5%2C3485%2C166%2C1414%2C2164%2C332%2C12%2C1029%2C2643%2C938%2C70&cl=787819992&seq=2&docid=eut5Q5lUxic&ei=UXmJaMKcBvDQoPMPq47I6A0&event=streamingstats&feature=g-high-rec&plid=AAY7G69mRkR5pgPl&sdetail=p%3A%2F&sourceid=y&cbrand=apple&cbr=Chrome&cbrver=138.0.0.0&c=WEB&cver=2.20250728.08.00&cplayer=UNIPLAYER&cos=Macintosh&cosver=10_15_7&cplatform=DESKTOP&afs=0.073:251;CggKA2RyYxIBMQ::i:CBooAQ&ctmp=atrkchg:t.74;id.und;m.0&vfs=0.078:396:396::r:CBooAQ&view=0.078:357:201:2&vps=0.078:B,0.078:B&bwm=0.078:2437:0.071&bwe=0.078:1822206&bat=0.078:0.64:1&cmt=0.078:0.000&bh=0.078:0.000&qclc=ChBweG1EV2Z3VmQ0SVV1TWZkEAI",
        "city": "New York",
        "region": "New York",
        "country": "United States",
        "org": "Google LLC",
        "timezone": "America/New_York",
        "source": "ip-api.com"
      },
      "geometry": {
        "type": "Point",
        "coordinates": [
          -74.006,
          40.7128
        ]
      }
    },
    {
      "type": "Feature",
      "properties": {
        "ip": "142.250.65.238",
        "url": "https://www.youtube.com/api/stats/watchtime?ns=yt&el=adunit&cpn=s-ZuRnfTG5Fd5T-e&ver=2&cmt=0&fmt=398&fs=0&rt=0.656&adformat=15_20&euri=https%3A%2F%2Fwww.youtube.com%2Fshorts%2F0wBfICuWl7M&lact=8351&cl=787819992&state=paused&volume=62&cbrand=apple&cbr=Chrome&cbrver=138.0.0.0&c=WEB&cver=2.20250728.08.00&cplayer=UNIPLAYER&cos=Macintosh&cosver=10_15_7&cplatform=DESKTOP&final=1&delay=4&hl=zh_CN&cr=US&uga=35&len=30.061&afmt=251&idpj=-5&ldpj=-19&st=0&et=0&muted=0&docid=lCsV8l3s5_w&ei=k3mJaIXiF9Gk0_wP9sSnsQY&plid=AAY7G7NZggWyqyaz&referrer=https%3A%2F%2Fwww.youtube.com%2Fshorts%2FsD0-hqf3ZZk&sdetail=p%3A%2Fshorts%2FsD0-hqf3ZZk&sourceid=y&aqi=ZXmJaJGNLvyF9eQP-veJ6Qg&is_ad=1&of=wbAUJoLFDaeeOSJrHXH1sg&vm=CAEQABgEOjJBSHFpSlRKRnYtWU51ODZOVTV4QXNrcDdIemtwVzFYUlJSTXVlaklrcG4zWTFueUdJUWJiQUZVQTZSVGMxM3UwdlZnWHNIeUlWTnlEVExYQXRFb2hibUd6MFQ4N29iQ0VkMDY3N0k5T3VFNkFtb1I5MWxTbDVDdkd3TG5qT3ZtaU1iWFdoc3B3Q2hkd0NYSFpBTnl4eFE",
        "city": "New York",
        "region": "New York",
        "country": "United States",
        "org": "Google LLC",
        "timezone": "America/New_York",
        "source": "ip-api.com"
      },
      "geometry": {
        "type": "Point",
        "coordinates": [
          -74.006,
          40.7128
        ]
      }
    },
    {
      "type": "Feature",
      "properties": {
        "ip": "142.250.65.238",
        "url": "https://www.youtube.com/pagead/interaction/?ai=CZ7D8ZXmJaJGNLvyF9eQP-veJ6Qij0-3egAGDtdjxkhS1kB8QAiAAYMnGqYvApNgPggEXY2EtcHViLTYyMTk4MTE3NDcwNDkzNzGgAeXC1qIDqAMEyAMKqgSyAU_QGeYpEzauduJoWOJD-Rp_15LNvBpm_gEIBEQ-fEjz8NQukiyjAH1PhWPfiMwGIH_qA-THp30N-F1V_caikT5fwK8-Pg7P7JPkjHaz-Sjzz5BVz91Ja8A2_4yFYmgZRwZqczrm-YXpF5A8IcRO4j72OUOAof8KJuWKNDvAeSeYXhJWgFNv-aq7p4D9ThKn_IWg6-Wnx3JZh6uVO8jsOJzyWG7uZSTAYIDNNUYcmJMjhLGIBeifsa1UoAahAYAHg72pXYgHAZAHAqgH8sCxAqgHuMSxAqgH4baxAqgHpc-xAqgH552xAqgH6J2xAqgH77WxAqgH8LWxAqgH-dOxAqgHgqqxAqgHhAioB6bUsQKoB6jSG6gHtgeoB7HcG6gHgcOxAqgH-L-xAqgHsJuxAqgHrrGxAqgH5ryxAqgHyrqxAqgH_bKxAqgH97ixAqgH-LixAqgHyM-xAqgHyc-xAqgHzcexAqgH8dGxAqgH9JmxAqgH-L-xAqgHgcYbqAf8r7ECqAfj2RuSCAtsQ3NWOGwzczVfd6gIAbAIDNIIMQiAgICABBACGFoyAoAEOhGP0ICAgIAEgMCAgIDAgIACKkjZoNI1UBRYwLyChbvjjgPICY8ByAnCAcgJ5AG6C1UIBBAFGAQgECgBMBFAAUgAWCxgAGgAcAGIAQCYAQGiASgKHQgAIAPauAQVMhM6EQoPKDBIsPuy6JAEmBkBuCAB0AEBqAIFwAICqAEB2AEBgAIBiAIF0gwECAEQAbgT____________AYgUAbAUBMAVyYCAQIoXFggDGAEgASgBMAE4AUABSAFQAVgBYAKgFwGpF2-BDfQIe-VouhcIEAEoADABSAGAGQM&sigh=T5rJWOqffq4&cid=CAESD-D2LiMQVeIaDXeS-X-nSg&label=part2viewed&ad_mt=0&acvw=sv%3D967%26v%3D20250727%26cb%3Dyw%26e%3D0%26nas%3D1%26sdk%3Db%26p%3D-684,198,77,626%26tos%3D0,0,0,0,0%26mtos%3D0,0,0,0,0%26amtos%3D0,0,0,0,0%26mcvt%3D0%26ps%3D849,865%26scs%3D1512,982%26bs%3D849,857%26vht%3D0%26mut%3D0%26a%3D0.62%26ft%3D0%26dft%3D0%26at%3D0%26dat%3D0%26as%3D1%26vpt%3D0%26gmm%3D4%26efpf%3D2%26nmt%3D0%26tcm%3D1%26bt%3D0%26pst%3D1%26dur%3D30000%26vmtime%3D4%26dvs%3D0%26dfvs%3D0%26dvpt%3D0%26is%3D278%26i0%3D278%26ic%3D278%26cs%3D278%26c%3D0.1%26mc%3D0.1%26nc%3D0.1%26mv%3D0.62%26nv%3D0.62%26lte%3D0.1%26ces%26avms%3Dgeo%26qi%3D3hhxQcrdZC3TA1x3%26psm%3D1%26psv%3D0%26psfv%3D0%26psa%3D1%26ptlt%3D100782%26pngs%3D9,14,15%26veid%3Dfmd%3A1%26ssb%3D0,0,0,0,0,0,0,0,0,0,0%26co%3D4977281900%26tm%3D0%26tu%3D0&gv=atos%3D0,0,0,0,0%26avt%3D0%26davs%3D0%26dafvs%3D0%26ss%3D0.02%26t%3D1753840019760",
        "city": "New York",
        "region": "New York",
        "country": "United States",
        "org": "Google LLC",
        "timezone": "America/New_York",
        "source": "ip-api.com"
      },
      "geometry": {
        "type": "Point",
        "coordinates": [
          -74.006,
          40.7128
        ]
      }
    },
    {
      "type": "Feature",
      "properties": {
        "ip": "142.250.65.238",
        "url": "https://www.youtube.com/ptracking?html5=1&video_id=iCuxBMrc8bE&cpn=dL0jEbaRvVHtsl66&ei=l3mJaPXnFsWVkucP5f2D4AU&ptk=youtube_none&pltype=contentugc&m=AyVVMX6s93G3vx9fMRty9j_WGqI6JsQhTMLaeh98_RkyerSDaQb7XZt5i3zz0W_a8lRfPEISo_2NCU5anAYhNvPV",
        "city": "New York",
        "region": "New York",
        "country": "United States",
        "org": "Google LLC",
        "timezone": "America/New_York",
        "source": "ip-api.com"
      },
      "geometry": {
        "type": "Point",
        "coordinates": [
          -74.006,
          40.7128
        ]
      }
    },
    {
      "type": "Feature",
      "properties": {
        "ip": "142.250.65.238",
        "url": "https://www.youtube.com/ptracking?html5=1&video_id=pWRlDIBoQW4&cpn=lRzPnkhfdIdvD0Ru&ei=N3mJaOnGNqi30_wPi-eEmAs&ptk=youtube_single&oid=Z850lfIlykViBthJs8RIZA&ptchn=LXo7UDZvByw2ixzpQCufnA&pltype=content&m=AihstWvxPGJxfcVMTdvmlc5fTxn3tradtxmIKsQ9L2fotoakCaIUaOu2uuh9O8LZ4v_rlPW8h7ei5h7g0HIuq2Qw",
        "city": "New York",
        "region": "New York",
        "country": "United States",
        "org": "Google LLC",
        "timezone": "America/New_York",
        "source": "ip-api.com"
      },
      "geometry": {
        "type": "Point",
        "coordinates": [
          -74.006,
          40.7128
        ]
      }
    },
    {
      "type": "Feature",
      "properties": {
        "ip": "142.250.65.238",
        "url": "https://www.youtube.com/ptracking?html5=1&video_id=9RMilKQNsho&cpn=W4dcoRT_QP7neJH4&ei=kHmJaMmFOOO3kucPwcf_qAI&ptk=youtube_multi&oid=MIT4h2OXfu16-MLApUEooA.ghgcd_xPPR_URSW5U_cwtQ&pltype=contentugc&m=AmgPdUnzUMlUENaxn5rNuwAMtqAsYqVfA56xof4966XytJHaiH77QdoIu8GdH8CJkQ0CDnmEEVtG2e3FmW8FlbVq",
        "city": "New York",
        "region": "New York",
        "country": "United States",
        "org": "Google LLC",
        "timezone": "America/New_York",
        "source": "ip-api.com"
      },
      "geometry": {
        "type": "Point",
        "coordinates": [
          -74.006,
          40.7128
        ]
      }
    },
    {
      "type": "Feature",
      "properties": {
        "ip": "142.250.65.238",
        "url": "https://www.youtube.com/api/stats/qoe?fmt=247&afmt=251&cpn=M9UqSPjRiF2gSgNJ&el=detailpage&ns=yt&fexp=v1%2C23930656%2C55365%2C18623%2C695255%2C14625955%2C11684381%2C53408%2C9105%2C22730%2C2821%2C106030%2C18644%2C14869%2C47210%2C15124%2C65%2C13526%2C391%2C26504%2C9252%2C3479%2C2519%2C10511%2C23206%2C10364%2C4815%2C2%2C19813%2C19660%2C562%2C11784%2C2796%2C2595%2C5656%2C2625%2C1904%2C874%2C10552%2C591%2C6045%2C64%2C4324%2C2313%2C1491%2C1592%2C1479%2C3906%2C1563%2C3888%2C207%2C346%2C7947%2C842%2C4174%2C1995%2C355%2C2585%2C62%2C372%2C723%2C1671%2C1635%2C867%2C1060%2C2039%2C5%2C3485%2C166%2C1414%2C2164%2C332%2C12%2C1029%2C2643%2C938%2C70&cl=787819992&adformat=15_20&seq=2&adcontext=CAESEwjR04OFu-OOAxX8Qp0GHfp7Io0gECgE&docid=0XlsFeNWDMg&ei=j3mJaJDyI5m-kucPjO68kQg&event=streamingstats&plid=AAY7G7Mfe0U9YavT&sdetail=p%3A%2Fshorts%2FWkysaIBxwPc&sourceid=y&cbrand=apple&cbr=Chrome&cbrver=138.0.0.0&c=WEB&cver=2.20250728.08.00&cplayer=UNIPLAYER&cos=Macintosh&cosver=10_15_7&cplatform=DESKTOP&cfi=0.051:a.en:m&afs=0.179:251;CggKA2RyYxIBMQ::i:CDAoAQ&ctmp=atrkchg:t.180;id.und;m.0&vfs=0.180:247:247::r:CDAoAQ&view=0.180:428:761:2&vps=0.180:B,0.180:B&bwm=0.180:1199952:0.176&bwe=0.180:2184187&bat=0.180:0.65:1&cmt=0.180:0.000&bh=0.180:0.000&qclc=ChBNOVVxU1BqUmlGMmdTZ05KEAIaDENnSUlEQSUzRCUzRA",
        "city": "New York",
        "region": "New York",
        "country": "United States",
        "org": "Google LLC",
        "timezone": "America/New_York",
        "source": "ip-api.com"
      },
      "geometry": {
        "type": "Point",
        "coordinates": [
          -74.006,
          40.7128
        ]
      }
    },
    {
      "type": "Feature",
      "properties": {
        "ip": "142.250.65.238",
        "url": "https://www.youtube.com/api/stats/playback?ns=yt&el=adunit&cpn=M9UqSPjRiF2gSgNJ&ver=2&cmt=0.035&fmt=247&fs=0&rt=0.419&adformat=15_20&euri=https%3A%2F%2Fwww.youtube.com%2Fshorts%2F0wBfICuWl7M&lact=4313&cl=787819992&mos=0&volume=62&cbrand=apple&cbr=Chrome&cbrver=138.0.0.0&c=WEB&cver=2.20250728.08.00&cplayer=UNIPLAYER&cos=Macintosh&cosver=10_15_7&cplatform=DESKTOP&delay=4&hl=zh_CN&cr=US&uga=35&len=37.441&fexp=v1%2C23930656%2C55365%2C18623%2C695255%2C14625955%2C11684381%2C53408%2C9105%2C22730%2C2821%2C106030%2C18644%2C14869%2C47210%2C15124%2C65%2C13526%2C391%2C26504%2C9252%2C3479%2C2519%2C10511%2C23206%2C10364%2C4815%2C2%2C19813%2C19660%2C562%2C11784%2C2796%2C2595%2C5656%2C2625%2C1904%2C874%2C10552%2C591%2C6045%2C64%2C4324%2C2313%2C1491%2C1592%2C1479%2C3906%2C1563%2C3888%2C207%2C346%2C7947%2C842%2C4174%2C1995%2C355%2C2585%2C62%2C372%2C723%2C1671%2C1635%2C867%2C1060%2C2039%2C5%2C3485%2C166%2C1414%2C2164%2C332%2C12%2C1029%2C2643%2C938%2C70&rtn=9&afmt=251&muted=0&docid=0XlsFeNWDMg&ei=j3mJaJDyI5m-kucPjO68kQg&plid=AAY7G7Mfe0U9YavT&referrer=https%3A%2F%2Fwww.youtube.com%2Fshorts%2FWkysaIBxwPc&sdetail=p%3A%2Fshorts%2FWkysaIBxwPc&sourceid=y&adcontext=CAESEwjR04OFu-OOAxX8Qp0GHfp7Io0gECgE&aqi=ZXmJaJGNLvyF9eQP-veJ6Qg&of=5fQr0Qdn7sxbUibOI5HZQA&vm=CAEQABgEOjJBSHFpSlRJUzYtOG05aXRzU0hwaGdNZjJ3VEk1Z2QxcjNwWFFYTExvZ3BVMmNObUdQd2JkQUZVQTZSVGNqVVdXQVlxbXQ4VEtJTGNfdHNWcmhsOU1Nc3ppM3ZUN2QycndmRk1RTGhDS2p5T0lsWGJrYmNlRm9PamxrTm0zaDBOekpEeFY5NDl5OHJDYjJmNVdCTnZQSmtDMg",
        "city": "New York",
        "region": "New York",
        "country": "United States",
        "org": "Google LLC",
        "timezone": "America/New_York",
        "source": "ip-api.com"
      },
      "geometry": {
        "type": "Point",
        "coordinates": [
          -74.006,
          40.7128
        ]
      }
    },
    {
      "type": "Feature",
      "properties": {
        "ip": "142.250.65.238",
        "url": "https://www.youtube.com/api/stats/qoe?fmt=396&afmt=251&cpn=pxmDWfwVd4IUuMfd&el=detailpage&ns=yt&fexp=v1%2C23930656%2C55365%2C18623%2C695255%2C14625955%2C11684381%2C53408%2C9105%2C22730%2C2821%2C106030%2C18644%2C14869%2C47210%2C15124%2C65%2C13526%2C391%2C26504%2C9252%2C3479%2C2519%2C10511%2C23206%2C10364%2C4815%2C2%2C19813%2C19660%2C562%2C11784%2C2796%2C2595%2C5656%2C2625%2C1904%2C874%2C10552%2C591%2C6045%2C64%2C4324%2C2313%2C1491%2C1592%2C1479%2C3906%2C1563%2C3888%2C207%2C346%2C7947%2C842%2C4174%2C1995%2C355%2C2585%2C62%2C372%2C723%2C1671%2C1635%2C867%2C1060%2C2039%2C5%2C3485%2C166%2C1414%2C2164%2C332%2C12%2C1029%2C2643%2C938%2C70&cl=787819992&seq=3&docid=eut5Q5lUxic&ei=UXmJaMKcBvDQoPMPq47I6A0&event=streamingstats&feature=g-high-rec&plid=AAY7G69mRkR5pgPl&sdetail=p%3A%2F&sourceid=y&cbrand=apple&cbr=Chrome&cbrver=138.0.0.0&c=WEB&cver=2.20250728.08.00&cplayer=UNIPLAYER&cos=Macintosh&cosver=10_15_7&cplatform=DESKTOP&bh=0.141:19.667,2.482:0.000&cmt=0.141:0.004,0.891:0.712,2.479:0.000,2.481:0.000,2.482:0.000&vps=0.141:PL,2.479:N,2.481:SU,2.482:SU&user_intent=0&cfs=0.176:.en-GB:::s&bwm=2.482:850629:0.041&bat=2.482:0.64:1&qclc=ChBweG1EV2Z3VmQ0SVV1TWZkEAM",
        "city": "New York",
        "region": "New York",
        "country": "United States",
        "org": "Google LLC",
        "timezone": "America/New_York",
        "source": "ip-api.com"
      },
      "geometry": {
        "type": "Point",
        "coordinates": [
          -74.006,
          40.7128
        ]
      }
    },
    {
      "type": "Feature",
      "properties": {
        "ip": "142.250.65.238",
        "url": "https://www.youtube.com/api/stats/qoe?fmt=398&afmt=251&cpn=PGVlNxAQV9Hr93s7&el=shortspage&ns=yt&fexp=v1%2C23930656%2C55365%2C18623%2C695255%2C14625955%2C11684381%2C53408%2C9105%2C22730%2C2821%2C106030%2C18644%2C14869%2C47210%2C15124%2C65%2C13526%2C391%2C26504%2C9252%2C3479%2C2519%2C10511%2C23206%2C10364%2C4815%2C2%2C19813%2C19660%2C562%2C11784%2C2796%2C2595%2C5656%2C2625%2C1904%2C874%2C10552%2C591%2C6045%2C64%2C4324%2C2313%2C1491%2C1592%2C1479%2C3906%2C1563%2C3888%2C207%2C346%2C7947%2C842%2C4174%2C1995%2C355%2C2585%2C62%2C372%2C723%2C1671%2C1635%2C867%2C1060%2C2039%2C5%2C3485%2C166%2C1414%2C2164%2C332%2C12%2C1029%2C2643%2C938%2C70&cl=787819992&seq=2&docid=yxIfKLAHEho&ei=lnmJaPn9E9mGkucP5OKl6Qs&event=streamingstats&plid=AAY7G7OGWpyZUh-J&sdetail=p%3A%2Fshorts%2FCTE9w5RqhiY&sourceid=y&cbrand=apple&cbr=Chrome&cbrver=138.0.0.0&c=WEB&cver=2.20250728.08.00&cplayer=UNIPLAYER&cos=Macintosh&cosver=10_15_7&cplatform=DESKTOP&cmt=0.933:0.000,0.940:0.000,0.940:0.000&vps=0.933:N,0.940:SU,0.940:SU&bwm=0.940:1432469:0.038&bat=0.940:0.66:1&bh=0.940:0.000&qclc=ChBQR1ZsTnhBUVY5SHI5M3M3EAIaDENnSUlEQSUzRCUzRA",
        "city": "New York",
        "region": "New York",
        "country": "United States",
        "org": "Google LLC",
        "timezone": "America/New_York",
        "source": "ip-api.com"
      },
      "geometry": {
        "type": "Point",
        "coordinates": [
          -74.006,
          40.7128
        ]
      }
    },
    {
      "type": "Feature",
      "properties": {
        "ip": "142.250.65.238",
        "url": "https://www.youtube.com/api/timedtext?v=eut5Q5lUxic&ei=UXmJaMKcBvDQoPMPq47I6A0&caps=asr&opi=112496729&exp=xpo%2Cxpe&xoaf=7&hl=zh-CN&ip=0.0.0.0&ipbits=0&expire=1753865153&sparams=ip%2Cipbits%2Cexpire%2Cv%2Cei%2Ccaps%2Copi%2Cexp%2Cxoaf&signature=46B9532C171F41415E4DD3430DE54AF3D4D05233.8DD498EF1D0E742E0A12142BE975ADA4E7DBF866&key=yt8&lang=en-GB&potc=1&pot=MlUM6Nj2YfAb8wzWvNcqo_7F9j_JVwEMNtUiiF6uYBjykvoLYTPM881ThAYZdDFUsQRhV1svpGsYsQpE0AFmGbFd2HSB_KsCtytoD97IMYHxP9kK6eE2&fmt=json3&xorb=2&xobt=3&xovt=3&cbrand=apple&cbr=Chrome&cbrver=138.0.0.0&c=WEB&cver=2.20250728.08.00&cplayer=UNIPLAYER&cos=Macintosh&cosver=10_15_7&cplatform=DESKTOP",
        "city": "New York",
        "region": "New York",
        "country": "United States",
        "org": "Google LLC",
        "timezone": "America/New_York",
        "source": "ip-api.com"
      },
      "geometry": {
        "type": "Point",
        "coordinates": [
          -74.006,
          40.7128
        ]
      }
    },
    {
      "type": "Feature",
      "properties": {
        "ip": "142.250.65.238",
        "url": "https://www.youtube.com/api/stats/watchtime?ns=yt&el=adunit&cpn=u8Lbh3rzNZJmLMSx&ver=2&cmt=0&fmt=698&fs=0&rt=0.705&adformat=15_20&euri=https%3A%2F%2Fwww.youtube.com%2Fshorts%2F0wBfICuWl7M&lact=10797&cl=787819992&state=paused&volume=62&cbrand=apple&cbr=Chrome&cbrver=138.0.0.0&c=WEB&cver=2.20250728.08.00&cplayer=UNIPLAYER&cos=Macintosh&cosver=10_15_7&cplatform=DESKTOP&final=1&delay=4&hl=zh_CN&cr=US&uga=35&len=43.001&afmt=251&idpj=-6&ldpj=-12&st=0&et=0&muted=0&docid=CTE9w5RqhiY&ei=lXmJaPqrMI21kucP9o6AkAM&plid=AAY7G7N-Ld1qwUr8&referrer=https%3A%2F%2Fwww.youtube.com%2Fshorts%2FntCVNYOjQJ4&sdetail=p%3A%2Fshorts%2FntCVNYOjQJ4&sourceid=y&aqi=ZXmJaJGNLvyF9eQP-veJ6Qg&is_ad=1&of=2B_a7nyQqyuEzCjG6av3WQ&vm=CAEQABgEOjJBSHFpSlRLZmptWjhfV1dWb28tNmRoTFVacVI2QThmdGoyUTR0WnRnYnc3WDluSDhxUWJnQUZVQTZSU1BpLUJ6T3ZEck80NGdPZjhyOVZORUhpeHdPWE5rXzZCV09sTXU1Q0RKSXVzUFdWQS14N09ka2NoV3pIR0lrOWNrWFl0NW1BX3BvVy1zT0Nhd29TRXVkdnFzY01rbW1xbw",
        "city": "New York",
        "region": "New York",
        "country": "United States",
        "org": "Google LLC",
        "timezone": "America/New_York",
        "source": "ip-api.com"
      },
      "geometry": {
        "type": "Point",
        "coordinates": [
          -74.006,
          40.7128
        ]
      }
    },
    {
      "type": "Feature",
      "properties": {
        "ip": "142.250.65.238",
        "url": "https://www.youtube.com/api/stats/qoe?fmt=396&afmt=251&cpn=lRzPnkhfdIdvD0Ru&el=detailpage&ns=yt&fexp=v1%2C23930656%2C55365%2C18623%2C695255%2C14625955%2C11684381%2C53408%2C9105%2C22730%2C2821%2C106030%2C18644%2C14869%2C47210%2C15124%2C65%2C13526%2C391%2C26504%2C9252%2C3479%2C2519%2C10511%2C23206%2C10364%2C4815%2C2%2C19813%2C19660%2C562%2C11784%2C2796%2C2595%2C5656%2C2625%2C1904%2C874%2C10552%2C591%2C6045%2C64%2C4324%2C2313%2C1491%2C1592%2C1479%2C3906%2C1563%2C3888%2C207%2C346%2C7947%2C842%2C4174%2C1995%2C355%2C2585%2C62%2C372%2C723%2C1671%2C1635%2C867%2C1060%2C2039%2C5%2C3485%2C166%2C1414%2C2164%2C332%2C12%2C1029%2C2643%2C938%2C70&cl=787819992&seq=2&docid=pWRlDIBoQW4&ei=N3mJaOnGNqi30_wPi-eEmAs&event=streamingstats&feature=g-high-rec&plid=AAY7G63lgxFRp3x5&sdetail=p%3A%2F&sourceid=y&cbrand=apple&cbr=Chrome&cbrver=138.0.0.0&c=WEB&cver=2.20250728.08.00&cplayer=UNIPLAYER&cos=Macintosh&cosver=10_15_7&cplatform=DESKTOP&bh=0.077:12.179,2.119:0.000&cmt=0.077:0.005,0.830:0.714,2.117:0.000,2.119:0.000,2.119:0.000&vps=0.077:PL,2.117:N,2.119:SU,2.119:SU&user_intent=0&cfs=0.162:.en-US:::s&bwm=2.119:889906:0.107&bat=2.119:0.64:1&qclc=ChBsUnpQbmtoZmRJZHZEMFJ1EAI",
        "city": "New York",
        "region": "New York",
        "country": "United States",
        "org": "Google LLC",
        "timezone": "America/New_York",
        "source": "ip-api.com"
      },
      "geometry": {
        "type": "Point",
        "coordinates": [
          -74.006,
          40.7128
        ]
      }
    },
    {
      "type": "Feature",
      "properties": {
        "ip": "142.250.65.238",
        "url": "https://www.youtube.com/api/stats/qoe?fmt=398&afmt=251&cpn=DSExmEv2f6AdoD3Y&el=detailpage&ns=yt&fexp=v1%2C23930656%2C55365%2C18623%2C695255%2C14625955%2C11684381%2C53408%2C9105%2C22730%2C2821%2C106030%2C18644%2C14869%2C47210%2C15124%2C65%2C13526%2C391%2C26504%2C9252%2C3479%2C2519%2C10511%2C23206%2C10364%2C4815%2C2%2C19813%2C19660%2C562%2C11784%2C2796%2C2595%2C5656%2C2625%2C1904%2C874%2C10552%2C591%2C6045%2C64%2C4324%2C2313%2C1491%2C1592%2C1479%2C3906%2C1563%2C3888%2C207%2C346%2C7947%2C842%2C4174%2C1995%2C355%2C2585%2C62%2C372%2C723%2C1671%2C1635%2C867%2C1060%2C2039%2C5%2C3485%2C166%2C1414%2C2164%2C332%2C12%2C1029%2C2643%2C938%2C70&cl=787819992&seq=6&docid=otaSWMeT8w8&ei=sHmJaIG3H9TFkucPjZ3nwAg&event=streamingstats&feature=plpp_video&plid=AAY7G7UWRHlzFxHU&sdetail=p%3A%2Fplaylist&sourceid=y&cbrand=apple&cbr=Chrome&cbrver=138.0.0.0&c=WEB&cver=2.20250728.08.00&cplayer=UNIPLAYER&cos=Macintosh&cosver=10_15_7&cplatform=DESKTOP&vps=100.002:PL&bwm=100.002:4648195:1.780&bwe=100.002:4803628&bat=100.002:0.68:1&cmt=100.002:94.563&bh=100.002:113.036&qclc=ChBEU0V4bUV2MmY2QWRvRDNZEAY",
        "city": "New York",
        "region": "New York",
        "country": "United States",
        "org": "Google LLC",
        "timezone": "America/New_York",
        "source": "ip-api.com"
      },
      "geometry": {
        "type": "Point",
        "coordinates": [
          -74.006,
          40.7128
        ]
      }
    },
    {
      "type": "Feature",
      "properties": {
        "ip": "142.250.65.238",
        "url": "https://www.youtube.com/api/stats/qoe?fmt=398&afmt=251&cpn=W4dcoRT_QP7neJH4&el=shortspage&ns=yt&fexp=v1%2C23930656%2C55365%2C18623%2C695255%2C14625955%2C11684381%2C53408%2C9105%2C22730%2C2821%2C106030%2C18644%2C14869%2C47210%2C15124%2C65%2C13526%2C391%2C26504%2C9252%2C3479%2C2519%2C10511%2C23206%2C10364%2C4815%2C2%2C19813%2C19660%2C562%2C11784%2C2796%2C2595%2C5656%2C2625%2C1904%2C874%2C10552%2C591%2C6045%2C64%2C4324%2C2313%2C1491%2C1592%2C1479%2C3906%2C1563%2C3888%2C207%2C346%2C7947%2C842%2C4174%2C1995%2C355%2C2585%2C62%2C372%2C723%2C1671%2C1635%2C867%2C1060%2C2039%2C5%2C3485%2C166%2C1414%2C2164%2C332%2C12%2C1029%2C2643%2C938%2C70&cl=787819992&seq=2&docid=9RMilKQNsho&ei=kHmJaMmFOOO3kucPwcf_qAI&event=streamingstats&plid=AAY7G7Mz0I__chHJ&sdetail=p%3A%2Fshorts%2F0XlsFeNWDMg&sourceid=y&cbrand=apple&cbr=Chrome&cbrver=138.0.0.0&c=WEB&cver=2.20250728.08.00&cplayer=UNIPLAYER&cos=Macintosh&cosver=10_15_7&cplatform=DESKTOP&cfs=0.162:a.en:::m&afs=0.169:251;CggKA2RyYxIBMQ::i:CDIoAQ&ctmp=atrkchg:t.169;id.und;m.0&vfs=0.169:398:398::r:CDIoAQ&view=0.169:428:761:2&vps=0.169:B,0.169:B&bwm=0.169:575114:0.168&bwe=0.169:4641514&bat=0.169:0.66:1&cmt=0.169:0.000&bh=0.169:0.000&qclc=ChBXNGRjb1JUX1FQN25lSkg0EAIaDENnSUlEQSUzRCUzRA",
        "city": "New York",
        "region": "New York",
        "country": "United States",
        "org": "Google LLC",
        "timezone": "America/New_York",
        "source": "ip-api.com"
      },
      "geometry": {
        "type": "Point",
        "coordinates": [
          -74.006,
          40.7128
        ]
      }
    },
    {
      "type": "Feature",
      "properties": {
        "ip": "142.250.65.238",
        "url": "https://www.youtube.com/api/stats/qoe?fmt=396&afmt=251&cpn=qAgIR43Ubc7gaOe3&el=detailpage&ns=yt&fexp=v1%2C23930656%2C55365%2C18623%2C695255%2C14625955%2C11684381%2C53408%2C9105%2C22730%2C2821%2C106030%2C18644%2C14869%2C47210%2C15124%2C65%2C13526%2C391%2C26504%2C9252%2C3479%2C2519%2C10511%2C23206%2C10364%2C4815%2C2%2C19813%2C19660%2C562%2C11784%2C2796%2C2595%2C5656%2C2625%2C1904%2C874%2C10552%2C591%2C6045%2C64%2C4324%2C2313%2C1491%2C1592%2C1479%2C3906%2C1563%2C3888%2C207%2C346%2C7947%2C842%2C4174%2C1995%2C355%2C2585%2C62%2C372%2C723%2C1671%2C1635%2C867%2C1060%2C2039%2C5%2C3485%2C166%2C1414%2C2164%2C332%2C12%2C1029%2C2643%2C938%2C70&cl=787819992&seq=3&docid=0wBfICuWl7M&ei=M3mJaMenN-XOoPMPwpXJwQs&event=streamingstats&feature=g-high&plid=AAY7G62pJZy2NqiA&sdetail=p%3A%2F&sourceid=y&cbrand=apple&cbr=Chrome&cbrver=138.0.0.0&c=WEB&cver=2.20250728.08.00&cplayer=UNIPLAYER&cos=Macintosh&cosver=10_15_7&cplatform=DESKTOP&user_intent=0&cmt=0.249:0.000,0.250:0.000,0.250:0.000&vps=0.249:N,0.250:SU,0.250:SU&bwm=0.250:464123:0.021&bat=0.250:0.65:1&bh=0.250:0.000&qclc=ChBxQWdJUjQzVWJjN2dhT2UzEAM",
        "city": "New York",
        "region": "New York",
        "country": "United States",
        "org": "Google LLC",
        "timezone": "America/New_York",
        "source": "ip-api.com"
      },
      "geometry": {
        "type": "Point",
        "coordinates": [
          -74.006,
          40.7128
        ]
      }
    },
    {
      "type": "Feature",
      "properties": {
        "ip": "142.250.65.238",
        "url": "https://www.youtube.com/api/stats/qoe?cpn=DSExmEv2f6AdoD3Y&el=detailpage&ns=yt&fexp=v1%2C23930656%2C55365%2C18623%2C695255%2C14625955%2C11684381%2C53408%2C9105%2C22730%2C2821%2C106030%2C18644%2C14869%2C47210%2C15124%2C65%2C13526%2C391%2C26504%2C9252%2C3479%2C2519%2C10511%2C23206%2C10364%2C4815%2C2%2C19813%2C19660%2C562%2C11784%2C2796%2C2595%2C5656%2C2625%2C1904%2C874%2C10552%2C591%2C6045%2C64%2C4324%2C2313%2C1491%2C1592%2C1479%2C3906%2C1563%2C3888%2C207%2C346%2C7947%2C842%2C4174%2C1995%2C355%2C2585%2C62%2C372%2C723%2C1671%2C1635%2C867%2C1060%2C2039%2C5%2C3485%2C166%2C1414%2C2164%2C332%2C12%2C1029%2C2643%2C938%2C70&cl=787819992&seq=1&docid=otaSWMeT8w8&ei=sHmJaIG3H9TFkucPjZ3nwAg&event=streamingstats&feature=plpp_video&plid=AAY7G7UWRHlzFxHU&sdetail=p%3A%2Fplaylist&sourceid=y&cbrand=apple&cbr=Chrome&cbrver=138.0.0.0&c=WEB&cver=2.20250728.08.00&cplayer=UNIPLAYER&cos=Macintosh&cosver=10_15_7&cplatform=DESKTOP&vps=0.000:N,0.044:B,0.275:B&cat=streaming,sabr&ctmp=esfw:usbc.1;hsu.1&cmt=0.044:0.000,0.275:0.000&bwe=0.275:8191182&bat=0.275:0.66:1&vis=0.275:0&bh=0.275:0.000&qclc=ChBEU0V4bUV2MmY2QWRvRDNZEAE",
        "city": "New York",
        "region": "New York",
        "country": "United States",
        "org": "Google LLC",
        "timezone": "America/New_York",
        "source": "ip-api.com"
      },
      "geometry": {
        "type": "Point",
        "coordinates": [
          -74.006,
          40.7128
        ]
      }
    },
    {
      "type": "Feature",
      "properties": {
        "ip": "142.250.65.238",
        "url": "https://www.youtube.com/api/timedtext?v=0wBfICuWl7M&ei=ZXmJaJ2DKY-Fy_sPypGguAY&caps=asr&opi=112496729&exp=xpe&xoaf=5&xosf=1&hl=zh-CN&ip=0.0.0.0&ipbits=0&expire=1753865173&sparams=ip%2Cipbits%2Cexpire%2Cv%2Cei%2Ccaps%2Copi%2Cexp%2Cxoaf&signature=87F0B7667ED54DEA4B8893DDC78EDC60CD41D694.2F4F4B0CC1ED433BD03679C755161714BD76FF82&key=yt8&kind=asr&lang=en&potc=1&pot=MlUO5Z-N4PL0EA7b-6yroREm9DKOLIAO2TYghRnV4RodcfgGJkhN8SKwhgteD7BWXudjWhxUJWn3UghJl3rnG16-2nnGhyoAWMj9uOnqnT9-guMDJdGz&fmt=json3&xorb=2&xobt=3&xovt=3&cbrand=apple&cbr=Chrome&cbrver=138.0.0.0&c=WEB&cver=2.20250728.08.00&cplayer=UNIPLAYER&cos=Macintosh&cosver=10_15_7&cplatform=DESKTOP&tlang=zh-Hans",
        "city": "New York",
        "region": "New York",
        "country": "United States",
        "org": "Google LLC",
        "timezone": "America/New_York",
        "source": "ip-api.com"
      },
      "geometry": {
        "type": "Point",
        "coordinates": [
          -74.006,
          40.7128
        ]
      }
    },
    {
      "type": "Feature",
      "properties": {
        "ip": "142.250.65.238",
        "url": "https://www.youtube.com/api/timedtext?v=lGDhd-DTmrQ&ei=lHmJaNjOMeC1kucP2ufnqQg&caps=asr&opi=112496729&exp=xpe&xoaf=5&xosf=1&hl=zh-CN&ip=0.0.0.0&ipbits=0&expire=1753865220&sparams=ip%2Cipbits%2Cexpire%2Cv%2Cei%2Ccaps%2Copi%2Cexp%2Cxoaf&signature=DE06BB848D31966F194CC5422C0B7B1D15FA7BCB.655FDE48E7B9A56B78E9812B979D2CA775EB2319&key=yt8&kind=asr&lang=en&potc=1&pot=MlWmpv2n7X0c-aaYmYamLvnPXHHsBo2BMd-Ixnv_7JX1mFBFRGJAfspZLkg8Jb3Ztg7LGX5-KOYfu6AK9VDqlLZXcjqkrSePsCFyCDwfmmt_L7yoI6Yh&fmt=json3&xorb=2&xobt=3&xovt=3&cbrand=apple&cbr=Chrome&cbrver=138.0.0.0&c=WEB&cver=2.20250728.08.00&cplayer=UNIPLAYER&cos=Macintosh&cosver=10_15_7&cplatform=DESKTOP&tlang=zh-CN",
        "city": "New York",
        "region": "New York",
        "country": "United States",
        "org": "Google LLC",
        "timezone": "America/New_York",
        "source": "ip-api.com"
      },
      "geometry": {
        "type": "Point",
        "coordinates": [
          -74.006,
          40.7128
        ]
      }
    },
    {
      "type": "Feature",
      "properties": {
        "ip": "142.250.65.238",
        "url": "https://www.youtube.com/api/stats/atr?ns=yt&el=detailpage&cpn=G4pFAwLvDqtQgcbE&ver=2&cmt=1.053&fmt=396&fs=0&rt=1.211&euri&lact=206&cl=787819992&mos=1&volume=100&cbrand=apple&cbr=Chrome&cbrver=138.0.0.0&c=WEB&cver=2.20250728.08.00&cplayer=UNIPLAYER&cos=Macintosh&cosver=10_15_7&cplatform=DESKTOP&autoplay=1&delay=10&hl=zh_CN&cr=US&uga=35&len=132.221&fexp=v1%2C23930656%2C55365%2C18623%2C695255%2C14625955%2C11684381%2C53408%2C9105%2C22730%2C2821%2C106030%2C18644%2C14869%2C47210%2C15124%2C65%2C13526%2C391%2C26504%2C9252%2C3479%2C2519%2C10511%2C23206%2C10364%2C4815%2C2%2C19813%2C19660%2C562%2C11784%2C2796%2C2595%2C5656%2C2625%2C1904%2C874%2C10552%2C591%2C6045%2C64%2C4324%2C2313%2C1491%2C1592%2C1479%2C3906%2C1563%2C3888%2C207%2C346%2C7947%2C842%2C4174%2C1995%2C355%2C2585%2C62%2C372%2C723%2C1671%2C1635%2C867%2C1060%2C2039%2C5%2C3485%2C166%2C1414%2C2164%2C332%2C12%2C1029%2C2643%2C938%2C70&feature=g-high&afmt=251&muted=1&vis=5&au=en-US.4&docid=6W_s3VPMdNs&ei=RnmJaP2LI5PNoPMPtP7cyA8&plid=AAY7G67FvZixLwGD&vm=CAEQABgEOjJBSHFpSlRJbmJCQlRxcFdnb1V3VDMzbnBaZEcxaklLRXZYTVVSTWliMm9uUEFYOWFfd2JfQUZVQTZSUmdOMUVwLXF5WUgwR3JSXzZpdnR4RVJkY0FCR1ZqREZCQ0lLX3owMW5uZmR3UEUwUXEtTUZubjQ1S1hLd0syd3hoTWQ2TjNOSmJjal9NQ2JianNfS2swU2c",
        "city": "New York",
        "region": "New York",
        "country": "United States",
        "org": "Google LLC",
        "timezone": "America/New_York",
        "source": "ip-api.com"
      },
      "geometry": {
        "type": "Point",
        "coordinates": [
          -74.006,
          40.7128
        ]
      }
    },
    {
      "type": "Feature",
      "properties": {
        "ip": "142.250.65.238",
        "url": "https://www.youtube.com/api/timedtext?v=S7dc_DOVwbI&ei=OXmJaJiuF4yGkucPq6OjgQg&caps=asr&opi=112496729&exp=xpo%2Cxpe&xoaf=7&xospf=1&hl=zh-CN&ip=0.0.0.0&ipbits=0&expire=1753865129&sparams=ip%2Cipbits%2Cexpire%2Cv%2Cei%2Ccaps%2Copi%2Cexp%2Cxoaf&signature=AA88A0946238904B283AD967CEFCBB85866EE24A.0BBF31CE519845780CD194E531E5C04C516872C6&key=yt8&kind=asr&lang=en&variant=punctuated&potc=1&pot=MlUJuLu3SLGkBwmG35YD4kEx82-qFihNiSEn2D3vSVlNZv9bAnLlsnKngVZ6NRgVDvBkBzhujSqnRQ8Us0BPWA6p3STivYJDCN_0REefXBUBhvlyZMbw&fmt=json3&xorb=2&xobt=3&xovt=3&cbrand=apple&cbr=Chrome&cbrver=138.0.0.0&c=WEB&cver=2.20250728.08.00&cplayer=UNIPLAYER&cos=Macintosh&cosver=10_15_7&cplatform=DESKTOP",
        "city": "New York",
        "region": "New York",
        "country": "United States",
        "org": "Google LLC",
        "timezone": "America/New_York",
        "source": "ip-api.com"
      },
      "geometry": {
        "type": "Point",
        "coordinates": [
          -74.006,
          40.7128
        ]
      }
    },
    {
      "type": "Feature",
      "properties": {
        "ip": "142.250.65.238",
        "url": "https://www.youtube.com/api/stats/watchtime?ns=yt&el=shortspage&cpn=dL0jEbaRvVHtsl66&ver=2&cmt=0&fmt=398&fs=0&rt=0.522&euri=https%3A%2F%2Fwww.youtube.com%2Fshorts%2F0wBfICuWl7M&lact=12266&cl=787819992&state=paused&volume=62&cbrand=apple&cbr=Chrome&cbrver=138.0.0.0&c=WEB&cver=2.20250728.08.00&cplayer=UNIPLAYER&cos=Macintosh&cosver=10_15_7&cplatform=DESKTOP&delay=4&hl=zh_CN&cr=US&uga=35&len=14.841&afmt=251&idpj=-5&ldpj=-6&rti=6&st=0&et=0.242&muted=0&docid=iCuxBMrc8bE&ei=l3mJaPXnFsWVkucP5f2D4AU&plid=AAY7G7OWbqNaZYGP&referrer=https%3A%2F%2Fwww.youtube.com%2Fshorts%2FyxIfKLAHEho&sdetail=p%3A%2Fshorts%2FyxIfKLAHEho&sourceid=y&of=ZhnM2NhBkSmMny4AjiimEA&vm=CAQQARgCOjJBSHFpSlRLMzd4eVZTaGxTR0VUNk8tblRzODJKSmZOa0xqRjc4alJlRlZ0N3l3WFdVQWJfQUZVQTZSVFlrRUVWYWNlcXotNWMtTTJ1UGJRMFY1RFJCd2FsV1oxMVJZOVUxMk80MkdJQWdCLXBMcFFBZzJnQ0VsYlphUF9CT3BJSm5fRHBEOVFCYWZ0RkJTM0w3SFk",
        "city": "New York",
        "region": "New York",
        "country": "United States",
        "org": "Google LLC",
        "timezone": "America/New_York",
        "source": "ip-api.com"
      },
      "geometry": {
        "type": "Point",
        "coordinates": [
          -74.006,
          40.7128
        ]
      }
    },
    {
      "type": "Feature",
      "properties": {
        "ip": "142.250.65.238",
        "url": "https://www.youtube.com/api/stats/qoe?fmt=398&afmt=251&cpn=DSExmEv2f6AdoD3Y&el=detailpage&ns=yt&fexp=v1%2C23930656%2C55365%2C18623%2C695255%2C14625955%2C11684381%2C53408%2C9105%2C22730%2C2821%2C106030%2C18644%2C14869%2C47210%2C15124%2C65%2C13526%2C391%2C26504%2C9252%2C3479%2C2519%2C10511%2C23206%2C10364%2C4815%2C2%2C19813%2C19660%2C562%2C11784%2C2796%2C2595%2C5656%2C2625%2C1904%2C874%2C10552%2C591%2C6045%2C64%2C4324%2C2313%2C1491%2C1592%2C1479%2C3906%2C1563%2C3888%2C207%2C346%2C7947%2C842%2C4174%2C1995%2C355%2C2585%2C62%2C372%2C723%2C1671%2C1635%2C867%2C1060%2C2039%2C5%2C3485%2C166%2C1414%2C2164%2C332%2C12%2C1029%2C2643%2C938%2C70&cl=787819992&seq=5&docid=otaSWMeT8w8&ei=sHmJaIG3H9TFkucPjZ3nwAg&event=streamingstats&feature=plpp_video&plid=AAY7G7UWRHlzFxHU&sdetail=p%3A%2Fplaylist&sourceid=y&cbrand=apple&cbr=Chrome&cbrver=138.0.0.0&c=WEB&cver=2.20250728.08.00&cplayer=UNIPLAYER&cos=Macintosh&cosver=10_15_7&cplatform=DESKTOP&vps=60.011:PL&bwm=60.011:3576372:1.290&bwe=60.011:4317361&bat=60.011:0.67:1&cmt=60.011:54.573&bh=60.011:72.912&qclc=ChBEU0V4bUV2MmY2QWRvRDNZEAU",
        "city": "New York",
        "region": "New York",
        "country": "United States",
        "org": "Google LLC",
        "timezone": "America/New_York",
        "source": "ip-api.com"
      },
      "geometry": {
        "type": "Point",
        "coordinates": [
          -74.006,
          40.7128
        ]
      }
    },
    {
      "type": "Feature",
      "properties": {
        "ip": "142.250.65.238",
        "url": "https://www.youtube.com/ptracking?html5=1&video_id=otaSWMeT8w8&cpn=Zb-07ICh_J_R3YqT&ei=WHmJaPrVKoXQoPMP5PzR2QE&ptk=youtube_multi&oid=BtscXOksyqSTYfLFAiFZaw.J8vAyKuNSYBIN_9RIdxggQ.YbGWGCIUCoaUePqGy_acMw.ghgcd_xPPR_URSW5U_cwtQ&pltype=contentugc&m=Ar5cyRvtyOBSmx0XMssmtWhYVcKJWnAQWZXqsu0Bn43Uj-XqHhl87ijPLeP1lv3lqYWEhfaXmOv7dRy4qRqme4fa",
        "city": "New York",
        "region": "New York",
        "country": "United States",
        "org": "Google LLC",
        "timezone": "America/New_York",
        "source": "ip-api.com"
      },
      "geometry": {
        "type": "Point",
        "coordinates": [
          -74.006,
          40.7128
        ]
      }
    },
    {
      "type": "Feature",
      "properties": {
        "ip": "142.250.65.238",
        "url": "https://www.youtube.com/api/timedtext?v=Zg3Xd0giIIk&ei=LnmJaLOwD9KqoPMPjoLXmAg&caps=asr&opi=112496729&exp=xpo%2Cxpe&xoaf=7&hl=zh-CN&ip=0.0.0.0&ipbits=0&expire=1753865118&sparams=ip%2Cipbits%2Cexpire%2Cv%2Cei%2Ccaps%2Copi%2Cexp%2Cxoaf&signature=48FD11B8B36B84A618376719EFB30E1D6945203D.C139E6F99B564304ECC0960F6B8FA722277243EE&key=yt8&kind=asr&lang=en&variant=punctuated&potc=1&pot=MlUt9cLw1mq-CS3LptGdOVs_1yLTUbaWky8DlUSo14JXaNsWezV7aWippRsDcobOFP5ASkEpE_G9SytZygfRgxSn-Wmb-hyYEtFW_0mepf5Jh_3OQbdd&fmt=json3&xorb=2&xobt=3&xovt=3&cbrand=apple&cbr=Chrome&cbrver=138.0.0.0&c=WEB&cver=2.20250728.08.00&cplayer=UNIPLAYER&cos=Macintosh&cosver=10_15_7&cplatform=DESKTOP",
        "city": "New York",
        "region": "New York",
        "country": "United States",
        "org": "Google LLC",
        "timezone": "America/New_York",
        "source": "ip-api.com"
      },
      "geometry": {
        "type": "Point",
        "coordinates": [
          -74.006,
          40.7128
        ]
      }
    },
    {
      "type": "Feature",
      "properties": {
        "ip": "142.250.65.238",
        "url": "https://www.youtube.com/api/stats/qoe?fmt=247&afmt=251&cpn=M9UqSPjRiF2gSgNJ&el=detailpage&ns=yt&fexp=v1%2C23930656%2C55365%2C18623%2C695255%2C14625955%2C11684381%2C53408%2C9105%2C22730%2C2821%2C106030%2C18644%2C14869%2C47210%2C15124%2C65%2C13526%2C391%2C26504%2C9252%2C3479%2C2519%2C10511%2C23206%2C10364%2C4815%2C2%2C19813%2C19660%2C562%2C11784%2C2796%2C2595%2C5656%2C2625%2C1904%2C874%2C10552%2C591%2C6045%2C64%2C4324%2C2313%2C1491%2C1592%2C1479%2C3906%2C1563%2C3888%2C207%2C346%2C7947%2C842%2C4174%2C1995%2C355%2C2585%2C62%2C372%2C723%2C1671%2C1635%2C867%2C1060%2C2039%2C5%2C3485%2C166%2C1414%2C2164%2C332%2C12%2C1029%2C2643%2C938%2C70&cl=787819992&adformat=15_20&seq=3&adcontext=CAESEwjR04OFu-OOAxX8Qp0GHfp7Io0gECgE&docid=0XlsFeNWDMg&ei=j3mJaJDyI5m-kucPjO68kQg&event=streamingstats&plid=AAY7G7Mfe0U9YavT&sdetail=p%3A%2Fshorts%2FWkysaIBxwPc&sourceid=y&cbrand=apple&cbr=Chrome&cbrver=138.0.0.0&c=WEB&cver=2.20250728.08.00&cplayer=UNIPLAYER&cos=Macintosh&cosver=10_15_7&cplatform=DESKTOP&user_intent=0&bh=0.418:18.749,1.327:0.000&cmt=0.418:0.035,1.173:0.790,1.322:0.938,1.325:0.000,1.326:0.000,1.327:0.000&vps=0.418:PL,1.322:PA,1.325:N,1.326:SU,1.327:SU&cfi=1.269:a.en:m&bwm=1.327:143:0.023&bat=1.327:0.65:1&qclc=ChBNOVVxU1BqUmlGMmdTZ05KEAMaDENnSUlEQSUzRCUzRA",
        "city": "New York",
        "region": "New York",
        "country": "United States",
        "org": "Google LLC",
        "timezone": "America/New_York",
        "source": "ip-api.com"
      },
      "geometry": {
        "type": "Point",
        "coordinates": [
          -74.006,
          40.7128
        ]
      }
    },
    {
      "type": "Feature",
      "properties": {
        "ip": "142.250.65.238",
        "url": "https://www.youtube.com/api/stats/watchtime?ns=yt&el=shortspage&cpn=XL_rutMTUkEBX_dj&ver=2&cmt=0&fmt=398&fs=0&rt=0.492&euri=https%3A%2F%2Fwww.youtube.com%2Fshorts%2F0wBfICuWl7M&lact=9617&cl=787819992&state=paused&volume=62&cbrand=apple&cbr=Chrome&cbrver=138.0.0.0&c=WEB&cver=2.20250728.08.00&cplayer=UNIPLAYER&cos=Macintosh&cosver=10_15_7&cplatform=DESKTOP&delay=4&hl=zh_CN&cr=US&uga=35&len=10.921&afmt=251&idpj=-2&ldpj=-6&rti=9&st=0&et=0.171&muted=0&cc=a.en&docid=lGDhd-DTmrQ&ei=lHmJaNjOMeC1kucP2ufnqQg&plid=AAY7G7NvTWcC11bf&referrer=https%3A%2F%2Fwww.youtube.com%2Fshorts%2FqxHGvJfqBeo&sdetail=p%3A%2Fshorts%2FqxHGvJfqBeo&sourceid=y&of=ShGPvePbP-ynCeGX0HyHQQ&vm=CAEQABgEOjJBSHFpSlRLeUw4YWxiTWc0c1NTMzBYcktha3hvNlowZjFrN3A2czNiNWNWRGh0TmExd2JfQUZVQTZSUUd0ajRCT3ZfcmRuUFdJcUg4bXhPaUIwNG16THVNa3dRT0RYXzM1Q2J3aEZFa3c4bk9JejhVOFdOUDZtbXRPZEp0Z2pteDFTdW1Lb1VNLTdoQmptcDZHbVE",
        "city": "New York",
        "region": "New York",
        "country": "United States",
        "org": "Google LLC",
        "timezone": "America/New_York",
        "source": "ip-api.com"
      },
      "geometry": {
        "type": "Point",
        "coordinates": [
          -74.006,
          40.7128
        ]
      }
    },
    {
      "type": "Feature",
      "properties": {
        "ip": "142.250.65.238",
        "url": "https://www.youtube.com/ptracking?html5=1&video_id=otaSWMeT8w8&cpn=DSExmEv2f6AdoD3Y&ei=sHmJaIG3H9TFkucPjZ3nwAg&ptk=youtube_multi&oid=BtscXOksyqSTYfLFAiFZaw.J8vAyKuNSYBIN_9RIdxggQ.YbGWGCIUCoaUePqGy_acMw.ghgcd_xPPR_URSW5U_cwtQ&pltype=contentugc&m=Anr0iDJhkv4BN5RMHHGXpSPCZo_JKKVb_9tWYSK2_gCc26EphCnjuod0bt4Nlrx7A4-kS6GttS80aBcTa_SCcDwI",
        "city": "New York",
        "region": "New York",
        "country": "United States",
        "org": "Google LLC",
        "timezone": "America/New_York",
        "source": "ip-api.com"
      },
      "geometry": {
        "type": "Point",
        "coordinates": [
          -74.006,
          40.7128
        ]
      }
    },
    {
      "type": "Feature",
      "properties": {
        "ip": "142.250.65.238",
        "url": "https://www.youtube.com/s/desktop/fb317ea9/jsbin/lottie-light.vflset/lottie-light.js",
        "city": "New York",
        "region": "New York",
        "country": "United States",
        "org": "Google LLC",
        "timezone": "America/New_York",
        "source": "ip-api.com"
      },
      "geometry": {
        "type": "Point",
        "coordinates": [
          -74.006,
          40.7128
        ]
      }
    },
    {
      "type": "Feature",
      "properties": {
        "ip": "142.250.65.238",
        "url": "https://www.youtube.com/youtubei/v1/next?prettyPrint=false",
        "city": "New York",
        "region": "New York",
        "country": "United States",
        "org": "Google LLC",
        "timezone": "America/New_York",
        "source": "ip-api.com"
      },
      "geometry": {
        "type": "Point",
        "coordinates": [
          -74.006,
          40.7128
        ]
      }
    },
    {
      "type": "Feature",
      "properties": {
        "ip": "142.250.65.238",
        "url": "https://www.youtube.com/ptracking?html5=1&video_id=3F7t2bnGbis&cpn=fbyitdUMTjwLLY8N&ei=SHmJaJWPCZeikucPzMKRwAc&ptk=youtube_single&oid=Ji_P9lt7-qSsZSDYH4ikhg&ptchn=9UxopYsLuaX1Nu3-plUQbw&pltype=content&m=A24odGHDKI9_hTQVZ_1IlDW01ODOyHim4AlYQieTMrgfi-ejVxbNXEne0yOuxjYdzGJLae1kUXyH1n04y8WLRpxa",
        "city": "New York",
        "region": "New York",
        "country": "United States",
        "org": "Google LLC",
        "timezone": "America/New_York",
        "source": "ip-api.com"
      },
      "geometry": {
        "type": "Point",
        "coordinates": [
          -74.006,
          40.7128
        ]
      }
    },
    {
      "type": "Feature",
      "properties": {
        "ip": "142.250.65.238",
        "url": "https://www.youtube.com/api/timedtext?v=THY_UFpbZJY&ei=XHmJaOC_E4aqoPMPtLv9oAE&caps=asr&opi=112496729&exp=xpo%2Cxpe&xoaf=7&hl=zh-CN&ip=0.0.0.0&ipbits=0&expire=1753865164&sparams=ip%2Cipbits%2Cexpire%2Cv%2Cei%2Ccaps%2Copi%2Cexp%2Cxoaf&signature=0A27F49439B072E3C9DCB4690BAFE5FA427ACBF5.E090AD05C8F96BDB44454A2AF92B59218189AB73&key=yt8&lang=en-US&potc=1&pot=MlVa5TtRDBzt-1rbX3BHTwjNoDIq8GzgwN10hb0JDfQEmqwGgpShHztb0gv601y4Rww3WriIyYfuuVxJM6YL9UdVjnliW8buQSPtzxWKsIiEa94hFya9&fmt=json3&xorb=2&xobt=3&xovt=3&cbrand=apple&cbr=Chrome&cbrver=138.0.0.0&c=WEB&cver=2.20250728.08.00&cplayer=UNIPLAYER&cos=Macintosh&cosver=10_15_7&cplatform=DESKTOP",
        "city": "New York",
        "region": "New York",
        "country": "United States",
        "org": "Google LLC",
        "timezone": "America/New_York",
        "source": "ip-api.com"
      },
      "geometry": {
        "type": "Point",
        "coordinates": [
          -74.006,
          40.7128
        ]
      }
    },
    {
      "type": "Feature",
      "properties": {
        "ip": "142.250.65.238",
        "url": "https://www.youtube.com/ptracking?html5=1&video_id=Qvh2DovBi64&cpn=Mb-B6HKdw_6CJYKJ&ei=M3mJaNGCCqiGoPMPq9WVyAM&ptk=youtube_single&oid=zzkjNrzgX5zt5q7Oh1_KMA&ptchn=qit4NtRDfdEHKX_zgmAwrg&pltype=content&m=ApzsBZkV0PVSyaZ15ybkDu7Sm0_HQRu0HylE88HuAgVGMBr79zmCx1NG2xyEgP2jSN_UawbRitImHOGmVe3Tj8_K",
        "city": "New York",
        "region": "New York",
        "country": "United States",
        "org": "Google LLC",
        "timezone": "America/New_York",
        "source": "ip-api.com"
      },
      "geometry": {
        "type": "Point",
        "coordinates": [
          -74.006,
          40.7128
        ]
      }
    },
    {
      "type": "Feature",
      "properties": {
        "ip": "142.250.65.238",
        "url": "https://www.youtube.com/api/timedtext?v=pWRlDIBoQW4&ei=N3mJaOnGNqi30_wPi-eEmAs&caps=asr&opi=112496729&exp=xpo%2Cxpe&xoaf=7&hl=zh-CN&ip=0.0.0.0&ipbits=0&expire=1753865127&sparams=ip%2Cipbits%2Cexpire%2Cv%2Cei%2Ccaps%2Copi%2Cexp%2Cxoaf&signature=AADF738DA957E1EFF95C383F2D4CDC9C2211F087.54CCFFE4477FC6B73B7A03C7CF6714AC7DABC3DD&key=yt8&lang=en-US&potc=1&pot=MlW-Q2bKkHKWhr59AuvbIXOwRJR3a_COu6CQI-CSkZp_50ig3w89cUAmNq2nSMDWPHHT_OUTVemVxLjvbj2Xmzwoat8_wFqAOl7DMsNkGMyC33sKjkGj&fmt=json3&xorb=2&xobt=3&xovt=3&cbrand=apple&cbr=Chrome&cbrver=138.0.0.0&c=WEB&cver=2.20250728.08.00&cplayer=UNIPLAYER&cos=Macintosh&cosver=10_15_7&cplatform=DESKTOP",
        "city": "New York",
        "region": "New York",
        "country": "United States",
        "org": "Google LLC",
        "timezone": "America/New_York",
        "source": "ip-api.com"
      },
      "geometry": {
        "type": "Point",
        "coordinates": [
          -74.006,
          40.7128
        ]
      }
    },
    {
      "type": "Feature",
      "properties": {
        "ip": "142.250.65.238",
        "url": "https://www.youtube.com/pagead/viewthroughconversion/962985656/?backend=innertube&cname=1&cver=2_20250728&foc_id=PWN4x5XTF-bx1B-4DTI4cA&label=followon_view&ptype=no_rmkt&random=1042270795",
        "city": "New York",
        "region": "New York",
        "country": "United States",
        "org": "Google LLC",
        "timezone": "America/New_York",
        "source": "ip-api.com"
      },
      "geometry": {
        "type": "Point",
        "coordinates": [
          -74.006,
          40.7128
        ]
      }
    },
    {
      "type": "Feature",
      "properties": {
        "ip": "142.250.65.238",
        "url": "https://www.youtube.com/api/stats/qoe?fmt=396&afmt=251&cpn=fbyitdUMTjwLLY8N&el=detailpage&ns=yt&fexp=v1%2C23930656%2C55365%2C18623%2C695255%2C14625955%2C11684381%2C53408%2C9105%2C22730%2C2821%2C106030%2C18644%2C14869%2C47210%2C15124%2C65%2C13526%2C391%2C26504%2C9252%2C3479%2C2519%2C10511%2C23206%2C10364%2C4815%2C2%2C19813%2C19660%2C562%2C11784%2C2796%2C2595%2C5656%2C2625%2C1904%2C874%2C10552%2C591%2C6045%2C64%2C4324%2C2313%2C1491%2C1592%2C1479%2C3906%2C1563%2C3888%2C207%2C346%2C7947%2C842%2C4174%2C1995%2C355%2C2585%2C62%2C372%2C723%2C1671%2C1635%2C867%2C1060%2C2039%2C5%2C3485%2C166%2C1414%2C2164%2C332%2C12%2C1029%2C2643%2C938%2C70&cl=787819992&seq=1&docid=3F7t2bnGbis&ei=SHmJaJWPCZeikucPzMKRwAc&event=streamingstats&feature=g-high-rec&plid=AAY7G67dsDXGHyjL&sdetail=p%3A%2F&sourceid=y&cbrand=apple&cbr=Chrome&cbrver=138.0.0.0&c=WEB&cver=2.20250728.08.00&cplayer=UNIPLAYER&cos=Macintosh&cosver=10_15_7&cplatform=DESKTOP&vps=0.000:N,0.005:B,0.054:B,0.054:B&cat=streaming,mta,sabr&ctmp=esfw:usbc.1;hsu.1,atrkchg:t.54;id.en-US.4;m.0&cmt=0.005:0.000,0.054:0.000&afs=0.052:251;ChEKBWFjb250EghvcmlnaW5hbAoNCgRsYW5nEgVlbi1VUw::i:CBgoAQ&vfs=0.054:396:396::r:CBgoAQ&view=0.054:357:201:2&bwm=0.054:762067:0.051&bwe=0.054:1265309&bat=0.054:0.64:1&vis=0.054:5&bh=0.054:0.000&qclc=ChBmYnlpdGRVTVRqd0xMWThOEAE",
        "city": "New York",
        "region": "New York",
        "country": "United States",
        "org": "Google LLC",
        "timezone": "America/New_York",
        "source": "ip-api.com"
      },
      "geometry": {
        "type": "Point",
        "coordinates": [
          -74.006,
          40.7128
        ]
      }
    },
    {
      "type": "Feature",
      "properties": {
        "ip": "142.250.65.238",
        "url": "https://www.youtube.com/api/stats/qoe?cpn=W4dcoRT_QP7neJH4&el=shortspage&ns=yt&fexp=v1%2C23930656%2C55365%2C18623%2C695255%2C14625955%2C11684381%2C53408%2C9105%2C22730%2C2821%2C106030%2C18644%2C14869%2C47210%2C15124%2C65%2C13526%2C391%2C26504%2C9252%2C3479%2C2519%2C10511%2C23206%2C10364%2C4815%2C2%2C19813%2C19660%2C562%2C11784%2C2796%2C2595%2C5656%2C2625%2C1904%2C874%2C10552%2C591%2C6045%2C64%2C4324%2C2313%2C1491%2C1592%2C1479%2C3906%2C1563%2C3888%2C207%2C346%2C7947%2C842%2C4174%2C1995%2C355%2C2585%2C62%2C372%2C723%2C1671%2C1635%2C867%2C1060%2C2039%2C5%2C3485%2C166%2C1414%2C2164%2C332%2C12%2C1029%2C2643%2C938%2C70&cl=787819992&seq=1&docid=9RMilKQNsho&ei=kHmJaMmFOOO3kucPwcf_qAI&event=streamingstats&plid=AAY7G7Mz0I__chHJ&sdetail=p%3A%2Fshorts%2F0XlsFeNWDMg&sourceid=y&cbrand=apple&cbr=Chrome&cbrver=138.0.0.0&c=WEB&cver=2.20250728.08.00&cplayer=UNIPLAYER&cos=Macintosh&cosver=10_15_7&cplatform=DESKTOP&vps=0.000:N,0.003:B,0.025:B&cat=streaming,sabr&ctmp=esfw:usbc.1;hsu.1&cmt=0.003:0.000,0.025:0.000&bwe=0.025:5163811&bat=0.025:0.65:1&vis=0.025:0&bh=0.025:0.000&qclc=ChBXNGRjb1JUX1FQN25lSkg0EAEaDENnSUlEQSUzRCUzRA",
        "city": "New York",
        "region": "New York",
        "country": "United States",
        "org": "Google LLC",
        "timezone": "America/New_York",
        "source": "ip-api.com"
      },
      "geometry": {
        "type": "Point",
        "coordinates": [
          -74.006,
          40.7128
        ]
      }
    },
    {
      "type": "Feature",
      "properties": {
        "ip": "142.250.65.238",
        "url": "https://www.youtube.com/api/stats/qoe?fmt=396&cpn=5m7xa9A0xZ9cQu-J&el=detailpage&ns=yt&fexp=v1%2C23930656%2C55365%2C18623%2C695255%2C14625955%2C11684381%2C53408%2C9105%2C22730%2C2821%2C106030%2C18644%2C14869%2C47210%2C15124%2C65%2C13526%2C391%2C26504%2C9252%2C3479%2C2519%2C10511%2C23206%2C10364%2C4815%2C2%2C19813%2C19660%2C562%2C11784%2C2796%2C2595%2C5656%2C2625%2C1904%2C874%2C10552%2C591%2C6045%2C64%2C4324%2C2313%2C1491%2C1592%2C1479%2C3906%2C1563%2C3888%2C207%2C346%2C7947%2C842%2C4174%2C1995%2C355%2C2585%2C62%2C372%2C723%2C1671%2C1635%2C867%2C1060%2C2039%2C5%2C3485%2C166%2C1414%2C2164%2C332%2C12%2C1029%2C2643%2C938%2C70&cl=787819992&seq=2&docid=4Ds2VCOKMSE&ei=MnmJaMjME7CAy_sP7fqniQc&event=streamingstats&feature=g-high&plid=AAY7G62QmbFH7Dbe&sdetail=p%3A%2F&sourceid=y&cbrand=apple&cbr=Chrome&cbrver=138.0.0.0&c=WEB&cver=2.20250728.08.00&cplayer=UNIPLAYER&cos=Macintosh&cosver=10_15_7&cplatform=DESKTOP&vfs=0.134:396:396::r:CA8oAQ&view=0.134:232:348:2&vps=0.134:S,0.134:S&bwm=0.134:1157:0.132&bwe=0.134:2626599&bat=0.134:0.64:1&cmt=0.134:3.000&bh=0.134:0.000&qclc=ChA1bTd4YTlBMHhaOWNRdS1KEAI",
        "city": "New York",
        "region": "New York",
        "country": "United States",
        "org": "Google LLC",
        "timezone": "America/New_York",
        "source": "ip-api.com"
      },
      "geometry": {
        "type": "Point",
        "coordinates": [
          -74.006,
          40.7128
        ]
      }
    },
    {
      "type": "Feature",
      "properties": {
        "ip": "142.250.65.238",
        "url": "https://www.youtube.com/api/stats/qoe?fmt=398&afmt=251&cpn=KHlzL2XVthjSOKmg&el=shortspage&ns=yt&fexp=v1%2C23930656%2C55365%2C18623%2C695255%2C14625955%2C11684381%2C53408%2C9105%2C22730%2C2821%2C106030%2C18644%2C14869%2C47210%2C15124%2C65%2C13526%2C391%2C26504%2C9252%2C3479%2C2519%2C10511%2C23206%2C10364%2C4815%2C2%2C19813%2C19660%2C562%2C11784%2C2796%2C2595%2C5656%2C2625%2C1904%2C874%2C10552%2C591%2C6045%2C64%2C4324%2C2313%2C1491%2C1592%2C1479%2C3906%2C1563%2C3888%2C207%2C346%2C7947%2C842%2C4174%2C1995%2C355%2C2585%2C62%2C372%2C723%2C1671%2C1635%2C867%2C1060%2C2039%2C5%2C3485%2C166%2C1414%2C2164%2C332%2C12%2C1029%2C2643%2C938%2C70&cl=787819992&seq=2&docid=WkysaIBxwPc&ei=jnmJaOfHEIO4kucPpYXn6Qs&event=streamingstats&plid=AAY7G7MLtTSihYV2&sdetail=p%3A%2Fshorts%2FkJ3o1E2WS8E&sourceid=y&cbrand=apple&cbr=Chrome&cbrver=138.0.0.0&c=WEB&cver=2.20250728.08.00&cplayer=UNIPLAYER&cos=Macintosh&cosver=10_15_7&cplatform=DESKTOP&afs=0.111:251;CggKA2RyYxIBMQ::i:CC8oAQ&ctmp=atrkchg:t.113;id.und;m.0&vfs=0.114:398:398::r:CC8oAQ&view=0.114:428:761:2&vps=0.114:B,0.114:B&bwm=0.114:17125:0.110&bwe=0.114:8537898&bat=0.114:0.65:1&cmt=0.114:0.000&bh=0.114:0.000&qclc=ChBLSGx6TDJYVnRoalNPS21nEAIaDENnSUlEQSUzRCUzRA",
        "city": "New York",
        "region": "New York",
        "country": "United States",
        "org": "Google LLC",
        "timezone": "America/New_York",
        "source": "ip-api.com"
      },
      "geometry": {
        "type": "Point",
        "coordinates": [
          -74.006,
          40.7128
        ]
      }
    },
    {
      "type": "Feature",
      "properties": {
        "ip": "142.250.65.238",
        "url": "https://www.youtube.com/api/stats/qoe?fmt=398&afmt=251&cpn=DSExmEv2f6AdoD3Y&el=detailpage&ns=yt&fexp=v1%2C23930656%2C55365%2C18623%2C695255%2C14625955%2C11684381%2C53408%2C9105%2C22730%2C2821%2C106030%2C18644%2C14869%2C47210%2C15124%2C65%2C13526%2C391%2C26504%2C9252%2C3479%2C2519%2C10511%2C23206%2C10364%2C4815%2C2%2C19813%2C19660%2C562%2C11784%2C2796%2C2595%2C5656%2C2625%2C1904%2C874%2C10552%2C591%2C6045%2C64%2C4324%2C2313%2C1491%2C1592%2C1479%2C3906%2C1563%2C3888%2C207%2C346%2C7947%2C842%2C4174%2C1995%2C355%2C2585%2C62%2C372%2C723%2C1671%2C1635%2C867%2C1060%2C2039%2C5%2C3485%2C166%2C1414%2C2164%2C332%2C12%2C1029%2C2643%2C938%2C70&cl=787819992&seq=14&docid=otaSWMeT8w8&ei=sHmJaIG3H9TFkucPjZ3nwAg&event=streamingstats&feature=plpp_video&plid=AAY7G7UWRHlzFxHU&sdetail=p%3A%2Fplaylist&sourceid=y&cbrand=apple&cbr=Chrome&cbrver=138.0.0.0&c=WEB&cver=2.20250728.08.00&cplayer=UNIPLAYER&cos=Macintosh&cosver=10_15_7&cplatform=DESKTOP&ctmp=mdstm:t.210317;rst4disc.d;cd.0.000;sq.-1,mdstm:t.210370;rst4disc.d;cd.0.000;sq.-1&cmt=210.763:663.902,210.827:664.234,212.359:681.171,212.569:681.171&vps=210.763:PL,212.359:S:ss.7,212.569:S&bwm=212.359:1652080:0.209&bwe=212.359:3143122,212.569:3143122&bat=212.359:0.7:1,212.569:0.7:1&bh=212.359:18.213,212.569:2.220&qclc=ChBEU0V4bUV2MmY2QWRvRDNZEA4",
        "city": "New York",
        "region": "New York",
        "country": "United States",
        "org": "Google LLC",
        "timezone": "America/New_York",
        "source": "ip-api.com"
      },
      "geometry": {
        "type": "Point",
        "coordinates": [
          -74.006,
          40.7128
        ]
      }
    },
    {
      "type": "Feature",
      "properties": {
        "ip": "142.250.65.238",
        "url": "https://www.youtube.com/ptracking?html5=1&video_id=kJ3o1E2WS8E&cpn=yEzFv5n5TCyxr_H7&ei=aHmJaID2LuLsy9YPvLrIiQ0&ptk=youtube_none&pltype=contentugc&m=AmmXRz_2cfIY-ixtTD6eA9uundes4hnivXlcnWAZqDUofkj1XTj_GZ4XLwOJxDKquryxsmB9JZy31sj4pz_d8zC9",
        "city": "New York",
        "region": "New York",
        "country": "United States",
        "org": "Google LLC",
        "timezone": "America/New_York",
        "source": "ip-api.com"
      },
      "geometry": {
        "type": "Point",
        "coordinates": [
          -74.006,
          40.7128
        ]
      }
    },
    {
      "type": "Feature",
      "properties": {
        "ip": "142.250.65.238",
        "url": "https://www.youtube.com/youtubei/v1/player?prettyPrint=false",
        "city": "New York",
        "region": "New York",
        "country": "United States",
        "org": "Google LLC",
        "timezone": "America/New_York",
        "source": "ip-api.com"
      },
      "geometry": {
        "type": "Point",
        "coordinates": [
          -74.006,
          40.7128
        ]
      }
    },
    {
      "type": "Feature",
      "properties": {
        "ip": "142.250.65.238",
        "url": "https://www.youtube.com/api/stats/playback?ns=yt&el=detailpage&cpn=fMDjmaNK9Zee260q&ver=2&cmt=0.048&fmt=396&fs=0&rt=0.25&euri&lact=230&cl=787819992&mos=1&volume=100&subscribed=1&cbrand=apple&cbr=Chrome&cbrver=138.0.0.0&c=WEB&cver=2.20250728.08.00&cplayer=UNIPLAYER&cos=Macintosh&cosver=10_15_7&cplatform=DESKTOP&autoplay=1&delay=10&hl=zh_CN&cr=US&uga=35&len=46.501&fexp=v1%2C23930656%2C55365%2C18623%2C695255%2C14625955%2C11684381%2C53408%2C9105%2C22730%2C2821%2C106030%2C18644%2C14869%2C47210%2C15124%2C65%2C13526%2C391%2C26504%2C9252%2C3479%2C2519%2C10511%2C23206%2C10364%2C4815%2C2%2C19813%2C19660%2C562%2C11784%2C2796%2C2595%2C5656%2C2625%2C1904%2C874%2C10552%2C591%2C6045%2C64%2C4324%2C2313%2C1491%2C1592%2C1479%2C3906%2C1563%2C3888%2C207%2C346%2C7947%2C842%2C4174%2C1995%2C355%2C2585%2C62%2C372%2C723%2C1671%2C1635%2C867%2C1060%2C2039%2C5%2C3485%2C166%2C1414%2C2164%2C332%2C12%2C1029%2C2643%2C938%2C70&rtn=6&feature=g-high&afmt=251&muted=1&vis=5&docid=Qvh2DovBi64&ei=M3mJaNGCCqiGoPMPq9WVyAM&plid=AAY7G62dZ2Pv6MDr&referrer=https%3A%2F%2Fwww.youtube.com%2F&sdetail=p%3A%2F&sourceid=y&autonav=1&of=ShPYt4YTIxEtCFnju4SHvQ&vm=CAEQARgEOjJBSHFpSlRJUVdUMGhlTVl2Sk1TWTRCdTZDVEF4aTJhYXhFYkpLN3dqclZZTUc4c0JlZ2JfQUZVQTZSVDFqMDQ5bDFPRWs1UTJ1b0x3SF9aRXNnN0E4V0xiZXBYWF8yQ18tLXlnUkNaRkk0b1hSZkIzbjBRejJ2elVlN0xWdkJUS3p6VHdjNmlVaDZPejZIUUg1MTQ",
        "city": "New York",
        "region": "New York",
        "country": "United States",
        "org": "Google LLC",
        "timezone": "America/New_York",
        "source": "ip-api.com"
      },
      "geometry": {
        "type": "Point",
        "coordinates": [
          -74.006,
          40.7128
        ]
      }
    },
    {
      "type": "Feature",
      "properties": {
        "ip": "142.250.65.238",
        "url": "https://www.youtube.com/api/stats/watchtime?ns=yt&el=adunit&cpn=M9UqSPjRiF2gSgNJ&ver=2&cmt=0&fmt=247&fs=0&rt=1.327&adformat=15_20&euri=https%3A%2F%2Fwww.youtube.com%2Fshorts%2F0wBfICuWl7M&lact=5221&cl=787819992&state=paused&volume=62&cbrand=apple&cbr=Chrome&cbrver=138.0.0.0&c=WEB&cver=2.20250728.08.00&cplayer=UNIPLAYER&cos=Macintosh&cosver=10_15_7&cplatform=DESKTOP&final=1&delay=4&hl=zh_CN&cr=US&uga=35&len=37.441&afmt=251&idpj=-2&ldpj=-25&st=0&et=0&muted=0&docid=0XlsFeNWDMg&ei=j3mJaJDyI5m-kucPjO68kQg&plid=AAY7G7Mfe0U9YavT&referrer=https%3A%2F%2Fwww.youtube.com%2Fshorts%2FWkysaIBxwPc&sdetail=p%3A%2Fshorts%2FWkysaIBxwPc&sourceid=y&aqi=ZXmJaJGNLvyF9eQP-veJ6Qg&is_ad=1&of=5fQr0Qdn7sxbUibOI5HZQA&vm=CAEQABgEOjJBSHFpSlRJUzYtOG05aXRzU0hwaGdNZjJ3VEk1Z2QxcjNwWFFYTExvZ3BVMmNObUdQd2JkQUZVQTZSVGNqVVdXQVlxbXQ4VEtJTGNfdHNWcmhsOU1Nc3ppM3ZUN2QycndmRk1RTGhDS2p5T0lsWGJrYmNlRm9PamxrTm0zaDBOekpEeFY5NDl5OHJDYjJmNVdCTnZQSmtDMg",
        "city": "New York",
        "region": "New York",
        "country": "United States",
        "org": "Google LLC",
        "timezone": "America/New_York",
        "source": "ip-api.com"
      },
      "geometry": {
        "type": "Point",
        "coordinates": [
          -74.006,
          40.7128
        ]
      }
    },
    {
      "type": "Feature",
      "properties": {
        "ip": "142.250.65.238",
        "url": "https://www.youtube.com/api/stats/watchtime?ns=yt&el=shortspage&cpn=dL0jEbaRvVHtsl66&ver=2&cmt=0&fmt=398&fs=0&rt=0.524&euri=https%3A%2F%2Fwww.youtube.com%2Fshorts%2F0wBfICuWl7M&lact=12268&cl=787819992&state=paused&volume=62&cbrand=apple&cbr=Chrome&cbrver=138.0.0.0&c=WEB&cver=2.20250728.08.00&cplayer=UNIPLAYER&cos=Macintosh&cosver=10_15_7&cplatform=DESKTOP&final=1&delay=4&hl=zh_CN&cr=US&uga=35&len=14.841&afmt=251&idpj=-5&ldpj=-6&st=0&et=0&muted=0&docid=iCuxBMrc8bE&ei=l3mJaPXnFsWVkucP5f2D4AU&plid=AAY7G7OWbqNaZYGP&referrer=https%3A%2F%2Fwww.youtube.com%2Fshorts%2FyxIfKLAHEho&sdetail=p%3A%2Fshorts%2FyxIfKLAHEho&sourceid=y&of=ZhnM2NhBkSmMny4AjiimEA&vm=CAQQARgCOjJBSHFpSlRLMzd4eVZTaGxTR0VUNk8tblRzODJKSmZOa0xqRjc4alJlRlZ0N3l3WFdVQWJfQUZVQTZSVFlrRUVWYWNlcXotNWMtTTJ1UGJRMFY1RFJCd2FsV1oxMVJZOVUxMk80MkdJQWdCLXBMcFFBZzJnQ0VsYlphUF9CT3BJSm5fRHBEOVFCYWZ0RkJTM0w3SFk",
        "city": "New York",
        "region": "New York",
        "country": "United States",
        "org": "Google LLC",
        "timezone": "America/New_York",
        "source": "ip-api.com"
      },
      "geometry": {
        "type": "Point",
        "coordinates": [
          -74.006,
          40.7128
        ]
      }
    },
    {
      "type": "Feature",
      "properties": {
        "ip": "142.250.65.238",
        "url": "https://www.youtube.com/api/timedtext?v=vUSL2Y9Inus&ei=kXmJaJa7MbKBkucP7rHFoAs&caps=asr&opi=112496729&exp=xpe&xoaf=5&xosf=1&xospf=1&hl=zh-CN&ip=0.0.0.0&ipbits=0&expire=1753865217&sparams=ip%2Cipbits%2Cexpire%2Cv%2Cei%2Ccaps%2Copi%2Cexp%2Cxoaf&signature=5776FFF3B66563AB1683F2C4F373040F4AD2DFED.17230CD50B3890EA1C9C556BD76ED9273628C3E4&key=yt8&kind=asr&lang=en&variant=punctuated&potc=1&pot=MlXN44-NDXvcZ83d66xGKDlRNzSeLG2H8UHjgwnVDJM1BjsANkigeArHRQ1OD13fdpCgXAxUyODfJctPh3oKknbJGX_Wh8eJcL_-o0nvUE_k-WVhs2Pk&fmt=json3&xorb=2&xobt=3&xovt=3&cbrand=apple&cbr=Chrome&cbrver=138.0.0.0&c=WEB&cver=2.20250728.08.00&cplayer=UNIPLAYER&cos=Macintosh&cosver=10_15_7&cplatform=DESKTOP&tlang=zh-CN",
        "city": "New York",
        "region": "New York",
        "country": "United States",
        "org": "Google LLC",
        "timezone": "America/New_York",
        "source": "ip-api.com"
      },
      "geometry": {
        "type": "Point",
        "coordinates": [
          -74.006,
          40.7128
        ]
      }
    },
    {
      "type": "Feature",
      "properties": {
        "ip": "142.250.65.238",
        "url": "https://www.youtube.com/api/stats/qoe?fmt=396&afmt=251&cpn=TzjODNMc-skX1fHp&el=detailpage&ns=yt&fexp=v1%2C23930656%2C55365%2C18623%2C695255%2C14625955%2C11684381%2C53408%2C9105%2C22730%2C2821%2C106030%2C18644%2C14869%2C47210%2C15124%2C65%2C13526%2C391%2C26504%2C9252%2C3479%2C2519%2C10511%2C23206%2C10364%2C4815%2C2%2C19813%2C19660%2C562%2C11784%2C2796%2C2595%2C5656%2C2625%2C1904%2C874%2C10552%2C591%2C6045%2C64%2C4324%2C2313%2C1491%2C1592%2C1479%2C3906%2C1563%2C3888%2C207%2C346%2C7947%2C842%2C4174%2C1995%2C355%2C2585%2C62%2C372%2C723%2C1671%2C1635%2C867%2C1060%2C2039%2C5%2C3485%2C166%2C1414%2C2164%2C332%2C12%2C1029%2C2643%2C938%2C70&cl=787819992&seq=3&docid=S7dc_DOVwbI&ei=OXmJaJiuF4yGkucPq6OjgQg&event=streamingstats&feature=g-high-rec&plid=AAY7G638VDD-UH3s&sdetail=p%3A%2F&sourceid=y&cbrand=apple&cbr=Chrome&cbrver=138.0.0.0&c=WEB&cver=2.20250728.08.00&cplayer=UNIPLAYER&cos=Macintosh&cosver=10_15_7&cplatform=DESKTOP&bh=0.163:15.582,1.737:0.000&cmt=0.163:0.015,0.914:0.722,1.733:0.000,1.737:0.000,1.737:0.000&vps=0.163:PL,1.733:N,1.737:SU,1.737:SU&user_intent=0&cfs=0.182:a.en:::s&bwm=1.737:1084923:0.138&bat=1.737:0.64:1&qclc=ChBUempPRE5NYy1za1gxZkhwEAM",
        "city": "New York",
        "region": "New York",
        "country": "United States",
        "org": "Google LLC",
        "timezone": "America/New_York",
        "source": "ip-api.com"
      },
      "geometry": {
        "type": "Point",
        "coordinates": [
          -74.006,
          40.7128
        ]
      }
    },
    {
      "type": "Feature",
      "properties": {
        "ip": "142.250.65.238",
        "url": "https://www.youtube.com/api/stats/watchtime?ns=yt&el=detailpage&cpn=R8jEZRVKsEZHNv5n&ver=2&cmt=0&fmt=396&fs=0&rt=0.596&euri&lact=345&cl=787819992&state=paused&volume=100&cbrand=apple&cbr=Chrome&cbrver=138.0.0.0&c=WEB&cver=2.20250728.08.00&cplayer=UNIPLAYER&cos=Macintosh&cosver=10_15_7&cplatform=DESKTOP&autoplay=1&delay=10&hl=zh_CN&cr=US&uga=35&len=538.721&feature=g-high-rec&afmt=251&idpj=-4&ldpj=-25&rti=7&st=0&et=0.361&muted=1&vis=5&cc=a.en&au=en-US.4&docid=3F7t2bnGbis&ei=SHmJaJWPCZeikucPzMKRwAc&plid=AAY7G67dsDXGHyjL&referrer=https%3A%2F%2Fwww.youtube.com%2F&sdetail=p%3A%2F&sourceid=y&autonav=1&of=ojW4fsWU3tyLPeG-RmfjXg&vm=CAEQARgEOjJBSHFpSlRJZ3lFV3FhX1kxSUl5NGFrUXZWT0ZqOXQ0TGE5b19leHdGQVNTR3M2UDFkZ2JcQUZVQTZSU0FSVTFjd0txdWNsOWhUTXRRdzRGY1NlUmZXMTg2NzJDT1VuSHNQNjJmZkFLQ2lPbVdZbVB0aV9yNG1RQlBRREdkQl9kbXdrbnJhajZkenVDc3NJR3A",
        "city": "New York",
        "region": "New York",
        "country": "United States",
        "org": "Google LLC",
        "timezone": "America/New_York",
        "source": "ip-api.com"
      },
      "geometry": {
        "type": "Point",
        "coordinates": [
          -74.006,
          40.7128
        ]
      }
    },
    {
      "type": "Feature",
      "properties": {
        "ip": "142.250.65.238",
        "url": "https://www.youtube.com/api/stats/qoe?fmt=398&afmt=251&cpn=XL_rutMTUkEBX_dj&el=shortspage&ns=yt&fexp=v1%2C23930656%2C55365%2C18623%2C695255%2C14625955%2C11684381%2C53408%2C9105%2C22730%2C2821%2C106030%2C18644%2C14869%2C47210%2C15124%2C65%2C13526%2C391%2C26504%2C9252%2C3479%2C2519%2C10511%2C23206%2C10364%2C4815%2C2%2C19813%2C19660%2C562%2C11784%2C2796%2C2595%2C5656%2C2625%2C1904%2C874%2C10552%2C591%2C6045%2C64%2C4324%2C2313%2C1491%2C1592%2C1479%2C3906%2C1563%2C3888%2C207%2C346%2C7947%2C842%2C4174%2C1995%2C355%2C2585%2C62%2C372%2C723%2C1671%2C1635%2C867%2C1060%2C2039%2C5%2C3485%2C166%2C1414%2C2164%2C332%2C12%2C1029%2C2643%2C938%2C70&cl=787819992&seq=1&docid=lGDhd-DTmrQ&ei=lHmJaNjOMeC1kucP2ufnqQg&event=streamingstats&plid=AAY7G7NvTWcC11bf&sdetail=p%3A%2Fshorts%2FqxHGvJfqBeo&sourceid=y&cbrand=apple&cbr=Chrome&cbrver=138.0.0.0&c=WEB&cver=2.20250728.08.00&cplayer=UNIPLAYER&cos=Macintosh&cosver=10_15_7&cplatform=DESKTOP&vps=0.000:N,0.004:B,0.100:B,0.100:B&cat=streaming,sabr&ctmp=esfw:usbc.1;hsu.1,atrkchg:t.99;id.und;m.0&cmt=0.004:0.000,0.100:0.000&cfi=0.038:a.en:m&afs=0.098:251;CggKA2RyYxIBMQ::i:CDcoAQ&vfs=0.100:398:398::r:CDcoAQ&view=0.100:428:761:2&bwm=0.100:1336852:0.096&bwe=0.100:3906650&bat=0.100:0.66:1&vis=0.100:0&bh=0.100:0.000&qclc=ChBYTF9ydXRNVFVrRUJYX2RqEAEaDENnSUlEQSUzRCUzRA",
        "city": "New York",
        "region": "New York",
        "country": "United States",
        "org": "Google LLC",
        "timezone": "America/New_York",
        "source": "ip-api.com"
      },
      "geometry": {
        "type": "Point",
        "coordinates": [
          -74.006,
          40.7128
        ]
      }
    },
    {
      "type": "Feature",
      "properties": {
        "ip": "142.250.65.238",
        "url": "https://www.youtube.com/generate_204?3qMbbg",
        "city": "New York",
        "region": "New York",
        "country": "United States",
        "org": "Google LLC",
        "timezone": "America/New_York",
        "source": "ip-api.com"
      },
      "geometry": {
        "type": "Point",
        "coordinates": [
          -74.006,
          40.7128
        ]
      }
    },
    {
      "type": "Feature",
      "properties": {
        "ip": "142.250.65.238",
        "url": "https://www.youtube.com/api/stats/watchtime?ns=yt&el=detailpage&cpn=fbyitdUMTjwLLY8N&ver=2&cmt=0&fmt=396&fs=0&rt=2.463&euri&lact=2268&cl=787819992&state=paused&volume=100&cbrand=apple&cbr=Chrome&cbrver=138.0.0.0&c=WEB&cver=2.20250728.08.00&cplayer=UNIPLAYER&cos=Macintosh&cosver=10_15_7&cplatform=DESKTOP&autoplay=1&delay=10&hl=zh_CN&cr=US&uga=35&len=538.721&feature=g-high-rec&afmt=251&idpj=-3&ldpj=-32&rti=8&st=0&et=2.327&muted=1&vis=5&cc=a.en&au=en-US.4&docid=3F7t2bnGbis&ei=SHmJaJWPCZeikucPzMKRwAc&plid=AAY7G67dsDXGHyjL&referrer=https%3A%2F%2Fwww.youtube.com%2F&sdetail=p%3A%2F&sourceid=y&autonav=1&of=ojW4fsWU3tyLPeG-RmfjXg&vm=CAEQARgEOjJBSHFpSlRJZ3lFV3FhX1kxSUl5NGFrUXZWT0ZqOXQ0TGE5b19leHdGQVNTR3M2UDFkZ2JcQUZVQTZSU0FSVTFjd0txdWNsOWhUTXRRdzRGY1NlUmZXMTg2NzJDT1VuSHNQNjJmZkFLQ2lPbVdZbVB0aV9yNG1RQlBRREdkQl9kbXdrbnJhajZkenVDc3NJR3A",
        "city": "New York",
        "region": "New York",
        "country": "United States",
        "org": "Google LLC",
        "timezone": "America/New_York",
        "source": "ip-api.com"
      },
      "geometry": {
        "type": "Point",
        "coordinates": [
          -74.006,
          40.7128
        ]
      }
    },
    {
      "type": "Feature",
      "properties": {
        "ip": "142.250.65.238",
        "url": "https://www.youtube.com/ptracking?html5=1&video_id=Qvh2DovBi64&cpn=nvAuY9p_mrkgmGD_&ei=M3mJaNGCCqiGoPMPq9WVyAM&ptk=youtube_single&oid=zzkjNrzgX5zt5q7Oh1_KMA&ptchn=qit4NtRDfdEHKX_zgmAwrg&pltype=content&m=ApzsBZkV0PVSyaZ15ybkDu7Sm0_HQRu0HylE88HuAgVGMBr79zmCx1NG2xyEgP2jSN_UawbRitImHOGmVe3Tj8_K",
        "city": "New York",
        "region": "New York",
        "country": "United States",
        "org": "Google LLC",
        "timezone": "America/New_York",
        "source": "ip-api.com"
      },
      "geometry": {
        "type": "Point",
        "coordinates": [
          -74.006,
          40.7128
        ]
      }
    },
    {
      "type": "Feature",
      "properties": {
        "ip": "142.250.65.238",
        "url": "https://www.youtube.com/api/stats/watchtime?ns=yt&el=shortspage&cpn=KHlzL2XVthjSOKmg&ver=2&cmt=0&fmt=398&fs=0&rt=1.303&euri=https%3A%2F%2Fwww.youtube.com%2Fshorts%2F0wBfICuWl7M&lact=3891&cl=787819992&state=paused&volume=62&cbrand=apple&cbr=Chrome&cbrver=138.0.0.0&c=WEB&cver=2.20250728.08.00&cplayer=UNIPLAYER&cos=Macintosh&cosver=10_15_7&cplatform=DESKTOP&final=1&delay=4&hl=zh_CN&cr=US&uga=35&len=11.341&afmt=251&idpj=-6&ldpj=-15&st=0&et=0&muted=0&docid=WkysaIBxwPc&ei=jnmJaOfHEIO4kucPpYXn6Qs&plid=AAY7G7MLtTSihYV2&referrer=https%3A%2F%2Fwww.youtube.com%2Fshorts%2FkJ3o1E2WS8E&sdetail=p%3A%2Fshorts%2FkJ3o1E2WS8E&sourceid=y&of=-_3IrBCUzxOACIypL_kYbQ&vm=CAEQABgEOjJBSHFpSlRMT2dEeGY2eUh2aWxQNE5WMjBPaU1WdjByQUNNdzQ4TElDNEhFeXNEWFc1UWJfQUZVQTZSUUJKWm92UmFmeC1lZmdKSmNIUlhQUm10WUsyd25BU1R6T0xCNEFDTFF5WDhaZDdKZ2ZlYmYxeFRJZFZDZ1NGQkJRekRtdnZZaHExUWlNMk5ZdEpRMkQ2VVU",
        "city": "New York",
        "region": "New York",
        "country": "United States",
        "org": "Google LLC",
        "timezone": "America/New_York",
        "source": "ip-api.com"
      },
      "geometry": {
        "type": "Point",
        "coordinates": [
          -74.006,
          40.7128
        ]
      }
    },
    {
      "type": "Feature",
      "properties": {
        "ip": "142.250.65.238",
        "url": "https://www.youtube.com/api/stats/qoe?cpn=TzjODNMc-skX1fHp&el=detailpage&ns=yt&fexp=v1%2C23930656%2C55365%2C18623%2C695255%2C14625955%2C11684381%2C53408%2C9105%2C22730%2C2821%2C106030%2C18644%2C14869%2C47210%2C15124%2C65%2C13526%2C391%2C26504%2C9252%2C3479%2C2519%2C10511%2C23206%2C10364%2C4815%2C2%2C19813%2C19660%2C562%2C11784%2C2796%2C2595%2C5656%2C2625%2C1904%2C874%2C10552%2C591%2C6045%2C64%2C4324%2C2313%2C1491%2C1592%2C1479%2C3906%2C1563%2C3888%2C207%2C346%2C7947%2C842%2C4174%2C1995%2C355%2C2585%2C62%2C372%2C723%2C1671%2C1635%2C867%2C1060%2C2039%2C5%2C3485%2C166%2C1414%2C2164%2C332%2C12%2C1029%2C2643%2C938%2C70&cl=787819992&seq=1&docid=S7dc_DOVwbI&ei=OXmJaJiuF4yGkucPq6OjgQg&event=streamingstats&feature=g-high-rec&plid=AAY7G638VDD-UH3s&sdetail=p%3A%2F&sourceid=y&cbrand=apple&cbr=Chrome&cbrver=138.0.0.0&c=WEB&cver=2.20250728.08.00&cplayer=UNIPLAYER&cos=Macintosh&cosver=10_15_7&cplatform=DESKTOP&vps=0.000:N,0.006:B,0.038:B&cat=streaming,mta,sabr&ctmp=esfw:usbc.1;hsu.1&cmt=0.006:0.000,0.038:0.000&bwe=0.038:3036616&bat=0.038:0.64:1&vis=0.038:5&bh=0.038:0.000&qclc=ChBUempPRE5NYy1za1gxZkhwEAE",
        "city": "New York",
        "region": "New York",
        "country": "United States",
        "org": "Google LLC",
        "timezone": "America/New_York",
        "source": "ip-api.com"
      },
      "geometry": {
        "type": "Point",
        "coordinates": [
          -74.006,
          40.7128
        ]
      }
    },
    {
      "type": "Feature",
      "properties": {
        "ip": "142.250.65.238",
        "url": "https://www.youtube.com/api/stats/qoe?fmt=396&afmt=251&cpn=sU6UFpQj_Eh9OdhG&el=detailpage&ns=yt&fexp=v1%2C23930656%2C55365%2C18623%2C695255%2C14625955%2C11684381%2C53408%2C9105%2C22730%2C2821%2C106030%2C18644%2C14869%2C47210%2C15124%2C65%2C13526%2C391%2C26504%2C9252%2C3479%2C2519%2C10511%2C23206%2C10364%2C4815%2C2%2C19813%2C19660%2C562%2C11784%2C2796%2C2595%2C5656%2C2625%2C1904%2C874%2C10552%2C591%2C6045%2C64%2C4324%2C2313%2C1491%2C1592%2C1479%2C3906%2C1563%2C3888%2C207%2C346%2C7947%2C842%2C4174%2C1995%2C355%2C2585%2C62%2C372%2C723%2C1671%2C1635%2C867%2C1060%2C2039%2C5%2C3485%2C166%2C1414%2C2164%2C332%2C12%2C1029%2C2643%2C938%2C70&cl=787819992&seq=2&docid=tW-emn1hOHQ&ei=SHmJaJPHNLPLoPMP9saPgAE&event=streamingstats&feature=g-high-rec&plid=AAY7G67oZgcCeQ5r&sdetail=p%3A%2F&sourceid=y&cbrand=apple&cbr=Chrome&cbrver=138.0.0.0&c=WEB&cver=2.20250728.08.00&cplayer=UNIPLAYER&cos=Macintosh&cosver=10_15_7&cplatform=DESKTOP&bh=0.220:11.745,0.844:0.000&cmt=0.220:0.002,0.841:0.000,0.844:0.000,0.844:0.000&vps=0.220:PL,0.841:N,0.844:SU,0.844:SU&user_intent=0&bwm=0.844:598355:0.042&bat=0.844:0.64:1&qclc=ChBzVTZVRnBRal9FaDlPZGhHEAI",
        "city": "New York",
        "region": "New York",
        "country": "United States",
        "org": "Google LLC",
        "timezone": "America/New_York",
        "source": "ip-api.com"
      },
      "geometry": {
        "type": "Point",
        "coordinates": [
          -74.006,
          40.7128
        ]
      }
    },
    {
      "type": "Feature",
      "properties": {
        "ip": "142.250.65.238",
        "url": "https://www.youtube.com/youtubei/v1/guide?prettyPrint=false",
        "city": "New York",
        "region": "New York",
        "country": "United States",
        "org": "Google LLC",
        "timezone": "America/New_York",
        "source": "ip-api.com"
      },
      "geometry": {
        "type": "Point",
        "coordinates": [
          -74.006,
          40.7128
        ]
      }
    },
    {
      "type": "Feature",
      "properties": {
        "ip": "142.250.65.238",
        "url": "https://www.youtube.com/api/stats/atr?ns=yt&el=shortspage&cpn=AGNOZsC9swm5vJbe&ver=2&cmt=1.034&fmt=398&fs=0&rt=1.269&euri=https%3A%2F%2Fwww.youtube.com%2Fshorts%2F0wBfICuWl7M&lact=58&cl=787819992&mos=0&volume=62&cbrand=apple&cbr=Chrome&cbrver=138.0.0.0&c=WEB&cver=2.20250728.08.00&cplayer=UNIPLAYER&cos=Macintosh&cosver=10_15_7&cplatform=DESKTOP&hl=zh_CN&cr=US&uga=35&len=15.361&fexp=v1%2C23930656%2C55365%2C18623%2C695255%2C14625955%2C11684381%2C53408%2C9105%2C22730%2C2821%2C106030%2C18644%2C14869%2C47210%2C15124%2C65%2C13526%2C391%2C26504%2C9252%2C3479%2C2519%2C10511%2C23206%2C10364%2C4815%2C2%2C19813%2C19660%2C562%2C11784%2C2796%2C2595%2C5656%2C2625%2C1904%2C874%2C10552%2C591%2C6045%2C64%2C4324%2C2313%2C1491%2C1592%2C1479%2C3906%2C1563%2C3888%2C207%2C346%2C7947%2C842%2C4174%2C1995%2C355%2C2585%2C62%2C372%2C723%2C1671%2C1635%2C867%2C1060%2C2039%2C5%2C3485%2C166%2C1414%2C2164%2C332%2C12%2C1029%2C2643%2C938%2C70&afmt=251&muted=0&au=en-US.4&docid=0wBfICuWl7M&ei=ZXmJaJ2DKY-Fy_sPypGguAY&plid=AAY7G7CgcuBikd8u&vm=CAEQABgEOjJBSHFpSlRMVkdJZ1ctUDRMXzE2QnRITDZOVDNxVldjRDZqb2xVMHZydmQ3XzFGbjRTQWJkQUZVQTZSUTlla1ZPTmN0cFVEeXBOOFRGTEtQU1UxbjM3N09tcFhuR25sU3hkNFBvaTdrT29tRUx1ZEo1elJ2d3U1QUVQRkhHY2MtaEtHRXNZLS0tbkJ2WW91RmtkTFBlVU1WUw",
        "city": "New York",
        "region": "New York",
        "country": "United States",
        "org": "Google LLC",
        "timezone": "America/New_York",
        "source": "ip-api.com"
      },
      "geometry": {
        "type": "Point",
        "coordinates": [
          -74.006,
          40.7128
        ]
      }
    },
    {
      "type": "Feature",
      "properties": {
        "ip": "142.250.65.238",
        "url": "https://www.youtube.com/api/stats/qoe?fmt=243&afmt=251&cpn=9b_Fg_iMnfEYBSet&el=detailpage&ns=yt&fexp=v1%2C23930656%2C55365%2C18623%2C695255%2C14625955%2C11684381%2C53408%2C9105%2C22730%2C2821%2C106030%2C18644%2C14869%2C47210%2C15124%2C65%2C13526%2C391%2C26504%2C9252%2C3479%2C2519%2C10511%2C23206%2C10364%2C4815%2C2%2C19813%2C19660%2C562%2C11784%2C2796%2C2595%2C5656%2C2625%2C1904%2C874%2C10552%2C591%2C6045%2C64%2C4324%2C2313%2C1491%2C1592%2C1479%2C3906%2C1563%2C3888%2C207%2C346%2C7947%2C842%2C4174%2C1995%2C355%2C2585%2C62%2C372%2C723%2C1671%2C1635%2C867%2C1060%2C2039%2C5%2C3485%2C166%2C1414%2C2164%2C332%2C12%2C1029%2C2643%2C938%2C70&cl=787819992&seq=2&docid=osZ15XJOBdY&ei=U3mJaMeNK4-Fy_sPypGguAY&event=streamingstats&feature=g-high&plid=AAY7G6-ONH8Ty808&sdetail=p%3A%2F&sourceid=y&cbrand=apple&cbr=Chrome&cbrver=138.0.0.0&c=WEB&cver=2.20250728.08.00&cplayer=UNIPLAYER&cos=Macintosh&cosver=10_15_7&cplatform=DESKTOP&afs=0.050:251;ChEKBWFjb250EghvcmlnaW5hbAoNCgRsYW5nEgVlbi1VUw::i:CBwoAQ&ctmp=atrkchg:t.51;id.en-US.4;m.0&vfs=0.051:243:243::r:CBwoAQ&view=0.051:357:201:2&vps=0.051:B,0.051:B&bwm=0.051:215581:0.048&bwe=0.051:2003874&bat=0.051:0.64:1&cmt=0.051:0.000&bh=0.051:0.000&qclc=ChA5Yl9GZ19pTW5mRVlCU2V0EAI",
        "city": "New York",
        "region": "New York",
        "country": "United States",
        "org": "Google LLC",
        "timezone": "America/New_York",
        "source": "ip-api.com"
      },
      "geometry": {
        "type": "Point",
        "coordinates": [
          -74.006,
          40.7128
        ]
      }
    },
    {
      "type": "Feature",
      "properties": {
        "ip": "142.250.65.238",
        "url": "https://www.youtube.com/api/stats/qoe?cpn=9b_Fg_iMnfEYBSet&el=detailpage&ns=yt&fexp=v1%2C23930656%2C55365%2C18623%2C695255%2C14625955%2C11684381%2C53408%2C9105%2C22730%2C2821%2C106030%2C18644%2C14869%2C47210%2C15124%2C65%2C13526%2C391%2C26504%2C9252%2C3479%2C2519%2C10511%2C23206%2C10364%2C4815%2C2%2C19813%2C19660%2C562%2C11784%2C2796%2C2595%2C5656%2C2625%2C1904%2C874%2C10552%2C591%2C6045%2C64%2C4324%2C2313%2C1491%2C1592%2C1479%2C3906%2C1563%2C3888%2C207%2C346%2C7947%2C842%2C4174%2C1995%2C355%2C2585%2C62%2C372%2C723%2C1671%2C1635%2C867%2C1060%2C2039%2C5%2C3485%2C166%2C1414%2C2164%2C332%2C12%2C1029%2C2643%2C938%2C70&cl=787819992&seq=1&docid=osZ15XJOBdY&ei=U3mJaMeNK4-Fy_sPypGguAY&event=streamingstats&feature=g-high&plid=AAY7G6-ONH8Ty808&sdetail=p%3A%2F&sourceid=y&cbrand=apple&cbr=Chrome&cbrver=138.0.0.0&c=WEB&cver=2.20250728.08.00&cplayer=UNIPLAYER&cos=Macintosh&cosver=10_15_7&cplatform=DESKTOP&vps=0.000:N,0.006:B,0.042:B&cat=streaming,mta,sabr&ctmp=esfw:usbc.1;hsu.1&cmt=0.006:0.000,0.042:0.000&bwe=0.042:1783917&bat=0.042:0.64:1&vis=0.042:5&bh=0.042:0.000&qclc=ChA5Yl9GZ19pTW5mRVlCU2V0EAE",
        "city": "New York",
        "region": "New York",
        "country": "United States",
        "org": "Google LLC",
        "timezone": "America/New_York",
        "source": "ip-api.com"
      },
      "geometry": {
        "type": "Point",
        "coordinates": [
          -74.006,
          40.7128
        ]
      }
    },
    {
      "type": "Feature",
      "properties": {
        "ip": "142.250.65.238",
        "url": "https://www.youtube.com/api/stats/watchtime?ns=yt&el=adunit&cpn=M9UqSPjRiF2gSgNJ&ver=2&cmt=0&fmt=247&fs=0&rt=1.326&adformat=15_20&euri=https%3A%2F%2Fwww.youtube.com%2Fshorts%2F0wBfICuWl7M&lact=5219&cl=787819992&state=paused&volume=62%2C62&cbrand=apple&cbr=Chrome&cbrver=138.0.0.0&c=WEB&cver=2.20250728.08.00&cplayer=UNIPLAYER&cos=Macintosh&cosver=10_15_7&cplatform=DESKTOP&delay=4&hl=zh_CN&cr=US&uga=35&len=37.441&afmt=251&idpj=-2&ldpj=-25&rti=9&st=0%2C0.853&et=0.853%2C0.89&muted=0%2C0&docid=0XlsFeNWDMg&ei=j3mJaJDyI5m-kucPjO68kQg&plid=AAY7G7Mfe0U9YavT&referrer=https%3A%2F%2Fwww.youtube.com%2Fshorts%2FWkysaIBxwPc&sdetail=p%3A%2Fshorts%2FWkysaIBxwPc&sourceid=y&aqi=ZXmJaJGNLvyF9eQP-veJ6Qg&is_ad=1&of=5fQr0Qdn7sxbUibOI5HZQA&vm=CAEQABgEOjJBSHFpSlRJUzYtOG05aXRzU0hwaGdNZjJ3VEk1Z2QxcjNwWFFYTExvZ3BVMmNObUdQd2JkQUZVQTZSVGNqVVdXQVlxbXQ4VEtJTGNfdHNWcmhsOU1Nc3ppM3ZUN2QycndmRk1RTGhDS2p5T0lsWGJrYmNlRm9PamxrTm0zaDBOekpEeFY5NDl5OHJDYjJmNVdCTnZQSmtDMg",
        "city": "New York",
        "region": "New York",
        "country": "United States",
        "org": "Google LLC",
        "timezone": "America/New_York",
        "source": "ip-api.com"
      },
      "geometry": {
        "type": "Point",
        "coordinates": [
          -74.006,
          40.7128
        ]
      }
    },
    {
      "type": "Feature",
      "properties": {
        "ip": "142.250.65.238",
        "url": "https://www.youtube.com/api/stats/watchtime?ns=yt&el=shortspage&cpn=lcwWPFW-CS-Maf10&ver=2&cmt=0&fmt=398&fs=0&rt=0.816&euri=https%3A%2F%2Fwww.youtube.com%2Fshorts%2F0wBfICuWl7M&lact=7027&cl=787819992&state=paused&volume=62%2C62%2C62&cbrand=apple&cbr=Chrome&cbrver=138.0.0.0&c=WEB&cver=2.20250728.08.00&cplayer=UNIPLAYER&cos=Macintosh&cosver=10_15_7&cplatform=DESKTOP&delay=4&hl=zh_CN&cr=US&uga=35&len=18.681&afmt=251&idpj=-4&ldpj=-8&rti=7&st=0%2C0.018%2C0.198&et=0.018%2C0.198%2C0.498&muted=0%2C0%2C0&cc=-%2C-%2Ca.en&docid=vUSL2Y9Inus&ei=kXmJaJa7MbKBkucP7rHFoAs&plid=AAY7G7NBjkEdDAlu&referrer=https%3A%2F%2Fwww.youtube.com%2Fshorts%2F9RMilKQNsho&sdetail=p%3A%2Fshorts%2F9RMilKQNsho&sourceid=y&of=OCtd3NtuMrhukisUTlBY4g&vm=CAEQABgEOjJBSHFpSlRMLVRoOF9HYTRZTUhJb2twMGx3SE5UVlllMVJibmdHOXlPcjZjR2ZJTWFOUWJfQUZVQTZSVFhvbEkyUHh2a2NRQnpTalVhV3VkenkxTndBMDh1WDRPNGlRQXgtRV9nRHB0Vk1uXzBTSFJYVVlGY3VXREwyQXhwMkhhY2RyZkZRQV9GS3ZRUVQybGp3WFk",
        "city": "New York",
        "region": "New York",
        "country": "United States",
        "org": "Google LLC",
        "timezone": "America/New_York",
        "source": "ip-api.com"
      },
      "geometry": {
        "type": "Point",
        "coordinates": [
          -74.006,
          40.7128
        ]
      }
    },
    {
      "type": "Feature",
      "properties": {
        "ip": "142.250.65.238",
        "url": "https://www.youtube.com/",
        "city": "New York",
        "region": "New York",
        "country": "United States",
        "org": "Google LLC",
        "timezone": "America/New_York",
        "source": "ip-api.com"
      },
      "geometry": {
        "type": "Point",
        "coordinates": [
          -74.006,
          40.7128
        ]
      }
    },
    {
      "type": "Feature",
      "properties": {
        "ip": "142.250.65.238",
        "url": "https://www.youtube.com/api/timedtext?v=0wBfICuWl7M&ei=ZXmJaJ2DKY-Fy_sPypGguAY&caps=asr&opi=112496729&exp=xpe&xoaf=5&xosf=1&hl=zh-CN&ip=0.0.0.0&ipbits=0&expire=1753865173&sparams=ip%2Cipbits%2Cexpire%2Cv%2Cei%2Ccaps%2Copi%2Cexp%2Cxoaf&signature=87F0B7667ED54DEA4B8893DDC78EDC60CD41D694.2F4F4B0CC1ED433BD03679C755161714BD76FF82&key=yt8&kind=asr&lang=en&potc=1&pot=MlV3N2H-rBhUEXcJBd_nS7EnjeBwX8zkeTdZV-emrfC9cIHU2DsBG4Kx_9mgfPy8_uYaiOInaYNXU3GbaQmr8f6_o6s49Gbq-MlB99smFOyki_uIewxn&fmt=json3&xorb=2&xobt=3&xovt=3&cbrand=apple&cbr=Chrome&cbrver=138.0.0.0&c=WEB&cver=2.20250728.08.00&cplayer=UNIPLAYER&cos=Macintosh&cosver=10_15_7&cplatform=DESKTOP&tlang=zh-Hans",
        "city": "New York",
        "region": "New York",
        "country": "United States",
        "org": "Google LLC",
        "timezone": "America/New_York",
        "source": "ip-api.com"
      },
      "geometry": {
        "type": "Point",
        "coordinates": [
          -74.006,
          40.7128
        ]
      }
    },
    {
      "type": "Feature",
      "properties": {
        "ip": "142.250.65.238",
        "url": "https://www.youtube.com/api/stats/watchtime?ns=yt&el=shortspage&cpn=An_V4zjTSbzGuH1A&ver=2&cmt=0&fmt=398&fs=0&rt=0.47&euri=https%3A%2F%2Fwww.youtube.com%2Fshorts%2F0wBfICuWl7M&lact=10090&cl=787819992&state=paused&volume=62&cbrand=apple&cbr=Chrome&cbrver=138.0.0.0&c=WEB&cver=2.20250728.08.00&cplayer=UNIPLAYER&cos=Macintosh&cosver=10_15_7&cplatform=DESKTOP&final=1&delay=4&hl=zh_CN&cr=US&uga=35&len=10.641&afmt=251&idpj=-3&ldpj=-31&st=0&et=0&muted=0&docid=ntCVNYOjQJ4&ei=lXmJaMGNEq6pkucP2Lu2iQw&plid=AAY7G7N2qVSHJhMv&referrer=https%3A%2F%2Fwww.youtube.com%2Fshorts%2FlGDhd-DTmrQ&sdetail=p%3A%2Fshorts%2FlGDhd-DTmrQ&sourceid=y&of=wbAUJoLFDaeeOSJrHXH1sg&vm=CAEQABgEOjJBSHFpSlRKeEdVU0p0ZTVQeU5Ga0RxT3FNcHRMSWZ6WERqRUc2VGxVWi1ZTUlwV0Y4d2JfQUZVQTZSUzJMa0gyWjhwRExnTVpKSUN6WUNMYmhMMUhEaHBmQnBuX0hkOUVDa05rbkZWVV9IckVETWVUZnk5cEpfOGVpNnFsV0ZieHVSM3ZMUkM3Q0ZRVjlieGs0cVE",
        "city": "New York",
        "region": "New York",
        "country": "United States",
        "org": "Google LLC",
        "timezone": "America/New_York",
        "source": "ip-api.com"
      },
      "geometry": {
        "type": "Point",
        "coordinates": [
          -74.006,
          40.7128
        ]
      }
    },
    {
      "type": "Feature",
      "properties": {
        "ip": "142.250.65.238",
        "url": "https://www.youtube.com/api/stats/watchtime?ns=yt&el=detailpage&cpn=l9hjxExjwqnoHJA4&ver=2&cmt=0&fmt=396&fs=0&rt=0.674&euri&lact=415&cl=787819992&state=paused&volume=100&subscribed=1&cbrand=apple&cbr=Chrome&cbrver=138.0.0.0&c=WEB&cver=2.20250728.08.00&cplayer=UNIPLAYER&cos=Macintosh&cosver=10_15_7&cplatform=DESKTOP&autoplay=1&final=1&delay=10&hl=zh_CN&cr=US&uga=35&len=411.321&feature=g-high-rec&afmt=251&idpj=-1&ldpj=-17&st=0&et=0&muted=1&vis=5&docid=pWRlDIBoQW4&ei=N3mJaOnGNqi30_wPi-eEmAs&plid=AAY7G63lgxFRp3x5&referrer=https%3A%2F%2Fwww.youtube.com%2F&sdetail=p%3A%2F&sourceid=y&autonav=1&of=TTOGcimrwD44xgEZ33ZEfQ&vm=CAEQARgEOjJBSHFpSlRKel9aeV9QalJKY1c4aTNCQXh4cDBVbFNibEhSblFmWlJ2a0hkSi0ySS1fQWJfQUZVQTZSUUoxVWs0cVFaMUxlbW9NbEFVa0k3UXFaY0NXS3RWU2xaVUc0ZTFzZnkyNzZHWVg0RDRWbnVVMGJIQ0tNdzdRV25iNkIyVWlFZzJGLVp1cmh1akFxM2NUSzg",
        "city": "New York",
        "region": "New York",
        "country": "United States",
        "org": "Google LLC",
        "timezone": "America/New_York",
        "source": "ip-api.com"
      },
      "geometry": {
        "type": "Point",
        "coordinates": [
          -74.006,
          40.7128
        ]
      }
    },
    {
      "type": "Feature",
      "properties": {
        "ip": "142.250.65.238",
        "url": "https://www.youtube.com/api/timedtext?v=qxHGvJfqBeo&ei=lHmJaKG1A43HkucPr_Hn6AU&caps=asr&opi=112496729&exp=xpe&xoaf=5&xosf=1&hl=zh-CN&ip=0.0.0.0&ipbits=0&expire=1753865220&sparams=ip%2Cipbits%2Cexpire%2Cv%2Cei%2Ccaps%2Copi%2Cexp%2Cxoaf&signature=B6177D1F79CA15496AC2EB75C1472F6A17BFBEEE.5EDF3C7451231A874D40D69101D88724BD16CDCB&key=yt8&kind=asr&lang=en&potc=1&pot=MlViefYbi-WxG2JHkjrAtlQtmK7nuusZnD1MGXBDig1YepSaT94m5me76pc3mdtBG-wPxnXCTn6yWWTV_uyMDBu1tuWvEUEXHcPTYj29GyvLThlxMho1&fmt=json3&xorb=2&xobt=3&xovt=3&cbrand=apple&cbr=Chrome&cbrver=138.0.0.0&c=WEB&cver=2.20250728.08.00&cplayer=UNIPLAYER&cos=Macintosh&cosver=10_15_7&cplatform=DESKTOP&tlang=zh-Hans",
        "city": "New York",
        "region": "New York",
        "country": "United States",
        "org": "Google LLC",
        "timezone": "America/New_York",
        "source": "ip-api.com"
      },
      "geometry": {
        "type": "Point",
        "coordinates": [
          -74.006,
          40.7128
        ]
      }
    },
    {
      "type": "Feature",
      "properties": {
        "ip": "142.250.65.238",
        "url": "https://www.youtube.com/ptracking?html5=1&video_id=lGDhd-DTmrQ&cpn=XL_rutMTUkEBX_dj&ei=lHmJaNjOMeC1kucP2ufnqQg&ptk=youtube_single&oid=3HV7AY6uNLJhWvH6SuzcqQ&ptchn=P-HevA2X2AexdFmsWJ1QIw&pltype=content&m=A9KnxjioLkaHq6UHGp85gGPzlmgBec0t3eADtDpwJW5wkBKT2Y8D2_GL-iq02p2Ugjt4kkq7KvJKdo8JRDFbXr4P",
        "city": "New York",
        "region": "New York",
        "country": "United States",
        "org": "Google LLC",
        "timezone": "America/New_York",
        "source": "ip-api.com"
      },
      "geometry": {
        "type": "Point",
        "coordinates": [
          -74.006,
          40.7128
        ]
      }
    },
    {
      "type": "Feature",
      "properties": {
        "ip": "142.250.65.238",
        "url": "https://www.youtube.com/api/stats/watchtime?ns=yt&el=shortspage&cpn=AGNOZsC9swm5vJbe&ver=2&cmt=8.77&fmt=398&fs=0&rt=9.006&euri=https%3A%2F%2Fwww.youtube.com%2Fshorts%2F0wBfICuWl7M&lact=7636&cl=787819992&state=playing&volume=62%2C62%2C62%2C62&cbrand=apple&cbr=Chrome&cbrver=138.0.0.0&c=WEB&cver=2.20250728.08.00&cplayer=UNIPLAYER&cos=Macintosh&cosver=10_15_7&cplatform=DESKTOP&hl=zh_CN&cr=US&uga=35&len=15.361&rtn=19&afmt=251&idpj=-2&ldpj=-34&rti=9&st=0%2C0.831%2C0.95%2C1.032&et=0.831%2C0.95%2C1.032%2C8.77&muted=0%2C0%2C0%2C0&cc=a.en%2C-%2C-%2Ca.en&au=en-US.4%2Cen-US.4%2Cen-US.4%2Cen-US.4&docid=0wBfICuWl7M&ei=ZXmJaJ2DKY-Fy_sPypGguAY&plid=AAY7G7CgcuBikd8u&referrer=https%3A%2F%2Fwww.youtube.com%2F&sdetail=p%3A%2F&sourceid=y&of=raQYPSIGQC6NHabIWN64uQ&vm=CAEQABgEOjJBSHFpSlRMVkdJZ1ctUDRMXzE2QnRITDZOVDNxVldjRDZqb2xVMHZydmQ3XzFGbjRTQWJkQUZVQTZSUTlla1ZPTmN0cFVEeXBOOFRGTEtQU1UxbjM3N09tcFhuR25sU3hkNFBvaTdrT29tRUx1ZEo1elJ2d3U1QUVQRkhHY2MtaEtHRXNZLS0tbkJ2WW91RmtkTFBlVU1WUw",
        "city": "New York",
        "region": "New York",
        "country": "United States",
        "org": "Google LLC",
        "timezone": "America/New_York",
        "source": "ip-api.com"
      },
      "geometry": {
        "type": "Point",
        "coordinates": [
          -74.006,
          40.7128
        ]
      }
    },
    {
      "type": "Feature",
      "properties": {
        "ip": "142.250.65.238",
        "url": "https://www.youtube.com/s/player/0b00c3eb/player_ias.vflset/zh_CN/annotations_module.js",
        "city": "New York",
        "region": "New York",
        "country": "United States",
        "org": "Google LLC",
        "timezone": "America/New_York",
        "source": "ip-api.com"
      },
      "geometry": {
        "type": "Point",
        "coordinates": [
          -74.006,
          40.7128
        ]
      }
    },
    {
      "type": "Feature",
      "properties": {
        "ip": "142.250.65.238",
        "url": "https://www.youtube.com/api/stats/playback?ns=yt&el=detailpage&cpn=l9hjxExjwqnoHJA4&ver=2&cmt=0.046&fmt=396&fs=0&rt=0.239&euri&lact=258&cl=787819992&mos=1&volume=100&subscribed=1&cbrand=apple&cbr=Chrome&cbrver=138.0.0.0&c=WEB&cver=2.20250728.08.00&cplayer=UNIPLAYER&cos=Macintosh&cosver=10_15_7&cplatform=DESKTOP&autoplay=1&delay=10&hl=zh_CN&cr=US&uga=35&len=411.321&fexp=v1%2C23930656%2C55365%2C18623%2C695255%2C14625955%2C11684381%2C53408%2C9105%2C22730%2C2821%2C106030%2C18644%2C14869%2C47210%2C15124%2C65%2C13526%2C391%2C26504%2C9252%2C3479%2C2519%2C10511%2C23206%2C10364%2C4815%2C2%2C19813%2C19660%2C562%2C11784%2C2796%2C2595%2C5656%2C2625%2C1904%2C874%2C10552%2C591%2C6045%2C64%2C4324%2C2313%2C1491%2C1592%2C1479%2C3906%2C1563%2C3888%2C207%2C346%2C7947%2C842%2C4174%2C1995%2C355%2C2585%2C62%2C372%2C723%2C1671%2C1635%2C867%2C1060%2C2039%2C5%2C3485%2C166%2C1414%2C2164%2C332%2C12%2C1029%2C2643%2C938%2C70&rtn=10&feature=g-high-rec&afmt=251&muted=1&vis=5&docid=pWRlDIBoQW4&ei=N3mJaOnGNqi30_wPi-eEmAs&plid=AAY7G63lgxFRp3x5&referrer=https%3A%2F%2Fwww.youtube.com%2F&sdetail=p%3A%2F&sourceid=y&autonav=1&of=TTOGcimrwD44xgEZ33ZEfQ&vm=CAEQARgEOjJBSHFpSlRKel9aeV9QalJKY1c4aTNCQXh4cDBVbFNibEhSblFmWlJ2a0hkSi0ySS1fQWJfQUZVQTZSUUoxVWs0cVFaMUxlbW9NbEFVa0k3UXFaY0NXS3RWU2xaVUc0ZTFzZnkyNzZHWVg0RDRWbnVVMGJIQ0tNdzdRV25iNkIyVWlFZzJGLVp1cmh1akFxM2NUSzg",
        "city": "New York",
        "region": "New York",
        "country": "United States",
        "org": "Google LLC",
        "timezone": "America/New_York",
        "source": "ip-api.com"
      },
      "geometry": {
        "type": "Point",
        "coordinates": [
          -74.006,
          40.7128
        ]
      }
    },
    {
      "type": "Feature",
      "properties": {
        "ip": "142.250.65.238",
        "url": "https://www.youtube.com/api/stats/watchtime?ns=yt&el=detailpage&cpn=pxmDWfwVd4IUuMfd&ver=2&cmt=0&fmt=396&fs=0&rt=2.482&euri&lact=1741&cl=787819992&state=paused&volume=100&subscribed=1&cbrand=apple&cbr=Chrome&cbrver=138.0.0.0&c=WEB&cver=2.20250728.08.00&cplayer=UNIPLAYER&cos=Macintosh&cosver=10_15_7&cplatform=DESKTOP&autoplay=1&final=1&delay=10&hl=zh_CN&cr=US&uga=35&len=1012.181&feature=g-high-rec&afmt=251&idpj=-3&ldpj=-7&st=0&et=0&muted=1&vis=5&docid=eut5Q5lUxic&ei=UXmJaMKcBvDQoPMPq47I6A0&plid=AAY7G69mRkR5pgPl&referrer=https%3A%2F%2Fwww.youtube.com%2F&sdetail=p%3A%2F&sourceid=y&autonav=1&of=jBAmqTi7SxXKiHeiR5PclA&vm=CAEQARgEOjJBSHFpSlRLeVlCa1BsZzNZclJZTlVOdlJ6VjBGUTdmaXM0UnNkSGwwOGxaMnhnZEhDQWJfQUZVQTZSVEFLclN6UzRWTENfNkxacnJUdWRVVWUzS1hOY0V2bTFVSElUU213SlNkdFB2UzJYZDNNU1NHTGJQZk95bllIWUlWQVEyZDBZZnlfeUxXZHNfVWp1el9ZWEU",
        "city": "New York",
        "region": "New York",
        "country": "United States",
        "org": "Google LLC",
        "timezone": "America/New_York",
        "source": "ip-api.com"
      },
      "geometry": {
        "type": "Point",
        "coordinates": [
          -74.006,
          40.7128
        ]
      }
    },
    {
      "type": "Feature",
      "properties": {
        "ip": "142.250.65.238",
        "url": "https://www.youtube.com/ptracking?html5=1&video_id=0wBfICuWl7M&cpn=AGNOZsC9swm5vJbe&ei=ZXmJaJ2DKY-Fy_sPypGguAY&ptk=youtube_single&oid=EXKDVUCg1Yo6UDpk4esILw&ptchn=QnMw9GGDS3xO6fN5oae-4w&pltype=content&m=A6SHJZajr13ZXumIU1ftvESYrj0Kdnvsirua9ajSyta4727kFgu3oVmPk1iSZsW9v3vm9lGAxSD9khyyTR0rJ_Pp",
        "city": "New York",
        "region": "New York",
        "country": "United States",
        "org": "Google LLC",
        "timezone": "America/New_York",
        "source": "ip-api.com"
      },
      "geometry": {
        "type": "Point",
        "coordinates": [
          -74.006,
          40.7128
        ]
      }
    },
    {
      "type": "Feature",
      "properties": {
        "ip": "142.250.65.238",
        "url": "https://www.youtube.com/api/stats/qoe?fmt=396&afmt=251&cpn=Zb-07ICh_J_R3YqT&el=detailpage&ns=yt&fexp=v1%2C23930656%2C55365%2C18623%2C695255%2C14625955%2C11684381%2C53408%2C9105%2C22730%2C2821%2C106030%2C18644%2C14869%2C47210%2C15124%2C65%2C13526%2C391%2C26504%2C9252%2C3479%2C2519%2C10511%2C23206%2C10364%2C4815%2C2%2C19813%2C19660%2C562%2C11784%2C2796%2C2595%2C5656%2C2625%2C1904%2C874%2C10552%2C591%2C6045%2C64%2C4324%2C2313%2C1491%2C1592%2C1479%2C3906%2C1563%2C3888%2C207%2C346%2C7947%2C842%2C4174%2C1995%2C355%2C2585%2C62%2C372%2C723%2C1671%2C1635%2C867%2C1060%2C2039%2C5%2C3485%2C166%2C1414%2C2164%2C332%2C12%2C1029%2C2643%2C938%2C70&cl=787819992&seq=2&docid=otaSWMeT8w8&ei=WHmJaPrVKoXQoPMP5PzR2QE&event=streamingstats&feature=g-high-rec&plid=AAY7G6_aJIMIiBEd&sdetail=p%3A%2F&sourceid=y&cbrand=apple&cbr=Chrome&cbrver=138.0.0.0&c=WEB&cver=2.20250728.08.00&cplayer=UNIPLAYER&cos=Macintosh&cosver=10_15_7&cplatform=DESKTOP&afs=0.039:251;CggKA2RyYxIBMQ::i:CCEoAQ&ctmp=atrkchg:t.40;id.und;m.0&vfs=0.040:396:396::r:CCEoAQ&view=0.040:357:201:2&vps=0.040:B,0.040:B&bwm=0.040:433292:0.038&bwe=0.040:2353475&bat=0.040:0.65:1&cmt=0.040:0.000&bh=0.040:0.000&qclc=ChBaYi0wN0lDaF9KX1IzWXFUEAI",
        "city": "New York",
        "region": "New York",
        "country": "United States",
        "org": "Google LLC",
        "timezone": "America/New_York",
        "source": "ip-api.com"
      },
      "geometry": {
        "type": "Point",
        "coordinates": [
          -74.006,
          40.7128
        ]
      }
    },
    {
      "type": "Feature",
      "properties": {
        "ip": "142.250.65.238",
        "url": "https://www.youtube.com/api/stats/qoe?fmt=396&afmt=251&cpn=aUHYyMWyQ-evkcR2&el=detailpage&ns=yt&fexp=v1%2C23930656%2C55365%2C18623%2C695255%2C14625955%2C11684381%2C53408%2C9105%2C22730%2C2821%2C106030%2C18644%2C14869%2C47210%2C15124%2C65%2C13526%2C391%2C26504%2C9252%2C3479%2C2519%2C10511%2C23206%2C10364%2C4815%2C2%2C19813%2C19660%2C562%2C11784%2C2796%2C2595%2C5656%2C2625%2C1904%2C874%2C10552%2C591%2C6045%2C64%2C4324%2C2313%2C1491%2C1592%2C1479%2C3906%2C1563%2C3888%2C207%2C346%2C7947%2C842%2C4174%2C1995%2C355%2C2585%2C62%2C372%2C723%2C1671%2C1635%2C867%2C1060%2C2039%2C5%2C3485%2C166%2C1414%2C2164%2C332%2C12%2C1029%2C2643%2C938%2C70&cl=787819992&seq=3&docid=THY_UFpbZJY&ei=XHmJaOC_E4aqoPMPtLv9oAE&event=streamingstats&feature=g-high-rec&plid=AAY7G7ARWAMs7BST&sdetail=p%3A%2F&sourceid=y&cbrand=apple&cbr=Chrome&cbrver=138.0.0.0&c=WEB&cver=2.20250728.08.00&cplayer=UNIPLAYER&cos=Macintosh&cosver=10_15_7&cplatform=DESKTOP&bh=0.167:17.951,1.359:0.000&cmt=0.167:0.008,0.917:0.714,1.356:0.000,1.359:0.000,1.359:0.000&vps=0.167:PL,1.356:N,1.359:SU,1.359:SU&user_intent=0&cfs=0.291:.en-US:::s&bwm=1.359:699150:0.048&bat=1.359:0.65:1&qclc=ChBhVUhZeU1XeVEtZXZrY1IyEAM",
        "city": "New York",
        "region": "New York",
        "country": "United States",
        "org": "Google LLC",
        "timezone": "America/New_York",
        "source": "ip-api.com"
      },
      "geometry": {
        "type": "Point",
        "coordinates": [
          -74.006,
          40.7128
        ]
      }
    },
    {
      "type": "Feature",
      "properties": {
        "ip": "142.250.65.238",
        "url": "https://www.youtube.com/api/timedtext?v=THY_UFpbZJY&ei=XHmJaOC_E4aqoPMPtLv9oAE&caps=asr&opi=112496729&exp=xpo%2Cxpe&xoaf=7&hl=zh-CN&ip=0.0.0.0&ipbits=0&expire=1753865164&sparams=ip%2Cipbits%2Cexpire%2Cv%2Cei%2Ccaps%2Copi%2Cexp%2Cxoaf&signature=0A27F49439B072E3C9DCB4690BAFE5FA427ACBF5.E090AD05C8F96BDB44454A2AF92B59218189AB73&key=yt8&lang=en-US&potc=1&pot=MlUq1EXnGJPLqCrqIcZTwC6e0ANURnhv5o4EtMO_GXsiydw3_CK1kB0IojqEZUg3YV9Ha8Y-3QjI6ix4TRAfemEG_kgc7dJhZ3CgyvVzHsMkarc3mUvq&fmt=json3&xorb=2&xobt=3&xovt=3&cbrand=apple&cbr=Chrome&cbrver=138.0.0.0&c=WEB&cver=2.20250728.08.00&cplayer=UNIPLAYER&cos=Macintosh&cosver=10_15_7&cplatform=DESKTOP",
        "city": "New York",
        "region": "New York",
        "country": "United States",
        "org": "Google LLC",
        "timezone": "America/New_York",
        "source": "ip-api.com"
      },
      "geometry": {
        "type": "Point",
        "coordinates": [
          -74.006,
          40.7128
        ]
      }
    },
    {
      "type": "Feature",
      "properties": {
        "ip": "142.250.65.238",
        "url": "https://www.youtube.com/api/stats/watchtime?ns=yt&el=shortspage&cpn=H0SwRGHF9KTml3K4&ver=2&cmt=0&fmt=788&fs=0&rt=0.765&euri=https%3A%2F%2Fwww.youtube.com%2Fshorts%2F0wBfICuWl7M&lact=9120&cl=787819992&state=paused&volume=62%2C62&cbrand=apple&cbr=Chrome&cbrver=138.0.0.0&c=WEB&cver=2.20250728.08.00&cplayer=UNIPLAYER&cos=Macintosh&cosver=10_15_7&cplatform=DESKTOP&delay=4&hl=zh_CN&cr=US&uga=35&len=13.841&afmt=251&idpj=-8&ldpj=-23&rti=3&st=0%2C0.287&et=0.287%2C0.326&muted=0%2C0&cc=a.en%2C-&docid=qxHGvJfqBeo&ei=lHmJaKG1A43HkucPr_Hn6AU&plid=AAY7G7NjxmrzSisB&referrer=https%3A%2F%2Fwww.youtube.com%2Fshorts%2FlCsV8l3s5_w&sdetail=p%3A%2Fshorts%2FlCsV8l3s5_w&sourceid=y&of=prjv5HfGk3E6aCa4dybJwA&vm=CAEQABgEOjJBSHFpSlRLWnVVRHN5QWlfbll6NVdZRC1JMEloVUVzUm41U09xTWdfTDZxTEwyLWhCd2JfQUZVQTZSU1k4cktGbi1QZjVzLWdzck8wak9Uc1RhSUdWZlNFU2ZSNkNGY2JMNG15Sm15VlBjbkRmemljT0w1R3MxdjVRT1VQaDJpVElsa0NwZnZzUDlQWDJhSnZ2NVU",
        "city": "New York",
        "region": "New York",
        "country": "United States",
        "org": "Google LLC",
        "timezone": "America/New_York",
        "source": "ip-api.com"
      },
      "geometry": {
        "type": "Point",
        "coordinates": [
          -74.006,
          40.7128
        ]
      }
    },
    {
      "type": "Feature",
      "properties": {
        "ip": "142.250.65.238",
        "url": "https://www.youtube.com/api/stats/watchtime?ns=yt&el=detailpage&cpn=DSExmEv2f6AdoD3Y&ver=2&cmt=689.805&fmt=398&fs=1&rt=213.111&euri&lact=133&cl=787819992&state=playing&volume=62%2C62%2C62%2C62%2C62%2C62%2C62%2C62%2C62&cbrand=apple&cbr=Chrome&cbrver=138.0.0.0&c=WEB&cver=2.20250728.08.00&cplayer=UNIPLAYER&cos=Macintosh&cosver=10_15_7&cplatform=DESKTOP&hl=zh_CN&cr=US&uga=35&len=769.461&rtn=253&feature=plpp_video&afmt=251&idpj=-3&ldpj=-23&rti=213&st=167.561%2C270.55%2C295.494%2C308.925%2C328.113%2C468.185%2C577.556%2C663.902%2C681.171&et=195.219%2C273.071%2C296.188%2C309.853%2C329.078%2C468.465%2C577.784%2C665.5%2C681.39&muted=0%2C0%2C0%2C0%2C0%2C0%2C0%2C0%2C0&vis=2%2C2%2C2%2C2%2C2%2C2%2C2%2C2%2C2&docid=otaSWMeT8w8&ei=sHmJaIG3H9TFkucPjZ3nwAg&plid=AAY7G7UWRHlzFxHU&referrer=https%3A%2F%2Fwww.youtube.com%2Fplaylist%3Flist%3DWL&sdetail=p%3A%2Fplaylist&sourceid=y&list=WL&of=oj8EnlXIBxXMJpgvzezpwA&vm=CAQQARgCOjJBSHFpSlRKTWxsOEZtRjd1eGQxNllrWjU5ZmdONUtwUklJVWEtZXZDaGdRRzlUU0QxQWJfQUZVQTZSUl9XdWs3bDkwcFp6Q3hnNExuRFlyUFVkMnFkVWxJVEVLVGtIMUFLbVZmUjNzUXRYanNiYndPOGZVSGQwTUJaYmY1YnlvMTdjQWpNRWdwSkRCX3M3X0lLMGM",
        "city": "New York",
        "region": "New York",
        "country": "United States",
        "org": "Google LLC",
        "timezone": "America/New_York",
        "source": "ip-api.com"
      },
      "geometry": {
        "type": "Point",
        "coordinates": [
          -74.006,
          40.7128
        ]
      }
    },
    {
      "type": "Feature",
      "properties": {
        "ip": "142.250.65.238",
        "url": "https://www.youtube.com/api/stats/qoe?fmt=396&cpn=Mb-B6HKdw_6CJYKJ&el=detailpage&ns=yt&fexp=v1%2C23930656%2C55365%2C18623%2C695255%2C14625955%2C11684381%2C53408%2C9105%2C22730%2C2821%2C106030%2C18644%2C14869%2C47210%2C15124%2C65%2C13526%2C391%2C26504%2C9252%2C3479%2C2519%2C10511%2C23206%2C10364%2C4815%2C2%2C19813%2C19660%2C562%2C11784%2C2796%2C2595%2C5656%2C2625%2C1904%2C874%2C10552%2C591%2C6045%2C64%2C4324%2C2313%2C1491%2C1592%2C1479%2C3906%2C1563%2C3888%2C207%2C346%2C7947%2C842%2C4174%2C1995%2C355%2C2585%2C62%2C372%2C723%2C1671%2C1635%2C867%2C1060%2C2039%2C5%2C3485%2C166%2C1414%2C2164%2C332%2C12%2C1029%2C2643%2C938%2C70&cl=787819992&seq=2&docid=Qvh2DovBi64&ei=M3mJaNGCCqiGoPMPq9WVyAM&event=streamingstats&feature=g-high&plid=AAY7G62dZ2Pv6MDr&sdetail=p%3A%2F&sourceid=y&cbrand=apple&cbr=Chrome&cbrver=138.0.0.0&c=WEB&cver=2.20250728.08.00&cplayer=UNIPLAYER&cos=Macintosh&cosver=10_15_7&cplatform=DESKTOP&vfs=0.076:396:396::r:CCUoAQ&view=0.076:232:348:2&vps=0.076:B,0.076:B&bwm=0.076:1200:0.075&bwe=0.076:1744123&bat=0.076:0.65:1&cmt=0.076:0.000&bh=0.076:0.000&qclc=ChBNYi1CNkhLZHdfNkNKWUtKEAI",
        "city": "New York",
        "region": "New York",
        "country": "United States",
        "org": "Google LLC",
        "timezone": "America/New_York",
        "source": "ip-api.com"
      },
      "geometry": {
        "type": "Point",
        "coordinates": [
          -74.006,
          40.7128
        ]
      }
    },
    {
      "type": "Feature",
      "properties": {
        "ip": "142.250.65.238",
        "url": "https://www.youtube.com/api/stats/watchtime?ns=yt&el=adunit&cpn=Eqgf5ggvEQVjBMoI&ver=2&cmt=0.005&fmt=396&fs=0&rt=3.327&adformat=15_6&euri&lact=3615&cl=787819992&state=paused&volume=100&cbrand=apple&cbr=Chrome&cbrver=138.0.0.0&c=WEB&cver=2.20250728.08.00&cplayer=UNIPLAYER&cos=Macintosh&cosver=10_15_7&cplatform=DESKTOP&autoplay=1&final=1&delay=10&hl=zh_CN&cr=US&uga=35&len=15.041&afmt=251&idpj=0&ldpj=-19&st=0.005&et=0.005&muted=1&vis=5&docid=Zg3Xd0giIIk&ei=LnmJaLOwD9KqoPMPjoLXmAg&plid=AAY7G61SkicvQGmF&referrer=https%3A%2F%2Fwww.youtube.com%2F&sdetail=p%3A%2F&sourceid=y&aqi=LHmJaPagA6iu9eQP_Yy38Qg&autonav=1&is_ad=1&of=wbAUJoLFDaeeOSJrHXH1sg&vm=CAEQABgEOjJBSHFpSlRMbTVVTUIwZDN0U1JBTGJpWW8zX3Z6cVBQUEpqVXlBa3ozb2tDaWk4MmpkQWJfQUZVQTZSVHQ1U1FGWmtITnNBTTkxSXlXa2txN0h5dU5EUXdjSnRzd2NtZDExT1psNnYxZnVyWXNUWmZtNDVQUjkzejdkbGNKZHVMZzJfOUcxTTVvdTRaMEJwcXNWLUU",
        "city": "New York",
        "region": "New York",
        "country": "United States",
        "org": "Google LLC",
        "timezone": "America/New_York",
        "source": "ip-api.com"
      },
      "geometry": {
        "type": "Point",
        "coordinates": [
          -74.006,
          40.7128
        ]
      }
    },
    {
      "type": "Feature",
      "properties": {
        "ip": "142.250.65.238",
        "url": "https://www.youtube.com/api/stats/qoe?cpn=HySq6ttCi_EcCGfQ&el=detailpage&ns=yt&fexp=v1%2C23930656%2C55365%2C18623%2C695255%2C14625955%2C11684381%2C53408%2C9105%2C22730%2C2821%2C106030%2C18644%2C14869%2C47210%2C15124%2C65%2C13526%2C391%2C26504%2C9252%2C3479%2C2519%2C10511%2C23206%2C10364%2C4815%2C2%2C19813%2C19660%2C562%2C11784%2C2796%2C2595%2C5656%2C2625%2C1904%2C874%2C10552%2C591%2C6045%2C64%2C4324%2C2313%2C1491%2C1592%2C1479%2C3906%2C1563%2C3888%2C207%2C346%2C7947%2C842%2C4174%2C1995%2C355%2C2585%2C62%2C372%2C723%2C1671%2C1635%2C867%2C1060%2C2039%2C5%2C3485%2C166%2C1414%2C2164%2C332%2C12%2C1029%2C2643%2C938%2C70&cl=787819992&seq=1&docid=otaSWMeT8w8&ei=WHmJaPrVKoXQoPMP5PzR2QE&event=streamingstats&feature=g-high-rec&plid=AAY7G6_aJIMIiBEd&sdetail=p%3A%2F&sourceid=y&cbrand=apple&cbr=Chrome&cbrver=138.0.0.0&c=WEB&cver=2.20250728.08.00&cplayer=UNIPLAYER&cos=Macintosh&cosver=10_15_7&cplatform=DESKTOP&vps=0.000:N,0.004:B,0.021:B&cat=streaming,sabr&ctmp=esfw:usbc.1;hsu.1&cmt=0.004:0.000,0.021:0.000&bwe=0.021:2865512&bat=0.021:0.65:1&vis=0.021:5&bh=0.021:0.000&qclc=ChBIeVNxNnR0Q2lfRWNDR2ZREAE",
        "city": "New York",
        "region": "New York",
        "country": "United States",
        "org": "Google LLC",
        "timezone": "America/New_York",
        "source": "ip-api.com"
      },
      "geometry": {
        "type": "Point",
        "coordinates": [
          -74.006,
          40.7128
        ]
      }
    },
    {
      "type": "Feature",
      "properties": {
        "ip": "142.250.65.238",
        "url": "https://www.youtube.com/api/stats/atr?ns=yt&el=detailpage&cpn=DSExmEv2f6AdoD3Y&ver=2&cmt=1.26&fmt=398&fs=0&rt=6.699&euri&lact=6849&cl=787819992&mos=0&volume=62&cbrand=apple&cbr=Chrome&cbrver=138.0.0.0&c=WEB&cver=2.20250728.08.00&cplayer=UNIPLAYER&cos=Macintosh&cosver=10_15_7&cplatform=DESKTOP&hl=zh_CN&cr=US&uga=35&len=769.461&fexp=v1%2C23930656%2C55365%2C18623%2C695255%2C14625955%2C11684381%2C53408%2C9105%2C22730%2C2821%2C106030%2C18644%2C14869%2C47210%2C15124%2C65%2C13526%2C391%2C26504%2C9252%2C3479%2C2519%2C10511%2C23206%2C10364%2C4815%2C2%2C19813%2C19660%2C562%2C11784%2C2796%2C2595%2C5656%2C2625%2C1904%2C874%2C10552%2C591%2C6045%2C64%2C4324%2C2313%2C1491%2C1592%2C1479%2C3906%2C1563%2C3888%2C207%2C346%2C7947%2C842%2C4174%2C1995%2C355%2C2585%2C62%2C372%2C723%2C1671%2C1635%2C867%2C1060%2C2039%2C5%2C3485%2C166%2C1414%2C2164%2C332%2C12%2C1029%2C2643%2C938%2C70&feature=plpp_video&afmt=251&muted=0&docid=otaSWMeT8w8&ei=sHmJaIG3H9TFkucPjZ3nwAg&plid=AAY7G7UWRHlzFxHU&vm=CAQQARgCOjJBSHFpSlRKTWxsOEZtRjd1eGQxNllrWjU5ZmdONUtwUklJVWEtZXZDaGdRRzlUU0QxQWJfQUZVQTZSUl9XdWs3bDkwcFp6Q3hnNExuRFlyUFVkMnFkVWxJVEVLVGtIMUFLbVZmUjNzUXRYanNiYndPOGZVSGQwTUJaYmY1YnlvMTdjQWpNRWdwSkRCX3M3X0lLMGM",
        "city": "New York",
        "region": "New York",
        "country": "United States",
        "org": "Google LLC",
        "timezone": "America/New_York",
        "source": "ip-api.com"
      },
      "geometry": {
        "type": "Point",
        "coordinates": [
          -74.006,
          40.7128
        ]
      }
    },
    {
      "type": "Feature",
      "properties": {
        "ip": "142.250.65.238",
        "url": "https://www.youtube.com/api/stats/qoe?fmt=398&afmt=251&cpn=DSExmEv2f6AdoD3Y&el=detailpage&ns=yt&fexp=v1%2C23930656%2C55365%2C18623%2C695255%2C14625955%2C11684381%2C53408%2C9105%2C22730%2C2821%2C106030%2C18644%2C14869%2C47210%2C15124%2C65%2C13526%2C391%2C26504%2C9252%2C3479%2C2519%2C10511%2C23206%2C10364%2C4815%2C2%2C19813%2C19660%2C562%2C11784%2C2796%2C2595%2C5656%2C2625%2C1904%2C874%2C10552%2C591%2C6045%2C64%2C4324%2C2313%2C1491%2C1592%2C1479%2C3906%2C1563%2C3888%2C207%2C346%2C7947%2C842%2C4174%2C1995%2C355%2C2585%2C62%2C372%2C723%2C1671%2C1635%2C867%2C1060%2C2039%2C5%2C3485%2C166%2C1414%2C2164%2C332%2C12%2C1029%2C2643%2C938%2C70&cl=787819992&seq=11&docid=otaSWMeT8w8&ei=sHmJaIG3H9TFkucPjZ3nwAg&event=streamingstats&feature=plpp_video&plid=AAY7G7UWRHlzFxHU&sdetail=p%3A%2Fplaylist&sourceid=y&cbrand=apple&cbr=Chrome&cbrver=138.0.0.0&c=WEB&cver=2.20250728.08.00&cplayer=UNIPLAYER&cos=Macintosh&cosver=10_15_7&cplatform=DESKTOP&cmt=201.311:270.550,202.642:271.997,203.769:295.494,203.985:295.494&vps=201.311:PL,203.769:S:ss.7,203.985:S&bwm=203.769:143:0.383&bwe=203.769:4862742,203.985:4862742&bat=203.769:0.69:1,203.985:0.69:1&bh=203.769:43.495,203.985:21.072&qclc=ChBEU0V4bUV2MmY2QWRvRDNZEAs",
        "city": "New York",
        "region": "New York",
        "country": "United States",
        "org": "Google LLC",
        "timezone": "America/New_York",
        "source": "ip-api.com"
      },
      "geometry": {
        "type": "Point",
        "coordinates": [
          -74.006,
          40.7128
        ]
      }
    },
    {
      "type": "Feature",
      "properties": {
        "ip": "142.250.65.238",
        "url": "https://www.youtube.com/api/stats/watchtime?ns=yt&el=detailpage&cpn=TzjODNMc-skX1fHp&ver=2&cmt=0&fmt=396&fs=0&rt=1.736&euri&lact=375&cl=787819992&state=paused&volume=100&cbrand=apple&cbr=Chrome&cbrver=138.0.0.0&c=WEB&cver=2.20250728.08.00&cplayer=UNIPLAYER&cos=Macintosh&cosver=10_15_7&cplatform=DESKTOP&autoplay=1&delay=10&hl=zh_CN&cr=US&uga=35&len=891.181&feature=g-high-rec&afmt=251&idpj=0&ldpj=-18&rti=11&st=0&et=1.499&muted=1&vis=5&cc=a.en&au=en-US.4&docid=S7dc_DOVwbI&ei=OXmJaJiuF4yGkucPq6OjgQg&plid=AAY7G638VDD-UH3s&referrer=https%3A%2F%2Fwww.youtube.com%2F&sdetail=p%3A%2F&sourceid=y&autonav=1&of=w9TYKSJjyGmNibdjhRe5xg&vm=CAEQARgEOjJBSHFpSlRMYlRHdWgxY2Q2bmtpemRWdmpSdUtMc0dCUFBBVVdmTTM0bXZOY0Rfdzk4Z2JaQUZVQTZSVFZKYzdnN21wQU1GeEZmSExtVnBuZlFDOFRyVE9odk4tYjY3SndSUnZkM2xEbEZrcXE5MVdyekhXbGlMN3pQMXhrMTZNNjJMcWNvR1VHSllYa0Rn",
        "city": "New York",
        "region": "New York",
        "country": "United States",
        "org": "Google LLC",
        "timezone": "America/New_York",
        "source": "ip-api.com"
      },
      "geometry": {
        "type": "Point",
        "coordinates": [
          -74.006,
          40.7128
        ]
      }
    },
    {
      "type": "Feature",
      "properties": {
        "ip": "142.250.65.238",
        "url": "https://www.youtube.com/youtubei/v1/log_event?alt=json",
        "city": "New York",
        "region": "New York",
        "country": "United States",
        "org": "Google LLC",
        "timezone": "America/New_York",
        "source": "ip-api.com"
      },
      "geometry": {
        "type": "Point",
        "coordinates": [
          -74.006,
          40.7128
        ]
      }
    },
    {
      "type": "Feature",
      "properties": {
        "ip": "142.250.65.238",
        "url": "https://www.youtube.com/api/stats/qoe?fmt=398&afmt=251&cpn=AGNOZsC9swm5vJbe&el=shortspage&ns=yt&fexp=v1%2C23930656%2C55365%2C18623%2C695255%2C14625955%2C11684381%2C53408%2C9105%2C22730%2C2821%2C106030%2C18644%2C14869%2C47210%2C15124%2C65%2C13526%2C391%2C26504%2C9252%2C3479%2C2519%2C10511%2C23206%2C10364%2C4815%2C2%2C19813%2C19660%2C562%2C11784%2C2796%2C2595%2C5656%2C2625%2C1904%2C874%2C10552%2C591%2C6045%2C64%2C4324%2C2313%2C1491%2C1592%2C1479%2C3906%2C1563%2C3888%2C207%2C346%2C7947%2C842%2C4174%2C1995%2C355%2C2585%2C62%2C372%2C723%2C1671%2C1635%2C867%2C1060%2C2039%2C5%2C3485%2C166%2C1414%2C2164%2C332%2C12%2C1029%2C2643%2C938%2C70&cl=787819992&seq=4&docid=0wBfICuWl7M&ei=ZXmJaJ2DKY-Fy_sPypGguAY&event=streamingstats&plid=AAY7G7CgcuBikd8u&sdetail=p%3A%2F&sourceid=y&cbrand=apple&cbr=Chrome&cbrver=138.0.0.0&c=WEB&cver=2.20250728.08.00&cplayer=UNIPLAYER&cos=Macintosh&cosver=10_15_7&cplatform=DESKTOP&cmt=16.380:0.721,20.005:4.346&vps=20.005:PL&bwe=20.005:4603134&bat=20.005:0.65:1&bh=20.005:15.333&qclc=ChBBR05PWnNDOXN3bTV2SmJlEAQaDENnSUlEQSUzRCUzRA",
        "city": "New York",
        "region": "New York",
        "country": "United States",
        "org": "Google LLC",
        "timezone": "America/New_York",
        "source": "ip-api.com"
      },
      "geometry": {
        "type": "Point",
        "coordinates": [
          -74.006,
          40.7128
        ]
      }
    },
    {
      "type": "Feature",
      "properties": {
        "ip": "142.250.65.238",
        "url": "https://www.youtube.com/api/timedtext?v=0XlsFeNWDMg&ei=j3mJaJDyI5m-kucPjO68kQg&caps=asr&opi=112496729&exp=xpe&xoaf=5&xosf=1&hl=zh-CN&ip=0.0.0.0&ipbits=0&expire=1753865215&sparams=ip%2Cipbits%2Cexpire%2Cv%2Cei%2Ccaps%2Copi%2Cexp%2Cxoaf&signature=826518859D1AC7850BBAA51E1C3B954685ACF1AB.567040A43C9BAB5CDADFF771FA1C646FFAE6A66D&key=yt8&kind=asr&lang=en&variant=punctuated&potc=1&pot=MlV1hg7k77O4unW4asWk4F2Mj1EfRY9PlZxb5oi87ltR24NltyFCsG4a_WjPZr8XEk0YOY09Kii7-HMqBhPoWhIUoRpX7iVBFGI0pXJyVjgi3Ee5Cyb5&fmt=json3&xorb=2&xobt=3&xovt=3&cbrand=apple&cbr=Chrome&cbrver=138.0.0.0&c=WEB&cver=2.20250728.08.00&cplayer=UNIPLAYER&cos=Macintosh&cosver=10_15_7&cplatform=DESKTOP",
        "city": "New York",
        "region": "New York",
        "country": "United States",
        "org": "Google LLC",
        "timezone": "America/New_York",
        "source": "ip-api.com"
      },
      "geometry": {
        "type": "Point",
        "coordinates": [
          -74.006,
          40.7128
        ]
      }
    },
    {
      "type": "Feature",
      "properties": {
        "ip": "142.250.65.238",
        "url": "https://www.youtube.com/api/stats/qoe?cpn=aUHYyMWyQ-evkcR2&el=detailpage&ns=yt&fexp=v1%2C23930656%2C55365%2C18623%2C695255%2C14625955%2C11684381%2C53408%2C9105%2C22730%2C2821%2C106030%2C18644%2C14869%2C47210%2C15124%2C65%2C13526%2C391%2C26504%2C9252%2C3479%2C2519%2C10511%2C23206%2C10364%2C4815%2C2%2C19813%2C19660%2C562%2C11784%2C2796%2C2595%2C5656%2C2625%2C1904%2C874%2C10552%2C591%2C6045%2C64%2C4324%2C2313%2C1491%2C1592%2C1479%2C3906%2C1563%2C3888%2C207%2C346%2C7947%2C842%2C4174%2C1995%2C355%2C2585%2C62%2C372%2C723%2C1671%2C1635%2C867%2C1060%2C2039%2C5%2C3485%2C166%2C1414%2C2164%2C332%2C12%2C1029%2C2643%2C938%2C70&cl=787819992&seq=1&docid=THY_UFpbZJY&ei=XHmJaOC_E4aqoPMPtLv9oAE&event=streamingstats&feature=g-high-rec&plid=AAY7G7ARWAMs7BST&sdetail=p%3A%2F&sourceid=y&cbrand=apple&cbr=Chrome&cbrver=138.0.0.0&c=WEB&cver=2.20250728.08.00&cplayer=UNIPLAYER&cos=Macintosh&cosver=10_15_7&cplatform=DESKTOP&vps=0.000:N,0.006:B,0.041:B&cat=streaming,sabr&ctmp=esfw:usbc.1;hsu.1&cmt=0.006:0.000,0.041:0.000&bwe=0.041:2573454&bat=0.041:0.65:1&vis=0.041:5&bh=0.041:0.000&qclc=ChBhVUhZeU1XeVEtZXZrY1IyEAE",
        "city": "New York",
        "region": "New York",
        "country": "United States",
        "org": "Google LLC",
        "timezone": "America/New_York",
        "source": "ip-api.com"
      },
      "geometry": {
        "type": "Point",
        "coordinates": [
          -74.006,
          40.7128
        ]
      }
    },
    {
      "type": "Feature",
      "properties": {
        "ip": "142.250.65.238",
        "url": "https://www.youtube.com/api/stats/qoe?cpn=Mb-B6HKdw_6CJYKJ&el=detailpage&ns=yt&fexp=v1%2C23930656%2C55365%2C18623%2C695255%2C14625955%2C11684381%2C53408%2C9105%2C22730%2C2821%2C106030%2C18644%2C14869%2C47210%2C15124%2C65%2C13526%2C391%2C26504%2C9252%2C3479%2C2519%2C10511%2C23206%2C10364%2C4815%2C2%2C19813%2C19660%2C562%2C11784%2C2796%2C2595%2C5656%2C2625%2C1904%2C874%2C10552%2C591%2C6045%2C64%2C4324%2C2313%2C1491%2C1592%2C1479%2C3906%2C1563%2C3888%2C207%2C346%2C7947%2C842%2C4174%2C1995%2C355%2C2585%2C62%2C372%2C723%2C1671%2C1635%2C867%2C1060%2C2039%2C5%2C3485%2C166%2C1414%2C2164%2C332%2C12%2C1029%2C2643%2C938%2C70&cl=787819992&seq=1&docid=Qvh2DovBi64&ei=M3mJaNGCCqiGoPMPq9WVyAM&event=streamingstats&feature=g-high&plid=AAY7G62dZ2Pv6MDr&sdetail=p%3A%2F&sourceid=y&cbrand=apple&cbr=Chrome&cbrver=138.0.0.0&c=WEB&cver=2.20250728.08.00&cplayer=UNIPLAYER&cos=Macintosh&cosver=10_15_7&cplatform=DESKTOP&vps=0.000:N,0.005:B,0.022:B&cat=streaming,sabr&ctmp=esfw:usbc.1;hsu.1&cmt=0.005:0.000,0.022:0.000&bwe=0.022:1798357&bat=0.022:0.65:1&vis=0.022:5&bh=0.022:0.000&qclc=ChBNYi1CNkhLZHdfNkNKWUtKEAE",
        "city": "New York",
        "region": "New York",
        "country": "United States",
        "org": "Google LLC",
        "timezone": "America/New_York",
        "source": "ip-api.com"
      },
      "geometry": {
        "type": "Point",
        "coordinates": [
          -74.006,
          40.7128
        ]
      }
    },
    {
      "type": "Feature",
      "properties": {
        "ip": "142.250.65.238",
        "url": "https://www.youtube.com/api/stats/qoe?cpn=qAgIR43Ubc7gaOe3&el=detailpage&ns=yt&fexp=v1%2C23930656%2C55365%2C18623%2C695255%2C14625955%2C11684381%2C53408%2C9105%2C22730%2C2821%2C106030%2C18644%2C14869%2C47210%2C15124%2C65%2C13526%2C391%2C26504%2C9252%2C3479%2C2519%2C10511%2C23206%2C10364%2C4815%2C2%2C19813%2C19660%2C562%2C11784%2C2796%2C2595%2C5656%2C2625%2C1904%2C874%2C10552%2C591%2C6045%2C64%2C4324%2C2313%2C1491%2C1592%2C1479%2C3906%2C1563%2C3888%2C207%2C346%2C7947%2C842%2C4174%2C1995%2C355%2C2585%2C62%2C372%2C723%2C1671%2C1635%2C867%2C1060%2C2039%2C5%2C3485%2C166%2C1414%2C2164%2C332%2C12%2C1029%2C2643%2C938%2C70&cl=787819992&seq=1&docid=0wBfICuWl7M&ei=M3mJaMenN-XOoPMPwpXJwQs&event=streamingstats&feature=g-high&plid=AAY7G62pJZy2NqiA&sdetail=p%3A%2F&sourceid=y&cbrand=apple&cbr=Chrome&cbrver=138.0.0.0&c=WEB&cver=2.20250728.08.00&cplayer=UNIPLAYER&cos=Macintosh&cosver=10_15_7&cplatform=DESKTOP&vps=0.000:N,0.004:B,0.019:B&cat=streaming,mta,sabr&ctmp=esfw:usbc.1;hsu.1&cmt=0.004:0.000,0.019:0.000&bwe=0.019:1730307&bat=0.019:0.65:1&vis=0.019:5&bh=0.019:0.000&qclc=ChBxQWdJUjQzVWJjN2dhT2UzEAE",
        "city": "New York",
        "region": "New York",
        "country": "United States",
        "org": "Google LLC",
        "timezone": "America/New_York",
        "source": "ip-api.com"
      },
      "geometry": {
        "type": "Point",
        "coordinates": [
          -74.006,
          40.7128
        ]
      }
    },
    {
      "type": "Feature",
      "properties": {
        "ip": "142.250.65.238",
        "url": "https://www.youtube.com/api/stats/playback?ns=yt&el=shortspage&cpn=KHlzL2XVthjSOKmg&ver=2&cmt=0.029&fmt=398&fs=0&rt=0.338&euri=https%3A%2F%2Fwww.youtube.com%2Fshorts%2F0wBfICuWl7M&lact=2927&cl=787819992&mos=0&volume=62&cbrand=apple&cbr=Chrome&cbrver=138.0.0.0&c=WEB&cver=2.20250728.08.00&cplayer=UNIPLAYER&cos=Macintosh&cosver=10_15_7&cplatform=DESKTOP&delay=4&hl=zh_CN&cr=US&uga=35&len=11.341&fexp=v1%2C23930656%2C55365%2C18623%2C695255%2C14625955%2C11684381%2C53408%2C9105%2C22730%2C2821%2C106030%2C18644%2C14869%2C47210%2C15124%2C65%2C13526%2C391%2C26504%2C9252%2C3479%2C2519%2C10511%2C23206%2C10364%2C4815%2C2%2C19813%2C19660%2C562%2C11784%2C2796%2C2595%2C5656%2C2625%2C1904%2C874%2C10552%2C591%2C6045%2C64%2C4324%2C2313%2C1491%2C1592%2C1479%2C3906%2C1563%2C3888%2C207%2C346%2C7947%2C842%2C4174%2C1995%2C355%2C2585%2C62%2C372%2C723%2C1671%2C1635%2C867%2C1060%2C2039%2C5%2C3485%2C166%2C1414%2C2164%2C332%2C12%2C1029%2C2643%2C938%2C70&rtn=5&afmt=251&muted=0&cc=a.en&docid=WkysaIBxwPc&ei=jnmJaOfHEIO4kucPpYXn6Qs&plid=AAY7G7MLtTSihYV2&referrer=https%3A%2F%2Fwww.youtube.com%2Fshorts%2FkJ3o1E2WS8E&sdetail=p%3A%2Fshorts%2FkJ3o1E2WS8E&sourceid=y&of=-_3IrBCUzxOACIypL_kYbQ&vm=CAEQABgEOjJBSHFpSlRMT2dEeGY2eUh2aWxQNE5WMjBPaU1WdjByQUNNdzQ4TElDNEhFeXNEWFc1UWJfQUZVQTZSUUJKWm92UmFmeC1lZmdKSmNIUlhQUm10WUsyd25BU1R6T0xCNEFDTFF5WDhaZDdKZ2ZlYmYxeFRJZFZDZ1NGQkJRekRtdnZZaHExUWlNMk5ZdEpRMkQ2VVU",
        "city": "New York",
        "region": "New York",
        "country": "United States",
        "org": "Google LLC",
        "timezone": "America/New_York",
        "source": "ip-api.com"
      },
      "geometry": {
        "type": "Point",
        "coordinates": [
          -74.006,
          40.7128
        ]
      }
    },
    {
      "type": "Feature",
      "properties": {
        "ip": "142.250.65.238",
        "url": "https://www.youtube.com/api/stats/playback?ns=yt&el=detailpage&cpn=lRzPnkhfdIdvD0Ru&ver=2&cmt=0.054&fmt=396&fs=0&rt=0.17&euri&lact=602&cl=787819992&mos=1&volume=100&subscribed=1&cbrand=apple&cbr=Chrome&cbrver=138.0.0.0&c=WEB&cver=2.20250728.08.00&cplayer=UNIPLAYER&cos=Macintosh&cosver=10_15_7&cplatform=DESKTOP&autoplay=1&delay=10&hl=zh_CN&cr=US&uga=35&len=411.321&fexp=v1%2C23930656%2C55365%2C18623%2C695255%2C14625955%2C11684381%2C53408%2C9105%2C22730%2C2821%2C106030%2C18644%2C14869%2C47210%2C15124%2C65%2C13526%2C391%2C26504%2C9252%2C3479%2C2519%2C10511%2C23206%2C10364%2C4815%2C2%2C19813%2C19660%2C562%2C11784%2C2796%2C2595%2C5656%2C2625%2C1904%2C874%2C10552%2C591%2C6045%2C64%2C4324%2C2313%2C1491%2C1592%2C1479%2C3906%2C1563%2C3888%2C207%2C346%2C7947%2C842%2C4174%2C1995%2C355%2C2585%2C62%2C372%2C723%2C1671%2C1635%2C867%2C1060%2C2039%2C5%2C3485%2C166%2C1414%2C2164%2C332%2C12%2C1029%2C2643%2C938%2C70&rtn=10&feature=g-high-rec&afmt=251&muted=1&vis=5&cc=.en-US&docid=pWRlDIBoQW4&ei=N3mJaOnGNqi30_wPi-eEmAs&plid=AAY7G63lgxFRp3x5&referrer=https%3A%2F%2Fwww.youtube.com%2F&sdetail=p%3A%2F&sourceid=y&autonav=1&of=TTOGcimrwD44xgEZ33ZEfQ&vm=CAEQARgEOjJBSHFpSlRKel9aeV9QalJKY1c4aTNCQXh4cDBVbFNibEhSblFmWlJ2a0hkSi0ySS1fQWJfQUZVQTZSUUoxVWs0cVFaMUxlbW9NbEFVa0k3UXFaY0NXS3RWU2xaVUc0ZTFzZnkyNzZHWVg0RDRWbnVVMGJIQ0tNdzdRV25iNkIyVWlFZzJGLVp1cmh1akFxM2NUSzg",
        "city": "New York",
        "region": "New York",
        "country": "United States",
        "org": "Google LLC",
        "timezone": "America/New_York",
        "source": "ip-api.com"
      },
      "geometry": {
        "type": "Point",
        "coordinates": [
          -74.006,
          40.7128
        ]
      }
    },
    {
      "type": "Feature",
      "properties": {
        "ip": "142.250.65.238",
        "url": "https://www.youtube.com/api/stats/playback?ns=yt&el=detailpage&cpn=5m7xa9A0xZ9cQu-J&ver=2&cmt=3&fmt=396&fs=0&rt=0.157&euri&lact=192&cl=787819992&mos=1&volume=100&subscribed=1&cbrand=apple&cbr=Chrome&cbrver=138.0.0.0&c=WEB&cver=2.20250728.08.00&cplayer=UNIPLAYER&cos=Macintosh&cosver=10_15_7&cplatform=DESKTOP&autoplay=1&delay=10&hl=zh_CN&cr=US&uga=35&len=40.161&fexp=v1%2C23930656%2C55365%2C18623%2C695255%2C14625955%2C11684381%2C53408%2C9105%2C22730%2C2821%2C106030%2C18644%2C14869%2C47210%2C15124%2C65%2C13526%2C391%2C26504%2C9252%2C3479%2C2519%2C10511%2C23206%2C10364%2C4815%2C2%2C19813%2C19660%2C562%2C11784%2C2796%2C2595%2C5656%2C2625%2C1904%2C874%2C10552%2C591%2C6045%2C64%2C4324%2C2313%2C1491%2C1592%2C1479%2C3906%2C1563%2C3888%2C207%2C346%2C7947%2C842%2C4174%2C1995%2C355%2C2585%2C62%2C372%2C723%2C1671%2C1635%2C867%2C1060%2C2039%2C5%2C3485%2C166%2C1414%2C2164%2C332%2C12%2C1029%2C2643%2C938%2C70&rtn=7&feature=g-high&afmt=251&muted=1&vis=5&docid=4Ds2VCOKMSE&ei=MnmJaMjME7CAy_sP7fqniQc&plid=AAY7G62QmbFH7Dbe&referrer=https%3A%2F%2Fwww.youtube.com%2F&sdetail=p%3A%2F&sourceid=y&autonav=1&of=BZ4_sYAgIRXdGgxPuwj3uA&vm=CAEQABgEOjJBSHFpSlRMMDR3TkJMZTZpQVpUalNvNUo1SlhFaXlRYUxhTmpmUVp2TWszNFdxdGNfd2JkQUZVQTZSU3ZrRGh0a1JBM3ZwbG5rb1RkN3NJYkM0WFJMd3pEUFRPYlY2WE1IbXVJbnZBTTdfOC1qLWZiRVBjZTk4bVBjR05EUTJWZjcyME9zMlJkbEY0b0pkVE42dV95OVYtVQ",
        "city": "New York",
        "region": "New York",
        "country": "United States",
        "org": "Google LLC",
        "timezone": "America/New_York",
        "source": "ip-api.com"
      },
      "geometry": {
        "type": "Point",
        "coordinates": [
          -74.006,
          40.7128
        ]
      }
    },
    {
      "type": "Feature",
      "properties": {
        "ip": "142.250.65.238",
        "url": "https://www.youtube.com/api/stats/watchtime?ns=yt&el=shortspage&cpn=KHlzL2XVthjSOKmg&ver=2&cmt=0&fmt=398&fs=0&rt=1.301&euri=https%3A%2F%2Fwww.youtube.com%2Fshorts%2F0wBfICuWl7M&lact=3890&cl=787819992&state=paused&volume=62%2C62&cbrand=apple&cbr=Chrome&cbrver=138.0.0.0&c=WEB&cver=2.20250728.08.00&cplayer=UNIPLAYER&cos=Macintosh&cosver=10_15_7&cplatform=DESKTOP&delay=4&hl=zh_CN&cr=US&uga=35&len=11.341&afmt=251&idpj=-6&ldpj=-15&rti=5&st=0%2C0.891&et=0.891%2C0.931&muted=0%2C0&cc=a.en%2C-&docid=WkysaIBxwPc&ei=jnmJaOfHEIO4kucPpYXn6Qs&plid=AAY7G7MLtTSihYV2&referrer=https%3A%2F%2Fwww.youtube.com%2Fshorts%2FkJ3o1E2WS8E&sdetail=p%3A%2Fshorts%2FkJ3o1E2WS8E&sourceid=y&of=-_3IrBCUzxOACIypL_kYbQ&vm=CAEQABgEOjJBSHFpSlRMT2dEeGY2eUh2aWxQNE5WMjBPaU1WdjByQUNNdzQ4TElDNEhFeXNEWFc1UWJfQUZVQTZSUUJKWm92UmFmeC1lZmdKSmNIUlhQUm10WUsyd25BU1R6T0xCNEFDTFF5WDhaZDdKZ2ZlYmYxeFRJZFZDZ1NGQkJRekRtdnZZaHExUWlNMk5ZdEpRMkQ2VVU",
        "city": "New York",
        "region": "New York",
        "country": "United States",
        "org": "Google LLC",
        "timezone": "America/New_York",
        "source": "ip-api.com"
      },
      "geometry": {
        "type": "Point",
        "coordinates": [
          -74.006,
          40.7128
        ]
      }
    },
    {
      "type": "Feature",
      "properties": {
        "ip": "142.250.65.238",
        "url": "https://www.youtube.com/api/stats/qoe?fmt=396&afmt=251&cpn=t9G2ABkInr7vg1wk&el=detailpage&ns=yt&fexp=v1%2C23930656%2C55365%2C18623%2C695255%2C14625955%2C11684381%2C53408%2C9105%2C22730%2C2821%2C106030%2C18644%2C14869%2C47210%2C15124%2C65%2C13526%2C391%2C26504%2C9252%2C3479%2C2519%2C10511%2C23206%2C10364%2C4815%2C2%2C19813%2C19660%2C562%2C11784%2C2796%2C2595%2C5656%2C2625%2C1904%2C874%2C10552%2C591%2C6045%2C64%2C4324%2C2313%2C1491%2C1592%2C1479%2C3906%2C1563%2C3888%2C207%2C346%2C7947%2C842%2C4174%2C1995%2C355%2C2585%2C62%2C372%2C723%2C1671%2C1635%2C867%2C1060%2C2039%2C5%2C3485%2C166%2C1414%2C2164%2C332%2C12%2C1029%2C2643%2C938%2C70&cl=787819992&seq=1&docid=0wBfICuWl7M&ei=M3mJaMenN-XOoPMPwpXJwQs&event=streamingstats&feature=g-high&plid=AAY7G62pJZy2NqiA&sdetail=p%3A%2F&sourceid=y&cbrand=apple&cbr=Chrome&cbrver=138.0.0.0&c=WEB&cver=2.20250728.08.00&cplayer=UNIPLAYER&cos=Macintosh&cosver=10_15_7&cplatform=DESKTOP&vps=0.000:N,0.006:B,0.124:B,0.124:B&cat=streaming,mta,sabr&ctmp=esfw:usbc.1;hsu.1,atrkchg:t.122;id.en-US.4;m.0&cmt=0.006:0.000,0.124:0.000&afs=0.121:251;ChEKBWFjb250EghvcmlnaW5hbAoNCgRsYW5nEgVlbi1VUw::i:CAUoAQ&vfs=0.124:396:396::r:CAUoAQ&view=0.124:232:348:2&bwm=0.124:17312:0.119&bwe=0.124:1266044&bat=0.124:0.64:1&vis=0.124:5&bh=0.124:0.000&qclc=ChB0OUcyQUJrSW5yN3ZnMXdrEAE",
        "city": "New York",
        "region": "New York",
        "country": "United States",
        "org": "Google LLC",
        "timezone": "America/New_York",
        "source": "ip-api.com"
      },
      "geometry": {
        "type": "Point",
        "coordinates": [
          -74.006,
          40.7128
        ]
      }
    },
    {
      "type": "Feature",
      "properties": {
        "ip": "142.250.65.238",
        "url": "https://www.youtube.com/api/stats/qoe?fmt=396&afmt=251&cpn=HySq6ttCi_EcCGfQ&el=detailpage&ns=yt&fexp=v1%2C23930656%2C55365%2C18623%2C695255%2C14625955%2C11684381%2C53408%2C9105%2C22730%2C2821%2C106030%2C18644%2C14869%2C47210%2C15124%2C65%2C13526%2C391%2C26504%2C9252%2C3479%2C2519%2C10511%2C23206%2C10364%2C4815%2C2%2C19813%2C19660%2C562%2C11784%2C2796%2C2595%2C5656%2C2625%2C1904%2C874%2C10552%2C591%2C6045%2C64%2C4324%2C2313%2C1491%2C1592%2C1479%2C3906%2C1563%2C3888%2C207%2C346%2C7947%2C842%2C4174%2C1995%2C355%2C2585%2C62%2C372%2C723%2C1671%2C1635%2C867%2C1060%2C2039%2C5%2C3485%2C166%2C1414%2C2164%2C332%2C12%2C1029%2C2643%2C938%2C70&cl=787819992&seq=3&docid=otaSWMeT8w8&ei=WHmJaPrVKoXQoPMP5PzR2QE&event=streamingstats&feature=g-high-rec&plid=AAY7G6_aJIMIiBEd&sdetail=p%3A%2F&sourceid=y&cbrand=apple&cbr=Chrome&cbrver=138.0.0.0&c=WEB&cver=2.20250728.08.00&cplayer=UNIPLAYER&cos=Macintosh&cosver=10_15_7&cplatform=DESKTOP&user_intent=0&bh=0.252:16.600,1.299:0.000&cmt=0.252:0.058,1.003:0.813,1.295:0.000,1.299:0.000,1.299:0.000&vps=0.252:PL,1.295:N,1.299:SU,1.299:SU&bwm=1.299:415037:0.037&bat=1.299:0.65:1&qclc=ChBIeVNxNnR0Q2lfRWNDR2ZREAM",
        "city": "New York",
        "region": "New York",
        "country": "United States",
        "org": "Google LLC",
        "timezone": "America/New_York",
        "source": "ip-api.com"
      },
      "geometry": {
        "type": "Point",
        "coordinates": [
          -74.006,
          40.7128
        ]
      }
    },
    {
      "type": "Feature",
      "properties": {
        "ip": "142.250.65.238",
        "url": "https://www.youtube.com/ptracking?html5=1&video_id=CTE9w5RqhiY&cpn=u8Lbh3rzNZJmLMSx&ei=lXmJaPqrMI21kucP9o6AkAM&ptk=youtube_single&oid=3cLJpDkDjWVeVSQbF4T49A&pltype=contentugc&m=AtnMEDaWr_BIkWSmtOOWtSrthtsZWUt-wmf3QBet7g1p4qUhlMYllmwTSMjVtM_RWX7PtynKmdfd1AkFj4F1HK3f",
        "city": "New York",
        "region": "New York",
        "country": "United States",
        "org": "Google LLC",
        "timezone": "America/New_York",
        "source": "ip-api.com"
      },
      "geometry": {
        "type": "Point",
        "coordinates": [
          -74.006,
          40.7128
        ]
      }
    },
    {
      "type": "Feature",
      "properties": {
        "ip": "142.250.65.238",
        "url": "https://www.youtube.com/api/stats/watchtime?ns=yt&el=detailpage&cpn=nvAuY9p_mrkgmGD_&ver=2&cmt=0&fmt=396&fs=0&rt=1.383&euri&lact=1198&cl=787819992&state=paused&volume=100&subscribed=1&cbrand=apple&cbr=Chrome&cbrver=138.0.0.0&c=WEB&cver=2.20250728.08.00&cplayer=UNIPLAYER&cos=Macintosh&cosver=10_15_7&cplatform=DESKTOP&autoplay=1&final=1&delay=10&hl=zh_CN&cr=US&uga=35&len=46.501&feature=g-high&afmt=251&idpj=-1&ldpj=-27&st=0&et=0&muted=1&vis=5&docid=Qvh2DovBi64&ei=M3mJaNGCCqiGoPMPq9WVyAM&plid=AAY7G62dZ2Pv6MDr&referrer=https%3A%2F%2Fwww.youtube.com%2F&sdetail=p%3A%2F&sourceid=y&autonav=1&of=ShPYt4YTIxEtCFnju4SHvQ&vm=CAEQARgEOjJBSHFpSlRJUVdUMGhlTVl2Sk1TWTRCdTZDVEF4aTJhYXhFYkpLN3dqclZZTUc4c0JlZ2JfQUZVQTZSVDFqMDQ5bDFPRWs1UTJ1b0x3SF9aRXNnN0E4V0xiZXBYWF8yQ18tLXlnUkNaRkk0b1hSZkIzbjBRejJ2elVlN0xWdkJUS3p6VHdjNmlVaDZPejZIUUg1MTQ",
        "city": "New York",
        "region": "New York",
        "country": "United States",
        "org": "Google LLC",
        "timezone": "America/New_York",
        "source": "ip-api.com"
      },
      "geometry": {
        "type": "Point",
        "coordinates": [
          -74.006,
          40.7128
        ]
      }
    },
    {
      "type": "Feature",
      "properties": {
        "ip": "142.250.65.238",
        "url": "https://www.youtube.com/api/timedtext?v=Zg3Xd0giIIk&ei=LnmJaLOwD9KqoPMPjoLXmAg&caps=asr&opi=112496729&exp=xpo%2Cxpe&xoaf=7&hl=zh-CN&ip=0.0.0.0&ipbits=0&expire=1753865118&sparams=ip%2Cipbits%2Cexpire%2Cv%2Cei%2Ccaps%2Copi%2Cexp%2Cxoaf&signature=48FD11B8B36B84A618376719EFB30E1D6945203D.C139E6F99B564304ECC0960F6B8FA722277243EE&key=yt8&kind=asr&lang=en&variant=punctuated&potc=1&pot=MlWHy449UqMPAof16hwZ8Oo0fRyfnDJfIiSpqwhlU0vmY3EoN_j_oNmiDyVPvwIHpfXqdA3klzgMQIFnhspVSqWsU1fXN5hRo9p9RcgsuhDaM1uvg24l&fmt=json3&xorb=2&xobt=3&xovt=3&cbrand=apple&cbr=Chrome&cbrver=138.0.0.0&c=WEB&cver=2.20250728.08.00&cplayer=UNIPLAYER&cos=Macintosh&cosver=10_15_7&cplatform=DESKTOP",
        "city": "New York",
        "region": "New York",
        "country": "United States",
        "org": "Google LLC",
        "timezone": "America/New_York",
        "source": "ip-api.com"
      },
      "geometry": {
        "type": "Point",
        "coordinates": [
          -74.006,
          40.7128
        ]
      }
    },
    {
      "type": "Feature",
      "properties": {
        "ip": "142.250.65.238",
        "url": "https://www.youtube.com/api/timedtext?v=THY_UFpbZJY&ei=XHmJaOC_E4aqoPMPtLv9oAE&caps=asr&opi=112496729&exp=xpo%2Cxpe&xoaf=7&hl=zh-CN&ip=0.0.0.0&ipbits=0&expire=1753865164&sparams=ip%2Cipbits%2Cexpire%2Cv%2Cei%2Ccaps%2Copi%2Cexp%2Cxoaf&signature=0A27F49439B072E3C9DCB4690BAFE5FA427ACBF5.E090AD05C8F96BDB44454A2AF92B59218189AB73&key=yt8&lang=en-US&potc=1&pot=MlUoWeOLRRPQ_Chnh6oOQDXK0o7yKiXv_doGOWXTRPs5nd66Wk7oEAZcoLciCRW3egtF5mBSgIjTvi7163xC-npS_MW6gY_hfCSdJicTBWg7Vmu0LMZ-&fmt=json3&xorb=2&xobt=3&xovt=3&cbrand=apple&cbr=Chrome&cbrver=138.0.0.0&c=WEB&cver=2.20250728.08.00&cplayer=UNIPLAYER&cos=Macintosh&cosver=10_15_7&cplatform=DESKTOP",
        "city": "New York",
        "region": "New York",
        "country": "United States",
        "org": "Google LLC",
        "timezone": "America/New_York",
        "source": "ip-api.com"
      },
      "geometry": {
        "type": "Point",
        "coordinates": [
          -74.006,
          40.7128
        ]
      }
    },
    {
      "type": "Feature",
      "properties": {
        "ip": "142.250.65.238",
        "url": "https://www.youtube.com/pagead/interaction/?ai=CZ7D8ZXmJaJGNLvyF9eQP-veJ6Qij0-3egAGDtdjxkhS1kB8QAiAAYMnGqYvApNgPggEXY2EtcHViLTYyMTk4MTE3NDcwNDkzNzGgAeXC1qIDqAMEyAMKqgSyAU_QGeYpEzauduJoWOJD-Rp_15LNvBpm_gEIBEQ-fEjz8NQukiyjAH1PhWPfiMwGIH_qA-THp30N-F1V_caikT5fwK8-Pg7P7JPkjHaz-Sjzz5BVz91Ja8A2_4yFYmgZRwZqczrm-YXpF5A8IcRO4j72OUOAof8KJuWKNDvAeSeYXhJWgFNv-aq7p4D9ThKn_IWg6-Wnx3JZh6uVO8jsOJzyWG7uZSTAYIDNNUYcmJMjhLGIBeifsa1UoAahAYAHg72pXYgHAZAHAqgH8sCxAqgHuMSxAqgH4baxAqgHpc-xAqgH552xAqgH6J2xAqgH77WxAqgH8LWxAqgH-dOxAqgHgqqxAqgHhAioB6bUsQKoB6jSG6gHtgeoB7HcG6gHgcOxAqgH-L-xAqgHsJuxAqgHrrGxAqgH5ryxAqgHyrqxAqgH_bKxAqgH97ixAqgH-LixAqgHyM-xAqgHyc-xAqgHzcexAqgH8dGxAqgH9JmxAqgH-L-xAqgHgcYbqAf8r7ECqAfj2RuSCAtsQ3NWOGwzczVfd6gIAbAIDNIIMQiAgICABBACGFoyAoAEOhGP0ICAgIAEgMCAgIDAgIACKkjZoNI1UBRYwLyChbvjjgPICY8ByAnCAcgJ5AG6C1UIBBAFGAQgECgBMBFAAUgAWCxgAGgAcAGIAQCYAQGiASgKHQgAIAPauAQVMhM6EQoPKDBIsPuy6JAEmBkBuCAB0AEBqAIFwAICqAEB2AEBgAIBiAIF0gwECAEQAbgT____________AYgUAbAUBMAVyYCAQIoXFggDGAEgASgBMAE4AUABSAFQAVgBYAKgFwGpF2-BDfQIe-VouhcIEAEoADABSAGAGQM&sigh=T5rJWOqffq4&cid=CAESD-D2LiMQVeIaDXeS-X-nSg&label=swipe&ad_mt=0&acvw=sv%3D967%26v%3D20250727%26cb%3Dyw%26e%3D8%26nas%3D1%26sdk%3Db%26p%3D-427,198,334,626%26p0%3D-684,198,77,626%26tos%3D0,0,9,0,171%26mtos%3D0,0,9,9,180%26amtos%3D0,0,9,0,171%26mcvt%3D9%26ps%3D849,865%26scs%3D1512,982%26bs%3D849,857%26vht%3D0%26mut%3D171%26a%3D0.62%26a0%3D0.62%26ft%3D0%26dft%3D0%26at%3D180%26dat%3D180%26as%3D1%26vpt%3D180%26gmm%3D4%26efpf%3D2%26nmt%3D0%26tcm%3D1%26bt%3D58%26pst%3D1%26dur%3D30000%26vmtime%3D185%26dvs%3D9%26dfvs%3D0%26dvpt%3D180%26is%3D278%26i0%3D278%26ic%3D32768%26cs%3D33046%26c%3D0.43%26c0%3D0.1%26mc%3D0.55%26nc%3D0.1%26mv%3D0.62%26nv%3D0.62%26qmt%3D0,0,9,9,180%26qnc%3D0.1%26qmv%3D0.62%26qnv%3D0.62%26lte%3D0.1%26ces%26avms%3Dgeo%26qi%3D3hhxQcrdZC3TA1x3%26psm%3D1%26psv%3D0%26psfv%3D0%26psa%3D1%26ptlt%3D101019%26pngs%3D9,14,15s%26veid%3Dfmd%3A1%26ssb%3D0,0,0,0,0,0,0,0,0,9,171%26ss0%3D0.02%26co%3D4977281903%26tm%3D180%26tu%3D0&gv=atos%3D0,0,9,9,180%26avt%3D9%26davs%3D9%26dafvs%3D0%26ss%3D0.09%26t%3D1753840019760",
        "city": "New York",
        "region": "New York",
        "country": "United States",
        "org": "Google LLC",
        "timezone": "America/New_York",
        "source": "ip-api.com"
      },
      "geometry": {
        "type": "Point",
        "coordinates": [
          -74.006,
          40.7128
        ]
      }
    },
    {
      "type": "Feature",
      "properties": {
        "ip": "142.250.65.238",
        "url": "https://www.youtube.com/api/stats/playback?ns=yt&el=detailpage&cpn=G4pFAwLvDqtQgcbE&ver=2&cmt=0.048&fmt=396&fs=0&rt=0.209&euri&lact=270&cl=787819992&mos=1&volume=100&cbrand=apple&cbr=Chrome&cbrver=138.0.0.0&c=WEB&cver=2.20250728.08.00&cplayer=UNIPLAYER&cos=Macintosh&cosver=10_15_7&cplatform=DESKTOP&autoplay=1&delay=10&hl=zh_CN&cr=US&uga=35&len=132.221&fexp=v1%2C23930656%2C55365%2C18623%2C695255%2C14625955%2C11684381%2C53408%2C9105%2C22730%2C2821%2C106030%2C18644%2C14869%2C47210%2C15124%2C65%2C13526%2C391%2C26504%2C9252%2C3479%2C2519%2C10511%2C23206%2C10364%2C4815%2C2%2C19813%2C19660%2C562%2C11784%2C2796%2C2595%2C5656%2C2625%2C1904%2C874%2C10552%2C591%2C6045%2C64%2C4324%2C2313%2C1491%2C1592%2C1479%2C3906%2C1563%2C3888%2C207%2C346%2C7947%2C842%2C4174%2C1995%2C355%2C2585%2C62%2C372%2C723%2C1671%2C1635%2C867%2C1060%2C2039%2C5%2C3485%2C166%2C1414%2C2164%2C332%2C12%2C1029%2C2643%2C938%2C70&rtn=4&feature=g-high&afmt=251&muted=1&vis=5&au_d=en-US.4&docid=6W_s3VPMdNs&ei=RnmJaP2LI5PNoPMPtP7cyA8&plid=AAY7G67FvZixLwGD&referrer=https%3A%2F%2Fwww.youtube.com%2F&sdetail=p%3A%2F&sourceid=y&autonav=1&of=yemidQH4Av-qf4mAd7uBhA&vm=CAEQABgEOjJBSHFpSlRJbmJCQlRxcFdnb1V3VDMzbnBaZEcxaklLRXZYTVVSTWliMm9uUEFYOWFfd2JfQUZVQTZSUmdOMUVwLXF5WUgwR3JSXzZpdnR4RVJkY0FCR1ZqREZCQ0lLX3owMW5uZmR3UEUwUXEtTUZubjQ1S1hLd0syd3hoTWQ2TjNOSmJjal9NQ2JianNfS2swU2c",
        "city": "New York",
        "region": "New York",
        "country": "United States",
        "org": "Google LLC",
        "timezone": "America/New_York",
        "source": "ip-api.com"
      },
      "geometry": {
        "type": "Point",
        "coordinates": [
          -74.006,
          40.7128
        ]
      }
    },
    {
      "type": "Feature",
      "properties": {
        "ip": "142.250.65.238",
        "url": "https://www.youtube.com/api/timedtext?v=0wBfICuWl7M&ei=ZXmJaJ2DKY-Fy_sPypGguAY&caps=asr&opi=112496729&exp=xpe&xoaf=5&xosf=1&hl=zh-CN&ip=0.0.0.0&ipbits=0&expire=1753865173&sparams=ip%2Cipbits%2Cexpire%2Cv%2Cei%2Ccaps%2Copi%2Cexp%2Cxoaf&signature=87F0B7667ED54DEA4B8893DDC78EDC60CD41D694.2F4F4B0CC1ED433BD03679C755161714BD76FF82&key=yt8&kind=asr&lang=en&potc=1&pot=MlUO5Z-N4PL0EA7b-6yroREm9DKOLIAO2TYghRnV4RodcfgGJkhN8SKwhgteD7BWXudjWhxUJWn3UghJl3rnG16-2nnGhyoAWMj9uOnqnT9-guMDJdGz&fmt=json3&xorb=2&xobt=3&xovt=3&cbrand=apple&cbr=Chrome&cbrver=138.0.0.0&c=WEB&cver=2.20250728.08.00&cplayer=UNIPLAYER&cos=Macintosh&cosver=10_15_7&cplatform=DESKTOP",
        "city": "New York",
        "region": "New York",
        "country": "United States",
        "org": "Google LLC",
        "timezone": "America/New_York",
        "source": "ip-api.com"
      },
      "geometry": {
        "type": "Point",
        "coordinates": [
          -74.006,
          40.7128
        ]
      }
    },
    {
      "type": "Feature",
      "properties": {
        "ip": "142.250.65.238",
        "url": "https://www.youtube.com/api/stats/qoe?cpn=WKXIDGw7-PaALgiY&el=detailpage&ns=yt&fexp=v1%2C23930656%2C55365%2C18623%2C695255%2C14625955%2C11684381%2C53408%2C9105%2C22730%2C2821%2C106030%2C18644%2C14869%2C47210%2C15124%2C65%2C13526%2C391%2C26504%2C9252%2C3479%2C2519%2C10511%2C23206%2C10364%2C4815%2C2%2C19813%2C19660%2C562%2C11784%2C2796%2C2595%2C5656%2C2625%2C1904%2C874%2C10552%2C591%2C6045%2C64%2C4324%2C2313%2C1491%2C1592%2C1479%2C3906%2C1563%2C3888%2C207%2C346%2C7947%2C842%2C4174%2C1995%2C355%2C2585%2C62%2C372%2C723%2C1671%2C1635%2C867%2C1060%2C2039%2C5%2C3485%2C166%2C1414%2C2164%2C332%2C12%2C1029%2C2643%2C938%2C70&cl=787819992&seq=1&docid=THY_UFpbZJY&ei=XHmJaOC_E4aqoPMPtLv9oAE&event=streamingstats&feature=g-high-rec&plid=AAY7G7ARWAMs7BST&sdetail=p%3A%2F&sourceid=y&cbrand=apple&cbr=Chrome&cbrver=138.0.0.0&c=WEB&cver=2.20250728.08.00&cplayer=UNIPLAYER&cos=Macintosh&cosver=10_15_7&cplatform=DESKTOP&vps=0.000:N,0.007:B,0.043:B&cat=streaming,sabr&ctmp=esfw:usbc.1;hsu.1&cmt=0.007:0.000,0.043:0.000&bwe=0.043:2578797&bat=0.043:0.65:1&vis=0.043:5&bh=0.043:0.000&qclc=ChBXS1hJREd3Ny1QYUFMZ2lZEAE",
        "city": "New York",
        "region": "New York",
        "country": "United States",
        "org": "Google LLC",
        "timezone": "America/New_York",
        "source": "ip-api.com"
      },
      "geometry": {
        "type": "Point",
        "coordinates": [
          -74.006,
          40.7128
        ]
      }
    },
    {
      "type": "Feature",
      "properties": {
        "ip": "142.250.65.238",
        "url": "https://www.youtube.com/api/stats/playback?ns=yt&el=shortspage&cpn=H0SwRGHF9KTml3K4&ver=2&cmt=0.023&fmt=788&fs=0&rt=0.42&euri=https%3A%2F%2Fwww.youtube.com%2Fshorts%2F0wBfICuWl7M&lact=8775&cl=787819992&mos=0&volume=62&cbrand=apple&cbr=Chrome&cbrver=138.0.0.0&c=WEB&cver=2.20250728.08.00&cplayer=UNIPLAYER&cos=Macintosh&cosver=10_15_7&cplatform=DESKTOP&delay=4&hl=zh_CN&cr=US&uga=35&len=13.841&fexp=v1%2C23930656%2C55365%2C18623%2C695255%2C14625955%2C11684381%2C53408%2C9105%2C22730%2C2821%2C106030%2C18644%2C14869%2C47210%2C15124%2C65%2C13526%2C391%2C26504%2C9252%2C3479%2C2519%2C10511%2C23206%2C10364%2C4815%2C2%2C19813%2C19660%2C562%2C11784%2C2796%2C2595%2C5656%2C2625%2C1904%2C874%2C10552%2C591%2C6045%2C64%2C4324%2C2313%2C1491%2C1592%2C1479%2C3906%2C1563%2C3888%2C207%2C346%2C7947%2C842%2C4174%2C1995%2C355%2C2585%2C62%2C372%2C723%2C1671%2C1635%2C867%2C1060%2C2039%2C5%2C3485%2C166%2C1414%2C2164%2C332%2C12%2C1029%2C2643%2C938%2C70&rtn=3&afmt=251&muted=0&cc=a.en&docid=qxHGvJfqBeo&ei=lHmJaKG1A43HkucPr_Hn6AU&plid=AAY7G7NjxmrzSisB&referrer=https%3A%2F%2Fwww.youtube.com%2Fshorts%2FlCsV8l3s5_w&sdetail=p%3A%2Fshorts%2FlCsV8l3s5_w&sourceid=y&of=prjv5HfGk3E6aCa4dybJwA&vm=CAEQABgEOjJBSHFpSlRLWnVVRHN5QWlfbll6NVdZRC1JMEloVUVzUm41U09xTWdfTDZxTEwyLWhCd2JfQUZVQTZSU1k4cktGbi1QZjVzLWdzck8wak9Uc1RhSUdWZlNFU2ZSNkNGY2JMNG15Sm15VlBjbkRmemljT0w1R3MxdjVRT1VQaDJpVElsa0NwZnZzUDlQWDJhSnZ2NVU",
        "city": "New York",
        "region": "New York",
        "country": "United States",
        "org": "Google LLC",
        "timezone": "America/New_York",
        "source": "ip-api.com"
      },
      "geometry": {
        "type": "Point",
        "coordinates": [
          -74.006,
          40.7128
        ]
      }
    },
    {
      "type": "Feature",
      "properties": {
        "ip": "142.250.65.238",
        "url": "https://www.youtube.com/api/stats/playback?ns=yt&el=shortspage&cpn=ed_AH0kKHedq7BBl&ver=2&cmt=0.02&fmt=398&fs=0&rt=0.288&euri=https%3A%2F%2Fwww.youtube.com%2Fshorts%2F0wBfICuWl7M&lact=7323&cl=787819992&mos=0&volume=62&cbrand=apple&cbr=Chrome&cbrver=138.0.0.0&c=WEB&cver=2.20250728.08.00&cplayer=UNIPLAYER&cos=Macintosh&cosver=10_15_7&cplatform=DESKTOP&delay=4&hl=zh_CN&cr=US&uga=35&len=11.721&fexp=v1%2C23930656%2C55365%2C18623%2C695255%2C14625955%2C11684381%2C53408%2C9105%2C22730%2C2821%2C106030%2C18644%2C14869%2C47210%2C15124%2C65%2C13526%2C391%2C26504%2C9252%2C3479%2C2519%2C10511%2C23206%2C10364%2C4815%2C2%2C19813%2C19660%2C562%2C11784%2C2796%2C2595%2C5656%2C2625%2C1904%2C874%2C10552%2C591%2C6045%2C64%2C4324%2C2313%2C1491%2C1592%2C1479%2C3906%2C1563%2C3888%2C207%2C346%2C7947%2C842%2C4174%2C1995%2C355%2C2585%2C62%2C372%2C723%2C1671%2C1635%2C867%2C1060%2C2039%2C5%2C3485%2C166%2C1414%2C2164%2C332%2C12%2C1029%2C2643%2C938%2C70&rtn=6&afmt=251&muted=0&docid=sD0-hqf3ZZk&ei=knmJaNWnK-Xcut0Ph7uhyQY&plid=AAY7G7NPemgPHT8u&referrer=https%3A%2F%2Fwww.youtube.com%2Fshorts%2FvUSL2Y9Inus&sdetail=p%3A%2Fshorts%2FvUSL2Y9Inus&sourceid=y&of=VA4bmIuqwaPj0zpt1x_G2g&vm=CAEQABgEOjJBSHFpSlRKY3liVXpEUWxDX21jMU03UGN2NngxRWtsUDNLSXRUTFp2dkU0YkQtd2p1d2JiQUZVQTZSUkxzR1Z4RGc3eDZiQkJuM1J1OGp6UFV2UmRpZkt6RWhtYTFrM2ZrMERkYjNCZ214RGEzdnI5TEd4RlVPZnJaVWhtRVpHR0FVLWZCQXN2OE5jUUxtbnhlSDFaUmc",
        "city": "New York",
        "region": "New York",
        "country": "United States",
        "org": "Google LLC",
        "timezone": "America/New_York",
        "source": "ip-api.com"
      },
      "geometry": {
        "type": "Point",
        "coordinates": [
          -74.006,
          40.7128
        ]
      }
    },
    {
      "type": "Feature",
      "properties": {
        "ip": "142.250.65.238",
        "url": "https://www.youtube.com/api/stats/qoe?cpn=Zb-07ICh_J_R3YqT&el=detailpage&ns=yt&fexp=v1%2C23930656%2C55365%2C18623%2C695255%2C14625955%2C11684381%2C53408%2C9105%2C22730%2C2821%2C106030%2C18644%2C14869%2C47210%2C15124%2C65%2C13526%2C391%2C26504%2C9252%2C3479%2C2519%2C10511%2C23206%2C10364%2C4815%2C2%2C19813%2C19660%2C562%2C11784%2C2796%2C2595%2C5656%2C2625%2C1904%2C874%2C10552%2C591%2C6045%2C64%2C4324%2C2313%2C1491%2C1592%2C1479%2C3906%2C1563%2C3888%2C207%2C346%2C7947%2C842%2C4174%2C1995%2C355%2C2585%2C62%2C372%2C723%2C1671%2C1635%2C867%2C1060%2C2039%2C5%2C3485%2C166%2C1414%2C2164%2C332%2C12%2C1029%2C2643%2C938%2C70&cl=787819992&seq=1&docid=otaSWMeT8w8&ei=WHmJaPrVKoXQoPMP5PzR2QE&event=streamingstats&feature=g-high-rec&plid=AAY7G6_aJIMIiBEd&sdetail=p%3A%2F&sourceid=y&cbrand=apple&cbr=Chrome&cbrver=138.0.0.0&c=WEB&cver=2.20250728.08.00&cplayer=UNIPLAYER&cos=Macintosh&cosver=10_15_7&cplatform=DESKTOP&vps=0.000:N,0.005:B,0.025:B&cat=streaming,sabr&ctmp=esfw:usbc.1;hsu.1&cmt=0.005:0.000,0.025:0.000&bwe=0.025:2229611&bat=0.025:0.65:1&vis=0.025:5&bh=0.025:0.000&qclc=ChBaYi0wN0lDaF9KX1IzWXFUEAE",
        "city": "New York",
        "region": "New York",
        "country": "United States",
        "org": "Google LLC",
        "timezone": "America/New_York",
        "source": "ip-api.com"
      },
      "geometry": {
        "type": "Point",
        "coordinates": [
          -74.006,
          40.7128
        ]
      }
    },
    {
      "type": "Feature",
      "properties": {
        "ip": "142.250.65.238",
        "url": "https://www.youtube.com/api/stats/qoe?fmt=396&afmt=251&cpn=fMDjmaNK9Zee260q&el=detailpage&ns=yt&fexp=v1%2C23930656%2C55365%2C18623%2C695255%2C14625955%2C11684381%2C53408%2C9105%2C22730%2C2821%2C106030%2C18644%2C14869%2C47210%2C15124%2C65%2C13526%2C391%2C26504%2C9252%2C3479%2C2519%2C10511%2C23206%2C10364%2C4815%2C2%2C19813%2C19660%2C562%2C11784%2C2796%2C2595%2C5656%2C2625%2C1904%2C874%2C10552%2C591%2C6045%2C64%2C4324%2C2313%2C1491%2C1592%2C1479%2C3906%2C1563%2C3888%2C207%2C346%2C7947%2C842%2C4174%2C1995%2C355%2C2585%2C62%2C372%2C723%2C1671%2C1635%2C867%2C1060%2C2039%2C5%2C3485%2C166%2C1414%2C2164%2C332%2C12%2C1029%2C2643%2C938%2C70&cl=787819992&seq=3&docid=Qvh2DovBi64&ei=M3mJaNGCCqiGoPMPq9WVyAM&event=streamingstats&feature=g-high&plid=AAY7G62dZ2Pv6MDr&sdetail=p%3A%2F&sourceid=y&cbrand=apple&cbr=Chrome&cbrver=138.0.0.0&c=WEB&cver=2.20250728.08.00&cplayer=UNIPLAYER&cos=Macintosh&cosver=10_15_7&cplatform=DESKTOP&afs=0.130:251;CggKA2RyYxIBMQ::i:CAMoAQ&ctmp=atrkchg:t.131;id.und;m.0&user_intent=0&bh=0.249:16.633,0.626:0.000&cmt=0.249:0.048,0.623:0.000,0.625:0.000,0.626:0.000&vps=0.249:PL,0.623:N,0.625:SU,0.626:SU&bwm=0.626:872871:0.043&bat=0.626:0.64:1&qclc=ChBmTURqbWFOSzlaZWUyNjBxEAM",
        "city": "New York",
        "region": "New York",
        "country": "United States",
        "org": "Google LLC",
        "timezone": "America/New_York",
        "source": "ip-api.com"
      },
      "geometry": {
        "type": "Point",
        "coordinates": [
          -74.006,
          40.7128
        ]
      }
    },
    {
      "type": "Feature",
      "properties": {
        "ip": "142.250.65.238",
        "url": "https://www.youtube.com/api/timedtext?v=S7dc_DOVwbI&ei=OXmJaJiuF4yGkucPq6OjgQg&caps=asr&opi=112496729&exp=xpo%2Cxpe&xoaf=7&xospf=1&hl=zh-CN&ip=0.0.0.0&ipbits=0&expire=1753865129&sparams=ip%2Cipbits%2Cexpire%2Cv%2Cei%2Ccaps%2Copi%2Cexp%2Cxoaf&signature=AA88A0946238904B283AD967CEFCBB85866EE24A.0BBF31CE519845780CD194E531E5C04C516872C6&key=yt8&kind=asr&lang=en&variant=punctuated&potc=1&pot=MlWAOOLCVGP7L4AGhuMfMB4Zeu_zYzSf1gmuWGSaVYsSTnbbWwf5YC2PCNYjQATHUdjth2Ebkfj4bYaU6jVTilGBVKS7yJ6RV_cORFzFBJS1vt7HBl8N&fmt=json3&xorb=2&xobt=3&xovt=3&cbrand=apple&cbr=Chrome&cbrver=138.0.0.0&c=WEB&cver=2.20250728.08.00&cplayer=UNIPLAYER&cos=Macintosh&cosver=10_15_7&cplatform=DESKTOP",
        "city": "New York",
        "region": "New York",
        "country": "United States",
        "org": "Google LLC",
        "timezone": "America/New_York",
        "source": "ip-api.com"
      },
      "geometry": {
        "type": "Point",
        "coordinates": [
          -74.006,
          40.7128
        ]
      }
    },
    {
      "type": "Feature",
      "properties": {
        "ip": "142.250.65.238",
        "url": "https://www.youtube.com/api/stats/qoe?cpn=G4pFAwLvDqtQgcbE&el=detailpage&ns=yt&fexp=v1%2C23930656%2C55365%2C18623%2C695255%2C14625955%2C11684381%2C53408%2C9105%2C22730%2C2821%2C106030%2C18644%2C14869%2C47210%2C15124%2C65%2C13526%2C391%2C26504%2C9252%2C3479%2C2519%2C10511%2C23206%2C10364%2C4815%2C2%2C19813%2C19660%2C562%2C11784%2C2796%2C2595%2C5656%2C2625%2C1904%2C874%2C10552%2C591%2C6045%2C64%2C4324%2C2313%2C1491%2C1592%2C1479%2C3906%2C1563%2C3888%2C207%2C346%2C7947%2C842%2C4174%2C1995%2C355%2C2585%2C62%2C372%2C723%2C1671%2C1635%2C867%2C1060%2C2039%2C5%2C3485%2C166%2C1414%2C2164%2C332%2C12%2C1029%2C2643%2C938%2C70&cl=787819992&seq=1&docid=6W_s3VPMdNs&ei=RnmJaP2LI5PNoPMPtP7cyA8&event=streamingstats&feature=g-high&plid=AAY7G67FvZixLwGD&sdetail=p%3A%2F&sourceid=y&cbrand=apple&cbr=Chrome&cbrver=138.0.0.0&c=WEB&cver=2.20250728.08.00&cplayer=UNIPLAYER&cos=Macintosh&cosver=10_15_7&cplatform=DESKTOP&vps=0.000:N,0.005:B,0.016:B&cat=streaming,mta,sabr&ctmp=esfw:usbc.1;hsu.1&cmt=0.005:0.000,0.016:0.000&bwe=0.016:2380479&bat=0.016:0.64:1&vis=0.016:5&bh=0.016:0.000&qclc=ChBHNHBGQXdMdkRxdFFnY2JFEAE",
        "city": "New York",
        "region": "New York",
        "country": "United States",
        "org": "Google LLC",
        "timezone": "America/New_York",
        "source": "ip-api.com"
      },
      "geometry": {
        "type": "Point",
        "coordinates": [
          -74.006,
          40.7128
        ]
      }
    },
    {
      "type": "Feature",
      "properties": {
        "ip": "142.250.65.238",
        "url": "https://www.youtube.com/pagead/adview?ai=CyDlTZXmJaJGNLvyF9eQP-veJ6Qij0-3egAGDtdjxkhS1kB8QAiAAYMnGqYvApNgPggEXY2EtcHViLTYyMTk4MTE3NDcwNDkzNzGgAeXC1qIDqAMEyAMKqgS5AU_QGeYpEzZcmlrRyAI8P34P6o2ErAJn2gcRTFgVKQb87dMuu3TrHH9OkkqExZtAdziFBvjNuX8A5lpXd-md3mcY3mRQRA3N-dizgGyqVkuBiYdO0nRyU4c1_IvYIShDRAR_OG3q45wEd2tOgqktsj6U5Vs2t9cOUOGa3cMn02yLuYK-JjNqUAV_IsowECYE_deXa5207L59uflGAkwp6XYpbV6mn-wbWa7V-bvulH6IbqB8m4CZzWTmwATx8Z6xngWIBeifsa1UoAahAYAHg72pXYgHAZAHAqgH8sCxAqgHuMSxAqgH4baxAqgHpc-xAqgH552xAqgH6J2xAqgH77WxAqgH8LWxAqgH-dOxAqgHgqqxAqgHhAioB6bUsQKoB6jSG6gHtgeoB7HcG6gHgcOxAqgH-L-xAqgHsJuxAqgHrrGxAqgH5ryxAqgHyrqxAqgH_bKxAqgH97ixAqgH-LixAqgHyM-xAqgHyc-xAqgHzcexAqgH8dGxAqgH9JmxAqgH-L-xAqgHgcYbqAf8r7ECqAerxRuoB-PZG6gHt6mxAqgHl7qxAqgH6auxApIIC2xDc1Y4bDNzNV93qAgBsAgM0ggxCICAgIAEEAIYWjICgAQ6EY_QgICAgASAwICAgMCAgAIqSNmg0jVQFFjAvIKFu-OOA8gJjwHICcIByAnkAboLfAgEEAUYBCAQKAEwEUABSABYLGAAaABwAYgBAJgBAaIBKAodCAAgA9q4BBUyEzoRCg8oMEiw-7LokASYGQG4IAHQAQGoAgXAAgKoAQHYAQGAAgGIAgWoAgC1ArnlPEHlAnxZkTvtAuUbxzb9ArUC9DqFAwdQJT6NA5QioETSDAQIARABuBP___________8BiBQBsBQEwBXJgIBAihcWCAMYASABKAEwATgBQAFIAVABWAFgAqAXAakXb4EN9Ah75Wi6FwgQASgAMAFIAdIXChICxWgYoQEiAQCAGQM&sigh=_8bQGcjfiwM&cid=CAESD-D2LiMQVeIaDXeS-X-nSg",
        "city": "New York",
        "region": "New York",
        "country": "United States",
        "org": "Google LLC",
        "timezone": "America/New_York",
        "source": "ip-api.com"
      },
      "geometry": {
        "type": "Point",
        "coordinates": [
          -74.006,
          40.7128
        ]
      }
    },
    {
      "type": "Feature",
      "properties": {
        "ip": "142.250.65.238",
        "url": "https://www.youtube.com/ptracking?html5=1&video_id=KSkvJS-q3Hc&cpn=7NyH9ZrQbWG9jb8W&ei=l3mJaN2mOteJkucPsOqc4AU&ptk=youtube_single&oid=hzLJfV4AunFbqd9bCvM0WA&ptchn=-LRMD96OS55Eu5BtriAo7g&pltype=content&m=AoYAZ8nV7VwKAxiXgxrCoXgy4v8wYQqCHDyMmU1Dm53RaMJsy6EbNfY2GmVO2y3BFQvMaDDFiUebIW1XvX_8O1Op",
        "city": "New York",
        "region": "New York",
        "country": "United States",
        "org": "Google LLC",
        "timezone": "America/New_York",
        "source": "ip-api.com"
      },
      "geometry": {
        "type": "Point",
        "coordinates": [
          -74.006,
          40.7128
        ]
      }
    },
    {
      "type": "Feature",
      "properties": {
        "ip": "142.250.65.238",
        "url": "https://www.youtube.com/api/stats/qoe?fmt=396&afmt=251&cpn=lRzPnkhfdIdvD0Ru&el=detailpage&ns=yt&fexp=v1%2C23930656%2C55365%2C18623%2C695255%2C14625955%2C11684381%2C53408%2C9105%2C22730%2C2821%2C106030%2C18644%2C14869%2C47210%2C15124%2C65%2C13526%2C391%2C26504%2C9252%2C3479%2C2519%2C10511%2C23206%2C10364%2C4815%2C2%2C19813%2C19660%2C562%2C11784%2C2796%2C2595%2C5656%2C2625%2C1904%2C874%2C10552%2C591%2C6045%2C64%2C4324%2C2313%2C1491%2C1592%2C1479%2C3906%2C1563%2C3888%2C207%2C346%2C7947%2C842%2C4174%2C1995%2C355%2C2585%2C62%2C372%2C723%2C1671%2C1635%2C867%2C1060%2C2039%2C5%2C3485%2C166%2C1414%2C2164%2C332%2C12%2C1029%2C2643%2C938%2C70&cl=787819992&seq=1&docid=pWRlDIBoQW4&ei=N3mJaOnGNqi30_wPi-eEmAs&event=streamingstats&feature=g-high-rec&plid=AAY7G63lgxFRp3x5&sdetail=p%3A%2F&sourceid=y&cbrand=apple&cbr=Chrome&cbrver=138.0.0.0&c=WEB&cver=2.20250728.08.00&cplayer=UNIPLAYER&cos=Macintosh&cosver=10_15_7&cplatform=DESKTOP&vps=0.000:N,0.005:B,0.054:B,0.054:B&cat=streaming,sabr&ctmp=esfw:usbc.1;hsu.1,atrkchg:t.54;id.und;m.0&cmt=0.005:0.000,0.054:0.000&afs=0.053:251;CggKA2RyYxIBMQ::i:CBEoAQ&vfs=0.054:396:396::r:CBEoAQ&view=0.054:357:201:2&bwm=0.054:3255:0.052&bwe=0.054:2169610&bat=0.054:0.64:1&vis=0.054:5&bh=0.054:0.000&qclc=ChBsUnpQbmtoZmRJZHZEMFJ1EAE",
        "city": "New York",
        "region": "New York",
        "country": "United States",
        "org": "Google LLC",
        "timezone": "America/New_York",
        "source": "ip-api.com"
      },
      "geometry": {
        "type": "Point",
        "coordinates": [
          -74.006,
          40.7128
        ]
      }
    },
    {
      "type": "Feature",
      "properties": {
        "ip": "142.250.65.238",
        "url": "https://www.youtube.com/api/stats/qoe?fmt=398&afmt=251&cpn=yEzFv5n5TCyxr_H7&el=shortspage&ns=yt&fexp=v1%2C23930656%2C55365%2C18623%2C695255%2C14625955%2C11684381%2C53408%2C9105%2C22730%2C2821%2C106030%2C18644%2C14869%2C47210%2C15124%2C65%2C13526%2C391%2C26504%2C9252%2C3479%2C2519%2C10511%2C23206%2C10364%2C4815%2C2%2C19813%2C19660%2C562%2C11784%2C2796%2C2595%2C5656%2C2625%2C1904%2C874%2C10552%2C591%2C6045%2C64%2C4324%2C2313%2C1491%2C1592%2C1479%2C3906%2C1563%2C3888%2C207%2C346%2C7947%2C842%2C4174%2C1995%2C355%2C2585%2C62%2C372%2C723%2C1671%2C1635%2C867%2C1060%2C2039%2C5%2C3485%2C166%2C1414%2C2164%2C332%2C12%2C1029%2C2643%2C938%2C70&cl=787819992&seq=1&docid=kJ3o1E2WS8E&ei=aHmJaID2LuLsy9YPvLrIiQ0&event=streamingstats&plid=AAY7G7DPZeGvfyFn&sdetail=p%3A%2F&sourceid=y&cbrand=apple&cbr=Chrome&cbrver=138.0.0.0&c=WEB&cver=2.20250728.08.00&cplayer=UNIPLAYER&cos=Macintosh&cosver=10_15_7&cplatform=DESKTOP&vps=0.000:N,0.004:SU,0.126:SU&cat=prefetch,streaming&ctmp=esfw:usbc.1;hsu.1&cmt=0.004:0.000,0.126:0.000&afs=0.126:251;CggKA2RyYxIBMQ::i:CC4oAQ&vfs=0.126:398:398::r:CC4oAQ&view=0.126:428:761:2&bwm=0.126:1004657:0.122&bwe=0.126:2901175&bat=0.126:0.65:1&vis=0.126:0&bh=0.126:0.000&qclc=ChB5RXpGdjVuNVRDeXhyX0g3EAEaDENnSUlEQSUzRCUzRA",
        "city": "New York",
        "region": "New York",
        "country": "United States",
        "org": "Google LLC",
        "timezone": "America/New_York",
        "source": "ip-api.com"
      },
      "geometry": {
        "type": "Point",
        "coordinates": [
          -74.006,
          40.7128
        ]
      }
    },
    {
      "type": "Feature",
      "properties": {
        "ip": "142.250.65.238",
        "url": "https://www.youtube.com/api/stats/playback?ns=yt&el=detailpage&cpn=WKXIDGw7-PaALgiY&ver=2&cmt=0.049&fmt=396&fs=0&rt=0.191&euri&lact=323&cl=787819992&mos=1&volume=100&cbrand=apple&cbr=Chrome&cbrver=138.0.0.0&c=WEB&cver=2.20250728.08.00&cplayer=UNIPLAYER&cos=Macintosh&cosver=10_15_7&cplatform=DESKTOP&autoplay=1&delay=10&hl=zh_CN&cr=US&uga=35&len=678.541&fexp=v1%2C23930656%2C55365%2C18623%2C695255%2C14625955%2C11684381%2C53408%2C9105%2C22730%2C2821%2C106030%2C18644%2C14869%2C47210%2C15124%2C65%2C13526%2C391%2C26504%2C9252%2C3479%2C2519%2C10511%2C23206%2C10364%2C4815%2C2%2C19813%2C19660%2C562%2C11784%2C2796%2C2595%2C5656%2C2625%2C1904%2C874%2C10552%2C591%2C6045%2C64%2C4324%2C2313%2C1491%2C1592%2C1479%2C3906%2C1563%2C3888%2C207%2C346%2C7947%2C842%2C4174%2C1995%2C355%2C2585%2C62%2C372%2C723%2C1671%2C1635%2C867%2C1060%2C2039%2C5%2C3485%2C166%2C1414%2C2164%2C332%2C12%2C1029%2C2643%2C938%2C70&rtn=6&feature=g-high-rec&afmt=251&muted=1&vis=5&cc=.en-US&docid=THY_UFpbZJY&ei=XHmJaOC_E4aqoPMPtLv9oAE&plid=AAY7G7ARWAMs7BST&referrer=https%3A%2F%2Fwww.youtube.com%2F&sdetail=p%3A%2F&sourceid=y&autonav=1&of=QMUIVEXNYDgfqiZ0Z4lCkw&vm=CAEQARgEOjJBSHFpSlRJVllHdWRXdWhRVWxzblhZcWtZQTlkc2toblhtNnNXWkx6LUJWejRkam9FZ2JaQUZVQTZSUzh5MUpMNEVMNFMwSnpCdy1xZkx3SmstTldic3ZFVkszU016RGt5ZTh4VW1mUlZSTDRSUUlZTHNQbVdDV19ZcjZENGhBTjFvaFRjYzRGcGN5eW5n",
        "city": "New York",
        "region": "New York",
        "country": "United States",
        "org": "Google LLC",
        "timezone": "America/New_York",
        "source": "ip-api.com"
      },
      "geometry": {
        "type": "Point",
        "coordinates": [
          -74.006,
          40.7128
        ]
      }
    },
    {
      "type": "Feature",
      "properties": {
        "ip": "142.250.65.238",
        "url": "https://www.youtube.com/ptracking?html5=1&video_id=S7dc_DOVwbI&cpn=QE1U2zoVLx-UKxob&ei=OXmJaJiuF4yGkucPq6OjgQg&ptk=youtube_single&oid=8qkyLwHu846F-csytxmmRA&ptchn=CJFWxm9fUtB4hPzNvmfcMA&pltype=content&m=A3Vs1c0egIGslDijBrPgOsRSlE87sCXIKhb2fgjdNtJnuRuE2-577_9iFw6b28IJTGn95a8s7wQZ0boGCxZHA8vm",
        "city": "New York",
        "region": "New York",
        "country": "United States",
        "org": "Google LLC",
        "timezone": "America/New_York",
        "source": "ip-api.com"
      },
      "geometry": {
        "type": "Point",
        "coordinates": [
          -74.006,
          40.7128
        ]
      }
    },
    {
      "type": "Feature",
      "properties": {
        "ip": "142.250.65.238",
        "url": "https://www.youtube.com/manifest.webmanifest",
        "city": "New York",
        "region": "New York",
        "country": "United States",
        "org": "Google LLC",
        "timezone": "America/New_York",
        "source": "ip-api.com"
      },
      "geometry": {
        "type": "Point",
        "coordinates": [
          -74.006,
          40.7128
        ]
      }
    },
    {
      "type": "Feature",
      "properties": {
        "ip": "142.250.65.238",
        "url": "https://www.youtube.com/ptracking?html5=1&video_id=pWRlDIBoQW4&cpn=l9hjxExjwqnoHJA4&ei=N3mJaOnGNqi30_wPi-eEmAs&ptk=youtube_single&oid=Z850lfIlykViBthJs8RIZA&ptchn=LXo7UDZvByw2ixzpQCufnA&pltype=content&m=AihstWvxPGJxfcVMTdvmlc5fTxn3tradtxmIKsQ9L2fotoakCaIUaOu2uuh9O8LZ4v_rlPW8h7ei5h7g0HIuq2Qw",
        "city": "New York",
        "region": "New York",
        "country": "United States",
        "org": "Google LLC",
        "timezone": "America/New_York",
        "source": "ip-api.com"
      },
      "geometry": {
        "type": "Point",
        "coordinates": [
          -74.006,
          40.7128
        ]
      }
    },
    {
      "type": "Feature",
      "properties": {
        "ip": "142.250.65.238",
        "url": "https://www.youtube.com/api/stats/watchtime?ns=yt&el=shortspage&cpn=W4dcoRT_QP7neJH4&ver=2&cmt=0&fmt=398&fs=0&rt=0.984&euri=https%3A%2F%2Fwww.youtube.com%2Fshorts%2F0wBfICuWl7M&lact=6206&cl=787819992&state=paused&volume=62&cbrand=apple&cbr=Chrome&cbrver=138.0.0.0&c=WEB&cver=2.20250728.08.00&cplayer=UNIPLAYER&cos=Macintosh&cosver=10_15_7&cplatform=DESKTOP&delay=4&hl=zh_CN&cr=US&uga=35&len=18.141&afmt=251&idpj=-5&ldpj=-1&rti=6&st=0&et=0.647&muted=0&docid=9RMilKQNsho&ei=kHmJaMmFOOO3kucPwcf_qAI&plid=AAY7G7Mz0I__chHJ&referrer=https%3A%2F%2Fwww.youtube.com%2Fshorts%2F0XlsFeNWDMg&sdetail=p%3A%2Fshorts%2F0XlsFeNWDMg&sourceid=y&of=55GruTtBJ9KmbeuKBIg0WA&vm=CAQQARgCOjJBSHFpSlRKN3ZkR015S0NhN0ttY2sxUEhpaVNtWEhLS2dvV3plWFBKcF9Ta0ZBWm5fd2JfQUZVQTZSU1VHR1B2LUc1UWFoVlhxdmpBUnNrb1A5SnFTdTJjTVZld093Q2FobHlSZ2RzTURZRmlVOHJSSklWcDZkc1A1QkFwdVZWTmRfcUJYZVdfWC1qMGNpeXFyR2s",
        "city": "New York",
        "region": "New York",
        "country": "United States",
        "org": "Google LLC",
        "timezone": "America/New_York",
        "source": "ip-api.com"
      },
      "geometry": {
        "type": "Point",
        "coordinates": [
          -74.006,
          40.7128
        ]
      }
    },
    {
      "type": "Feature",
      "properties": {
        "ip": "142.250.65.238",
        "url": "https://www.youtube.com/api/stats/watchtime?ns=yt&el=detailpage&cpn=xEsbkdjZZTiLpSq-&ver=2&cmt=0&fmt=396&fs=0&rt=2.19&euri&lact=294&cl=787819992&state=paused&volume=100&subscribed=1&cbrand=apple&cbr=Chrome&cbrver=138.0.0.0&c=WEB&cver=2.20250728.08.00&cplayer=UNIPLAYER&cos=Macintosh&cosver=10_15_7&cplatform=DESKTOP&autoplay=1&delay=10&hl=zh_CN&cr=US&uga=35&len=1012.181&feature=g-high-rec&afmt=251&idpj=-9&ldpj=-31&rti=12&st=1.869&et=1.959&muted=1&vis=5&cc=.en-GB&docid=eut5Q5lUxic&ei=UXmJaMKcBvDQoPMPq47I6A0&plid=AAY7G69mRkR5pgPl&referrer=https%3A%2F%2Fwww.youtube.com%2F&sdetail=p%3A%2F&sourceid=y&autonav=1&of=jBAmqTi7SxXKiHeiR5PclA&vm=CAEQARgEOjJBSHFpSlRLeVlCa1BsZzNZclJZTlVOdlJ6VjBGUTdmaXM0UnNkSGwwOGxaMnhnZEhDQWJfQUZVQTZSVEFLclN6UzRWTENfNkxacnJUdWRVVWUzS1hOY0V2bTFVSElUU213SlNkdFB2UzJYZDNNU1NHTGJQZk95bllIWUlWQVEyZDBZZnlfeUxXZHNfVWp1el9ZWEU",
        "city": "New York",
        "region": "New York",
        "country": "United States",
        "org": "Google LLC",
        "timezone": "America/New_York",
        "source": "ip-api.com"
      },
      "geometry": {
        "type": "Point",
        "coordinates": [
          -74.006,
          40.7128
        ]
      }
    },
    {
      "type": "Feature",
      "properties": {
        "ip": "142.250.65.238",
        "url": "https://www.youtube.com/api/timedtext?v=osZ15XJOBdY&ei=U3mJaMeNK4-Fy_sPypGguAY&caps=asr&opi=112496729&exp=xpo%2Cxpe&xoaf=7&xospf=1&hl=zh-CN&ip=0.0.0.0&ipbits=0&expire=1753865155&sparams=ip%2Cipbits%2Cexpire%2Cv%2Cei%2Ccaps%2Copi%2Cexp%2Cxoaf&signature=0CAE9F78CC1594E109A0AD193CB64E4F4798F3C5.23D4A93AF94119D7F138F2E976C509D47D241BA8&key=yt8&kind=asr&lang=en&variant=punctuated&potc=1&pot=MlXh14nt4GKIkOHp7cyrMW2mGwCYTICepbbPtw-14Yph8Rc0MChNYV4waTlIb7DGImeMaAo0JfmL0ud7gRrniyI-NUvQ5yqQJEgY8GHzirHDt4_arpqV&fmt=json3&xorb=2&xobt=3&xovt=3&cbrand=apple&cbr=Chrome&cbrver=138.0.0.0&c=WEB&cver=2.20250728.08.00&cplayer=UNIPLAYER&cos=Macintosh&cosver=10_15_7&cplatform=DESKTOP",
        "city": "New York",
        "region": "New York",
        "country": "United States",
        "org": "Google LLC",
        "timezone": "America/New_York",
        "source": "ip-api.com"
      },
      "geometry": {
        "type": "Point",
        "coordinates": [
          -74.006,
          40.7128
        ]
      }
    },
    {
      "type": "Feature",
      "properties": {
        "ip": "142.250.65.238",
        "url": "https://www.youtube.com/api/stats/playback?ns=yt&el=adunit&cpn=Eqgf5ggvEQVjBMoI&ver=2&cmt=0.005&fmt=396&fs=0&rt=0.204&adformat=15_6&euri&lact=492&cl=787819992&mos=1&volume=100&cbrand=apple&cbr=Chrome&cbrver=138.0.0.0&c=WEB&cver=2.20250728.08.00&cplayer=UNIPLAYER&cos=Macintosh&cosver=10_15_7&cplatform=DESKTOP&autoplay=1&sautoplay=1&delay=10&hl=zh_CN&cr=US&uga=35&len=15.041&fexp=v1%2C23930656%2C55365%2C18623%2C695255%2C14625955%2C11684381%2C53408%2C9105%2C22730%2C2821%2C106030%2C18644%2C14869%2C47210%2C15124%2C65%2C13526%2C391%2C26504%2C9252%2C3479%2C2519%2C10511%2C23206%2C10364%2C4815%2C2%2C19813%2C19660%2C562%2C11784%2C2796%2C2595%2C5656%2C2625%2C1904%2C874%2C10552%2C591%2C6045%2C64%2C4324%2C2313%2C1491%2C1592%2C1479%2C3906%2C1563%2C3888%2C207%2C346%2C7947%2C842%2C4174%2C1995%2C355%2C2585%2C62%2C372%2C723%2C1671%2C1635%2C867%2C1060%2C2039%2C5%2C3485%2C166%2C1414%2C2164%2C332%2C12%2C1029%2C2643%2C938%2C70&rtn=11&afmt=251&muted=1&vis=5&docid=Zg3Xd0giIIk&ei=LnmJaLOwD9KqoPMPjoLXmAg&plid=AAY7G61SkicvQGmF&referrer=https%3A%2F%2Fwww.youtube.com%2F&sdetail=p%3A%2F&sourceid=y&adcontext=CAESEwj25sHpuuOOAxUoV50GHX3GLY4gBygE&aqi=LHmJaPagA6iu9eQP_Yy38Qg&autonav=1&of=wbAUJoLFDaeeOSJrHXH1sg&vm=CAEQABgEOjJBSHFpSlRMbTVVTUIwZDN0U1JBTGJpWW8zX3Z6cVBQUEpqVXlBa3ozb2tDaWk4MmpkQWJfQUZVQTZSVHQ1U1FGWmtITnNBTTkxSXlXa2txN0h5dU5EUXdjSnRzd2NtZDExT1psNnYxZnVyWXNUWmZtNDVQUjkzejdkbGNKZHVMZzJfOUcxTTVvdTRaMEJwcXNWLUU",
        "city": "New York",
        "region": "New York",
        "country": "United States",
        "org": "Google LLC",
        "timezone": "America/New_York",
        "source": "ip-api.com"
      },
      "geometry": {
        "type": "Point",
        "coordinates": [
          -74.006,
          40.7128
        ]
      }
    },
    {
      "type": "Feature",
      "properties": {
        "ip": "142.250.65.238",
        "url": "https://www.youtube.com/api/stats/qoe?fmt=398&afmt=251&cpn=s-ZuRnfTG5Fd5T-e&el=detailpage&ns=yt&fexp=v1%2C23930656%2C55365%2C18623%2C695255%2C14625955%2C11684381%2C53408%2C9105%2C22730%2C2821%2C106030%2C18644%2C14869%2C47210%2C15124%2C65%2C13526%2C391%2C26504%2C9252%2C3479%2C2519%2C10511%2C23206%2C10364%2C4815%2C2%2C19813%2C19660%2C562%2C11784%2C2796%2C2595%2C5656%2C2625%2C1904%2C874%2C10552%2C591%2C6045%2C64%2C4324%2C2313%2C1491%2C1592%2C1479%2C3906%2C1563%2C3888%2C207%2C346%2C7947%2C842%2C4174%2C1995%2C355%2C2585%2C62%2C372%2C723%2C1671%2C1635%2C867%2C1060%2C2039%2C5%2C3485%2C166%2C1414%2C2164%2C332%2C12%2C1029%2C2643%2C938%2C70&cl=787819992&adformat=15_20&seq=1&adcontext=CAESEwjR04OFu-OOAxX8Qp0GHfp7Io0YAiAQKAQ&docid=lCsV8l3s5_w&ei=k3mJaIXiF9Gk0_wP9sSnsQY&event=streamingstats&plid=AAY7G7NZggWyqyaz&sdetail=p%3A%2Fshorts%2FsD0-hqf3ZZk&sourceid=y&cbrand=apple&cbr=Chrome&cbrver=138.0.0.0&c=WEB&cver=2.20250728.08.00&cplayer=UNIPLAYER&cos=Macintosh&cosver=10_15_7&cplatform=DESKTOP&vps=0.000:N,0.005:B,0.133:B,0.133:B&cat=streaming,sabr&ctmp=esfw:usbc.1;hsu.1,atrkchg:t.132;id.und;m.0&cmt=0.005:0.000,0.133:0.000&afs=0.131:251;CggKA2RyYxIBMQ::i:CDUoAQ&vfs=0.133:398:398::r:CDUoAQ&view=0.133:428:761:2&bwm=0.133:231220:0.129&bwe=0.133:1741918&bat=0.133:0.66:1&vis=0.133:0&bh=0.133:0.000&qclc=ChBzLVp1Um5mVEc1RmQ1VC1lEAEaDENnSUlEQSUzRCUzRA",
        "city": "New York",
        "region": "New York",
        "country": "United States",
        "org": "Google LLC",
        "timezone": "America/New_York",
        "source": "ip-api.com"
      },
      "geometry": {
        "type": "Point",
        "coordinates": [
          -74.006,
          40.7128
        ]
      }
    },
    {
      "type": "Feature",
      "properties": {
        "ip": "142.250.65.238",
        "url": "https://www.youtube.com/api/stats/qoe?fmt=396&afmt=251&cpn=G4pFAwLvDqtQgcbE&el=detailpage&ns=yt&fexp=v1%2C23930656%2C55365%2C18623%2C695255%2C14625955%2C11684381%2C53408%2C9105%2C22730%2C2821%2C106030%2C18644%2C14869%2C47210%2C15124%2C65%2C13526%2C391%2C26504%2C9252%2C3479%2C2519%2C10511%2C23206%2C10364%2C4815%2C2%2C19813%2C19660%2C562%2C11784%2C2796%2C2595%2C5656%2C2625%2C1904%2C874%2C10552%2C591%2C6045%2C64%2C4324%2C2313%2C1491%2C1592%2C1479%2C3906%2C1563%2C3888%2C207%2C346%2C7947%2C842%2C4174%2C1995%2C355%2C2585%2C62%2C372%2C723%2C1671%2C1635%2C867%2C1060%2C2039%2C5%2C3485%2C166%2C1414%2C2164%2C332%2C12%2C1029%2C2643%2C938%2C70&cl=787819992&seq=3&docid=6W_s3VPMdNs&ei=RnmJaP2LI5PNoPMPtP7cyA8&event=streamingstats&feature=g-high&plid=AAY7G67FvZixLwGD&sdetail=p%3A%2F&sourceid=y&cbrand=apple&cbr=Chrome&cbrver=138.0.0.0&c=WEB&cver=2.20250728.08.00&cplayer=UNIPLAYER&cos=Macintosh&cosver=10_15_7&cplatform=DESKTOP&bh=0.115:3.000,1.454:0.000&cmt=0.115:0.001,0.874:0.716,1.452:0.000,1.454:0.000,1.454:0.000&vps=0.115:PL,1.452:N,1.454:SU,1.454:SU&user_intent=0&bwm=1.454:1113361:0.033&bat=1.454:0.64:1&qclc=ChBHNHBGQXdMdkRxdFFnY2JFEAM",
        "city": "New York",
        "region": "New York",
        "country": "United States",
        "org": "Google LLC",
        "timezone": "America/New_York",
        "source": "ip-api.com"
      },
      "geometry": {
        "type": "Point",
        "coordinates": [
          -74.006,
          40.7128
        ]
      }
    },
    {
      "type": "Feature",
      "properties": {
        "ip": "142.250.65.238",
        "url": "https://www.youtube.com/api/stats/qoe?fmt=396&afmt=251&cpn=G4pFAwLvDqtQgcbE&el=detailpage&ns=yt&fexp=v1%2C23930656%2C55365%2C18623%2C695255%2C14625955%2C11684381%2C53408%2C9105%2C22730%2C2821%2C106030%2C18644%2C14869%2C47210%2C15124%2C65%2C13526%2C391%2C26504%2C9252%2C3479%2C2519%2C10511%2C23206%2C10364%2C4815%2C2%2C19813%2C19660%2C562%2C11784%2C2796%2C2595%2C5656%2C2625%2C1904%2C874%2C10552%2C591%2C6045%2C64%2C4324%2C2313%2C1491%2C1592%2C1479%2C3906%2C1563%2C3888%2C207%2C346%2C7947%2C842%2C4174%2C1995%2C355%2C2585%2C62%2C372%2C723%2C1671%2C1635%2C867%2C1060%2C2039%2C5%2C3485%2C166%2C1414%2C2164%2C332%2C12%2C1029%2C2643%2C938%2C70&cl=787819992&seq=2&docid=6W_s3VPMdNs&ei=RnmJaP2LI5PNoPMPtP7cyA8&event=streamingstats&feature=g-high&plid=AAY7G67FvZixLwGD&sdetail=p%3A%2F&sourceid=y&cbrand=apple&cbr=Chrome&cbrver=138.0.0.0&c=WEB&cver=2.20250728.08.00&cplayer=UNIPLAYER&cos=Macintosh&cosver=10_15_7&cplatform=DESKTOP&afs=0.098:251;ChEKBWFjb250EghvcmlnaW5hbAoNCgRsYW5nEgVlbi1VUw::i:CBMoAQ&ctmp=atrkchg:t.99;id.en-US.4;m.0&vfs=0.099:396:396::r:CBMoAQ&view=0.099:232:348:2&vps=0.099:B,0.099:B&bwm=0.099:2337:0.097&bwe=0.099:2132324&bat=0.099:0.64:1&cmt=0.099:0.000&bh=0.099:0.000&qclc=ChBHNHBGQXdMdkRxdFFnY2JFEAI",
        "city": "New York",
        "region": "New York",
        "country": "United States",
        "org": "Google LLC",
        "timezone": "America/New_York",
        "source": "ip-api.com"
      },
      "geometry": {
        "type": "Point",
        "coordinates": [
          -74.006,
          40.7128
        ]
      }
    },
    {
      "type": "Feature",
      "properties": {
        "ip": "142.250.65.238",
        "url": "https://www.youtube.com/pagead/viewthroughconversion/962985656/?backend=innertube&cname=1&cver=2_20250728&foc_id=QnMw9GGDS3xO6fN5oae-4w&label=followon_view&ptype=no_rmkt&random=66951900",
        "city": "New York",
        "region": "New York",
        "country": "United States",
        "org": "Google LLC",
        "timezone": "America/New_York",
        "source": "ip-api.com"
      },
      "geometry": {
        "type": "Point",
        "coordinates": [
          -74.006,
          40.7128
        ]
      }
    },
    {
      "type": "Feature",
      "properties": {
        "ip": "142.250.65.238",
        "url": "https://www.youtube.com/api/stats/watchtime?ns=yt&el=shortspage&cpn=ed_AH0kKHedq7BBl&ver=2&cmt=0&fmt=398&fs=0&rt=0.657&euri=https%3A%2F%2Fwww.youtube.com%2Fshorts%2F0wBfICuWl7M&lact=7692&cl=787819992&state=paused&volume=62&cbrand=apple&cbr=Chrome&cbrver=138.0.0.0&c=WEB&cver=2.20250728.08.00&cplayer=UNIPLAYER&cos=Macintosh&cosver=10_15_7&cplatform=DESKTOP&delay=4&hl=zh_CN&cr=US&uga=35&len=11.721&afmt=251&idpj=-5&ldpj=0&rti=6&st=0&et=0.311&muted=0&docid=sD0-hqf3ZZk&ei=knmJaNWnK-Xcut0Ph7uhyQY&plid=AAY7G7NPemgPHT8u&referrer=https%3A%2F%2Fwww.youtube.com%2Fshorts%2FvUSL2Y9Inus&sdetail=p%3A%2Fshorts%2FvUSL2Y9Inus&sourceid=y&of=VA4bmIuqwaPj0zpt1x_G2g&vm=CAEQABgEOjJBSHFpSlRKY3liVXpEUWxDX21jMU03UGN2NngxRWtsUDNLSXRUTFp2dkU0YkQtd2p1d2JiQUZVQTZSUkxzR1Z4RGc3eDZiQkJuM1J1OGp6UFV2UmRpZkt6RWhtYTFrM2ZrMERkYjNCZ214RGEzdnI5TEd4RlVPZnJaVWhtRVpHR0FVLWZCQXN2OE5jUUxtbnhlSDFaUmc",
        "city": "New York",
        "region": "New York",
        "country": "United States",
        "org": "Google LLC",
        "timezone": "America/New_York",
        "source": "ip-api.com"
      },
      "geometry": {
        "type": "Point",
        "coordinates": [
          -74.006,
          40.7128
        ]
      }
    },
    {
      "type": "Feature",
      "properties": {
        "ip": "142.250.65.238",
        "url": "https://www.youtube.com/ptracking?html5=1&video_id=THY_UFpbZJY&cpn=aUHYyMWyQ-evkcR2&ei=XHmJaOC_E4aqoPMPtLv9oAE&ptk=youtube_single&oid=Ldpri8Fy3PP4k3IPCKGG4g&ptchn=fCZgpB-8mHgYnfEL3wcHUg&pltype=content&m=A8LCuDwywY1Z1X_000lJ4LIrfwapmL9Q6zWeVVZM6Oy6qix0wFkx8yJy7xVIqJ-ZiP8QeIMFh5qjCNg2bpCsUmFF",
        "city": "New York",
        "region": "New York",
        "country": "United States",
        "org": "Google LLC",
        "timezone": "America/New_York",
        "source": "ip-api.com"
      },
      "geometry": {
        "type": "Point",
        "coordinates": [
          -74.006,
          40.7128
        ]
      }
    },
    {
      "type": "Feature",
      "properties": {
        "ip": "142.250.65.238",
        "url": "https://www.youtube.com/api/stats/qoe?fmt=396&afmt=251&cpn=nvAuY9p_mrkgmGD_&el=detailpage&ns=yt&fexp=v1%2C23930656%2C55365%2C18623%2C695255%2C14625955%2C11684381%2C53408%2C9105%2C22730%2C2821%2C106030%2C18644%2C14869%2C47210%2C15124%2C65%2C13526%2C391%2C26504%2C9252%2C3479%2C2519%2C10511%2C23206%2C10364%2C4815%2C2%2C19813%2C19660%2C562%2C11784%2C2796%2C2595%2C5656%2C2625%2C1904%2C874%2C10552%2C591%2C6045%2C64%2C4324%2C2313%2C1491%2C1592%2C1479%2C3906%2C1563%2C3888%2C207%2C346%2C7947%2C842%2C4174%2C1995%2C355%2C2585%2C62%2C372%2C723%2C1671%2C1635%2C867%2C1060%2C2039%2C5%2C3485%2C166%2C1414%2C2164%2C332%2C12%2C1029%2C2643%2C938%2C70&cl=787819992&seq=2&docid=Qvh2DovBi64&ei=M3mJaNGCCqiGoPMPq9WVyAM&event=streamingstats&feature=g-high&plid=AAY7G62dZ2Pv6MDr&sdetail=p%3A%2F&sourceid=y&cbrand=apple&cbr=Chrome&cbrver=138.0.0.0&c=WEB&cver=2.20250728.08.00&cplayer=UNIPLAYER&cos=Macintosh&cosver=10_15_7&cplatform=DESKTOP&afs=0.062:251;CggKA2RyYxIBMQ::i:CAYoAQ&ctmp=atrkchg:t.63;id.und;m.0&vfs=0.063:396:396::r:CAYoAQ&view=0.063:232:348:2&vps=0.063:B,0.063:B&bwm=0.063:1771:0.060&bwe=0.063:1894371&bat=0.063:0.64:1&cmt=0.063:0.000&bh=0.063:0.000&qclc=ChBudkF1WTlwX21ya2dtR0RfEAI",
        "city": "New York",
        "region": "New York",
        "country": "United States",
        "org": "Google LLC",
        "timezone": "America/New_York",
        "source": "ip-api.com"
      },
      "geometry": {
        "type": "Point",
        "coordinates": [
          -74.006,
          40.7128
        ]
      }
    },
    {
      "type": "Feature",
      "properties": {
        "ip": "142.250.65.238",
        "url": "https://www.youtube.com/api/stats/qoe?fmt=398&afmt=251&cpn=XL_rutMTUkEBX_dj&el=shortspage&ns=yt&fexp=v1%2C23930656%2C55365%2C18623%2C695255%2C14625955%2C11684381%2C53408%2C9105%2C22730%2C2821%2C106030%2C18644%2C14869%2C47210%2C15124%2C65%2C13526%2C391%2C26504%2C9252%2C3479%2C2519%2C10511%2C23206%2C10364%2C4815%2C2%2C19813%2C19660%2C562%2C11784%2C2796%2C2595%2C5656%2C2625%2C1904%2C874%2C10552%2C591%2C6045%2C64%2C4324%2C2313%2C1491%2C1592%2C1479%2C3906%2C1563%2C3888%2C207%2C346%2C7947%2C842%2C4174%2C1995%2C355%2C2585%2C62%2C372%2C723%2C1671%2C1635%2C867%2C1060%2C2039%2C5%2C3485%2C166%2C1414%2C2164%2C332%2C12%2C1029%2C2643%2C938%2C70&cl=787819992&seq=2&docid=lGDhd-DTmrQ&ei=lHmJaNjOMeC1kucP2ufnqQg&event=streamingstats&plid=AAY7G7NvTWcC11bf&sdetail=p%3A%2Fshorts%2FqxHGvJfqBeo&sourceid=y&cbrand=apple&cbr=Chrome&cbrver=138.0.0.0&c=WEB&cver=2.20250728.08.00&cplayer=UNIPLAYER&cos=Macintosh&cosver=10_15_7&cplatform=DESKTOP&cfs=0.226:a.en:::s&user_intent=0&bh=0.246:10.911,0.494:0.000&cmt=0.246:0.014,0.490:0.197,0.491:0.000,0.493:0.000,0.494:0.000&vps=0.246:PL,0.490:PA,0.491:N,0.493:SU,0.494:SU&bat=0.494:0.66:1&qclc=ChBYTF9ydXRNVFVrRUJYX2RqEAIaDENnSUlEQSUzRCUzRA",
        "city": "New York",
        "region": "New York",
        "country": "United States",
        "org": "Google LLC",
        "timezone": "America/New_York",
        "source": "ip-api.com"
      },
      "geometry": {
        "type": "Point",
        "coordinates": [
          -74.006,
          40.7128
        ]
      }
    },
    {
      "type": "Feature",
      "properties": {
        "ip": "142.250.65.238",
        "url": "https://www.youtube.com/api/stats/qoe?fmt=398&afmt=251&cpn=An_V4zjTSbzGuH1A&el=shortspage&ns=yt&fexp=v1%2C23930656%2C55365%2C18623%2C695255%2C14625955%2C11684381%2C53408%2C9105%2C22730%2C2821%2C106030%2C18644%2C14869%2C47210%2C15124%2C65%2C13526%2C391%2C26504%2C9252%2C3479%2C2519%2C10511%2C23206%2C10364%2C4815%2C2%2C19813%2C19660%2C562%2C11784%2C2796%2C2595%2C5656%2C2625%2C1904%2C874%2C10552%2C591%2C6045%2C64%2C4324%2C2313%2C1491%2C1592%2C1479%2C3906%2C1563%2C3888%2C207%2C346%2C7947%2C842%2C4174%2C1995%2C355%2C2585%2C62%2C372%2C723%2C1671%2C1635%2C867%2C1060%2C2039%2C5%2C3485%2C166%2C1414%2C2164%2C332%2C12%2C1029%2C2643%2C938%2C70&cl=787819992&seq=2&docid=ntCVNYOjQJ4&ei=lXmJaMGNEq6pkucP2Lu2iQw&event=streamingstats&plid=AAY7G7N2qVSHJhMv&sdetail=p%3A%2Fshorts%2FlGDhd-DTmrQ&sourceid=y&cbrand=apple&cbr=Chrome&cbrver=138.0.0.0&c=WEB&cver=2.20250728.08.00&cplayer=UNIPLAYER&cos=Macintosh&cosver=10_15_7&cplatform=DESKTOP&bh=0.263:10.600,0.469:0.000&cmt=0.263:0.021,0.465:0.163,0.467:0.000,0.469:0.000,0.469:0.000&vps=0.263:PL,0.465:PA,0.467:N,0.469:SU,0.469:SU&user_intent=0&bat=0.469:0.66:1&qclc=ChBBbl9WNHpqVFNiekd1SDFBEAIaDENnSUlEQSUzRCUzRA",
        "city": "New York",
        "region": "New York",
        "country": "United States",
        "org": "Google LLC",
        "timezone": "America/New_York",
        "source": "ip-api.com"
      },
      "geometry": {
        "type": "Point",
        "coordinates": [
          -74.006,
          40.7128
        ]
      }
    },
    {
      "type": "Feature",
      "properties": {
        "ip": "142.250.65.238",
        "url": "https://www.youtube.com/api/timedtext?v=3F7t2bnGbis&ei=SHmJaJWPCZeikucPzMKRwAc&caps=asr&opi=112496729&exp=xpo%2Cxpe&xoaf=7&xospf=1&hl=zh-CN&ip=0.0.0.0&ipbits=0&expire=1753865144&sparams=ip%2Cipbits%2Cexpire%2Cv%2Cei%2Ccaps%2Copi%2Cexp%2Cxoaf&signature=1060C7D10D8A191C348192471AB219CF83A9C5C4.11E358C061584E55DF1D20B848D2BFD5BD20B025&key=yt8&kind=asr&lang=en&variant=punctuated&potc=1&pot=MlX-wnKCzRosYP78FqOGSclWBBVjI63mAUbQovTazPLFAQghy0dgGfrAdiyzAJ2-hpeTffFbCIEvIvhuenXK84bOKl4riAfogLh4qVQggRb6wJFKcu5r&fmt=json3&xorb=2&xobt=3&xovt=3&cbrand=apple&cbr=Chrome&cbrver=138.0.0.0&c=WEB&cver=2.20250728.08.00&cplayer=UNIPLAYER&cos=Macintosh&cosver=10_15_7&cplatform=DESKTOP",
        "city": "New York",
        "region": "New York",
        "country": "United States",
        "org": "Google LLC",
        "timezone": "America/New_York",
        "source": "ip-api.com"
      },
      "geometry": {
        "type": "Point",
        "coordinates": [
          -74.006,
          40.7128
        ]
      }
    },
    {
      "type": "Feature",
      "properties": {
        "ip": "142.250.65.238",
        "url": "https://www.youtube.com/api/timedtext?v=osZ15XJOBdY&ei=U3mJaMeNK4-Fy_sPypGguAY&caps=asr&opi=112496729&exp=xpo%2Cxpe&xoaf=7&xospf=1&hl=zh-CN&ip=0.0.0.0&ipbits=0&expire=1753865155&sparams=ip%2Cipbits%2Cexpire%2Cv%2Cei%2Ccaps%2Copi%2Cexp%2Cxoaf&signature=0CAE9F78CC1594E109A0AD193CB64E4F4798F3C5.23D4A93AF94119D7F138F2E976C509D47D241BA8&key=yt8&kind=asr&lang=en&variant=punctuated&potc=1&pot=MlUwcQByQ4Pp2jBPZFMI0AzsyqYR0yN_xPweEYYqQmsAu8aSubfugD96uJ_B8BMnQy1dzoOrhhjqmDbdCIVEakN05O1ZeIlxRQJTTQ2RL6nUSY2z_XKN&fmt=json3&xorb=2&xobt=3&xovt=3&cbrand=apple&cbr=Chrome&cbrver=138.0.0.0&c=WEB&cver=2.20250728.08.00&cplayer=UNIPLAYER&cos=Macintosh&cosver=10_15_7&cplatform=DESKTOP",
        "city": "New York",
        "region": "New York",
        "country": "United States",
        "org": "Google LLC",
        "timezone": "America/New_York",
        "source": "ip-api.com"
      },
      "geometry": {
        "type": "Point",
        "coordinates": [
          -74.006,
          40.7128
        ]
      }
    },
    {
      "type": "Feature",
      "properties": {
        "ip": "142.250.65.238",
        "url": "https://www.youtube.com/api/stats/qoe?fmt=398&afmt=251&cpn=s-ZuRnfTG5Fd5T-e&el=detailpage&ns=yt&fexp=v1%2C23930656%2C55365%2C18623%2C695255%2C14625955%2C11684381%2C53408%2C9105%2C22730%2C2821%2C106030%2C18644%2C14869%2C47210%2C15124%2C65%2C13526%2C391%2C26504%2C9252%2C3479%2C2519%2C10511%2C23206%2C10364%2C4815%2C2%2C19813%2C19660%2C562%2C11784%2C2796%2C2595%2C5656%2C2625%2C1904%2C874%2C10552%2C591%2C6045%2C64%2C4324%2C2313%2C1491%2C1592%2C1479%2C3906%2C1563%2C3888%2C207%2C346%2C7947%2C842%2C4174%2C1995%2C355%2C2585%2C62%2C372%2C723%2C1671%2C1635%2C867%2C1060%2C2039%2C5%2C3485%2C166%2C1414%2C2164%2C332%2C12%2C1029%2C2643%2C938%2C70&cl=787819992&adformat=15_20&seq=2&adcontext=CAESEwjR04OFu-OOAxX8Qp0GHfp7Io0YAiAQKAQ&docid=lCsV8l3s5_w&ei=k3mJaIXiF9Gk0_wP9sSnsQY&event=streamingstats&plid=AAY7G7NZggWyqyaz&sdetail=p%3A%2Fshorts%2FsD0-hqf3ZZk&sourceid=y&cbrand=apple&cbr=Chrome&cbrver=138.0.0.0&c=WEB&cver=2.20250728.08.00&cplayer=UNIPLAYER&cos=Macintosh&cosver=10_15_7&cplatform=DESKTOP&user_intent=0&bh=0.367:19.478,0.654:0.000&cmt=0.367:0.019,0.648:0.283,0.651:0.000,0.653:0.000,0.654:0.000&vps=0.367:PL,0.648:PA,0.651:N,0.653:SU,0.654:SU&cfi=0.627:a.en:m&bwm=0.654:1069018:0.037&bat=0.654:0.66:1&qclc=ChBzLVp1Um5mVEc1RmQ1VC1lEAIaDENnSUlEQSUzRCUzRA",
        "city": "New York",
        "region": "New York",
        "country": "United States",
        "org": "Google LLC",
        "timezone": "America/New_York",
        "source": "ip-api.com"
      },
      "geometry": {
        "type": "Point",
        "coordinates": [
          -74.006,
          40.7128
        ]
      }
    },
    {
      "type": "Feature",
      "properties": {
        "ip": "142.250.65.238",
        "url": "https://www.youtube.com/pagead/interaction/?ai=CzZL_ZXmJaJGNLvyF9eQP-veJ6QjAhrrzgAH_vqai1hS1kB8QASAAYMnGqYvApNgPggEXY2EtcHViLTYyMTk4MTE3NDcwNDkzNzGgAfuZsfwBqAMEyAMKqgSzAU_QGeYpEzauduJoWOJD-Rp_15LNvBpm_gEIBEQ-fEjz8NQukiyjAH1PhWPfiMwGIH_qA-THp30N-F1V_caikT5fwK8-Pg7P7JPkjHaz-Sjzz5BVz91Ja8A2_4yFYmgZRwZqczrm-YXpF6Hv4wZCO_QIQnTDJATsqr_m4U3FNeGjsEhx7JfyPa2PqmIZcBoe_nh0h6tUd5yq18Bx8nXNE77yVHo6LH7GuJvvNUgKV6IOjBBQiAWszd2GVaAGoQGAB-3lzoMCiAcBkAcCqAfywLECqAe4xLECqAfhtrECqAelz7ECqAfnnbECqAfonbECqAfvtbECqAfwtbECqAf507ECqAeCqrECqAeECKgHptSxAqgHqNIbqAe2B6gHsdwbqAeBw7ECqAf4v7ECqAewm7ECqAeusbECqAfmvLECqAfKurECqAf9srECqAf3uLECqAf4uLECqAfIz7ECqAfJz7ECqAfNx7ECqAfx0bECqAf0mbECqAf4v7ECqAeBxhuoB_yvsQKoB-PZG5IICzBYbHNGZU5XRE1nqAgBsAgM0ggxCICAgIAEEAIYWjICgAQ6EY_QgICAgASAwICAgMCAgAIqSNmg0jVQFFjAvIKFu-OOA8gJjwHICcIByAnkAboLVQgEEAUYBCAQKAEwEUABSABYLGAAaABwAYgBAJgBAaIBKAodCAAgA9q4BBUyEzoRCg8oMEiw-7LokASYGQG4IAHQAQGoAgXAAgKoAQHYAQGAAgGIAgXSDAQIARABuBP___________8BiBQBsBQEwBXJgIBAihcWCAMYASABKAEwATgBQAFIAVABWAFgAqAXAakXcoYtjHKK4LS6FwgQASgAMAFIAYAZAw&sigh=XA4u3rg8KlM&cid=CAESD-D2LiMQVeIaDXeS-X-nSg&label=swipe&ad_mt=0&acvw=sv%3D967%26v%3D20250727%26cb%3Dyw%26e%3D8%26nas%3D1%26sdk%3Db%26p%3D-384,198,377,626%26p0%3D-695,198,66,626%26tos%3D612,0,60,0,152%26mtos%3D612,612,672,672,824%26amtos%3D612,0,60,0,152%26mcvt%3D672%26ps%3D849,865%26scs%3D1512,982%26bs%3D849,857%26vht%3D0%26mut%3D152%26a%3D0.62%26a0%3D0.62%26ft%3D0%26dft%3D0%26at%3D824%26dat%3D824%26as%3D1%26vpt%3D824%26gmm%3D4%26efpf%3D2%26nmt%3D0%26tcm%3D1%26bt%3D58%26pst%3D210%26dur%3D37000%26vmtime%3D827%26dvs%3D672%26dfvs%3D612%26dvpt%3D824%26is%3D278%26i0%3D278%26ic%3D32768%26cs%3D33046%26c%3D0.49%26c0%3D0.08%26mc%3D1%26nc%3D0.08%26mv%3D0.62%26nv%3D0.62%26qmt%3D612,612,672,672,824%26qnc%3D0.08%26qmv%3D0.62%26qnv%3D0.62%26lte%3D0.08%26ces%26avms%3Dgeo%26qi%3DJRqKTNlxM3WO3qd4%26psm%3D1%26psv%3D0%26psfv%3D0%26psa%3D1%26ptlt%3D97879%26pngs%3D9,14,15s%26veid%3Dfmd%3A1%26ssb%3D0,0,0,0,0,0,0,0,612,60,152%26ss0%3D0.01%26co%3D4977281503%26tm%3D824%26tu%3D0&gv=atos%3D612,612,672,672,824%26avt%3D672%26davs%3D672%26dafvs%3D612%26ss%3D0.1%26t%3D1753840015975",
        "city": "New York",
        "region": "New York",
        "country": "United States",
        "org": "Google LLC",
        "timezone": "America/New_York",
        "source": "ip-api.com"
      },
      "geometry": {
        "type": "Point",
        "coordinates": [
          -74.006,
          40.7128
        ]
      }
    },
    {
      "type": "Feature",
      "properties": {
        "ip": "142.250.65.238",
        "url": "https://www.youtube.com/ptracking?html5=1&video_id=vUSL2Y9Inus&cpn=lcwWPFW-CS-Maf10&ei=kXmJaJa7MbKBkucP7rHFoAs&ptk=youtube_single&oid=Hynwhz6bJfwRUjSYdns_mw&ptchn=qWz3yRAj-JbCFFCq0jms0Q&pltype=content&m=A_6OruPf1QQJJc052F5H5O8h_6Q1SDDjkev3wX2PODkYuvA-0T0PdscyGqKkzyMZFzb6kcLL8vUxEEJV8krxdJFh",
        "city": "New York",
        "region": "New York",
        "country": "United States",
        "org": "Google LLC",
        "timezone": "America/New_York",
        "source": "ip-api.com"
      },
      "geometry": {
        "type": "Point",
        "coordinates": [
          -74.006,
          40.7128
        ]
      }
    },
    {
      "type": "Feature",
      "properties": {
        "ip": "142.250.65.238",
        "url": "https://www.youtube.com/api/stats/qoe?fmt=788&afmt=251&cpn=H0SwRGHF9KTml3K4&el=shortspage&ns=yt&fexp=v1%2C23930656%2C55365%2C18623%2C695255%2C14625955%2C11684381%2C53408%2C9105%2C22730%2C2821%2C106030%2C18644%2C14869%2C47210%2C15124%2C65%2C13526%2C391%2C26504%2C9252%2C3479%2C2519%2C10511%2C23206%2C10364%2C4815%2C2%2C19813%2C19660%2C562%2C11784%2C2796%2C2595%2C5656%2C2625%2C1904%2C874%2C10552%2C591%2C6045%2C64%2C4324%2C2313%2C1491%2C1592%2C1479%2C3906%2C1563%2C3888%2C207%2C346%2C7947%2C842%2C4174%2C1995%2C355%2C2585%2C62%2C372%2C723%2C1671%2C1635%2C867%2C1060%2C2039%2C5%2C3485%2C166%2C1414%2C2164%2C332%2C12%2C1029%2C2643%2C938%2C70&cl=787819992&seq=1&docid=qxHGvJfqBeo&ei=lHmJaKG1A43HkucPr_Hn6AU&event=streamingstats&plid=AAY7G7NjxmrzSisB&sdetail=p%3A%2Fshorts%2FlCsV8l3s5_w&sourceid=y&cbrand=apple&cbr=Chrome&cbrver=138.0.0.0&c=WEB&cver=2.20250728.08.00&cplayer=UNIPLAYER&cos=Macintosh&cosver=10_15_7&cplatform=DESKTOP&vps=0.000:N,0.007:B,0.199:B,0.199:B&cat=streaming,sabr&ctmp=esfw:usbc.1;hsu.1,atrkchg:t.199;id.und;m.0&cmt=0.007:0.000,0.199:0.000&cfs=0.190:a.en:::m&afs=0.197:251;CggKA2RyYxIBMQ::i:CDYoAQ&vfs=0.199:788:398::r:CDYoAQ&view=0.199:428:761:2&bwm=0.199:1318082:0.194&bwe=0.199:4565271&bat=0.199:0.66:1&vis=0.199:0&bh=0.199:0.000&qclc=ChBIMFN3UkdIRjlLVG1sM0s0EAEaDENnSUlEQSUzRCUzRA",
        "city": "New York",
        "region": "New York",
        "country": "United States",
        "org": "Google LLC",
        "timezone": "America/New_York",
        "source": "ip-api.com"
      },
      "geometry": {
        "type": "Point",
        "coordinates": [
          -74.006,
          40.7128
        ]
      }
    },
    {
      "type": "Feature",
      "properties": {
        "ip": "142.250.65.238",
        "url": "https://www.youtube.com/api/stats/watchtime?ns=yt&el=shortspage&cpn=AGNOZsC9swm5vJbe&ver=2&cmt=7.916&fmt=398&fs=0&rt=39.01&euri=https%3A%2F%2Fwww.youtube.com%2Fshorts%2F0wBfICuWl7M&lact=1091&cl=787819992&state=paused&volume=62&cbrand=apple&cbr=Chrome&cbrver=138.0.0.0&c=WEB&cver=2.20250728.08.00&cplayer=UNIPLAYER&cos=Macintosh&cosver=10_15_7&cplatform=DESKTOP&final=1&hl=zh_CN&cr=US&uga=35&len=15.361&afmt=251&idpj=-2&ldpj=-34&st=7.916&et=7.916&muted=0&au=en-US.4&docid=0wBfICuWl7M&ei=ZXmJaJ2DKY-Fy_sPypGguAY&plid=AAY7G7CgcuBikd8u&referrer=https%3A%2F%2Fwww.youtube.com%2F&sdetail=p%3A%2F&sourceid=y&of=raQYPSIGQC6NHabIWN64uQ&vm=CAEQABgEOjJBSHFpSlRMVkdJZ1ctUDRMXzE2QnRITDZOVDNxVldjRDZqb2xVMHZydmQ3XzFGbjRTQWJkQUZVQTZSUTlla1ZPTmN0cFVEeXBOOFRGTEtQU1UxbjM3N09tcFhuR25sU3hkNFBvaTdrT29tRUx1ZEo1elJ2d3U1QUVQRkhHY2MtaEtHRXNZLS0tbkJ2WW91RmtkTFBlVU1WUw",
        "city": "New York",
        "region": "New York",
        "country": "United States",
        "org": "Google LLC",
        "timezone": "America/New_York",
        "source": "ip-api.com"
      },
      "geometry": {
        "type": "Point",
        "coordinates": [
          -74.006,
          40.7128
        ]
      }
    },
    {
      "type": "Feature",
      "properties": {
        "ip": "142.250.65.238",
        "url": "https://www.youtube.com/api/stats/qoe?fmt=398&afmt=251&cpn=DSExmEv2f6AdoD3Y&el=detailpage&ns=yt&fexp=v1%2C23930656%2C55365%2C18623%2C695255%2C14625955%2C11684381%2C53408%2C9105%2C22730%2C2821%2C106030%2C18644%2C14869%2C47210%2C15124%2C65%2C13526%2C391%2C26504%2C9252%2C3479%2C2519%2C10511%2C23206%2C10364%2C4815%2C2%2C19813%2C19660%2C562%2C11784%2C2796%2C2595%2C5656%2C2625%2C1904%2C874%2C10552%2C591%2C6045%2C64%2C4324%2C2313%2C1491%2C1592%2C1479%2C3906%2C1563%2C3888%2C207%2C346%2C7947%2C842%2C4174%2C1995%2C355%2C2585%2C62%2C372%2C723%2C1671%2C1635%2C867%2C1060%2C2039%2C5%2C3485%2C166%2C1414%2C2164%2C332%2C12%2C1029%2C2643%2C938%2C70&cl=787819992&seq=9&docid=otaSWMeT8w8&ei=sHmJaIG3H9TFkucPjZ3nwAg&event=streamingstats&feature=plpp_video&plid=AAY7G7UWRHlzFxHU&sdetail=p%3A%2Fplaylist&sourceid=y&cbrand=apple&cbr=Chrome&cbrver=138.0.0.0&c=WEB&cver=2.20250728.08.00&cplayer=UNIPLAYER&cos=Macintosh&cosver=10_15_7&cplatform=DESKTOP&vps=200.073:PL&bwm=200.073:3074427:1.118&bwe=200.073:4862742&bat=200.073:0.69:1&cmt=200.073:194.634&bh=200.073:122.024&qclc=ChBEU0V4bUV2MmY2QWRvRDNZEAk",
        "city": "New York",
        "region": "New York",
        "country": "United States",
        "org": "Google LLC",
        "timezone": "America/New_York",
        "source": "ip-api.com"
      },
      "geometry": {
        "type": "Point",
        "coordinates": [
          -74.006,
          40.7128
        ]
      }
    },
    {
      "type": "Feature",
      "properties": {
        "ip": "142.250.65.238",
        "url": "https://www.youtube.com/api/stats/playback?ns=yt&el=detailpage&cpn=pxmDWfwVd4IUuMfd&ver=2&cmt=0.015&fmt=396&fs=0&rt=0.191&euri&lact=233&cl=787819992&mos=1&volume=100&subscribed=1&cbrand=apple&cbr=Chrome&cbrver=138.0.0.0&c=WEB&cver=2.20250728.08.00&cplayer=UNIPLAYER&cos=Macintosh&cosver=10_15_7&cplatform=DESKTOP&autoplay=1&delay=10&hl=zh_CN&cr=US&uga=35&len=1012.181&fexp=v1%2C23930656%2C55365%2C18623%2C695255%2C14625955%2C11684381%2C53408%2C9105%2C22730%2C2821%2C106030%2C18644%2C14869%2C47210%2C15124%2C65%2C13526%2C391%2C26504%2C9252%2C3479%2C2519%2C10511%2C23206%2C10364%2C4815%2C2%2C19813%2C19660%2C562%2C11784%2C2796%2C2595%2C5656%2C2625%2C1904%2C874%2C10552%2C591%2C6045%2C64%2C4324%2C2313%2C1491%2C1592%2C1479%2C3906%2C1563%2C3888%2C207%2C346%2C7947%2C842%2C4174%2C1995%2C355%2C2585%2C62%2C372%2C723%2C1671%2C1635%2C867%2C1060%2C2039%2C5%2C3485%2C166%2C1414%2C2164%2C332%2C12%2C1029%2C2643%2C938%2C70&rtn=8&feature=g-high-rec&afmt=251&muted=1&vis=5&cc=.en-GB&docid=eut5Q5lUxic&ei=UXmJaMKcBvDQoPMPq47I6A0&plid=AAY7G69mRkR5pgPl&referrer=https%3A%2F%2Fwww.youtube.com%2F&sdetail=p%3A%2F&sourceid=y&autonav=1&of=jBAmqTi7SxXKiHeiR5PclA&vm=CAEQARgEOjJBSHFpSlRLeVlCa1BsZzNZclJZTlVOdlJ6VjBGUTdmaXM0UnNkSGwwOGxaMnhnZEhDQWJfQUZVQTZSVEFLclN6UzRWTENfNkxacnJUdWRVVWUzS1hOY0V2bTFVSElUU213SlNkdFB2UzJYZDNNU1NHTGJQZk95bllIWUlWQVEyZDBZZnlfeUxXZHNfVWp1el9ZWEU",
        "city": "New York",
        "region": "New York",
        "country": "United States",
        "org": "Google LLC",
        "timezone": "America/New_York",
        "source": "ip-api.com"
      },
      "geometry": {
        "type": "Point",
        "coordinates": [
          -74.006,
          40.7128
        ]
      }
    },
    {
      "type": "Feature",
      "properties": {
        "ip": "142.250.65.238",
        "url": "https://www.youtube.com/api/timedtext?v=pWRlDIBoQW4&ei=N3mJaOnGNqi30_wPi-eEmAs&caps=asr&opi=112496729&exp=xpo%2Cxpe&xoaf=7&hl=zh-CN&ip=0.0.0.0&ipbits=0&expire=1753865127&sparams=ip%2Cipbits%2Cexpire%2Cv%2Cei%2Ccaps%2Copi%2Cexp%2Cxoaf&signature=AADF738DA957E1EFF95C383F2D4CDC9C2211F087.54CCFFE4477FC6B73B7A03C7CF6714AC7DABC3DD&key=yt8&lang=en-US&potc=1&pot=MlVmeHvAB5hhnWZGH-FMy4SrnK9qYWdkTLtIGP2YBnCI_JCbwgWqm7c97pa6Qlc8y2oLx_gZwgNi32DUczcAccszsuQiys1qzUUHx5k5DgbdxTBPbAcN&fmt=json3&xorb=2&xobt=3&xovt=3&cbrand=apple&cbr=Chrome&cbrver=138.0.0.0&c=WEB&cver=2.20250728.08.00&cplayer=UNIPLAYER&cos=Macintosh&cosver=10_15_7&cplatform=DESKTOP",
        "city": "New York",
        "region": "New York",
        "country": "United States",
        "org": "Google LLC",
        "timezone": "America/New_York",
        "source": "ip-api.com"
      },
      "geometry": {
        "type": "Point",
        "coordinates": [
          -74.006,
          40.7128
        ]
      }
    },
    {
      "type": "Feature",
      "properties": {
        "ip": "142.250.65.238",
        "url": "https://www.youtube.com/api/stats/qoe?fmt=396&afmt=251&cpn=l9hjxExjwqnoHJA4&el=detailpage&ns=yt&fexp=v1%2C23930656%2C55365%2C18623%2C695255%2C14625955%2C11684381%2C53408%2C9105%2C22730%2C2821%2C106030%2C18644%2C14869%2C47210%2C15124%2C65%2C13526%2C391%2C26504%2C9252%2C3479%2C2519%2C10511%2C23206%2C10364%2C4815%2C2%2C19813%2C19660%2C562%2C11784%2C2796%2C2595%2C5656%2C2625%2C1904%2C874%2C10552%2C591%2C6045%2C64%2C4324%2C2313%2C1491%2C1592%2C1479%2C3906%2C1563%2C3888%2C207%2C346%2C7947%2C842%2C4174%2C1995%2C355%2C2585%2C62%2C372%2C723%2C1671%2C1635%2C867%2C1060%2C2039%2C5%2C3485%2C166%2C1414%2C2164%2C332%2C12%2C1029%2C2643%2C938%2C70&cl=787819992&seq=2&docid=pWRlDIBoQW4&ei=N3mJaOnGNqi30_wPi-eEmAs&event=streamingstats&feature=g-high-rec&plid=AAY7G63lgxFRp3x5&sdetail=p%3A%2F&sourceid=y&cbrand=apple&cbr=Chrome&cbrver=138.0.0.0&c=WEB&cver=2.20250728.08.00&cplayer=UNIPLAYER&cos=Macintosh&cosver=10_15_7&cplatform=DESKTOP&afs=0.124:251;CggKA2RyYxIBMQ::i:CAcoAQ&ctmp=atrkchg:t.125;id.und;m.0&vfs=0.128:396:396::r:CAcoAQ&view=0.128:357:201:2&vps=0.128:B,0.128:B&bwm=0.128:1420:0.122&bwe=0.128:1535079&bat=0.128:0.64:1&cmt=0.128:0.000&bh=0.128:0.000&qclc=ChBsOWhqeEV4andxbm9ISkE0EAI",
        "city": "New York",
        "region": "New York",
        "country": "United States",
        "org": "Google LLC",
        "timezone": "America/New_York",
        "source": "ip-api.com"
      },
      "geometry": {
        "type": "Point",
        "coordinates": [
          -74.006,
          40.7128
        ]
      }
    },
    {
      "type": "Feature",
      "properties": {
        "ip": "142.250.65.238",
        "url": "https://www.youtube.com/api/stats/atr?ns=yt&el=detailpage&cpn=aUHYyMWyQ-evkcR2&ver=2&cmt=1.065&fmt=396&fs=0&rt=1.267&euri&lact=693&cl=787819992&mos=1&volume=100&cbrand=apple&cbr=Chrome&cbrver=138.0.0.0&c=WEB&cver=2.20250728.08.00&cplayer=UNIPLAYER&cos=Macintosh&cosver=10_15_7&cplatform=DESKTOP&autoplay=1&delay=10&hl=zh_CN&cr=US&uga=35&len=678.541&fexp=v1%2C23930656%2C55365%2C18623%2C695255%2C14625955%2C11684381%2C53408%2C9105%2C22730%2C2821%2C106030%2C18644%2C14869%2C47210%2C15124%2C65%2C13526%2C391%2C26504%2C9252%2C3479%2C2519%2C10511%2C23206%2C10364%2C4815%2C2%2C19813%2C19660%2C562%2C11784%2C2796%2C2595%2C5656%2C2625%2C1904%2C874%2C10552%2C591%2C6045%2C64%2C4324%2C2313%2C1491%2C1592%2C1479%2C3906%2C1563%2C3888%2C207%2C346%2C7947%2C842%2C4174%2C1995%2C355%2C2585%2C62%2C372%2C723%2C1671%2C1635%2C867%2C1060%2C2039%2C5%2C3485%2C166%2C1414%2C2164%2C332%2C12%2C1029%2C2643%2C938%2C70&feature=g-high-rec&afmt=251&muted=1&vis=5&cc=.en-US&docid=THY_UFpbZJY&ei=XHmJaOC_E4aqoPMPtLv9oAE&plid=AAY7G7ARWAMs7BST&vm=CAEQARgEOjJBSHFpSlRJVllHdWRXdWhRVWxzblhZcWtZQTlkc2toblhtNnNXWkx6LUJWejRkam9FZ2JaQUZVQTZSUzh5MUpMNEVMNFMwSnpCdy1xZkx3SmstTldic3ZFVkszU016RGt5ZTh4VW1mUlZSTDRSUUlZTHNQbVdDV19ZcjZENGhBTjFvaFRjYzRGcGN5eW5n",
        "city": "New York",
        "region": "New York",
        "country": "United States",
        "org": "Google LLC",
        "timezone": "America/New_York",
        "source": "ip-api.com"
      },
      "geometry": {
        "type": "Point",
        "coordinates": [
          -74.006,
          40.7128
        ]
      }
    },
    {
      "type": "Feature",
      "properties": {
        "ip": "142.250.65.238",
        "url": "https://www.youtube.com/api/stats/atr?ns=yt&el=shortspage&cpn=7NyH9ZrQbWG9jb8W&ver=2&cmt=1.089&fmt=398&fs=0&rt=1.333&euri=https%3A%2F%2Fwww.youtube.com%2Fshorts%2F0wBfICuWl7M&lact=4&cl=787819992&mos=0&volume=62&cbrand=apple&cbr=Chrome&cbrver=138.0.0.0&c=WEB&cver=2.20250728.08.00&cplayer=UNIPLAYER&cos=Macintosh&cosver=10_15_7&cplatform=DESKTOP&delay=4&hl=zh_CN&cr=US&uga=35&len=9.961&fexp=v1%2C23930656%2C55365%2C18623%2C695255%2C14625955%2C11684381%2C53408%2C9105%2C22730%2C2821%2C106030%2C18644%2C14869%2C47210%2C15124%2C65%2C13526%2C391%2C26504%2C9252%2C3479%2C2519%2C10511%2C23206%2C10364%2C4815%2C2%2C19813%2C19660%2C562%2C11784%2C2796%2C2595%2C5656%2C2625%2C1904%2C874%2C10552%2C591%2C6045%2C64%2C4324%2C2313%2C1491%2C1592%2C1479%2C3906%2C1563%2C3888%2C207%2C346%2C7947%2C842%2C4174%2C1995%2C355%2C2585%2C62%2C372%2C723%2C1671%2C1635%2C867%2C1060%2C2039%2C5%2C3485%2C166%2C1414%2C2164%2C332%2C12%2C1029%2C2643%2C938%2C70&afmt=251&muted=0&docid=KSkvJS-q3Hc&ei=l3mJaN2mOteJkucPsOqc4AU&plid=AAY7G7OfUynXgN68&vm=CAEQABgEOjJBSHFpSlRJUEpYOGZtS0o1N1ZJRG5SR2UxV2VLYmk2Z210eW0wS01qeXFBVjl0VTFSQWJfQUZVQTZSVFVGa0dSeUgzVzBYUUEwcmIzSDF4OWxKUXI3b2RiVGk4WklLZklQNDVOZ0Q4TlVBRU1sSXpLV0lxN1hIQ0tIWUlDWmd1czFaOFNrbmczLU5xT25sLUJ1WkE",
        "city": "New York",
        "region": "New York",
        "country": "United States",
        "org": "Google LLC",
        "timezone": "America/New_York",
        "source": "ip-api.com"
      },
      "geometry": {
        "type": "Point",
        "coordinates": [
          -74.006,
          40.7128
        ]
      }
    },
    {
      "type": "Feature",
      "properties": {
        "ip": "142.250.65.238",
        "url": "https://www.youtube.com/api/stats/watchtime?ns=yt&el=detailpage&cpn=5m7xa9A0xZ9cQu-J&ver=2&cmt=3&fmt=396&fs=0&rt=0.356&euri&lact=391&cl=787819992&state=paused&volume=100&subscribed=1&cbrand=apple&cbr=Chrome&cbrver=138.0.0.0&c=WEB&cver=2.20250728.08.00&cplayer=UNIPLAYER&cos=Macintosh&cosver=10_15_7&cplatform=DESKTOP&autoplay=1&delay=10&hl=zh_CN&cr=US&uga=35&len=40.161&feature=g-high&afmt=251&idpj=-4&ldpj=-32&rti=7&st=0&et=3.059&muted=1&vis=5&docid=4Ds2VCOKMSE&ei=MnmJaMjME7CAy_sP7fqniQc&plid=AAY7G62QmbFH7Dbe&referrer=https%3A%2F%2Fwww.youtube.com%2F&sdetail=p%3A%2F&sourceid=y&autonav=1&of=BZ4_sYAgIRXdGgxPuwj3uA&vm=CAEQABgEOjJBSHFpSlRMMDR3TkJMZTZpQVpUalNvNUo1SlhFaXlRYUxhTmpmUVp2TWszNFdxdGNfd2JkQUZVQTZSU3ZrRGh0a1JBM3ZwbG5rb1RkN3NJYkM0WFJMd3pEUFRPYlY2WE1IbXVJbnZBTTdfOC1qLWZiRVBjZTk4bVBjR05EUTJWZjcyME9zMlJkbEY0b0pkVE42dV95OVYtVQ",
        "city": "New York",
        "region": "New York",
        "country": "United States",
        "org": "Google LLC",
        "timezone": "America/New_York",
        "source": "ip-api.com"
      },
      "geometry": {
        "type": "Point",
        "coordinates": [
          -74.006,
          40.7128
        ]
      }
    },
    {
      "type": "Feature",
      "properties": {
        "ip": "142.250.65.238",
        "url": "https://www.youtube.com/api/stats/qoe?fmt=396&afmt=251&cpn=Eqgf5ggvEQVjBMoI&el=detailpage&ns=yt&fexp=v1%2C23930656%2C55365%2C18623%2C695255%2C14625955%2C11684381%2C53408%2C9105%2C22730%2C2821%2C106030%2C18644%2C14869%2C47210%2C15124%2C65%2C13526%2C391%2C26504%2C9252%2C3479%2C2519%2C10511%2C23206%2C10364%2C4815%2C2%2C19813%2C19660%2C562%2C11784%2C2796%2C2595%2C5656%2C2625%2C1904%2C874%2C10552%2C591%2C6045%2C64%2C4324%2C2313%2C1491%2C1592%2C1479%2C3906%2C1563%2C3888%2C207%2C346%2C7947%2C842%2C4174%2C1995%2C355%2C2585%2C62%2C372%2C723%2C1671%2C1635%2C867%2C1060%2C2039%2C5%2C3485%2C166%2C1414%2C2164%2C332%2C12%2C1029%2C2643%2C938%2C70&cl=787819992&adformat=15_6&seq=2&adcontext=CAESEwj25sHpuuOOAxUoV50GHX3GLY4gBygE&docid=Zg3Xd0giIIk&ei=LnmJaLOwD9KqoPMPjoLXmAg&event=streamingstats&plid=AAY7G61SkicvQGmF&sdetail=p%3A%2F&sourceid=y&cbrand=apple&cbr=Chrome&cbrver=138.0.0.0&c=WEB&cver=2.20250728.08.00&cplayer=UNIPLAYER&cos=Macintosh&cosver=10_15_7&cplatform=DESKTOP&ctmp=hidden:,mdstm:t.184;rst4disc.d;cd.0.000;sq.-1,mdstm:t.184;rst4disc.d;cd.0.000;sq.-1&cmt=0.159:0.005,0.160:0.005,0.163:0.005,0.206:0.005,1.112:0.874,3.321:0.005,3.325:0.005,3.326:0.005&vps=0.159:SU,0.160:B,0.163:S:ss.15,0.206:PL,3.321:N,3.325:SU,3.326:SU&user_intent=0.161&bh=0.206:15.015,3.326:0.000&cfs=0.217:a.en:::s&bwm=3.326:378591:0.026&bat=3.326:0.64:1&qclc=ChBFcWdmNWdndkVRVmpCTW9JEAI",
        "city": "New York",
        "region": "New York",
        "country": "United States",
        "org": "Google LLC",
        "timezone": "America/New_York",
        "source": "ip-api.com"
      },
      "geometry": {
        "type": "Point",
        "coordinates": [
          -74.006,
          40.7128
        ]
      }
    },
    {
      "type": "Feature",
      "properties": {
        "ip": "142.250.65.238",
        "url": "https://www.youtube.com/api/timedtext?v=eut5Q5lUxic&ei=UXmJaMKcBvDQoPMPq47I6A0&caps=asr&opi=112496729&exp=xpo%2Cxpe&xoaf=7&hl=zh-CN&ip=0.0.0.0&ipbits=0&expire=1753865153&sparams=ip%2Cipbits%2Cexpire%2Cv%2Cei%2Ccaps%2Copi%2Cexp%2Cxoaf&signature=46B9532C171F41415E4DD3430DE54AF3D4D05233.8DD498EF1D0E742E0A12142BE975ADA4E7DBF866&key=yt8&lang=en-GB&potc=1&pot=MlXrHrylW78qZusg2IQQ7M9QEcmtBDtDB0DFfjr9WlfDBx39BWD2vPzGY_B9JwsbgJGGoT98niQpJO2ytFJcVoDIP4Llr5FNhr4GnsZQypgjlPT3STD6&fmt=json3&xorb=2&xobt=3&xovt=3&cbrand=apple&cbr=Chrome&cbrver=138.0.0.0&c=WEB&cver=2.20250728.08.00&cplayer=UNIPLAYER&cos=Macintosh&cosver=10_15_7&cplatform=DESKTOP",
        "city": "New York",
        "region": "New York",
        "country": "United States",
        "org": "Google LLC",
        "timezone": "America/New_York",
        "source": "ip-api.com"
      },
      "geometry": {
        "type": "Point",
        "coordinates": [
          -74.006,
          40.7128
        ]
      }
    },
    {
      "type": "Feature",
      "properties": {
        "ip": "142.250.65.238",
        "url": "https://www.youtube.com/api/stats/qoe?fmt=396&afmt=251&cpn=xEsbkdjZZTiLpSq-&el=detailpage&ns=yt&fexp=v1%2C23930656%2C55365%2C18623%2C695255%2C14625955%2C11684381%2C53408%2C9105%2C22730%2C2821%2C106030%2C18644%2C14869%2C47210%2C15124%2C65%2C13526%2C391%2C26504%2C9252%2C3479%2C2519%2C10511%2C23206%2C10364%2C4815%2C2%2C19813%2C19660%2C562%2C11784%2C2796%2C2595%2C5656%2C2625%2C1904%2C874%2C10552%2C591%2C6045%2C64%2C4324%2C2313%2C1491%2C1592%2C1479%2C3906%2C1563%2C3888%2C207%2C346%2C7947%2C842%2C4174%2C1995%2C355%2C2585%2C62%2C372%2C723%2C1671%2C1635%2C867%2C1060%2C2039%2C5%2C3485%2C166%2C1414%2C2164%2C332%2C12%2C1029%2C2643%2C938%2C70&cl=787819992&seq=1&docid=eut5Q5lUxic&ei=UXmJaMKcBvDQoPMPq47I6A0&event=streamingstats&feature=g-high-rec&plid=AAY7G69mRkR5pgPl&sdetail=p%3A%2F&sourceid=y&cbrand=apple&cbr=Chrome&cbrver=138.0.0.0&c=WEB&cver=2.20250728.08.00&cplayer=UNIPLAYER&cos=Macintosh&cosver=10_15_7&cplatform=DESKTOP&vps=0.000:N,0.005:B,0.067:B,0.067:B&cat=streaming,sabr&ctmp=esfw:usbc.1;hsu.1,atrkchg:t.67;id.und;m.0&cmt=0.005:0.000,0.067:0.000&afs=0.066:251;CggKA2RyYxIBMQ::i:CB0oAQ&vfs=0.067:396:396::r:CB0oAQ&view=0.067:357:201:2&bwm=0.067:91078:0.065&bwe=0.067:3343622&bat=0.067:0.64:1&vis=0.067:5&bh=0.067:0.000&qclc=ChB4RXNia2RqWlpUaUxwU3EtEAE",
        "city": "New York",
        "region": "New York",
        "country": "United States",
        "org": "Google LLC",
        "timezone": "America/New_York",
        "source": "ip-api.com"
      },
      "geometry": {
        "type": "Point",
        "coordinates": [
          -74.006,
          40.7128
        ]
      }
    },
    {
      "type": "Feature",
      "properties": {
        "ip": "142.250.65.238",
        "url": "https://www.youtube.com/api/stats/watchtime?ns=yt&el=detailpage&cpn=Zb-07ICh_J_R3YqT&ver=2&cmt=0&fmt=396&fs=0&rt=0.434&euri&lact=238&cl=787819992&state=paused&volume=100&cbrand=apple&cbr=Chrome&cbrver=138.0.0.0&c=WEB&cver=2.20250728.08.00&cplayer=UNIPLAYER&cos=Macintosh&cosver=10_15_7&cplatform=DESKTOP&autoplay=1&final=1&delay=10&hl=zh_CN&cr=US&uga=35&len=769.461&feature=g-high-rec&afmt=251&idpj=-3&ldpj=-29&st=0&et=0&muted=1&vis=5&docid=otaSWMeT8w8&ei=WHmJaPrVKoXQoPMP5PzR2QE&plid=AAY7G6_aJIMIiBEd&referrer=https%3A%2F%2Fwww.youtube.com%2F&sdetail=p%3A%2F&sourceid=y&autonav=1&of=oj8EnlXIBxXMJpgvzezpwA&vm=CAQQARgCOjJBSHFpSlRLbUluZUlFbXFMcWE1bHVLZXE4OTRJSDVNZmxjb0lGX2dnQ2FYUk1IWkhaZ2JcQUZVQTZSVEJtSzNnVTNQTENZYlN0Ymp0am1ESEYtNmZnX2tkRDFnMlFYYzV6Wmo0ck8wVkdjQlZCbGhJTE5SX0lNcUdRYnZsRXV5YUNwVjZzWkpCUUJyUGdZWng",
        "city": "New York",
        "region": "New York",
        "country": "United States",
        "org": "Google LLC",
        "timezone": "America/New_York",
        "source": "ip-api.com"
      },
      "geometry": {
        "type": "Point",
        "coordinates": [
          -74.006,
          40.7128
        ]
      }
    },
    {
      "type": "Feature",
      "properties": {
        "ip": "142.250.65.238",
        "url": "https://www.youtube.com/api/stats/atr?ns=yt&el=detailpage&cpn=pxmDWfwVd4IUuMfd&ver=2&cmt=1.013&fmt=396&fs=0&rt=1.194&euri&lact=452&cl=787819992&mos=1&volume=100&subscribed=1&cbrand=apple&cbr=Chrome&cbrver=138.0.0.0&c=WEB&cver=2.20250728.08.00&cplayer=UNIPLAYER&cos=Macintosh&cosver=10_15_7&cplatform=DESKTOP&autoplay=1&delay=10&hl=zh_CN&cr=US&uga=35&len=1012.181&fexp=v1%2C23930656%2C55365%2C18623%2C695255%2C14625955%2C11684381%2C53408%2C9105%2C22730%2C2821%2C106030%2C18644%2C14869%2C47210%2C15124%2C65%2C13526%2C391%2C26504%2C9252%2C3479%2C2519%2C10511%2C23206%2C10364%2C4815%2C2%2C19813%2C19660%2C562%2C11784%2C2796%2C2595%2C5656%2C2625%2C1904%2C874%2C10552%2C591%2C6045%2C64%2C4324%2C2313%2C1491%2C1592%2C1479%2C3906%2C1563%2C3888%2C207%2C346%2C7947%2C842%2C4174%2C1995%2C355%2C2585%2C62%2C372%2C723%2C1671%2C1635%2C867%2C1060%2C2039%2C5%2C3485%2C166%2C1414%2C2164%2C332%2C12%2C1029%2C2643%2C938%2C70&feature=g-high-rec&afmt=251&muted=1&vis=5&cc=.en-GB&docid=eut5Q5lUxic&ei=UXmJaMKcBvDQoPMPq47I6A0&plid=AAY7G69mRkR5pgPl&vm=CAEQARgEOjJBSHFpSlRLeVlCa1BsZzNZclJZTlVOdlJ6VjBGUTdmaXM0UnNkSGwwOGxaMnhnZEhDQWJfQUZVQTZSVEFLclN6UzRWTENfNkxacnJUdWRVVWUzS1hOY0V2bTFVSElUU213SlNkdFB2UzJYZDNNU1NHTGJQZk95bllIWUlWQVEyZDBZZnlfeUxXZHNfVWp1el9ZWEU",
        "city": "New York",
        "region": "New York",
        "country": "United States",
        "org": "Google LLC",
        "timezone": "America/New_York",
        "source": "ip-api.com"
      },
      "geometry": {
        "type": "Point",
        "coordinates": [
          -74.006,
          40.7128
        ]
      }
    },
    {
      "type": "Feature",
      "properties": {
        "ip": "142.250.65.238",
        "url": "https://www.youtube.com/api/stats/qoe?cpn=hfjxpVJ7ynLaGnj5&el=detailpage&ns=yt&fexp=v1%2C23930656%2C55365%2C18623%2C695255%2C14625955%2C11684381%2C53408%2C9105%2C22730%2C2821%2C106030%2C18644%2C14869%2C47210%2C15124%2C65%2C13526%2C391%2C26504%2C9252%2C3479%2C2519%2C10511%2C23206%2C10364%2C4815%2C2%2C19813%2C19660%2C562%2C11784%2C2796%2C2595%2C5656%2C2625%2C1904%2C874%2C10552%2C591%2C6045%2C64%2C4324%2C2313%2C1491%2C1592%2C1479%2C3906%2C1563%2C3888%2C207%2C346%2C7947%2C842%2C4174%2C1995%2C355%2C2585%2C62%2C372%2C723%2C1671%2C1635%2C867%2C1060%2C2039%2C5%2C3485%2C166%2C1414%2C2164%2C332%2C12%2C1029%2C2643%2C938%2C70&cl=787819992&seq=1&docid=osZ15XJOBdY&ei=U3mJaMeNK4-Fy_sPypGguAY&event=streamingstats&feature=g-high&plid=AAY7G6-ONH8Ty808&sdetail=p%3A%2F&sourceid=y&cbrand=apple&cbr=Chrome&cbrver=138.0.0.0&c=WEB&cver=2.20250728.08.00&cplayer=UNIPLAYER&cos=Macintosh&cosver=10_15_7&cplatform=DESKTOP&vps=0.000:N,0.005:B,0.021:N,0.021:SU,0.022:SU&cat=streaming,mta,sabr&ctmp=esfw:usbc.1;hsu.1&cmt=0.005:0.000,0.021:0.000,0.021:0.000,0.022:0.000&bat=0.022:0.64:1&vis=0.022:5&bh=0.022:0.000&qclc=ChBoZmp4cFZKN3luTGFHbmo1EAE",
        "city": "New York",
        "region": "New York",
        "country": "United States",
        "org": "Google LLC",
        "timezone": "America/New_York",
        "source": "ip-api.com"
      },
      "geometry": {
        "type": "Point",
        "coordinates": [
          -74.006,
          40.7128
        ]
      }
    },
    {
      "type": "Feature",
      "properties": {
        "ip": "142.250.65.238",
        "url": "https://www.youtube.com/api/stats/qoe?fmt=396&afmt=251&cpn=l9hjxExjwqnoHJA4&el=detailpage&ns=yt&fexp=v1%2C23930656%2C55365%2C18623%2C695255%2C14625955%2C11684381%2C53408%2C9105%2C22730%2C2821%2C106030%2C18644%2C14869%2C47210%2C15124%2C65%2C13526%2C391%2C26504%2C9252%2C3479%2C2519%2C10511%2C23206%2C10364%2C4815%2C2%2C19813%2C19660%2C562%2C11784%2C2796%2C2595%2C5656%2C2625%2C1904%2C874%2C10552%2C591%2C6045%2C64%2C4324%2C2313%2C1491%2C1592%2C1479%2C3906%2C1563%2C3888%2C207%2C346%2C7947%2C842%2C4174%2C1995%2C355%2C2585%2C62%2C372%2C723%2C1671%2C1635%2C867%2C1060%2C2039%2C5%2C3485%2C166%2C1414%2C2164%2C332%2C12%2C1029%2C2643%2C938%2C70&cl=787819992&seq=3&docid=pWRlDIBoQW4&ei=N3mJaOnGNqi30_wPi-eEmAs&event=streamingstats&feature=g-high-rec&plid=AAY7G63lgxFRp3x5&sdetail=p%3A%2F&sourceid=y&cbrand=apple&cbr=Chrome&cbrver=138.0.0.0&c=WEB&cver=2.20250728.08.00&cplayer=UNIPLAYER&cos=Macintosh&cosver=10_15_7&cplatform=DESKTOP&user_intent=0&bh=0.238:15.265,0.673:0.000&cmt=0.238:0.046,0.670:0.000,0.673:0.000,0.673:0.000&vps=0.238:PL,0.670:N,0.673:SU,0.673:SU&cfs=0.272:.en-US:::s&bwm=0.673:626503:0.046&bat=0.673:0.64:1&qclc=ChBsOWhqeEV4andxbm9ISkE0EAM",
        "city": "New York",
        "region": "New York",
        "country": "United States",
        "org": "Google LLC",
        "timezone": "America/New_York",
        "source": "ip-api.com"
      },
      "geometry": {
        "type": "Point",
        "coordinates": [
          -74.006,
          40.7128
        ]
      }
    },
    {
      "type": "Feature",
      "properties": {
        "ip": "142.250.65.238",
        "url": "https://www.youtube.com/api/stats/qoe?fmt=698&afmt=251&cpn=u8Lbh3rzNZJmLMSx&el=detailpage&ns=yt&fexp=v1%2C23930656%2C55365%2C18623%2C695255%2C14625955%2C11684381%2C53408%2C9105%2C22730%2C2821%2C106030%2C18644%2C14869%2C47210%2C15124%2C65%2C13526%2C391%2C26504%2C9252%2C3479%2C2519%2C10511%2C23206%2C10364%2C4815%2C2%2C19813%2C19660%2C562%2C11784%2C2796%2C2595%2C5656%2C2625%2C1904%2C874%2C10552%2C591%2C6045%2C64%2C4324%2C2313%2C1491%2C1592%2C1479%2C3906%2C1563%2C3888%2C207%2C346%2C7947%2C842%2C4174%2C1995%2C355%2C2585%2C62%2C372%2C723%2C1671%2C1635%2C867%2C1060%2C2039%2C5%2C3485%2C166%2C1414%2C2164%2C332%2C12%2C1029%2C2643%2C938%2C70&cl=787819992&adformat=15_20&seq=1&adcontext=CAESEwjR04OFu-OOAxX8Qp0GHfp7Io0YAyAQKAQ&docid=CTE9w5RqhiY&ei=lXmJaPqrMI21kucP9o6AkAM&event=streamingstats&plid=AAY7G7N-Ld1qwUr8&sdetail=p%3A%2Fshorts%2FntCVNYOjQJ4&sourceid=y&cbrand=apple&cbr=Chrome&cbrver=138.0.0.0&c=WEB&cver=2.20250728.08.00&cplayer=UNIPLAYER&cos=Macintosh&cosver=10_15_7&cplatform=DESKTOP&vps=0.000:N,0.005:B,0.105:B,0.105:B&cat=streaming,sabr&ctmp=esfw:usbc.1;hsu.1,atrkchg:t.105;id.und;m.0&cmt=0.005:0.000,0.105:0.000&afs=0.104:251;CggKA2RyYxIBMQ::i:CDkoAQ&vfs=0.105:698:698::r:CDkoAQ&view=0.105:428:761:2&bwm=0.105:1034189:0.102&bwe=0.105:7796263&bat=0.105:0.66:1&vis=0.105:0&bh=0.105:0.000&qclc=ChB1OExiaDNyek5aSm1MTVN4EAEaDENnSUlEQSUzRCUzRA",
        "city": "New York",
        "region": "New York",
        "country": "United States",
        "org": "Google LLC",
        "timezone": "America/New_York",
        "source": "ip-api.com"
      },
      "geometry": {
        "type": "Point",
        "coordinates": [
          -74.006,
          40.7128
        ]
      }
    },
    {
      "type": "Feature",
      "properties": {
        "ip": "142.250.65.238",
        "url": "https://www.youtube.com/api/timedtext?v=lGDhd-DTmrQ&ei=lHmJaNjOMeC1kucP2ufnqQg&caps=asr&opi=112496729&exp=xpe&xoaf=5&xosf=1&hl=zh-CN&ip=0.0.0.0&ipbits=0&expire=1753865220&sparams=ip%2Cipbits%2Cexpire%2Cv%2Cei%2Ccaps%2Copi%2Cexp%2Cxoaf&signature=DE06BB848D31966F194CC5422C0B7B1D15FA7BCB.655FDE48E7B9A56B78E9812B979D2CA775EB2319&key=yt8&kind=asr&lang=en&potc=1&pot=MlWmpv2n7X0c-aaYmYamLvnPXHHsBo2BMd-Ixnv_7JX1mFBFRGJAfspZLkg8Jb3Ztg7LGX5-KOYfu6AK9VDqlLZXcjqkrSePsCFyCDwfmmt_L7yoI6Yh&fmt=json3&xorb=2&xobt=3&xovt=3&cbrand=apple&cbr=Chrome&cbrver=138.0.0.0&c=WEB&cver=2.20250728.08.00&cplayer=UNIPLAYER&cos=Macintosh&cosver=10_15_7&cplatform=DESKTOP",
        "city": "New York",
        "region": "New York",
        "country": "United States",
        "org": "Google LLC",
        "timezone": "America/New_York",
        "source": "ip-api.com"
      },
      "geometry": {
        "type": "Point",
        "coordinates": [
          -74.006,
          40.7128
        ]
      }
    },
    {
      "type": "Feature",
      "properties": {
        "ip": "142.250.65.238",
        "url": "https://www.youtube.com/api/stats/watchtime?ns=yt&el=shortspage&cpn=yEzFv5n5TCyxr_H7&ver=2&cmt=0&fmt=398&fs=0&rt=23.829&euri=https%3A%2F%2Fwww.youtube.com%2Fshorts%2F0wBfICuWl7M&lact=2584&cl=787819992&state=paused&volume=62&cbrand=apple&cbr=Chrome&cbrver=138.0.0.0&c=WEB&cver=2.20250728.08.00&cplayer=UNIPLAYER&cos=Macintosh&cosver=10_15_7&cplatform=DESKTOP&delay=4&hl=zh_CN&cr=US&uga=35&len=14.881&afmt=251&idpj=-9&ldpj=0&rti=24&st=0&et=1.069&muted=0&docid=kJ3o1E2WS8E&ei=aHmJaID2LuLsy9YPvLrIiQ0&plid=AAY7G7DPZeGvfyFn&referrer=https%3A%2F%2Fwww.youtube.com%2F&sdetail=p%3A%2F&sourceid=y&of=GC6OCn1lTVgpgJyrp2hYjw&vm=CAEQABgEOjJBSHFpSlRMZTdQMEl4WTQxNWUzSFNMandnUVNoNF9DeThuN2s5Mzcxdy1rNHAyc0hJZ2JkQUZVQTZSUnUxRGM5enQ0RTRMcDUxY3dNVlVVVGVHTmNMcW1UTkJMd3ltRXZhNmdHaDA5ZWpVLV85bktGY2RFanJaYVNsWExOSU1ncHQtczFZazAyaF90WWNmS0Q0YUExZ1E5cQ",
        "city": "New York",
        "region": "New York",
        "country": "United States",
        "org": "Google LLC",
        "timezone": "America/New_York",
        "source": "ip-api.com"
      },
      "geometry": {
        "type": "Point",
        "coordinates": [
          -74.006,
          40.7128
        ]
      }
    },
    {
      "type": "Feature",
      "properties": {
        "ip": "142.250.65.238",
        "url": "https://www.youtube.com/api/stats/qoe?fmt=398&afmt=251&cpn=AGNOZsC9swm5vJbe&el=shortspage&ns=yt&fexp=v1%2C23930656%2C55365%2C18623%2C695255%2C14625955%2C11684381%2C53408%2C9105%2C22730%2C2821%2C106030%2C18644%2C14869%2C47210%2C15124%2C65%2C13526%2C391%2C26504%2C9252%2C3479%2C2519%2C10511%2C23206%2C10364%2C4815%2C2%2C19813%2C19660%2C562%2C11784%2C2796%2C2595%2C5656%2C2625%2C1904%2C874%2C10552%2C591%2C6045%2C64%2C4324%2C2313%2C1491%2C1592%2C1479%2C3906%2C1563%2C3888%2C207%2C346%2C7947%2C842%2C4174%2C1995%2C355%2C2585%2C62%2C372%2C723%2C1671%2C1635%2C867%2C1060%2C2039%2C5%2C3485%2C166%2C1414%2C2164%2C332%2C12%2C1029%2C2643%2C938%2C70&cl=787819992&seq=3&docid=0wBfICuWl7M&ei=ZXmJaJ2DKY-Fy_sPypGguAY&event=streamingstats&plid=AAY7G7CgcuBikd8u&sdetail=p%3A%2F&sourceid=y&cbrand=apple&cbr=Chrome&cbrver=138.0.0.0&c=WEB&cver=2.20250728.08.00&cplayer=UNIPLAYER&cos=Macintosh&cosver=10_15_7&cplatform=DESKTOP&bwe=15.581:4263287,15.630:4263287&bat=15.581:0.65:1,15.630:0.65:1&cmt=15.581:0.000,15.622:0.000,15.630:0.021&bh=15.581:15.333,15.630:15.333&vps=15.581:S:ss.104,15.622:PL,15.630:PL&qclc=ChBBR05PWnNDOXN3bTV2SmJlEAMaDENnSUlEQSUzRCUzRA",
        "city": "New York",
        "region": "New York",
        "country": "United States",
        "org": "Google LLC",
        "timezone": "America/New_York",
        "source": "ip-api.com"
      },
      "geometry": {
        "type": "Point",
        "coordinates": [
          -74.006,
          40.7128
        ]
      }
    },
    {
      "type": "Feature",
      "properties": {
        "ip": "142.250.65.238",
        "url": "https://www.youtube.com/api/stats/playback?ns=yt&el=shortspage&cpn=7NyH9ZrQbWG9jb8W&ver=2&cmt=0.087&fmt=398&fs=0&rt=0.331&euri=https%3A%2F%2Fwww.youtube.com%2Fshorts%2F0wBfICuWl7M&lact=12601&cl=787819992&mos=0&volume=62&cbrand=apple&cbr=Chrome&cbrver=138.0.0.0&c=WEB&cver=2.20250728.08.00&cplayer=UNIPLAYER&cos=Macintosh&cosver=10_15_7&cplatform=DESKTOP&delay=4&hl=zh_CN&cr=US&uga=35&len=9.961&fexp=v1%2C23930656%2C55365%2C18623%2C695255%2C14625955%2C11684381%2C53408%2C9105%2C22730%2C2821%2C106030%2C18644%2C14869%2C47210%2C15124%2C65%2C13526%2C391%2C26504%2C9252%2C3479%2C2519%2C10511%2C23206%2C10364%2C4815%2C2%2C19813%2C19660%2C562%2C11784%2C2796%2C2595%2C5656%2C2625%2C1904%2C874%2C10552%2C591%2C6045%2C64%2C4324%2C2313%2C1491%2C1592%2C1479%2C3906%2C1563%2C3888%2C207%2C346%2C7947%2C842%2C4174%2C1995%2C355%2C2585%2C62%2C372%2C723%2C1671%2C1635%2C867%2C1060%2C2039%2C5%2C3485%2C166%2C1414%2C2164%2C332%2C12%2C1029%2C2643%2C938%2C70&rtn=7&afmt=251&muted=0&docid=KSkvJS-q3Hc&ei=l3mJaN2mOteJkucPsOqc4AU&plid=AAY7G7OfUynXgN68&referrer=https%3A%2F%2Fwww.youtube.com%2Fshorts%2FiCuxBMrc8bE&sdetail=p%3A%2Fshorts%2FiCuxBMrc8bE&sourceid=y&of=97jZDX2Abac0F50lAYSCcw&vm=CAEQABgEOjJBSHFpSlRJUEpYOGZtS0o1N1ZJRG5SR2UxV2VLYmk2Z210eW0wS01qeXFBVjl0VTFSQWJfQUZVQTZSVFVGa0dSeUgzVzBYUUEwcmIzSDF4OWxKUXI3b2RiVGk4WklLZklQNDVOZ0Q4TlVBRU1sSXpLV0lxN1hIQ0tIWUlDWmd1czFaOFNrbmczLU5xT25sLUJ1WkE",
        "city": "New York",
        "region": "New York",
        "country": "United States",
        "org": "Google LLC",
        "timezone": "America/New_York",
        "source": "ip-api.com"
      },
      "geometry": {
        "type": "Point",
        "coordinates": [
          -74.006,
          40.7128
        ]
      }
    },
    {
      "type": "Feature",
      "properties": {
        "ip": "142.250.65.238",
        "url": "https://www.youtube.com/api/stats/atr?ns=yt&el=detailpage&cpn=t9G2ABkInr7vg1wk&ver=2&cmt=1.061&fmt=396&fs=0&rt=1.25&euri&lact=1371&cl=787819992&mos=1&volume=100&cbrand=apple&cbr=Chrome&cbrver=138.0.0.0&c=WEB&cver=2.20250728.08.00&cplayer=UNIPLAYER&cos=Macintosh&cosver=10_15_7&cplatform=DESKTOP&autoplay=1&delay=10&hl=zh_CN&cr=US&uga=35&len=15.361&fexp=v1%2C23930656%2C55365%2C18623%2C695255%2C14625955%2C11684381%2C53408%2C9105%2C22730%2C2821%2C106030%2C18644%2C14869%2C47210%2C15124%2C65%2C13526%2C391%2C26504%2C9252%2C3479%2C2519%2C10511%2C23206%2C10364%2C4815%2C2%2C19813%2C19660%2C562%2C11784%2C2796%2C2595%2C5656%2C2625%2C1904%2C874%2C10552%2C591%2C6045%2C64%2C4324%2C2313%2C1491%2C1592%2C1479%2C3906%2C1563%2C3888%2C207%2C346%2C7947%2C842%2C4174%2C1995%2C355%2C2585%2C62%2C372%2C723%2C1671%2C1635%2C867%2C1060%2C2039%2C5%2C3485%2C166%2C1414%2C2164%2C332%2C12%2C1029%2C2643%2C938%2C70&feature=g-high&afmt=251&muted=1&vis=5&au=en-US.4&docid=0wBfICuWl7M&ei=M3mJaMenN-XOoPMPwpXJwQs&plid=AAY7G62pJZy2NqiA&vm=CAEQABgEOjJBSHFpSlRKdzlHYV9pdE54NXlWMVJvNURDdzVGd1pCcUg0ZldUTkViemFReE1WZ3NXZ2JkQUZVQTZSUnNZWDRzbDg4VjlkZ3MxWlNfVlZzbk5mRk1PSkREV0E3Q2NwNVExQm5aeEtYX0RXRnBDRDZ5S0I4VFdBZHJfWC1tamY3cDVMLXpsQ2d1NEdoQTFfdm1LSTRmOUxrcg",
        "city": "New York",
        "region": "New York",
        "country": "United States",
        "org": "Google LLC",
        "timezone": "America/New_York",
        "source": "ip-api.com"
      },
      "geometry": {
        "type": "Point",
        "coordinates": [
          -74.006,
          40.7128
        ]
      }
    },
    {
      "type": "Feature",
      "properties": {
        "ip": "142.250.65.238",
        "url": "https://www.youtube.com/api/stats/qoe?fmt=398&afmt=251&cpn=7NyH9ZrQbWG9jb8W&el=shortspage&ns=yt&fexp=v1%2C23930656%2C55365%2C18623%2C695255%2C14625955%2C11684381%2C53408%2C9105%2C22730%2C2821%2C106030%2C18644%2C14869%2C47210%2C15124%2C65%2C13526%2C391%2C26504%2C9252%2C3479%2C2519%2C10511%2C23206%2C10364%2C4815%2C2%2C19813%2C19660%2C562%2C11784%2C2796%2C2595%2C5656%2C2625%2C1904%2C874%2C10552%2C591%2C6045%2C64%2C4324%2C2313%2C1491%2C1592%2C1479%2C3906%2C1563%2C3888%2C207%2C346%2C7947%2C842%2C4174%2C1995%2C355%2C2585%2C62%2C372%2C723%2C1671%2C1635%2C867%2C1060%2C2039%2C5%2C3485%2C166%2C1414%2C2164%2C332%2C12%2C1029%2C2643%2C938%2C70&cl=787819992&seq=2&docid=KSkvJS-q3Hc&ei=l3mJaN2mOteJkucPsOqc4AU&event=streamingstats&plid=AAY7G7OfUynXgN68&sdetail=p%3A%2Fshorts%2FiCuxBMrc8bE&sourceid=y&cbrand=apple&cbr=Chrome&cbrver=138.0.0.0&c=WEB&cver=2.20250728.08.00&cplayer=UNIPLAYER&cos=Macintosh&cosver=10_15_7&cplatform=DESKTOP&bh=0.200:9.933,3.773:9.933&cmt=0.200:0.016,0.950:0.707,3.773:3.530&vps=0.200:PL,3.773:N&user_intent=0&bwm=3.773:1177169:0.031&bwe=3.773:2010469&bat=3.773:0.66:1&df=3.773:0&qclc=ChA3TnlIOVpyUWJXRzlqYjhXEAIaDENnSUlEQSUzRCUzRA",
        "city": "New York",
        "region": "New York",
        "country": "United States",
        "org": "Google LLC",
        "timezone": "America/New_York",
        "source": "ip-api.com"
      },
      "geometry": {
        "type": "Point",
        "coordinates": [
          -74.006,
          40.7128
        ]
      }
    },
    {
      "type": "Feature",
      "properties": {
        "ip": "142.250.65.238",
        "url": "https://www.youtube.com/api/stats/watchtime?ns=yt&el=detailpage&cpn=QE1U2zoVLx-UKxob&ver=2&cmt=0&fmt=396&fs=0&rt=4.105&euri&lact=22&cl=787819992&state=paused&volume=100&cbrand=apple&cbr=Chrome&cbrver=138.0.0.0&c=WEB&cver=2.20250728.08.00&cplayer=UNIPLAYER&cos=Macintosh&cosver=10_15_7&cplatform=DESKTOP&autoplay=1&final=1&delay=10&hl=zh_CN&cr=US&uga=35&len=891.181&feature=g-high-rec&afmt=251&idpj=-3&ldpj=-24&st=0&et=0&muted=1&vis=5&au=en-US.4&docid=S7dc_DOVwbI&ei=OXmJaJiuF4yGkucPq6OjgQg&plid=AAY7G638VDD-UH3s&referrer=https%3A%2F%2Fwww.youtube.com%2F&sdetail=p%3A%2F&sourceid=y&autonav=1&of=w9TYKSJjyGmNibdjhRe5xg&vm=CAEQARgEOjJBSHFpSlRMYlRHdWgxY2Q2bmtpemRWdmpSdUtMc0dCUFBBVVdmTTM0bXZOY0Rfdzk4Z2JaQUZVQTZSVFZKYzdnN21wQU1GeEZmSExtVnBuZlFDOFRyVE9odk4tYjY3SndSUnZkM2xEbEZrcXE5MVdyekhXbGlMN3pQMXhrMTZNNjJMcWNvR1VHSllYa0Rn",
        "city": "New York",
        "region": "New York",
        "country": "United States",
        "org": "Google LLC",
        "timezone": "America/New_York",
        "source": "ip-api.com"
      },
      "geometry": {
        "type": "Point",
        "coordinates": [
          -74.006,
          40.7128
        ]
      }
    },
    {
      "type": "Feature",
      "properties": {
        "ip": "142.250.65.238",
        "url": "https://www.youtube.com/api/stats/watchtime?ns=yt&el=detailpage&cpn=QE1U2zoVLx-UKxob&ver=2&cmt=0&fmt=396&fs=0&rt=4.104&euri&lact=20&cl=787819992&state=paused&volume=100&cbrand=apple&cbr=Chrome&cbrver=138.0.0.0&c=WEB&cver=2.20250728.08.00&cplayer=UNIPLAYER&cos=Macintosh&cosver=10_15_7&cplatform=DESKTOP&autoplay=1&delay=10&hl=zh_CN&cr=US&uga=35&len=891.181&feature=g-high-rec&afmt=251&idpj=-3&ldpj=-24&rti=8&st=0&et=3.852&muted=1&vis=5&cc=a.en&au=en-US.4&docid=S7dc_DOVwbI&ei=OXmJaJiuF4yGkucPq6OjgQg&plid=AAY7G638VDD-UH3s&referrer=https%3A%2F%2Fwww.youtube.com%2F&sdetail=p%3A%2F&sourceid=y&autonav=1&of=w9TYKSJjyGmNibdjhRe5xg&vm=CAEQARgEOjJBSHFpSlRMYlRHdWgxY2Q2bmtpemRWdmpSdUtMc0dCUFBBVVdmTTM0bXZOY0Rfdzk4Z2JaQUZVQTZSVFZKYzdnN21wQU1GeEZmSExtVnBuZlFDOFRyVE9odk4tYjY3SndSUnZkM2xEbEZrcXE5MVdyekhXbGlMN3pQMXhrMTZNNjJMcWNvR1VHSllYa0Rn",
        "city": "New York",
        "region": "New York",
        "country": "United States",
        "org": "Google LLC",
        "timezone": "America/New_York",
        "source": "ip-api.com"
      },
      "geometry": {
        "type": "Point",
        "coordinates": [
          -74.006,
          40.7128
        ]
      }
    },
    {
      "type": "Feature",
      "properties": {
        "ip": "142.250.65.238",
        "url": "https://www.youtube.com/api/stats/qoe?fmt=396&afmt=251&cpn=qAgIR43Ubc7gaOe3&el=detailpage&ns=yt&fexp=v1%2C23930656%2C55365%2C18623%2C695255%2C14625955%2C11684381%2C53408%2C9105%2C22730%2C2821%2C106030%2C18644%2C14869%2C47210%2C15124%2C65%2C13526%2C391%2C26504%2C9252%2C3479%2C2519%2C10511%2C23206%2C10364%2C4815%2C2%2C19813%2C19660%2C562%2C11784%2C2796%2C2595%2C5656%2C2625%2C1904%2C874%2C10552%2C591%2C6045%2C64%2C4324%2C2313%2C1491%2C1592%2C1479%2C3906%2C1563%2C3888%2C207%2C346%2C7947%2C842%2C4174%2C1995%2C355%2C2585%2C62%2C372%2C723%2C1671%2C1635%2C867%2C1060%2C2039%2C5%2C3485%2C166%2C1414%2C2164%2C332%2C12%2C1029%2C2643%2C938%2C70&cl=787819992&seq=2&docid=0wBfICuWl7M&ei=M3mJaMenN-XOoPMPwpXJwQs&event=streamingstats&feature=g-high&plid=AAY7G62pJZy2NqiA&sdetail=p%3A%2F&sourceid=y&cbrand=apple&cbr=Chrome&cbrver=138.0.0.0&c=WEB&cver=2.20250728.08.00&cplayer=UNIPLAYER&cos=Macintosh&cosver=10_15_7&cplatform=DESKTOP&afs=0.139:251;ChEKBWFjb250EghvcmlnaW5hbAoNCgRsYW5nEgVlbi1VUw::i:CCsoAQ&ctmp=atrkchg:t.139;id.en-US.4;m.0&vfs=0.143:396:396::r:CCsoAQ&view=0.143:232:348:2&vps=0.143:B,0.143:B&bwm=0.143:17312:0.138&bwe=0.143:1670792&bat=0.143:0.65:1&cmt=0.143:0.000&bh=0.143:0.000&qclc=ChBxQWdJUjQzVWJjN2dhT2UzEAI",
        "city": "New York",
        "region": "New York",
        "country": "United States",
        "org": "Google LLC",
        "timezone": "America/New_York",
        "source": "ip-api.com"
      },
      "geometry": {
        "type": "Point",
        "coordinates": [
          -74.006,
          40.7128
        ]
      }
    },
    {
      "type": "Feature",
      "properties": {
        "ip": "142.250.65.238",
        "url": "https://www.youtube.com/api/stats/qoe?fmt=398&afmt=251&cpn=DSExmEv2f6AdoD3Y&el=detailpage&ns=yt&fexp=v1%2C23930656%2C55365%2C18623%2C695255%2C14625955%2C11684381%2C53408%2C9105%2C22730%2C2821%2C106030%2C18644%2C14869%2C47210%2C15124%2C65%2C13526%2C391%2C26504%2C9252%2C3479%2C2519%2C10511%2C23206%2C10364%2C4815%2C2%2C19813%2C19660%2C562%2C11784%2C2796%2C2595%2C5656%2C2625%2C1904%2C874%2C10552%2C591%2C6045%2C64%2C4324%2C2313%2C1491%2C1592%2C1479%2C3906%2C1563%2C3888%2C207%2C346%2C7947%2C842%2C4174%2C1995%2C355%2C2585%2C62%2C372%2C723%2C1671%2C1635%2C867%2C1060%2C2039%2C5%2C3485%2C166%2C1414%2C2164%2C332%2C12%2C1029%2C2643%2C938%2C70&cl=787819992&seq=2&docid=otaSWMeT8w8&ei=sHmJaIG3H9TFkucPjZ3nwAg&event=streamingstats&feature=plpp_video&plid=AAY7G7UWRHlzFxHU&sdetail=p%3A%2Fplaylist&sourceid=y&cbrand=apple&cbr=Chrome&cbrver=138.0.0.0&c=WEB&cver=2.20250728.08.00&cplayer=UNIPLAYER&cos=Macintosh&cosver=10_15_7&cplatform=DESKTOP&ctmp=sabrctxt:t.486;onsbrctxt.5;scp.4;dflt.1,atrkchg:t.5018;id.und;m.0&afs=5.017:251;CggKA2RyYxIBMQ::i:CEAoAQ&vfs=5.018:398:398::r:CEAoAQ&view=5.018:801:451:2&vps=5.018:B,5.018:B&bwm=5.018:888687:0.917&bwe=5.018:1605392&bat=5.018:0.66:1&cmt=5.018:0.000&bh=5.018:0.000&qclc=ChBEU0V4bUV2MmY2QWRvRDNZEAI",
        "city": "New York",
        "region": "New York",
        "country": "United States",
        "org": "Google LLC",
        "timezone": "America/New_York",
        "source": "ip-api.com"
      },
      "geometry": {
        "type": "Point",
        "coordinates": [
          -74.006,
          40.7128
        ]
      }
    },
    {
      "type": "Feature",
      "properties": {
        "ip": "142.250.65.238",
        "url": "https://www.youtube.com/api/timedtext?v=iCuxBMrc8bE&ei=l3mJaPXnFsWVkucP5f2D4AU&caps=asr&opi=112496729&exp=xpe&xoaf=5&xosf=1&xospf=1&hl=zh-CN&ip=0.0.0.0&ipbits=0&expire=1753865223&sparams=ip%2Cipbits%2Cexpire%2Cv%2Cei%2Ccaps%2Copi%2Cexp%2Cxoaf&signature=133B59FADDB7DA51B995807D6265418CF6207C6C.5E1B179BCD3EBDD8CEA8BAD890783902C164A822&key=yt8&kind=asr&lang=en&variant=punctuated&potc=1&pot=MlUGtvZFc5rTowaIkmQ4yTaV_GHn5BNm_oUo1nAdcnI6wvBVT4DemQUDjlg3xyM-eVRrCXWctgHQ4QAa_rJ0c3kN0iqvT7lof3ubYFDwef8SX5OUwAQl&fmt=json3&xorb=2&xobt=3&xovt=3&cbrand=apple&cbr=Chrome&cbrver=138.0.0.0&c=WEB&cver=2.20250728.08.00&cplayer=UNIPLAYER&cos=Macintosh&cosver=10_15_7&cplatform=DESKTOP&tlang=zh-CN",
        "city": "New York",
        "region": "New York",
        "country": "United States",
        "org": "Google LLC",
        "timezone": "America/New_York",
        "source": "ip-api.com"
      },
      "geometry": {
        "type": "Point",
        "coordinates": [
          -74.006,
          40.7128
        ]
      }
    },
    {
      "type": "Feature",
      "properties": {
        "ip": "142.250.65.238",
        "url": "https://www.youtube.com/api/stats/qoe?fmt=396&afmt=251&cpn=5m7xa9A0xZ9cQu-J&el=detailpage&ns=yt&fexp=v1%2C23930656%2C55365%2C18623%2C695255%2C14625955%2C11684381%2C53408%2C9105%2C22730%2C2821%2C106030%2C18644%2C14869%2C47210%2C15124%2C65%2C13526%2C391%2C26504%2C9252%2C3479%2C2519%2C10511%2C23206%2C10364%2C4815%2C2%2C19813%2C19660%2C562%2C11784%2C2796%2C2595%2C5656%2C2625%2C1904%2C874%2C10552%2C591%2C6045%2C64%2C4324%2C2313%2C1491%2C1592%2C1479%2C3906%2C1563%2C3888%2C207%2C346%2C7947%2C842%2C4174%2C1995%2C355%2C2585%2C62%2C372%2C723%2C1671%2C1635%2C867%2C1060%2C2039%2C5%2C3485%2C166%2C1414%2C2164%2C332%2C12%2C1029%2C2643%2C938%2C70&cl=787819992&seq=3&docid=4Ds2VCOKMSE&ei=MnmJaMjME7CAy_sP7fqniQc&event=streamingstats&feature=g-high&plid=AAY7G62QmbFH7Dbe&sdetail=p%3A%2F&sourceid=y&cbrand=apple&cbr=Chrome&cbrver=138.0.0.0&c=WEB&cver=2.20250728.08.00&cplayer=UNIPLAYER&cos=Macintosh&cosver=10_15_7&cplatform=DESKTOP&afs=0.136:251;CggKA2RyYxIBMQ::i:CA8oAQ&ctmp=atrkchg:t.137;id.und;m.0,startSeconds:t.148;ss.3&user_intent=0&bh=0.159:6.133,0.357:0.000&cmt=0.159:3.000,0.354:3.000,0.357:3.000,0.357:3.000&vps=0.159:PL,0.354:N,0.357:SU,0.357:SU&bwm=0.357:947036:0.059&bat=0.357:0.64:1&qclc=ChA1bTd4YTlBMHhaOWNRdS1KEAM",
        "city": "New York",
        "region": "New York",
        "country": "United States",
        "org": "Google LLC",
        "timezone": "America/New_York",
        "source": "ip-api.com"
      },
      "geometry": {
        "type": "Point",
        "coordinates": [
          -74.006,
          40.7128
        ]
      }
    },
    {
      "type": "Feature",
      "properties": {
        "ip": "142.250.65.238",
        "url": "https://www.youtube.com/api/stats/qoe?cpn=5m7xa9A0xZ9cQu-J&el=detailpage&ns=yt&fexp=v1%2C23930656%2C55365%2C18623%2C695255%2C14625955%2C11684381%2C53408%2C9105%2C22730%2C2821%2C106030%2C18644%2C14869%2C47210%2C15124%2C65%2C13526%2C391%2C26504%2C9252%2C3479%2C2519%2C10511%2C23206%2C10364%2C4815%2C2%2C19813%2C19660%2C562%2C11784%2C2796%2C2595%2C5656%2C2625%2C1904%2C874%2C10552%2C591%2C6045%2C64%2C4324%2C2313%2C1491%2C1592%2C1479%2C3906%2C1563%2C3888%2C207%2C346%2C7947%2C842%2C4174%2C1995%2C355%2C2585%2C62%2C372%2C723%2C1671%2C1635%2C867%2C1060%2C2039%2C5%2C3485%2C166%2C1414%2C2164%2C332%2C12%2C1029%2C2643%2C938%2C70&cl=787819992&seq=1&docid=4Ds2VCOKMSE&ei=MnmJaMjME7CAy_sP7fqniQc&event=streamingstats&feature=g-high&plid=AAY7G62QmbFH7Dbe&sdetail=p%3A%2F&sourceid=y&cbrand=apple&cbr=Chrome&cbrver=138.0.0.0&c=WEB&cver=2.20250728.08.00&cplayer=UNIPLAYER&cos=Macintosh&cosver=10_15_7&cplatform=DESKTOP&vps=0.000:N,0.004:B,0.005:S:ss.15,0.018:S&cat=streaming,sabr&ctmp=esfw:usbc.1;hsu.1&cmt=0.004:3.000,0.005:3.000,0.018:3.000&bwe=0.018:3061217&bat=0.018:0.64:1&vis=0.018:5&bh=0.018:0.000&qclc=ChA1bTd4YTlBMHhaOWNRdS1KEAE",
        "city": "New York",
        "region": "New York",
        "country": "United States",
        "org": "Google LLC",
        "timezone": "America/New_York",
        "source": "ip-api.com"
      },
      "geometry": {
        "type": "Point",
        "coordinates": [
          -74.006,
          40.7128
        ]
      }
    },
    {
      "type": "Feature",
      "properties": {
        "ip": "142.250.65.238",
        "url": "https://www.youtube.com/ptracking?html5=1&video_id=THY_UFpbZJY&cpn=WKXIDGw7-PaALgiY&ei=XHmJaOC_E4aqoPMPtLv9oAE&ptk=youtube_single&oid=Ldpri8Fy3PP4k3IPCKGG4g&ptchn=fCZgpB-8mHgYnfEL3wcHUg&pltype=content&m=A8LCuDwywY1Z1X_000lJ4LIrfwapmL9Q6zWeVVZM6Oy6qix0wFkx8yJy7xVIqJ-ZiP8QeIMFh5qjCNg2bpCsUmFF",
        "city": "New York",
        "region": "New York",
        "country": "United States",
        "org": "Google LLC",
        "timezone": "America/New_York",
        "source": "ip-api.com"
      },
      "geometry": {
        "type": "Point",
        "coordinates": [
          -74.006,
          40.7128
        ]
      }
    },
    {
      "type": "Feature",
      "properties": {
        "ip": "142.250.65.238",
        "url": "https://www.youtube.com/api/stats/playback?ns=yt&el=detailpage&cpn=HySq6ttCi_EcCGfQ&ver=2&cmt=0.058&fmt=396&fs=0&rt=0.253&euri&lact=366&cl=787819992&mos=1&volume=100&cbrand=apple&cbr=Chrome&cbrver=138.0.0.0&c=WEB&cver=2.20250728.08.00&cplayer=UNIPLAYER&cos=Macintosh&cosver=10_15_7&cplatform=DESKTOP&autoplay=1&delay=10&hl=zh_CN&cr=US&uga=35&len=769.461&fexp=v1%2C23930656%2C55365%2C18623%2C695255%2C14625955%2C11684381%2C53408%2C9105%2C22730%2C2821%2C106030%2C18644%2C14869%2C47210%2C15124%2C65%2C13526%2C391%2C26504%2C9252%2C3479%2C2519%2C10511%2C23206%2C10364%2C4815%2C2%2C19813%2C19660%2C562%2C11784%2C2796%2C2595%2C5656%2C2625%2C1904%2C874%2C10552%2C591%2C6045%2C64%2C4324%2C2313%2C1491%2C1592%2C1479%2C3906%2C1563%2C3888%2C207%2C346%2C7947%2C842%2C4174%2C1995%2C355%2C2585%2C62%2C372%2C723%2C1671%2C1635%2C867%2C1060%2C2039%2C5%2C3485%2C166%2C1414%2C2164%2C332%2C12%2C1029%2C2643%2C938%2C70&rtn=7&feature=g-high-rec&afmt=251&muted=1&vis=5&docid=otaSWMeT8w8&ei=WHmJaPrVKoXQoPMP5PzR2QE&plid=AAY7G6_aJIMIiBEd&referrer=https%3A%2F%2Fwww.youtube.com%2F&sdetail=p%3A%2F&sourceid=y&autonav=1&of=oj8EnlXIBxXMJpgvzezpwA&vm=CAQQARgCOjJBSHFpSlRLbUluZUlFbXFMcWE1bHVLZXE4OTRJSDVNZmxjb0lGX2dnQ2FYUk1IWkhaZ2JcQUZVQTZSVEJtSzNnVTNQTENZYlN0Ymp0am1ESEYtNmZnX2tkRDFnMlFYYzV6Wmo0ck8wVkdjQlZCbGhJTE5SX0lNcUdRYnZsRXV5YUNwVjZzWkpCUUJyUGdZWng",
        "city": "New York",
        "region": "New York",
        "country": "United States",
        "org": "Google LLC",
        "timezone": "America/New_York",
        "source": "ip-api.com"
      },
      "geometry": {
        "type": "Point",
        "coordinates": [
          -74.006,
          40.7128
        ]
      }
    },
    {
      "type": "Feature",
      "properties": {
        "ip": "142.250.65.238",
        "url": "https://www.youtube.com/api/stats/qoe?fmt=398&afmt=251&cpn=AGNOZsC9swm5vJbe&el=shortspage&ns=yt&fexp=v1%2C23930656%2C55365%2C18623%2C695255%2C14625955%2C11684381%2C53408%2C9105%2C22730%2C2821%2C106030%2C18644%2C14869%2C47210%2C15124%2C65%2C13526%2C391%2C26504%2C9252%2C3479%2C2519%2C10511%2C23206%2C10364%2C4815%2C2%2C19813%2C19660%2C562%2C11784%2C2796%2C2595%2C5656%2C2625%2C1904%2C874%2C10552%2C591%2C6045%2C64%2C4324%2C2313%2C1491%2C1592%2C1479%2C3906%2C1563%2C3888%2C207%2C346%2C7947%2C842%2C4174%2C1995%2C355%2C2585%2C62%2C372%2C723%2C1671%2C1635%2C867%2C1060%2C2039%2C5%2C3485%2C166%2C1414%2C2164%2C332%2C12%2C1029%2C2643%2C938%2C70&cl=787819992&seq=2&docid=0wBfICuWl7M&ei=ZXmJaJ2DKY-Fy_sPypGguAY&event=streamingstats&plid=AAY7G7CgcuBikd8u&sdetail=p%3A%2F&sourceid=y&cbrand=apple&cbr=Chrome&cbrver=138.0.0.0&c=WEB&cver=2.20250728.08.00&cplayer=UNIPLAYER&cos=Macintosh&cosver=10_15_7&cplatform=DESKTOP&user_intent=0&cfs=0.188:a.en:::s,1.111:::a.en:m,1.359:a.en:::m&bh=0.265:15.333,10.005:15.333&cmt=0.265:0.030,1.015:0.780,10.005:9.770&vps=0.265:PL,10.005:PL&cfi=1.212:a.en:m&bwe=10.005:4263287&bat=10.005:0.65:1&df=10.005:0&qclc=ChBBR05PWnNDOXN3bTV2SmJlEAIaDENnSUlEQSUzRCUzRA",
        "city": "New York",
        "region": "New York",
        "country": "United States",
        "org": "Google LLC",
        "timezone": "America/New_York",
        "source": "ip-api.com"
      },
      "geometry": {
        "type": "Point",
        "coordinates": [
          -74.006,
          40.7128
        ]
      }
    },
    {
      "type": "Feature",
      "properties": {
        "ip": "142.250.65.238",
        "url": "https://www.youtube.com/api/stats/watchtime?ns=yt&el=shortspage&cpn=lcwWPFW-CS-Maf10&ver=2&cmt=0&fmt=398&fs=0&rt=0.822&euri=https%3A%2F%2Fwww.youtube.com%2Fshorts%2F0wBfICuWl7M&lact=7033&cl=787819992&state=paused&volume=62&cbrand=apple&cbr=Chrome&cbrver=138.0.0.0&c=WEB&cver=2.20250728.08.00&cplayer=UNIPLAYER&cos=Macintosh&cosver=10_15_7&cplatform=DESKTOP&final=1&delay=4&hl=zh_CN&cr=US&uga=35&len=18.681&afmt=251&idpj=-4&ldpj=-8&st=0&et=0&muted=0&docid=vUSL2Y9Inus&ei=kXmJaJa7MbKBkucP7rHFoAs&plid=AAY7G7NBjkEdDAlu&referrer=https%3A%2F%2Fwww.youtube.com%2Fshorts%2F9RMilKQNsho&sdetail=p%3A%2Fshorts%2F9RMilKQNsho&sourceid=y&of=OCtd3NtuMrhukisUTlBY4g&vm=CAEQABgEOjJBSHFpSlRMLVRoOF9HYTRZTUhJb2twMGx3SE5UVlllMVJibmdHOXlPcjZjR2ZJTWFOUWJfQUZVQTZSVFhvbEkyUHh2a2NRQnpTalVhV3VkenkxTndBMDh1WDRPNGlRQXgtRV9nRHB0Vk1uXzBTSFJYVVlGY3VXREwyQXhwMkhhY2RyZkZRQV9GS3ZRUVQybGp3WFk",
        "city": "New York",
        "region": "New York",
        "country": "United States",
        "org": "Google LLC",
        "timezone": "America/New_York",
        "source": "ip-api.com"
      },
      "geometry": {
        "type": "Point",
        "coordinates": [
          -74.006,
          40.7128
        ]
      }
    },
    {
      "type": "Feature",
      "properties": {
        "ip": "142.250.65.238",
        "url": "https://www.youtube.com/api/stats/playback?ns=yt&el=shortspage&cpn=AGNOZsC9swm5vJbe&ver=2&cmt=0.03&fmt=398&fs=0&rt=0.266&euri=https%3A%2F%2Fwww.youtube.com%2Fshorts%2F0wBfICuWl7M&lact=505&cl=787819992&mos=0&volume=62&cbrand=apple&cbr=Chrome&cbrver=138.0.0.0&c=WEB&cver=2.20250728.08.00&cplayer=UNIPLAYER&cos=Macintosh&cosver=10_15_7&cplatform=DESKTOP&hl=zh_CN&cr=US&uga=35&len=15.361&fexp=v1%2C23930656%2C55365%2C18623%2C695255%2C14625955%2C11684381%2C53408%2C9105%2C22730%2C2821%2C106030%2C18644%2C14869%2C47210%2C15124%2C65%2C13526%2C391%2C26504%2C9252%2C3479%2C2519%2C10511%2C23206%2C10364%2C4815%2C2%2C19813%2C19660%2C562%2C11784%2C2796%2C2595%2C5656%2C2625%2C1904%2C874%2C10552%2C591%2C6045%2C64%2C4324%2C2313%2C1491%2C1592%2C1479%2C3906%2C1563%2C3888%2C207%2C346%2C7947%2C842%2C4174%2C1995%2C355%2C2585%2C62%2C372%2C723%2C1671%2C1635%2C867%2C1060%2C2039%2C5%2C3485%2C166%2C1414%2C2164%2C332%2C12%2C1029%2C2643%2C938%2C70&rtn=9&afmt=251&muted=0&cc=a.en&au_d=en-US.4&docid=0wBfICuWl7M&ei=ZXmJaJ2DKY-Fy_sPypGguAY&plid=AAY7G7CgcuBikd8u&referrer=https%3A%2F%2Fwww.youtube.com%2F&sdetail=p%3A%2F&sourceid=y&of=raQYPSIGQC6NHabIWN64uQ&vm=CAEQABgEOjJBSHFpSlRMVkdJZ1ctUDRMXzE2QnRITDZOVDNxVldjRDZqb2xVMHZydmQ3XzFGbjRTQWJkQUZVQTZSUTlla1ZPTmN0cFVEeXBOOFRGTEtQU1UxbjM3N09tcFhuR25sU3hkNFBvaTdrT29tRUx1ZEo1elJ2d3U1QUVQRkhHY2MtaEtHRXNZLS0tbkJ2WW91RmtkTFBlVU1WUw",
        "city": "New York",
        "region": "New York",
        "country": "United States",
        "org": "Google LLC",
        "timezone": "America/New_York",
        "source": "ip-api.com"
      },
      "geometry": {
        "type": "Point",
        "coordinates": [
          -74.006,
          40.7128
        ]
      }
    },
    {
      "type": "Feature",
      "properties": {
        "ip": "142.250.65.238",
        "url": "https://www.youtube.com/api/stats/qoe?fmt=396&afmt=251&cpn=QE1U2zoVLx-UKxob&el=detailpage&ns=yt&fexp=v1%2C23930656%2C55365%2C18623%2C695255%2C14625955%2C11684381%2C53408%2C9105%2C22730%2C2821%2C106030%2C18644%2C14869%2C47210%2C15124%2C65%2C13526%2C391%2C26504%2C9252%2C3479%2C2519%2C10511%2C23206%2C10364%2C4815%2C2%2C19813%2C19660%2C562%2C11784%2C2796%2C2595%2C5656%2C2625%2C1904%2C874%2C10552%2C591%2C6045%2C64%2C4324%2C2313%2C1491%2C1592%2C1479%2C3906%2C1563%2C3888%2C207%2C346%2C7947%2C842%2C4174%2C1995%2C355%2C2585%2C62%2C372%2C723%2C1671%2C1635%2C867%2C1060%2C2039%2C5%2C3485%2C166%2C1414%2C2164%2C332%2C12%2C1029%2C2643%2C938%2C70&cl=787819992&seq=2&docid=S7dc_DOVwbI&ei=OXmJaJiuF4yGkucPq6OjgQg&event=streamingstats&feature=g-high-rec&plid=AAY7G638VDD-UH3s&sdetail=p%3A%2F&sourceid=y&cbrand=apple&cbr=Chrome&cbrver=138.0.0.0&c=WEB&cver=2.20250728.08.00&cplayer=UNIPLAYER&cos=Macintosh&cosver=10_15_7&cplatform=DESKTOP&afs=0.097:251;ChEKBWFjb250EghvcmlnaW5hbAoNCgRsYW5nEgVlbi1VUw::i:CAkoAQ&ctmp=atrkchg:t.99;id.en-US.4;m.0&vfs=0.099:396:396::r:CAkoAQ&view=0.099:357:201:2&vps=0.099:B,0.099:B&bwm=0.099:5340:0.096&bwe=0.099:2496736&bat=0.099:0.64:1&cmt=0.099:0.000&bh=0.099:0.000&qclc=ChBRRTFVMnpvVkx4LVVLeG9iEAI",
        "city": "New York",
        "region": "New York",
        "country": "United States",
        "org": "Google LLC",
        "timezone": "America/New_York",
        "source": "ip-api.com"
      },
      "geometry": {
        "type": "Point",
        "coordinates": [
          -74.006,
          40.7128
        ]
      }
    },
    {
      "type": "Feature",
      "properties": {
        "ip": "142.250.65.238",
        "url": "https://www.youtube.com/api/timedtext?v=WkysaIBxwPc&ei=jnmJaOfHEIO4kucPpYXn6Qs&caps=asr&opi=112496729&exp=xpe&xoaf=5&xosf=1&hl=zh-CN&ip=0.0.0.0&ipbits=0&expire=1753865214&sparams=ip%2Cipbits%2Cexpire%2Cv%2Cei%2Ccaps%2Copi%2Cexp%2Cxoaf&signature=AA881EFD5C887E201FF806051CFF579C02722CA1.BA8B8B62E45CB1BDBAEB7C93192886DD19C53BD1&key=yt8&kind=asr&lang=en&potc=1&pot=MlVqeh9ft-5rwWpEe378vY73kK0O_tcSRudEGpkHtgaCoJyZppoa7b1h4pTe3edKwTYHxZyGcnVog2zWF6iwB8FvvuZGVX0cxxmMkWCq4K6ohNpxf_cy&fmt=json3&xorb=2&xobt=3&xovt=3&cbrand=apple&cbr=Chrome&cbrver=138.0.0.0&c=WEB&cver=2.20250728.08.00&cplayer=UNIPLAYER&cos=Macintosh&cosver=10_15_7&cplatform=DESKTOP",
        "city": "New York",
        "region": "New York",
        "country": "United States",
        "org": "Google LLC",
        "timezone": "America/New_York",
        "source": "ip-api.com"
      },
      "geometry": {
        "type": "Point",
        "coordinates": [
          -74.006,
          40.7128
        ]
      }
    },
    {
      "type": "Feature",
      "properties": {
        "ip": "142.250.65.238",
        "url": "https://www.youtube.com/api/stats/qoe?fmt=396&afmt=251&cpn=WKXIDGw7-PaALgiY&el=detailpage&ns=yt&fexp=v1%2C23930656%2C55365%2C18623%2C695255%2C14625955%2C11684381%2C53408%2C9105%2C22730%2C2821%2C106030%2C18644%2C14869%2C47210%2C15124%2C65%2C13526%2C391%2C26504%2C9252%2C3479%2C2519%2C10511%2C23206%2C10364%2C4815%2C2%2C19813%2C19660%2C562%2C11784%2C2796%2C2595%2C5656%2C2625%2C1904%2C874%2C10552%2C591%2C6045%2C64%2C4324%2C2313%2C1491%2C1592%2C1479%2C3906%2C1563%2C3888%2C207%2C346%2C7947%2C842%2C4174%2C1995%2C355%2C2585%2C62%2C372%2C723%2C1671%2C1635%2C867%2C1060%2C2039%2C5%2C3485%2C166%2C1414%2C2164%2C332%2C12%2C1029%2C2643%2C938%2C70&cl=787819992&seq=2&docid=THY_UFpbZJY&ei=XHmJaOC_E4aqoPMPtLv9oAE&event=streamingstats&feature=g-high-rec&plid=AAY7G7ARWAMs7BST&sdetail=p%3A%2F&sourceid=y&cbrand=apple&cbr=Chrome&cbrver=138.0.0.0&c=WEB&cver=2.20250728.08.00&cplayer=UNIPLAYER&cos=Macintosh&cosver=10_15_7&cplatform=DESKTOP&afs=0.065:251;CggKA2RyYxIBMQ::i:CCgoAQ&ctmp=atrkchg:t.66;id.und;m.0&vfs=0.066:396:396::r:CCgoAQ&view=0.066:357:201:2&vps=0.066:B,0.066:B&bwm=0.066:20698:0.064&bwe=0.066:2327396&bat=0.066:0.65:1&cmt=0.066:0.000&bh=0.066:0.000&qclc=ChBXS1hJREd3Ny1QYUFMZ2lZEAI",
        "city": "New York",
        "region": "New York",
        "country": "United States",
        "org": "Google LLC",
        "timezone": "America/New_York",
        "source": "ip-api.com"
      },
      "geometry": {
        "type": "Point",
        "coordinates": [
          -74.006,
          40.7128
        ]
      }
    },
    {
      "type": "Feature",
      "properties": {
        "ip": "142.250.65.238",
        "url": "https://www.youtube.com/api/stats/watchtime?ns=yt&el=detailpage&cpn=Mb-B6HKdw_6CJYKJ&ver=2&cmt=0&fmt=396&fs=0&rt=4.276&euri&lact=40&cl=787819992&state=paused&volume=100&subscribed=1&cbrand=apple&cbr=Chrome&cbrver=138.0.0.0&c=WEB&cver=2.20250728.08.00&cplayer=UNIPLAYER&cos=Macintosh&cosver=10_15_7&cplatform=DESKTOP&autoplay=1&delay=10&hl=zh_CN&cr=US&uga=35&len=46.501&feature=g-high&afmt=251&idpj=-5&ldpj=-17&rti=6&st=0&et=4.059&muted=1&vis=5&docid=Qvh2DovBi64&ei=M3mJaNGCCqiGoPMPq9WVyAM&plid=AAY7G62dZ2Pv6MDr&referrer=https%3A%2F%2Fwww.youtube.com%2F&sdetail=p%3A%2F&sourceid=y&autonav=1&of=ShPYt4YTIxEtCFnju4SHvQ&vm=CAEQARgEOjJBSHFpSlRJUVdUMGhlTVl2Sk1TWTRCdTZDVEF4aTJhYXhFYkpLN3dqclZZTUc4c0JlZ2JfQUZVQTZSVDFqMDQ5bDFPRWs1UTJ1b0x3SF9aRXNnN0E4V0xiZXBYWF8yQ18tLXlnUkNaRkk0b1hSZkIzbjBRejJ2elVlN0xWdkJUS3p6VHdjNmlVaDZPejZIUUg1MTQ",
        "city": "New York",
        "region": "New York",
        "country": "United States",
        "org": "Google LLC",
        "timezone": "America/New_York",
        "source": "ip-api.com"
      },
      "geometry": {
        "type": "Point",
        "coordinates": [
          -74.006,
          40.7128
        ]
      }
    },
    {
      "type": "Feature",
      "properties": {
        "ip": "142.250.65.238",
        "url": "https://www.youtube.com/api/stats/qoe?fmt=396&afmt=251&cpn=xEsbkdjZZTiLpSq-&el=detailpage&ns=yt&fexp=v1%2C23930656%2C55365%2C18623%2C695255%2C14625955%2C11684381%2C53408%2C9105%2C22730%2C2821%2C106030%2C18644%2C14869%2C47210%2C15124%2C65%2C13526%2C391%2C26504%2C9252%2C3479%2C2519%2C10511%2C23206%2C10364%2C4815%2C2%2C19813%2C19660%2C562%2C11784%2C2796%2C2595%2C5656%2C2625%2C1904%2C874%2C10552%2C591%2C6045%2C64%2C4324%2C2313%2C1491%2C1592%2C1479%2C3906%2C1563%2C3888%2C207%2C346%2C7947%2C842%2C4174%2C1995%2C355%2C2585%2C62%2C372%2C723%2C1671%2C1635%2C867%2C1060%2C2039%2C5%2C3485%2C166%2C1414%2C2164%2C332%2C12%2C1029%2C2643%2C938%2C70&cl=787819992&seq=2&docid=eut5Q5lUxic&ei=UXmJaMKcBvDQoPMPq47I6A0&event=streamingstats&feature=g-high-rec&plid=AAY7G69mRkR5pgPl&sdetail=p%3A%2F&sourceid=y&cbrand=apple&cbr=Chrome&cbrver=138.0.0.0&c=WEB&cver=2.20250728.08.00&cplayer=UNIPLAYER&cos=Macintosh&cosver=10_15_7&cplatform=DESKTOP&cfs=0.092:a.en:::s,0.164:.en-GB::a.en:s&bh=0.095:6.167,2.191:0.000&cmt=0.095:0.007,0.846:0.714,2.189:0.000,2.191:0.000,2.191:0.000&vps=0.095:PL,2.189:N,2.191:SU,2.191:SU&user_intent=0&bwm=2.191:762131:0.034&bat=2.191:0.65:1&qclc=ChB4RXNia2RqWlpUaUxwU3EtEAI",
        "city": "New York",
        "region": "New York",
        "country": "United States",
        "org": "Google LLC",
        "timezone": "America/New_York",
        "source": "ip-api.com"
      },
      "geometry": {
        "type": "Point",
        "coordinates": [
          -74.006,
          40.7128
        ]
      }
    },
    {
      "type": "Feature",
      "properties": {
        "ip": "142.250.65.238",
        "url": "https://www.youtube.com/api/stats/qoe?fmt=396&afmt=251&cpn=aUHYyMWyQ-evkcR2&el=detailpage&ns=yt&fexp=v1%2C23930656%2C55365%2C18623%2C695255%2C14625955%2C11684381%2C53408%2C9105%2C22730%2C2821%2C106030%2C18644%2C14869%2C47210%2C15124%2C65%2C13526%2C391%2C26504%2C9252%2C3479%2C2519%2C10511%2C23206%2C10364%2C4815%2C2%2C19813%2C19660%2C562%2C11784%2C2796%2C2595%2C5656%2C2625%2C1904%2C874%2C10552%2C591%2C6045%2C64%2C4324%2C2313%2C1491%2C1592%2C1479%2C3906%2C1563%2C3888%2C207%2C346%2C7947%2C842%2C4174%2C1995%2C355%2C2585%2C62%2C372%2C723%2C1671%2C1635%2C867%2C1060%2C2039%2C5%2C3485%2C166%2C1414%2C2164%2C332%2C12%2C1029%2C2643%2C938%2C70&cl=787819992&seq=2&docid=THY_UFpbZJY&ei=XHmJaOC_E4aqoPMPtLv9oAE&event=streamingstats&feature=g-high-rec&plid=AAY7G7ARWAMs7BST&sdetail=p%3A%2F&sourceid=y&cbrand=apple&cbr=Chrome&cbrver=138.0.0.0&c=WEB&cver=2.20250728.08.00&cplayer=UNIPLAYER&cos=Macintosh&cosver=10_15_7&cplatform=DESKTOP&afs=0.129:251;CggKA2RyYxIBMQ::i:CCMoAQ&ctmp=atrkchg:t.130;id.und;m.0&vfs=0.136:396:396::r:CCMoAQ&view=0.136:357:201:2&vps=0.136:B,0.136:B&bwm=0.136:1854:0.128&bwe=0.136:1930091&bat=0.136:0.65:1&cmt=0.136:0.000&bh=0.136:0.000&qclc=ChBhVUhZeU1XeVEtZXZrY1IyEAI",
        "city": "New York",
        "region": "New York",
        "country": "United States",
        "org": "Google LLC",
        "timezone": "America/New_York",
        "source": "ip-api.com"
      },
      "geometry": {
        "type": "Point",
        "coordinates": [
          -74.006,
          40.7128
        ]
      }
    },
    {
      "type": "Feature",
      "properties": {
        "ip": "142.250.65.238",
        "url": "https://www.youtube.com/api/stats/watchtime?ns=yt&el=detailpage&cpn=DSExmEv2f6AdoD3Y&ver=2&cmt=167.561&fmt=398&fs=1&rt=173.001&euri&lact=36774&cl=787819992&state=playing&volume=62&cbrand=apple&cbr=Chrome&cbrver=138.0.0.0&c=WEB&cver=2.20250728.08.00&cplayer=UNIPLAYER&cos=Macintosh&cosver=10_15_7&cplatform=DESKTOP&hl=zh_CN&cr=US&uga=35&len=769.461&rtn=213&feature=plpp_video&afmt=251&idpj=-3&ldpj=-23&rti=173&st=127.56&et=167.561&muted=0&vis=2&docid=otaSWMeT8w8&ei=sHmJaIG3H9TFkucPjZ3nwAg&plid=AAY7G7UWRHlzFxHU&referrer=https%3A%2F%2Fwww.youtube.com%2Fplaylist%3Flist%3DWL&sdetail=p%3A%2Fplaylist&sourceid=y&list=WL&of=oj8EnlXIBxXMJpgvzezpwA&vm=CAQQARgCOjJBSHFpSlRKTWxsOEZtRjd1eGQxNllrWjU5ZmdONUtwUklJVWEtZXZDaGdRRzlUU0QxQWJfQUZVQTZSUl9XdWs3bDkwcFp6Q3hnNExuRFlyUFVkMnFkVWxJVEVLVGtIMUFLbVZmUjNzUXRYanNiYndPOGZVSGQwTUJaYmY1YnlvMTdjQWpNRWdwSkRCX3M3X0lLMGM",
        "city": "New York",
        "region": "New York",
        "country": "United States",
        "org": "Google LLC",
        "timezone": "America/New_York",
        "source": "ip-api.com"
      },
      "geometry": {
        "type": "Point",
        "coordinates": [
          -74.006,
          40.7128
        ]
      }
    },
    {
      "type": "Feature",
      "properties": {
        "ip": "142.250.65.238",
        "url": "https://www.youtube.com/ptracking?html5=1&video_id=eut5Q5lUxic&cpn=pxmDWfwVd4IUuMfd&ei=UXmJaMKcBvDQoPMPq47I6A0&ptk=youtube_single&oid=19r0swy-JYyR_en6_ymYgA&ptchn=6n8I1UDTKP1IWjQMg6_TwA&pltype=content&m=A9w0KwjaLtWtOzfa-bUoPaFVjAU8B6ThQb-2TfJ7XfKrEZqyWO1CKHFGXP9UA2zG47A2IJFWzJDg_FoSg6nrPWLq",
        "city": "New York",
        "region": "New York",
        "country": "United States",
        "org": "Google LLC",
        "timezone": "America/New_York",
        "source": "ip-api.com"
      },
      "geometry": {
        "type": "Point",
        "coordinates": [
          -74.006,
          40.7128
        ]
      }
    },
    {
      "type": "Feature",
      "properties": {
        "ip": "142.250.65.238",
        "url": "https://www.youtube.com/api/stats/watchtime?ns=yt&el=detailpage&cpn=t9G2ABkInr7vg1wk&ver=2&cmt=0&fmt=396&fs=0&rt=2.43&euri&lact=2550&cl=787819992&state=paused&volume=100&cbrand=apple&cbr=Chrome&cbrver=138.0.0.0&c=WEB&cver=2.20250728.08.00&cplayer=UNIPLAYER&cos=Macintosh&cosver=10_15_7&cplatform=DESKTOP&autoplay=1&delay=10&hl=zh_CN&cr=US&uga=35&len=15.361&feature=g-high&afmt=251&idpj=-7&ldpj=-1&rti=4&st=0&et=2.159&muted=1&vis=5&au=en-US.4&docid=0wBfICuWl7M&ei=M3mJaMenN-XOoPMPwpXJwQs&plid=AAY7G62pJZy2NqiA&referrer=https%3A%2F%2Fwww.youtube.com%2F&sdetail=p%3A%2F&sourceid=y&autonav=1&of=raQYPSIGQC6NHabIWN64uQ&vm=CAEQABgEOjJBSHFpSlRKdzlHYV9pdE54NXlWMVJvNURDdzVGd1pCcUg0ZldUTkViemFReE1WZ3NXZ2JkQUZVQTZSUnNZWDRzbDg4VjlkZ3MxWlNfVlZzbk5mRk1PSkREV0E3Q2NwNVExQm5aeEtYX0RXRnBDRDZ5S0I4VFdBZHJfWC1tamY3cDVMLXpsQ2d1NEdoQTFfdm1LSTRmOUxrcg",
        "city": "New York",
        "region": "New York",
        "country": "United States",
        "org": "Google LLC",
        "timezone": "America/New_York",
        "source": "ip-api.com"
      },
      "geometry": {
        "type": "Point",
        "coordinates": [
          -74.006,
          40.7128
        ]
      }
    },
    {
      "type": "Feature",
      "properties": {
        "ip": "142.250.65.238",
        "url": "https://www.youtube.com/api/stats/qoe?fmt=396&afmt=251&cpn=t9G2ABkInr7vg1wk&el=detailpage&ns=yt&fexp=v1%2C23930656%2C55365%2C18623%2C695255%2C14625955%2C11684381%2C53408%2C9105%2C22730%2C2821%2C106030%2C18644%2C14869%2C47210%2C15124%2C65%2C13526%2C391%2C26504%2C9252%2C3479%2C2519%2C10511%2C23206%2C10364%2C4815%2C2%2C19813%2C19660%2C562%2C11784%2C2796%2C2595%2C5656%2C2625%2C1904%2C874%2C10552%2C591%2C6045%2C64%2C4324%2C2313%2C1491%2C1592%2C1479%2C3906%2C1563%2C3888%2C207%2C346%2C7947%2C842%2C4174%2C1995%2C355%2C2585%2C62%2C372%2C723%2C1671%2C1635%2C867%2C1060%2C2039%2C5%2C3485%2C166%2C1414%2C2164%2C332%2C12%2C1029%2C2643%2C938%2C70&cl=787819992&seq=2&docid=0wBfICuWl7M&ei=M3mJaMenN-XOoPMPwpXJwQs&event=streamingstats&feature=g-high&plid=AAY7G62pJZy2NqiA&sdetail=p%3A%2F&sourceid=y&cbrand=apple&cbr=Chrome&cbrver=138.0.0.0&c=WEB&cver=2.20250728.08.00&cplayer=UNIPLAYER&cos=Macintosh&cosver=10_15_7&cplatform=DESKTOP&bh=0.148:15.333,2.431:0.000&cmt=0.148:0.003,0.900:0.711,2.428:0.000,2.431:0.000,2.431:0.000&vps=0.148:PL,2.428:N,2.431:SU,2.431:SU&user_intent=0&bwm=2.431:464123:0.021&bat=2.431:0.64:1&qclc=ChB0OUcyQUJrSW5yN3ZnMXdrEAI",
        "city": "New York",
        "region": "New York",
        "country": "United States",
        "org": "Google LLC",
        "timezone": "America/New_York",
        "source": "ip-api.com"
      },
      "geometry": {
        "type": "Point",
        "coordinates": [
          -74.006,
          40.7128
        ]
      }
    },
    {
      "type": "Feature",
      "properties": {
        "ip": "142.250.65.238",
        "url": "https://www.youtube.com/api/stats/atr?ns=yt&el=shortspage&cpn=yEzFv5n5TCyxr_H7&ver=2&cmt=1.002&fmt=398&fs=0&rt=23.731&euri=https%3A%2F%2Fwww.youtube.com%2Fshorts%2F0wBfICuWl7M&lact=2486&cl=787819992&mos=0&volume=62&cbrand=apple&cbr=Chrome&cbrver=138.0.0.0&c=WEB&cver=2.20250728.08.00&cplayer=UNIPLAYER&cos=Macintosh&cosver=10_15_7&cplatform=DESKTOP&delay=4&hl=zh_CN&cr=US&uga=35&len=14.881&fexp=v1%2C23930656%2C55365%2C18623%2C695255%2C14625955%2C11684381%2C53408%2C9105%2C22730%2C2821%2C106030%2C18644%2C14869%2C47210%2C15124%2C65%2C13526%2C391%2C26504%2C9252%2C3479%2C2519%2C10511%2C23206%2C10364%2C4815%2C2%2C19813%2C19660%2C562%2C11784%2C2796%2C2595%2C5656%2C2625%2C1904%2C874%2C10552%2C591%2C6045%2C64%2C4324%2C2313%2C1491%2C1592%2C1479%2C3906%2C1563%2C3888%2C207%2C346%2C7947%2C842%2C4174%2C1995%2C355%2C2585%2C62%2C372%2C723%2C1671%2C1635%2C867%2C1060%2C2039%2C5%2C3485%2C166%2C1414%2C2164%2C332%2C12%2C1029%2C2643%2C938%2C70&afmt=251&muted=0&docid=kJ3o1E2WS8E&ei=aHmJaID2LuLsy9YPvLrIiQ0&plid=AAY7G7DPZeGvfyFn&vm=CAEQABgEOjJBSHFpSlRMZTdQMEl4WTQxNWUzSFNMandnUVNoNF9DeThuN2s5Mzcxdy1rNHAyc0hJZ2JkQUZVQTZSUnUxRGM5enQ0RTRMcDUxY3dNVlVVVGVHTmNMcW1UTkJMd3ltRXZhNmdHaDA5ZWpVLV85bktGY2RFanJaYVNsWExOSU1ncHQtczFZazAyaF90WWNmS0Q0YUExZ1E5cQ",
        "city": "New York",
        "region": "New York",
        "country": "United States",
        "org": "Google LLC",
        "timezone": "America/New_York",
        "source": "ip-api.com"
      },
      "geometry": {
        "type": "Point",
        "coordinates": [
          -74.006,
          40.7128
        ]
      }
    },
    {
      "type": "Feature",
      "properties": {
        "ip": "142.250.65.238",
        "url": "https://www.youtube.com/api/stats/qoe?fmt=396&afmt=251&cpn=R8jEZRVKsEZHNv5n&el=detailpage&ns=yt&fexp=v1%2C23930656%2C55365%2C18623%2C695255%2C14625955%2C11684381%2C53408%2C9105%2C22730%2C2821%2C106030%2C18644%2C14869%2C47210%2C15124%2C65%2C13526%2C391%2C26504%2C9252%2C3479%2C2519%2C10511%2C23206%2C10364%2C4815%2C2%2C19813%2C19660%2C562%2C11784%2C2796%2C2595%2C5656%2C2625%2C1904%2C874%2C10552%2C591%2C6045%2C64%2C4324%2C2313%2C1491%2C1592%2C1479%2C3906%2C1563%2C3888%2C207%2C346%2C7947%2C842%2C4174%2C1995%2C355%2C2585%2C62%2C372%2C723%2C1671%2C1635%2C867%2C1060%2C2039%2C5%2C3485%2C166%2C1414%2C2164%2C332%2C12%2C1029%2C2643%2C938%2C70&cl=787819992&seq=2&docid=3F7t2bnGbis&ei=SHmJaJWPCZeikucPzMKRwAc&event=streamingstats&feature=g-high-rec&plid=AAY7G67dsDXGHyjL&sdetail=p%3A%2F&sourceid=y&cbrand=apple&cbr=Chrome&cbrver=138.0.0.0&c=WEB&cver=2.20250728.08.00&cplayer=UNIPLAYER&cos=Macintosh&cosver=10_15_7&cplatform=DESKTOP&afs=0.089:251;ChEKBWFjb250EghvcmlnaW5hbAoNCgRsYW5nEgVlbi1VUw::i:CBQoAQ&ctmp=atrkchg:t.90;id.en-US.4;m.0&vfs=0.090:396:396::r:CBQoAQ&view=0.090:357:201:2&vps=0.090:B,0.090:B&bwm=0.090:3887:0.088&bwe=0.090:2006636&bat=0.090:0.64:1&cmt=0.090:0.000&bh=0.090:0.000&qclc=ChBSOGpFWlJWS3NFWkhOdjVuEAI",
        "city": "New York",
        "region": "New York",
        "country": "United States",
        "org": "Google LLC",
        "timezone": "America/New_York",
        "source": "ip-api.com"
      },
      "geometry": {
        "type": "Point",
        "coordinates": [
          -74.006,
          40.7128
        ]
      }
    },
    {
      "type": "Feature",
      "properties": {
        "ip": "142.250.65.238",
        "url": "https://www.youtube.com/ptracking?html5=1&video_id=4Ds2VCOKMSE&cpn=5m7xa9A0xZ9cQu-J&ei=MnmJaMjME7CAy_sP7fqniQc&ptk=youtube_single&oid=19r0swy-JYyR_en6_ymYgA&ptchn=6n8I1UDTKP1IWjQMg6_TwA&pltype=content&m=A8SiBaN-RX146dGxlgQKuceHHDeb8eZl0u18WiYr3u--qxDlwnKhHs7p0HhZO2nitZyqd8VAGKDxUd9GTrh1EBI1",
        "city": "New York",
        "region": "New York",
        "country": "United States",
        "org": "Google LLC",
        "timezone": "America/New_York",
        "source": "ip-api.com"
      },
      "geometry": {
        "type": "Point",
        "coordinates": [
          -74.006,
          40.7128
        ]
      }
    },
    {
      "type": "Feature",
      "properties": {
        "ip": "142.250.65.238",
        "url": "https://www.youtube.com/api/stats/playback?ns=yt&el=detailpage&cpn=fbyitdUMTjwLLY8N&ver=2&cmt=0.058&fmt=396&fs=0&rt=0.189&euri&lact=386&cl=787819992&mos=1&volume=100&cbrand=apple&cbr=Chrome&cbrver=138.0.0.0&c=WEB&cver=2.20250728.08.00&cplayer=UNIPLAYER&cos=Macintosh&cosver=10_15_7&cplatform=DESKTOP&autoplay=1&delay=10&hl=zh_CN&cr=US&uga=35&len=538.721&fexp=v1%2C23930656%2C55365%2C18623%2C695255%2C14625955%2C11684381%2C53408%2C9105%2C22730%2C2821%2C106030%2C18644%2C14869%2C47210%2C15124%2C65%2C13526%2C391%2C26504%2C9252%2C3479%2C2519%2C10511%2C23206%2C10364%2C4815%2C2%2C19813%2C19660%2C562%2C11784%2C2796%2C2595%2C5656%2C2625%2C1904%2C874%2C10552%2C591%2C6045%2C64%2C4324%2C2313%2C1491%2C1592%2C1479%2C3906%2C1563%2C3888%2C207%2C346%2C7947%2C842%2C4174%2C1995%2C355%2C2585%2C62%2C372%2C723%2C1671%2C1635%2C867%2C1060%2C2039%2C5%2C3485%2C166%2C1414%2C2164%2C332%2C12%2C1029%2C2643%2C938%2C70&rtn=8&feature=g-high-rec&afmt=251&muted=1&vis=5&cc=a.en&au_d=en-US.4&docid=3F7t2bnGbis&ei=SHmJaJWPCZeikucPzMKRwAc&plid=AAY7G67dsDXGHyjL&referrer=https%3A%2F%2Fwww.youtube.com%2F&sdetail=p%3A%2F&sourceid=y&autonav=1&of=ojW4fsWU3tyLPeG-RmfjXg&vm=CAEQARgEOjJBSHFpSlRJZ3lFV3FhX1kxSUl5NGFrUXZWT0ZqOXQ0TGE5b19leHdGQVNTR3M2UDFkZ2JcQUZVQTZSU0FSVTFjd0txdWNsOWhUTXRRdzRGY1NlUmZXMTg2NzJDT1VuSHNQNjJmZkFLQ2lPbVdZbVB0aV9yNG1RQlBRREdkQl9kbXdrbnJhajZkenVDc3NJR3A",
        "city": "New York",
        "region": "New York",
        "country": "United States",
        "org": "Google LLC",
        "timezone": "America/New_York",
        "source": "ip-api.com"
      },
      "geometry": {
        "type": "Point",
        "coordinates": [
          -74.006,
          40.7128
        ]
      }
    },
    {
      "type": "Feature",
      "properties": {
        "ip": "142.250.65.238",
        "url": "https://www.youtube.com/api/timedtext?v=3F7t2bnGbis&ei=SHmJaJWPCZeikucPzMKRwAc&caps=asr&opi=112496729&exp=xpo%2Cxpe&xoaf=7&xospf=1&hl=zh-CN&ip=0.0.0.0&ipbits=0&expire=1753865144&sparams=ip%2Cipbits%2Cexpire%2Cv%2Cei%2Ccaps%2Copi%2Cexp%2Cxoaf&signature=1060C7D10D8A191C348192471AB219CF83A9C5C4.11E358C061584E55DF1D20B848D2BFD5BD20B025&key=yt8&kind=asr&lang=en&variant=punctuated&potc=1&pot=MlVf80XLE3PlxV_NIepYIADzpSRUanOPyONxk8OTEpsMpKkQ_A6-cDNl1x2ESUPXTzIyTMYS1ujmh1lfTTwUmk9ri28cwdmBSR3dRgiE7oBDMRzUlCUV&fmt=json3&xorb=2&xobt=3&xovt=3&cbrand=apple&cbr=Chrome&cbrver=138.0.0.0&c=WEB&cver=2.20250728.08.00&cplayer=UNIPLAYER&cos=Macintosh&cosver=10_15_7&cplatform=DESKTOP",
        "city": "New York",
        "region": "New York",
        "country": "United States",
        "org": "Google LLC",
        "timezone": "America/New_York",
        "source": "ip-api.com"
      },
      "geometry": {
        "type": "Point",
        "coordinates": [
          -74.006,
          40.7128
        ]
      }
    },
    {
      "type": "Feature",
      "properties": {
        "ip": "142.250.65.238",
        "url": "https://www.youtube.com/api/timedtext?v=0wBfICuWl7M&ei=ZXmJaJ2DKY-Fy_sPypGguAY&caps=asr&opi=112496729&exp=xpe&xoaf=5&xosf=1&hl=zh-CN&ip=0.0.0.0&ipbits=0&expire=1753865173&sparams=ip%2Cipbits%2Cexpire%2Cv%2Cei%2Ccaps%2Copi%2Cexp%2Cxoaf&signature=87F0B7667ED54DEA4B8893DDC78EDC60CD41D694.2F4F4B0CC1ED433BD03679C755161714BD76FF82&key=yt8&kind=asr&lang=en&potc=1&pot=MlV3N2H-rBhUEXcJBd_nS7EnjeBwX8zkeTdZV-emrfC9cIHU2DsBG4Kx_9mgfPy8_uYaiOInaYNXU3GbaQmr8f6_o6s49Gbq-MlB99smFOyki_uIewxn&fmt=json3&xorb=2&xobt=3&xovt=3&cbrand=apple&cbr=Chrome&cbrver=138.0.0.0&c=WEB&cver=2.20250728.08.00&cplayer=UNIPLAYER&cos=Macintosh&cosver=10_15_7&cplatform=DESKTOP",
        "city": "New York",
        "region": "New York",
        "country": "United States",
        "org": "Google LLC",
        "timezone": "America/New_York",
        "source": "ip-api.com"
      },
      "geometry": {
        "type": "Point",
        "coordinates": [
          -74.006,
          40.7128
        ]
      }
    },
    {
      "type": "Feature",
      "properties": {
        "ip": "142.250.65.238",
        "url": "https://www.youtube.com/api/stats/watchtime?ns=yt&el=shortspage&cpn=AGNOZsC9swm5vJbe&ver=2&cmt=5.921&fmt=398&fs=0&rt=37.005&euri=https%3A%2F%2Fwww.youtube.com%2Fshorts%2F0wBfICuWl7M&lact=35636&cl=787819992&state=playing&volume=62%2C62&cbrand=apple&cbr=Chrome&cbrver=138.0.0.0&c=WEB&cver=2.20250728.08.00&cplayer=UNIPLAYER&cos=Macintosh&cosver=10_15_7&cplatform=DESKTOP&hl=zh_CN&cr=US&uga=35&len=15.361&rtn=77&afmt=251&idpj=-2&ldpj=-34&rti=37&st=13.346%2C0&et=15.307%2C5.921&pe=0%2C1&muted=0%2C0&cc=a.en%2Ca.en&au=en-US.4%2Cen-US.4&docid=0wBfICuWl7M&ei=ZXmJaJ2DKY-Fy_sPypGguAY&plid=AAY7G7CgcuBikd8u&referrer=https%3A%2F%2Fwww.youtube.com%2F&sdetail=p%3A%2F&sourceid=y&of=raQYPSIGQC6NHabIWN64uQ&vm=CAEQABgEOjJBSHFpSlRMVkdJZ1ctUDRMXzE2QnRITDZOVDNxVldjRDZqb2xVMHZydmQ3XzFGbjRTQWJkQUZVQTZSUTlla1ZPTmN0cFVEeXBOOFRGTEtQU1UxbjM3N09tcFhuR25sU3hkNFBvaTdrT29tRUx1ZEo1elJ2d3U1QUVQRkhHY2MtaEtHRXNZLS0tbkJ2WW91RmtkTFBlVU1WUw",
        "city": "New York",
        "region": "New York",
        "country": "United States",
        "org": "Google LLC",
        "timezone": "America/New_York",
        "source": "ip-api.com"
      },
      "geometry": {
        "type": "Point",
        "coordinates": [
          -74.006,
          40.7128
        ]
      }
    },
    {
      "type": "Feature",
      "properties": {
        "ip": "142.250.65.238",
        "url": "https://www.youtube.com/api/stats/qoe?fmt=396&afmt=251&cpn=R8jEZRVKsEZHNv5n&el=detailpage&ns=yt&fexp=v1%2C23930656%2C55365%2C18623%2C695255%2C14625955%2C11684381%2C53408%2C9105%2C22730%2C2821%2C106030%2C18644%2C14869%2C47210%2C15124%2C65%2C13526%2C391%2C26504%2C9252%2C3479%2C2519%2C10511%2C23206%2C10364%2C4815%2C2%2C19813%2C19660%2C562%2C11784%2C2796%2C2595%2C5656%2C2625%2C1904%2C874%2C10552%2C591%2C6045%2C64%2C4324%2C2313%2C1491%2C1592%2C1479%2C3906%2C1563%2C3888%2C207%2C346%2C7947%2C842%2C4174%2C1995%2C355%2C2585%2C62%2C372%2C723%2C1671%2C1635%2C867%2C1060%2C2039%2C5%2C3485%2C166%2C1414%2C2164%2C332%2C12%2C1029%2C2643%2C938%2C70&cl=787819992&seq=3&docid=3F7t2bnGbis&ei=SHmJaJWPCZeikucPzMKRwAc&event=streamingstats&feature=g-high-rec&plid=AAY7G67dsDXGHyjL&sdetail=p%3A%2F&sourceid=y&cbrand=apple&cbr=Chrome&cbrver=138.0.0.0&c=WEB&cver=2.20250728.08.00&cplayer=UNIPLAYER&cos=Macintosh&cosver=10_15_7&cplatform=DESKTOP&bh=0.142:20.001,0.597:0.000&cmt=0.142:0.002,0.594:0.000,0.597:0.000,0.597:0.000&vps=0.142:PL,0.594:N,0.597:SU,0.597:SU&user_intent=0&cfs=0.179:a.en:::s&bwm=0.597:758356:0.074&bat=0.597:0.64:1&qclc=ChBSOGpFWlJWS3NFWkhOdjVuEAM",
        "city": "New York",
        "region": "New York",
        "country": "United States",
        "org": "Google LLC",
        "timezone": "America/New_York",
        "source": "ip-api.com"
      },
      "geometry": {
        "type": "Point",
        "coordinates": [
          -74.006,
          40.7128
        ]
      }
    },
    {
      "type": "Feature",
      "properties": {
        "ip": "142.250.65.238",
        "url": "https://www.youtube.com/youtubei/v1/notification/get_unseen_count?prettyPrint=false",
        "city": "New York",
        "region": "New York",
        "country": "United States",
        "org": "Google LLC",
        "timezone": "America/New_York",
        "source": "ip-api.com"
      },
      "geometry": {
        "type": "Point",
        "coordinates": [
          -74.006,
          40.7128
        ]
      }
    },
    {
      "type": "Feature",
      "properties": {
        "ip": "142.250.65.238",
        "url": "https://www.youtube.com/ptracking?html5=1&video_id=3F7t2bnGbis&cpn=R8jEZRVKsEZHNv5n&ei=SHmJaJWPCZeikucPzMKRwAc&ptk=youtube_single&oid=Ji_P9lt7-qSsZSDYH4ikhg&ptchn=9UxopYsLuaX1Nu3-plUQbw&pltype=content&m=A24odGHDKI9_hTQVZ_1IlDW01ODOyHim4AlYQieTMrgfi-ejVxbNXEne0yOuxjYdzGJLae1kUXyH1n04y8WLRpxa",
        "city": "New York",
        "region": "New York",
        "country": "United States",
        "org": "Google LLC",
        "timezone": "America/New_York",
        "source": "ip-api.com"
      },
      "geometry": {
        "type": "Point",
        "coordinates": [
          -74.006,
          40.7128
        ]
      }
    },
    {
      "type": "Feature",
      "properties": {
        "ip": "142.250.65.238",
        "url": "https://www.youtube.com/api/timedtext?v=S7dc_DOVwbI&ei=OXmJaJiuF4yGkucPq6OjgQg&caps=asr&opi=112496729&exp=xpo%2Cxpe&xoaf=7&xospf=1&hl=zh-CN&ip=0.0.0.0&ipbits=0&expire=1753865129&sparams=ip%2Cipbits%2Cexpire%2Cv%2Cei%2Ccaps%2Copi%2Cexp%2Cxoaf&signature=AA88A0946238904B283AD967CEFCBB85866EE24A.0BBF31CE519845780CD194E531E5C04C516872C6&key=yt8&kind=asr&lang=en&variant=punctuated&potc=1&pot=MlXsPq3O8n63XuwAye-5LVJoFum8b5KCmnjCXiuW85ZePxrdFAtffWH-ZNBsTKLaHamBgS4XN-W0HOqSpTn1lx3wOKL0xDiMG4alJAvYqgvrRTRT-sJj&fmt=json3&xorb=2&xobt=3&xovt=3&cbrand=apple&cbr=Chrome&cbrver=138.0.0.0&c=WEB&cver=2.20250728.08.00&cplayer=UNIPLAYER&cos=Macintosh&cosver=10_15_7&cplatform=DESKTOP",
        "city": "New York",
        "region": "New York",
        "country": "United States",
        "org": "Google LLC",
        "timezone": "America/New_York",
        "source": "ip-api.com"
      },
      "geometry": {
        "type": "Point",
        "coordinates": [
          -74.006,
          40.7128
        ]
      }
    },
    {
      "type": "Feature",
      "properties": {
        "ip": "142.250.65.238",
        "url": "https://www.youtube.com/api/stats/qoe?fmt=396&afmt=251&cpn=QE1U2zoVLx-UKxob&el=detailpage&ns=yt&fexp=v1%2C23930656%2C55365%2C18623%2C695255%2C14625955%2C11684381%2C53408%2C9105%2C22730%2C2821%2C106030%2C18644%2C14869%2C47210%2C15124%2C65%2C13526%2C391%2C26504%2C9252%2C3479%2C2519%2C10511%2C23206%2C10364%2C4815%2C2%2C19813%2C19660%2C562%2C11784%2C2796%2C2595%2C5656%2C2625%2C1904%2C874%2C10552%2C591%2C6045%2C64%2C4324%2C2313%2C1491%2C1592%2C1479%2C3906%2C1563%2C3888%2C207%2C346%2C7947%2C842%2C4174%2C1995%2C355%2C2585%2C62%2C372%2C723%2C1671%2C1635%2C867%2C1060%2C2039%2C5%2C3485%2C166%2C1414%2C2164%2C332%2C12%2C1029%2C2643%2C938%2C70&cl=787819992&seq=3&docid=S7dc_DOVwbI&ei=OXmJaJiuF4yGkucPq6OjgQg&event=streamingstats&feature=g-high-rec&plid=AAY7G638VDD-UH3s&sdetail=p%3A%2F&sourceid=y&cbrand=apple&cbr=Chrome&cbrver=138.0.0.0&c=WEB&cver=2.20250728.08.00&cplayer=UNIPLAYER&cos=Macintosh&cosver=10_15_7&cplatform=DESKTOP&user_intent=0&cfs=0.179:a.en:::s&bh=0.213:15.582,4.105:0.000&cmt=0.213:0.046,0.964:0.801,4.102:0.000,4.104:0.000,4.105:0.000&vps=0.213:PL,4.102:N,4.104:SU,4.105:SU&bwm=4.105:1350585:0.070&bat=4.105:0.64:1&qclc=ChBRRTFVMnpvVkx4LVVLeG9iEAM",
        "city": "New York",
        "region": "New York",
        "country": "United States",
        "org": "Google LLC",
        "timezone": "America/New_York",
        "source": "ip-api.com"
      },
      "geometry": {
        "type": "Point",
        "coordinates": [
          -74.006,
          40.7128
        ]
      }
    },
    {
      "type": "Feature",
      "properties": {
        "ip": "142.250.65.238",
        "url": "https://www.youtube.com/api/stats/watchtime?ns=yt&el=detailpage&cpn=l9hjxExjwqnoHJA4&ver=2&cmt=0&fmt=396&fs=0&rt=0.672&euri&lact=413&cl=787819992&state=paused&volume=100&subscribed=1&cbrand=apple&cbr=Chrome&cbrver=138.0.0.0&c=WEB&cver=2.20250728.08.00&cplayer=UNIPLAYER&cos=Macintosh&cosver=10_15_7&cplatform=DESKTOP&autoplay=1&delay=10&hl=zh_CN&cr=US&uga=35&len=411.321&feature=g-high-rec&afmt=251&idpj=-1&ldpj=-17&rti=10&st=0&et=0.465&muted=1&vis=5&docid=pWRlDIBoQW4&ei=N3mJaOnGNqi30_wPi-eEmAs&plid=AAY7G63lgxFRp3x5&referrer=https%3A%2F%2Fwww.youtube.com%2F&sdetail=p%3A%2F&sourceid=y&autonav=1&of=TTOGcimrwD44xgEZ33ZEfQ&vm=CAEQARgEOjJBSHFpSlRKel9aeV9QalJKY1c4aTNCQXh4cDBVbFNibEhSblFmWlJ2a0hkSi0ySS1fQWJfQUZVQTZSUUoxVWs0cVFaMUxlbW9NbEFVa0k3UXFaY0NXS3RWU2xaVUc0ZTFzZnkyNzZHWVg0RDRWbnVVMGJIQ0tNdzdRV25iNkIyVWlFZzJGLVp1cmh1akFxM2NUSzg",
        "city": "New York",
        "region": "New York",
        "country": "United States",
        "org": "Google LLC",
        "timezone": "America/New_York",
        "source": "ip-api.com"
      },
      "geometry": {
        "type": "Point",
        "coordinates": [
          -74.006,
          40.7128
        ]
      }
    },
    {
      "type": "Feature",
      "properties": {
        "ip": "142.250.65.238",
        "url": "https://www.youtube.com/ptracking?html5=1&video_id=otaSWMeT8w8&cpn=HySq6ttCi_EcCGfQ&ei=WHmJaPrVKoXQoPMP5PzR2QE&ptk=youtube_multi&oid=BtscXOksyqSTYfLFAiFZaw.J8vAyKuNSYBIN_9RIdxggQ.YbGWGCIUCoaUePqGy_acMw.ghgcd_xPPR_URSW5U_cwtQ&pltype=contentugc&m=Ar5cyRvtyOBSmx0XMssmtWhYVcKJWnAQWZXqsu0Bn43Uj-XqHhl87ijPLeP1lv3lqYWEhfaXmOv7dRy4qRqme4fa",
        "city": "New York",
        "region": "New York",
        "country": "United States",
        "org": "Google LLC",
        "timezone": "America/New_York",
        "source": "ip-api.com"
      },
      "geometry": {
        "type": "Point",
        "coordinates": [
          -74.006,
          40.7128
        ]
      }
    },
    {
      "type": "Feature",
      "properties": {
        "ip": "142.250.65.238",
        "url": "https://www.youtube.com/api/stats/playback?ns=yt&el=detailpage&cpn=sU6UFpQj_Eh9OdhG&ver=2&cmt=0.059&fmt=396&fs=0&rt=0.324&euri&lact=179&cl=787819992&mos=1&volume=100&cbrand=apple&cbr=Chrome&cbrver=138.0.0.0&c=WEB&cver=2.20250728.08.00&cplayer=UNIPLAYER&cos=Macintosh&cosver=10_15_7&cplatform=DESKTOP&autoplay=1&delay=10&hl=zh_CN&cr=US&uga=35&len=756.761&fexp=v1%2C23930656%2C55365%2C18623%2C695255%2C14625955%2C11684381%2C53408%2C9105%2C22730%2C2821%2C106030%2C18644%2C14869%2C47210%2C15124%2C65%2C13526%2C391%2C26504%2C9252%2C3479%2C2519%2C10511%2C23206%2C10364%2C4815%2C2%2C19813%2C19660%2C562%2C11784%2C2796%2C2595%2C5656%2C2625%2C1904%2C874%2C10552%2C591%2C6045%2C64%2C4324%2C2313%2C1491%2C1592%2C1479%2C3906%2C1563%2C3888%2C207%2C346%2C7947%2C842%2C4174%2C1995%2C355%2C2585%2C62%2C372%2C723%2C1671%2C1635%2C867%2C1060%2C2039%2C5%2C3485%2C166%2C1414%2C2164%2C332%2C12%2C1029%2C2643%2C938%2C70&rtn=7&feature=g-high-rec&afmt=251&muted=1&vis=5&docid=tW-emn1hOHQ&ei=SHmJaJPHNLPLoPMP9saPgAE&plid=AAY7G67oZgcCeQ5r&referrer=https%3A%2F%2Fwww.youtube.com%2F&sdetail=p%3A%2F&sourceid=y&autonav=1&of=UftzHSvOHxJXXA1n3oXpqQ&vm=CAQQARgCOjJBSHFpSlRKb1Vjc1ptaHBmNDA1bUR0Yi1yWDJheEx1UEtjczFlMXJLTmJqekZLdWpPZ2JaQUZVQTZSUi05bVVBZ1FyVVJ0dWdFX042WTJtVllTaWdicXhqZXVaRWVSb195XzgtalBUUXZROXBZSEM5U0U4dENGT2E2UmN3WUhfRlYwUl9mc2MzRXRTc3Zn",
        "city": "New York",
        "region": "New York",
        "country": "United States",
        "org": "Google LLC",
        "timezone": "America/New_York",
        "source": "ip-api.com"
      },
      "geometry": {
        "type": "Point",
        "coordinates": [
          -74.006,
          40.7128
        ]
      }
    },
    {
      "type": "Feature",
      "properties": {
        "ip": "142.250.65.238",
        "url": "https://www.youtube.com/api/stats/qoe?fmt=398&afmt=251&cpn=AGNOZsC9swm5vJbe&el=shortspage&ns=yt&fexp=v1%2C23930656%2C55365%2C18623%2C695255%2C14625955%2C11684381%2C53408%2C9105%2C22730%2C2821%2C106030%2C18644%2C14869%2C47210%2C15124%2C65%2C13526%2C391%2C26504%2C9252%2C3479%2C2519%2C10511%2C23206%2C10364%2C4815%2C2%2C19813%2C19660%2C562%2C11784%2C2796%2C2595%2C5656%2C2625%2C1904%2C874%2C10552%2C591%2C6045%2C64%2C4324%2C2313%2C1491%2C1592%2C1479%2C3906%2C1563%2C3888%2C207%2C346%2C7947%2C842%2C4174%2C1995%2C355%2C2585%2C62%2C372%2C723%2C1671%2C1635%2C867%2C1060%2C2039%2C5%2C3485%2C166%2C1414%2C2164%2C332%2C12%2C1029%2C2643%2C938%2C70&cl=787819992&seq=6&docid=0wBfICuWl7M&ei=ZXmJaJ2DKY-Fy_sPypGguAY&event=streamingstats&plid=AAY7G7CgcuBikd8u&sdetail=p%3A%2F&sourceid=y&cbrand=apple&cbr=Chrome&cbrver=138.0.0.0&c=WEB&cver=2.20250728.08.00&cplayer=UNIPLAYER&cos=Macintosh&cosver=10_15_7&cplatform=DESKTOP&cmt=31.791:0.707,39.004:7.916,39.008:7.916&vps=39.004:SU,39.008:SU&bwe=39.008:4603134&bat=39.008:0.65:1&bh=39.008:0.000&qclc=ChBBR05PWnNDOXN3bTV2SmJlEAYaDENnSUlEQSUzRCUzRA",
        "city": "New York",
        "region": "New York",
        "country": "United States",
        "org": "Google LLC",
        "timezone": "America/New_York",
        "source": "ip-api.com"
      },
      "geometry": {
        "type": "Point",
        "coordinates": [
          -74.006,
          40.7128
        ]
      }
    },
    {
      "type": "Feature",
      "properties": {
        "ip": "142.250.65.238",
        "url": "https://www.youtube.com/youtubei/v1/att/get?prettyPrint=false",
        "city": "New York",
        "region": "New York",
        "country": "United States",
        "org": "Google LLC",
        "timezone": "America/New_York",
        "source": "ip-api.com"
      },
      "geometry": {
        "type": "Point",
        "coordinates": [
          -74.006,
          40.7128
        ]
      }
    },
    {
      "type": "Feature",
      "properties": {
        "ip": "142.250.65.238",
        "url": "https://www.youtube.com/api/timedtext?v=WkysaIBxwPc&ei=jnmJaOfHEIO4kucPpYXn6Qs&caps=asr&opi=112496729&exp=xpe&xoaf=5&xosf=1&hl=zh-CN&ip=0.0.0.0&ipbits=0&expire=1753865214&sparams=ip%2Cipbits%2Cexpire%2Cv%2Cei%2Ccaps%2Copi%2Cexp%2Cxoaf&signature=AA881EFD5C887E201FF806051CFF579C02722CA1.BA8B8B62E45CB1BDBAEB7C93192886DD19C53BD1&key=yt8&kind=asr&lang=en&potc=1&pot=MlUjTCc6nj20NSNyQxvVblED2Zs2m_7BmRMNLKFin9VdVNWvnv8zPmKVq6LmuM6ZHsJO86TjW6a3dyXgL82Z1B6b99B-MFTPGO25MUU5Z8f6hfv1iu0S&fmt=json3&xorb=2&xobt=3&xovt=3&cbrand=apple&cbr=Chrome&cbrver=138.0.0.0&c=WEB&cver=2.20250728.08.00&cplayer=UNIPLAYER&cos=Macintosh&cosver=10_15_7&cplatform=DESKTOP&tlang=zh-Hans",
        "city": "New York",
        "region": "New York",
        "country": "United States",
        "org": "Google LLC",
        "timezone": "America/New_York",
        "source": "ip-api.com"
      },
      "geometry": {
        "type": "Point",
        "coordinates": [
          -74.006,
          40.7128
        ]
      }
    },
    {
      "type": "Feature",
      "properties": {
        "ip": "142.250.65.238",
        "url": "https://www.youtube.com/api/stats/qoe?fmt=398&afmt=251&cpn=An_V4zjTSbzGuH1A&el=shortspage&ns=yt&fexp=v1%2C23930656%2C55365%2C18623%2C695255%2C14625955%2C11684381%2C53408%2C9105%2C22730%2C2821%2C106030%2C18644%2C14869%2C47210%2C15124%2C65%2C13526%2C391%2C26504%2C9252%2C3479%2C2519%2C10511%2C23206%2C10364%2C4815%2C2%2C19813%2C19660%2C562%2C11784%2C2796%2C2595%2C5656%2C2625%2C1904%2C874%2C10552%2C591%2C6045%2C64%2C4324%2C2313%2C1491%2C1592%2C1479%2C3906%2C1563%2C3888%2C207%2C346%2C7947%2C842%2C4174%2C1995%2C355%2C2585%2C62%2C372%2C723%2C1671%2C1635%2C867%2C1060%2C2039%2C5%2C3485%2C166%2C1414%2C2164%2C332%2C12%2C1029%2C2643%2C938%2C70&cl=787819992&seq=1&docid=ntCVNYOjQJ4&ei=lXmJaMGNEq6pkucP2Lu2iQw&event=streamingstats&plid=AAY7G7N2qVSHJhMv&sdetail=p%3A%2Fshorts%2FlGDhd-DTmrQ&sourceid=y&cbrand=apple&cbr=Chrome&cbrver=138.0.0.0&c=WEB&cver=2.20250728.08.00&cplayer=UNIPLAYER&cos=Macintosh&cosver=10_15_7&cplatform=DESKTOP&vps=0.000:N,0.003:B,0.171:B,0.171:B&cat=streaming,sabr&ctmp=esfw:usbc.1;hsu.1,atrkchg:t.171;id.und;m.0&cmt=0.003:0.000,0.171:0.000&afs=0.170:251;CggKA2RyYxIBMQ::i:CDgoAQ&vfs=0.171:398:398::r:CDgoAQ&view=0.171:428:761:2&bwm=0.171:1420785:0.169&bwe=0.171:3640716&bat=0.171:0.66:1&vis=0.171:0&bh=0.171:0.000&qclc=ChBBbl9WNHpqVFNiekd1SDFBEAEaDENnSUlEQSUzRCUzRA",
        "city": "New York",
        "region": "New York",
        "country": "United States",
        "org": "Google LLC",
        "timezone": "America/New_York",
        "source": "ip-api.com"
      },
      "geometry": {
        "type": "Point",
        "coordinates": [
          -74.006,
          40.7128
        ]
      }
    },
    {
      "type": "Feature",
      "properties": {
        "ip": "142.250.65.238",
        "url": "https://www.youtube.com/api/stats/watchtime?ns=yt&el=detailpage&cpn=DSExmEv2f6AdoD3Y&ver=2&cmt=27.561&fmt=398&fs=1&rt=33&euri&lact=9270&cl=787819992&state=playing&volume=62&cbrand=apple&cbr=Chrome&cbrver=138.0.0.0&c=WEB&cver=2.20250728.08.00&cplayer=UNIPLAYER&cos=Macintosh&cosver=10_15_7&cplatform=DESKTOP&hl=zh_CN&cr=US&uga=35&len=769.461&rtn=53&feature=plpp_video&afmt=251&idpj=-3&ldpj=-23&rti=33&st=18.161&et=27.561&muted=0&vis=2&docid=otaSWMeT8w8&ei=sHmJaIG3H9TFkucPjZ3nwAg&plid=AAY7G7UWRHlzFxHU&referrer=https%3A%2F%2Fwww.youtube.com%2Fplaylist%3Flist%3DWL&sdetail=p%3A%2Fplaylist&sourceid=y&list=WL&of=oj8EnlXIBxXMJpgvzezpwA&vm=CAQQARgCOjJBSHFpSlRKTWxsOEZtRjd1eGQxNllrWjU5ZmdONUtwUklJVWEtZXZDaGdRRzlUU0QxQWJfQUZVQTZSUl9XdWs3bDkwcFp6Q3hnNExuRFlyUFVkMnFkVWxJVEVLVGtIMUFLbVZmUjNzUXRYanNiYndPOGZVSGQwTUJaYmY1YnlvMTdjQWpNRWdwSkRCX3M3X0lLMGM",
        "city": "New York",
        "region": "New York",
        "country": "United States",
        "org": "Google LLC",
        "timezone": "America/New_York",
        "source": "ip-api.com"
      },
      "geometry": {
        "type": "Point",
        "coordinates": [
          -74.006,
          40.7128
        ]
      }
    },
    {
      "type": "Feature",
      "properties": {
        "ip": "142.250.65.238",
        "url": "https://www.youtube.com/s/desktop/fb317ea9/img/logos/favicon_144x144.png",
        "city": "New York",
        "region": "New York",
        "country": "United States",
        "org": "Google LLC",
        "timezone": "America/New_York",
        "source": "ip-api.com"
      },
      "geometry": {
        "type": "Point",
        "coordinates": [
          -74.006,
          40.7128
        ]
      }
    },
    {
      "type": "Feature",
      "properties": {
        "ip": "142.250.65.238",
        "url": "https://www.youtube.com/ptracking?html5=1&video_id=0wBfICuWl7M&cpn=t9G2ABkInr7vg1wk&ei=M3mJaMenN-XOoPMPwpXJwQs&ptk=youtube_single&oid=EXKDVUCg1Yo6UDpk4esILw&ptchn=QnMw9GGDS3xO6fN5oae-4w&pltype=content&m=AtdonOj1wmptZ366w7iwWeAtnd51E1FTMRPoXZilLZ-a_F8p3FL9x8Ihr72QfnNpBzrmxE4gPhyQlQiWBoF8mKcK",
        "city": "New York",
        "region": "New York",
        "country": "United States",
        "org": "Google LLC",
        "timezone": "America/New_York",
        "source": "ip-api.com"
      },
      "geometry": {
        "type": "Point",
        "coordinates": [
          -74.006,
          40.7128
        ]
      }
    },
    {
      "type": "Feature",
      "properties": {
        "ip": "142.250.65.238",
        "url": "https://www.youtube.com/api/stats/watchtime?ns=yt&el=detailpage&cpn=G4pFAwLvDqtQgcbE&ver=2&cmt=0&fmt=396&fs=0&rt=1.455&euri&lact=114&cl=787819992&state=paused&volume=100&cbrand=apple&cbr=Chrome&cbrver=138.0.0.0&c=WEB&cver=2.20250728.08.00&cplayer=UNIPLAYER&cos=Macintosh&cosver=10_15_7&cplatform=DESKTOP&autoplay=1&final=1&delay=10&hl=zh_CN&cr=US&uga=35&len=132.221&feature=g-high&afmt=251&idpj=-7&ldpj=-15&st=0&et=0&muted=1&vis=5&au=en-US.4&docid=6W_s3VPMdNs&ei=RnmJaP2LI5PNoPMPtP7cyA8&plid=AAY7G67FvZixLwGD&referrer=https%3A%2F%2Fwww.youtube.com%2F&sdetail=p%3A%2F&sourceid=y&autonav=1&of=yemidQH4Av-qf4mAd7uBhA&vm=CAEQABgEOjJBSHFpSlRJbmJCQlRxcFdnb1V3VDMzbnBaZEcxaklLRXZYTVVSTWliMm9uUEFYOWFfd2JfQUZVQTZSUmdOMUVwLXF5WUgwR3JSXzZpdnR4RVJkY0FCR1ZqREZCQ0lLX3owMW5uZmR3UEUwUXEtTUZubjQ1S1hLd0syd3hoTWQ2TjNOSmJjal9NQ2JianNfS2swU2c",
        "city": "New York",
        "region": "New York",
        "country": "United States",
        "org": "Google LLC",
        "timezone": "America/New_York",
        "source": "ip-api.com"
      },
      "geometry": {
        "type": "Point",
        "coordinates": [
          -74.006,
          40.7128
        ]
      }
    },
    {
      "type": "Feature",
      "properties": {
        "ip": "142.250.65.238",
        "url": "https://www.youtube.com/api/stats/qoe?fmt=398&afmt=251&cpn=KHlzL2XVthjSOKmg&el=shortspage&ns=yt&fexp=v1%2C23930656%2C55365%2C18623%2C695255%2C14625955%2C11684381%2C53408%2C9105%2C22730%2C2821%2C106030%2C18644%2C14869%2C47210%2C15124%2C65%2C13526%2C391%2C26504%2C9252%2C3479%2C2519%2C10511%2C23206%2C10364%2C4815%2C2%2C19813%2C19660%2C562%2C11784%2C2796%2C2595%2C5656%2C2625%2C1904%2C874%2C10552%2C591%2C6045%2C64%2C4324%2C2313%2C1491%2C1592%2C1479%2C3906%2C1563%2C3888%2C207%2C346%2C7947%2C842%2C4174%2C1995%2C355%2C2585%2C62%2C372%2C723%2C1671%2C1635%2C867%2C1060%2C2039%2C5%2C3485%2C166%2C1414%2C2164%2C332%2C12%2C1029%2C2643%2C938%2C70&cl=787819992&seq=3&docid=WkysaIBxwPc&ei=jnmJaOfHEIO4kucPpYXn6Qs&event=streamingstats&plid=AAY7G7MLtTSihYV2&sdetail=p%3A%2Fshorts%2FkJ3o1E2WS8E&sourceid=y&cbrand=apple&cbr=Chrome&cbrver=138.0.0.0&c=WEB&cver=2.20250728.08.00&cplayer=UNIPLAYER&cos=Macintosh&cosver=10_15_7&cplatform=DESKTOP&cfs=0.190:a.en:::s,1.207:::a.en:m&user_intent=0&bh=0.337:11.317,1.302:0.000&cmt=0.337:0.029,1.088:0.780,1.299:0.990,1.300:0.000,1.302:0.000,1.302:0.000&vps=0.337:PL,1.299:PA,1.300:N,1.302:SU,1.302:SU&bwm=1.302:1799998:0.043&bat=1.302:0.65:1&qclc=ChBLSGx6TDJYVnRoalNPS21nEAMaDENnSUlEQSUzRCUzRA",
        "city": "New York",
        "region": "New York",
        "country": "United States",
        "org": "Google LLC",
        "timezone": "America/New_York",
        "source": "ip-api.com"
      },
      "geometry": {
        "type": "Point",
        "coordinates": [
          -74.006,
          40.7128
        ]
      }
    },
    {
      "type": "Feature",
      "properties": {
        "ip": "142.250.65.238",
        "url": "https://www.youtube.com/api/stats/watchtime?ns=yt&el=detailpage&cpn=G4pFAwLvDqtQgcbE&ver=2&cmt=0&fmt=396&fs=0&rt=1.453&euri&lact=113&cl=787819992&state=paused&volume=100&cbrand=apple&cbr=Chrome&cbrver=138.0.0.0&c=WEB&cver=2.20250728.08.00&cplayer=UNIPLAYER&cos=Macintosh&cosver=10_15_7&cplatform=DESKTOP&autoplay=1&delay=10&hl=zh_CN&cr=US&uga=35&len=132.221&feature=g-high&afmt=251&idpj=-7&ldpj=-15&rti=4&st=0&et=1.267&muted=1&vis=5&au=en-US.4&docid=6W_s3VPMdNs&ei=RnmJaP2LI5PNoPMPtP7cyA8&plid=AAY7G67FvZixLwGD&referrer=https%3A%2F%2Fwww.youtube.com%2F&sdetail=p%3A%2F&sourceid=y&autonav=1&of=yemidQH4Av-qf4mAd7uBhA&vm=CAEQABgEOjJBSHFpSlRJbmJCQlRxcFdnb1V3VDMzbnBaZEcxaklLRXZYTVVSTWliMm9uUEFYOWFfd2JfQUZVQTZSUmdOMUVwLXF5WUgwR3JSXzZpdnR4RVJkY0FCR1ZqREZCQ0lLX3owMW5uZmR3UEUwUXEtTUZubjQ1S1hLd0syd3hoTWQ2TjNOSmJjal9NQ2JianNfS2swU2c",
        "city": "New York",
        "region": "New York",
        "country": "United States",
        "org": "Google LLC",
        "timezone": "America/New_York",
        "source": "ip-api.com"
      },
      "geometry": {
        "type": "Point",
        "coordinates": [
          -74.006,
          40.7128
        ]
      }
    },
    {
      "type": "Feature",
      "properties": {
        "ip": "142.250.65.238",
        "url": "https://www.youtube.com/api/stats/watchtime?ns=yt&el=detailpage&cpn=HySq6ttCi_EcCGfQ&ver=2&cmt=0&fmt=396&fs=0&rt=1.298&euri&lact=390&cl=787819992&state=paused&volume=100&cbrand=apple&cbr=Chrome&cbrver=138.0.0.0&c=WEB&cver=2.20250728.08.00&cplayer=UNIPLAYER&cos=Macintosh&cosver=10_15_7&cplatform=DESKTOP&autoplay=1&delay=10&hl=zh_CN&cr=US&uga=35&len=769.461&feature=g-high-rec&afmt=251&idpj=-4&ldpj=-4&rti=7&st=0&et=1.064&muted=1&vis=5&docid=otaSWMeT8w8&ei=WHmJaPrVKoXQoPMP5PzR2QE&plid=AAY7G6_aJIMIiBEd&referrer=https%3A%2F%2Fwww.youtube.com%2F&sdetail=p%3A%2F&sourceid=y&autonav=1&of=oj8EnlXIBxXMJpgvzezpwA&vm=CAQQARgCOjJBSHFpSlRLbUluZUlFbXFMcWE1bHVLZXE4OTRJSDVNZmxjb0lGX2dnQ2FYUk1IWkhaZ2JcQUZVQTZSVEJtSzNnVTNQTENZYlN0Ymp0am1ESEYtNmZnX2tkRDFnMlFYYzV6Wmo0ck8wVkdjQlZCbGhJTE5SX0lNcUdRYnZsRXV5YUNwVjZzWkpCUUJyUGdZWng",
        "city": "New York",
        "region": "New York",
        "country": "United States",
        "org": "Google LLC",
        "timezone": "America/New_York",
        "source": "ip-api.com"
      },
      "geometry": {
        "type": "Point",
        "coordinates": [
          -74.006,
          40.7128
        ]
      }
    },
    {
      "type": "Feature",
      "properties": {
        "ip": "142.250.65.238",
        "url": "https://www.youtube.com/api/stats/watchtime?ns=yt&el=detailpage&cpn=DSExmEv2f6AdoD3Y&ver=2&cmt=127.56&fmt=398&fs=1&rt=133&euri&lact=94123&cl=787819992&state=playing&volume=62&cbrand=apple&cbr=Chrome&cbrver=138.0.0.0&c=WEB&cver=2.20250728.08.00&cplayer=UNIPLAYER&cos=Macintosh&cosver=10_15_7&cplatform=DESKTOP&hl=zh_CN&cr=US&uga=35&len=769.461&rtn=173&feature=plpp_video&afmt=251&idpj=-3&ldpj=-23&rti=133&st=87.561&et=127.56&muted=0&vis=2&docid=otaSWMeT8w8&ei=sHmJaIG3H9TFkucPjZ3nwAg&plid=AAY7G7UWRHlzFxHU&referrer=https%3A%2F%2Fwww.youtube.com%2Fplaylist%3Flist%3DWL&sdetail=p%3A%2Fplaylist&sourceid=y&list=WL&of=oj8EnlXIBxXMJpgvzezpwA&vm=CAQQARgCOjJBSHFpSlRKTWxsOEZtRjd1eGQxNllrWjU5ZmdONUtwUklJVWEtZXZDaGdRRzlUU0QxQWJfQUZVQTZSUl9XdWs3bDkwcFp6Q3hnNExuRFlyUFVkMnFkVWxJVEVLVGtIMUFLbVZmUjNzUXRYanNiYndPOGZVSGQwTUJaYmY1YnlvMTdjQWpNRWdwSkRCX3M3X0lLMGM",
        "city": "New York",
        "region": "New York",
        "country": "United States",
        "org": "Google LLC",
        "timezone": "America/New_York",
        "source": "ip-api.com"
      },
      "geometry": {
        "type": "Point",
        "coordinates": [
          -74.006,
          40.7128
        ]
      }
    },
    {
      "type": "Feature",
      "properties": {
        "ip": "142.250.65.238",
        "url": "https://www.youtube.com/api/timedtext?v=eut5Q5lUxic&ei=UXmJaMKcBvDQoPMPq47I6A0&caps=asr&opi=112496729&exp=xpo%2Cxpe&xoaf=7&hl=zh-CN&ip=0.0.0.0&ipbits=0&expire=1753865153&sparams=ip%2Cipbits%2Cexpire%2Cv%2Cei%2Ccaps%2Copi%2Cexp%2Cxoaf&signature=46B9532C171F41415E4DD3430DE54AF3D4D05233.8DD498EF1D0E742E0A12142BE975ADA4E7DBF866&key=yt8&lang=en-GB&potc=1&pot=MlWYYlDV7JZaW5hcNPSnxb9tYrVBdIxqd322AtaN7X6zOm6B6RBBlYz7EIyRV7wy8Kz13dMMKQ1ZGZ7OWCLrf_D1TP4J3yZk9oNtnj4E4TmQvAC84G72&fmt=json3&xorb=2&xobt=3&xovt=3&cbrand=apple&cbr=Chrome&cbrver=138.0.0.0&c=WEB&cver=2.20250728.08.00&cplayer=UNIPLAYER&cos=Macintosh&cosver=10_15_7&cplatform=DESKTOP",
        "city": "New York",
        "region": "New York",
        "country": "United States",
        "org": "Google LLC",
        "timezone": "America/New_York",
        "source": "ip-api.com"
      },
      "geometry": {
        "type": "Point",
        "coordinates": [
          -74.006,
          40.7128
        ]
      }
    },
    {
      "type": "Feature",
      "properties": {
        "ip": "142.250.65.238",
        "url": "https://www.youtube.com/api/stats/watchtime?ns=yt&el=shortspage&cpn=ed_AH0kKHedq7BBl&ver=2&cmt=0&fmt=398&fs=0&rt=0.659&euri=https%3A%2F%2Fwww.youtube.com%2Fshorts%2F0wBfICuWl7M&lact=7694&cl=787819992&state=paused&volume=62&cbrand=apple&cbr=Chrome&cbrver=138.0.0.0&c=WEB&cver=2.20250728.08.00&cplayer=UNIPLAYER&cos=Macintosh&cosver=10_15_7&cplatform=DESKTOP&final=1&delay=4&hl=zh_CN&cr=US&uga=35&len=11.721&afmt=251&idpj=-5&ldpj=0&st=0&et=0&muted=0&docid=sD0-hqf3ZZk&ei=knmJaNWnK-Xcut0Ph7uhyQY&plid=AAY7G7NPemgPHT8u&referrer=https%3A%2F%2Fwww.youtube.com%2Fshorts%2FvUSL2Y9Inus&sdetail=p%3A%2Fshorts%2FvUSL2Y9Inus&sourceid=y&of=VA4bmIuqwaPj0zpt1x_G2g&vm=CAEQABgEOjJBSHFpSlRKY3liVXpEUWxDX21jMU03UGN2NngxRWtsUDNLSXRUTFp2dkU0YkQtd2p1d2JiQUZVQTZSUkxzR1Z4RGc3eDZiQkJuM1J1OGp6UFV2UmRpZkt6RWhtYTFrM2ZrMERkYjNCZ214RGEzdnI5TEd4RlVPZnJaVWhtRVpHR0FVLWZCQXN2OE5jUUxtbnhlSDFaUmc",
        "city": "New York",
        "region": "New York",
        "country": "United States",
        "org": "Google LLC",
        "timezone": "America/New_York",
        "source": "ip-api.com"
      },
      "geometry": {
        "type": "Point",
        "coordinates": [
          -74.006,
          40.7128
        ]
      }
    },
    {
      "type": "Feature",
      "properties": {
        "ip": "142.250.65.238",
        "url": "https://www.youtube.com/api/stats/watchtime?ns=yt&el=shortspage&cpn=AGNOZsC9swm5vJbe&ver=2&cmt=7.916&fmt=398&fs=0&rt=39.003&euri=https%3A%2F%2Fwww.youtube.com%2Fshorts%2F0wBfICuWl7M&lact=1084&cl=787819992&state=paused&volume=62%2C62&cbrand=apple&cbr=Chrome&cbrver=138.0.0.0&c=WEB&cver=2.20250728.08.00&cplayer=UNIPLAYER&cos=Macintosh&cosver=10_15_7&cplatform=DESKTOP&hl=zh_CN&cr=US&uga=35&len=15.361&afmt=251&idpj=-2&ldpj=-34&rti=77&st=5.921%2C7.784&et=7.784%2C7.916&muted=0%2C0&cc=a.en%2C-&au=en-US.4%2Cen-US.4&docid=0wBfICuWl7M&ei=ZXmJaJ2DKY-Fy_sPypGguAY&plid=AAY7G7CgcuBikd8u&referrer=https%3A%2F%2Fwww.youtube.com%2F&sdetail=p%3A%2F&sourceid=y&of=raQYPSIGQC6NHabIWN64uQ&vm=CAEQABgEOjJBSHFpSlRMVkdJZ1ctUDRMXzE2QnRITDZOVDNxVldjRDZqb2xVMHZydmQ3XzFGbjRTQWJkQUZVQTZSUTlla1ZPTmN0cFVEeXBOOFRGTEtQU1UxbjM3N09tcFhuR25sU3hkNFBvaTdrT29tRUx1ZEo1elJ2d3U1QUVQRkhHY2MtaEtHRXNZLS0tbkJ2WW91RmtkTFBlVU1WUw",
        "city": "New York",
        "region": "New York",
        "country": "United States",
        "org": "Google LLC",
        "timezone": "America/New_York",
        "source": "ip-api.com"
      },
      "geometry": {
        "type": "Point",
        "coordinates": [
          -74.006,
          40.7128
        ]
      }
    },
    {
      "type": "Feature",
      "properties": {
        "ip": "142.250.65.238",
        "url": "https://www.youtube.com/s/desktop/fb317ea9/img/logos/favicon_32x32.png",
        "city": "New York",
        "region": "New York",
        "country": "United States",
        "org": "Google LLC",
        "timezone": "America/New_York",
        "source": "ip-api.com"
      },
      "geometry": {
        "type": "Point",
        "coordinates": [
          -74.006,
          40.7128
        ]
      }
    },
    {
      "type": "Feature",
      "properties": {
        "ip": "142.250.65.238",
        "url": "https://www.youtube.com/pagead/interaction/?ai=CzZL_ZXmJaJGNLvyF9eQP-veJ6QjAhrrzgAH_vqai1hS1kB8QASAAYMnGqYvApNgPggEXY2EtcHViLTYyMTk4MTE3NDcwNDkzNzGgAfuZsfwBqAMEyAMKqgSzAU_QGeYpEzauduJoWOJD-Rp_15LNvBpm_gEIBEQ-fEjz8NQukiyjAH1PhWPfiMwGIH_qA-THp30N-F1V_caikT5fwK8-Pg7P7JPkjHaz-Sjzz5BVz91Ja8A2_4yFYmgZRwZqczrm-YXpF6Hv4wZCO_QIQnTDJATsqr_m4U3FNeGjsEhx7JfyPa2PqmIZcBoe_nh0h6tUd5yq18Bx8nXNE77yVHo6LH7GuJvvNUgKV6IOjBBQiAWszd2GVaAGoQGAB-3lzoMCiAcBkAcCqAfywLECqAe4xLECqAfhtrECqAelz7ECqAfnnbECqAfonbECqAfvtbECqAfwtbECqAf507ECqAeCqrECqAeECKgHptSxAqgHqNIbqAe2B6gHsdwbqAeBw7ECqAf4v7ECqAewm7ECqAeusbECqAfmvLECqAfKurECqAf9srECqAf3uLECqAf4uLECqAfIz7ECqAfJz7ECqAfNx7ECqAfx0bECqAf0mbECqAf4v7ECqAeBxhuoB_yvsQKoB-PZG5IICzBYbHNGZU5XRE1nqAgBsAgM0ggxCICAgIAEEAIYWjICgAQ6EY_QgICAgASAwICAgMCAgAIqSNmg0jVQFFjAvIKFu-OOA8gJjwHICcIByAnkAboLVQgEEAUYBCAQKAEwEUABSABYLGAAaABwAYgBAJgBAaIBKAodCAAgA9q4BBUyEzoRCg8oMEiw-7LokASYGQG4IAHQAQGoAgXAAgKoAQHYAQGAAgGIAgXSDAQIARABuBP___________8BiBQBsBQEwBXJgIBAihcWCAMYASABKAEwATgBQAFIAVABWAFgAqAXAakXcoYtjHKK4LS6FwgQASgAMAFIAYAZAw&sigh=XA4u3rg8KlM&cid=CAESD-D2LiMQVeIaDXeS-X-nSg&label=part2viewed&ad_mt=0&acvw=sv%3D967%26v%3D20250727%26cb%3Dyw%26e%3D0%26nas%3D1%26sdk%3Db%26p%3D-695,198,66,626%26tos%3D0,0,0,0,0%26mtos%3D0,0,0,0,0%26amtos%3D0,0,0,0,0%26mcvt%3D0%26ps%3D849,865%26scs%3D1512,982%26bs%3D849,857%26vht%3D0%26mut%3D0%26a%3D0.62%26ft%3D0%26dft%3D0%26at%3D0%26dat%3D0%26as%3D1%26vpt%3D0%26gmm%3D4%26efpf%3D2%26nmt%3D0%26tcm%3D1%26bt%3D0%26pst%3D-1%26dur%3D37000%26vmtime%3D2%26dvs%3D0%26dfvs%3D0%26dvpt%3D0%26is%3D278%26i0%3D278%26ic%3D278%26cs%3D278%26c%3D0.08%26mc%3D0.08%26nc%3D0.08%26mv%3D0.62%26nv%3D0.62%26lte%3D0.08%26ces%26avms%3Dgeo%26qi%3DJRqKTNlxM3WO3qd4%26psm%3D1%26psv%3D0%26psfv%3D0%26psa%3D1%26ptlt%3D96997%26pngs%3D9,14,15%26veid%3Dfmd%3A1%26ssb%3D0,0,0,0,0,0,0,0,0,0,0%26co%3D4977281500%26tm%3D0%26tu%3D0&gv=atos%3D0,0,0,0,0%26avt%3D0%26davs%3D0%26dafvs%3D0%26ss%3D0.01%26t%3D1753840015975",
        "city": "New York",
        "region": "New York",
        "country": "United States",
        "org": "Google LLC",
        "timezone": "America/New_York",
        "source": "ip-api.com"
      },
      "geometry": {
        "type": "Point",
        "coordinates": [
          -74.006,
          40.7128
        ]
      }
    },
    {
      "type": "Feature",
      "properties": {
        "ip": "142.250.65.238",
        "url": "https://www.youtube.com/api/stats/playback?ns=yt&el=shortspage&cpn=lcwWPFW-CS-Maf10&ver=2&cmt=0.018&fmt=398&fs=0&rt=0.278&euri=https%3A%2F%2Fwww.youtube.com%2Fshorts%2F0wBfICuWl7M&lact=6489&cl=787819992&mos=0&volume=62&cbrand=apple&cbr=Chrome&cbrver=138.0.0.0&c=WEB&cver=2.20250728.08.00&cplayer=UNIPLAYER&cos=Macintosh&cosver=10_15_7&cplatform=DESKTOP&delay=4&hl=zh_CN&cr=US&uga=35&len=18.681&fexp=v1%2C23930656%2C55365%2C18623%2C695255%2C14625955%2C11684381%2C53408%2C9105%2C22730%2C2821%2C106030%2C18644%2C14869%2C47210%2C15124%2C65%2C13526%2C391%2C26504%2C9252%2C3479%2C2519%2C10511%2C23206%2C10364%2C4815%2C2%2C19813%2C19660%2C562%2C11784%2C2796%2C2595%2C5656%2C2625%2C1904%2C874%2C10552%2C591%2C6045%2C64%2C4324%2C2313%2C1491%2C1592%2C1479%2C3906%2C1563%2C3888%2C207%2C346%2C7947%2C842%2C4174%2C1995%2C355%2C2585%2C62%2C372%2C723%2C1671%2C1635%2C867%2C1060%2C2039%2C5%2C3485%2C166%2C1414%2C2164%2C332%2C12%2C1029%2C2643%2C938%2C70&rtn=7&afmt=251&muted=0&docid=vUSL2Y9Inus&ei=kXmJaJa7MbKBkucP7rHFoAs&plid=AAY7G7NBjkEdDAlu&referrer=https%3A%2F%2Fwww.youtube.com%2Fshorts%2F9RMilKQNsho&sdetail=p%3A%2Fshorts%2F9RMilKQNsho&sourceid=y&of=OCtd3NtuMrhukisUTlBY4g&vm=CAEQABgEOjJBSHFpSlRMLVRoOF9HYTRZTUhJb2twMGx3SE5UVlllMVJibmdHOXlPcjZjR2ZJTWFOUWJfQUZVQTZSVFhvbEkyUHh2a2NRQnpTalVhV3VkenkxTndBMDh1WDRPNGlRQXgtRV9nRHB0Vk1uXzBTSFJYVVlGY3VXREwyQXhwMkhhY2RyZkZRQV9GS3ZRUVQybGp3WFk",
        "city": "New York",
        "region": "New York",
        "country": "United States",
        "org": "Google LLC",
        "timezone": "America/New_York",
        "source": "ip-api.com"
      },
      "geometry": {
        "type": "Point",
        "coordinates": [
          -74.006,
          40.7128
        ]
      }
    },
    {
      "type": "Feature",
      "properties": {
        "ip": "142.250.65.238",
        "url": "https://www.youtube.com/api/stats/qoe?fmt=396&afmt=251&cpn=Eqgf5ggvEQVjBMoI&el=detailpage&ns=yt&fexp=v1%2C23930656%2C55365%2C18623%2C695255%2C14625955%2C11684381%2C53408%2C9105%2C22730%2C2821%2C106030%2C18644%2C14869%2C47210%2C15124%2C65%2C13526%2C391%2C26504%2C9252%2C3479%2C2519%2C10511%2C23206%2C10364%2C4815%2C2%2C19813%2C19660%2C562%2C11784%2C2796%2C2595%2C5656%2C2625%2C1904%2C874%2C10552%2C591%2C6045%2C64%2C4324%2C2313%2C1491%2C1592%2C1479%2C3906%2C1563%2C3888%2C207%2C346%2C7947%2C842%2C4174%2C1995%2C355%2C2585%2C62%2C372%2C723%2C1671%2C1635%2C867%2C1060%2C2039%2C5%2C3485%2C166%2C1414%2C2164%2C332%2C12%2C1029%2C2643%2C938%2C70&cl=787819992&adformat=15_6&seq=1&adcontext=CAESEwj25sHpuuOOAxUoV50GHX3GLY4gBygE&docid=Zg3Xd0giIIk&ei=LnmJaLOwD9KqoPMPjoLXmAg&event=streamingstats&plid=AAY7G61SkicvQGmF&sdetail=p%3A%2F&sourceid=y&cbrand=apple&cbr=Chrome&cbrver=138.0.0.0&c=WEB&cver=2.20250728.08.00&cplayer=UNIPLAYER&cos=Macintosh&cosver=10_15_7&cplatform=DESKTOP&vps=0.000:N,0.009:B,0.125:B,0.125:B&cat=streaming,sabr&ctmp=esfw:usbc.1;hsu.1,atrkchg:t.125;id.und;m.0&cmt=0.009:0.000,0.019:0.000,0.125:0.000&bwe=0.019:1040804,0.125:626805&vis=0.019:5&bh=0.019:0.000,0.125:0.000&afs=0.124:251;CggKA2RyYxIBMQ::i:CAEoAQ&vfs=0.125:396:396::r:CAEoAQ&bwm=0.125:380002:0.120&bat=0.125:0.64:1&qclc=ChBFcWdmNWdndkVRVmpCTW9JEAE",
        "city": "New York",
        "region": "New York",
        "country": "United States",
        "org": "Google LLC",
        "timezone": "America/New_York",
        "source": "ip-api.com"
      },
      "geometry": {
        "type": "Point",
        "coordinates": [
          -74.006,
          40.7128
        ]
      }
    },
    {
      "type": "Feature",
      "properties": {
        "ip": "142.250.65.238",
        "url": "https://www.youtube.com/api/timedtext?v=THY_UFpbZJY&ei=XHmJaOC_E4aqoPMPtLv9oAE&caps=asr&opi=112496729&exp=xpo%2Cxpe&xoaf=7&hl=zh-CN&ip=0.0.0.0&ipbits=0&expire=1753865164&sparams=ip%2Cipbits%2Cexpire%2Cv%2Cei%2Ccaps%2Copi%2Cexp%2Cxoaf&signature=0A27F49439B072E3C9DCB4690BAFE5FA427ACBF5.E090AD05C8F96BDB44454A2AF92B59218189AB73&key=yt8&lang=en-US&potc=1&pot=MlU1wQXU3hG-IjX_YfWVQlsUzxYUdb7tkwQboYOM3_lXQ8MivBFzEmiCvS_EVo61FNVYfoYNG4q9YDNtDSPZ-BSM4V1c3hTjEvoWZQCkhrupNgQmH5sc&fmt=json3&xorb=2&xobt=3&xovt=3&cbrand=apple&cbr=Chrome&cbrver=138.0.0.0&c=WEB&cver=2.20250728.08.00&cplayer=UNIPLAYER&cos=Macintosh&cosver=10_15_7&cplatform=DESKTOP",
        "city": "New York",
        "region": "New York",
        "country": "United States",
        "org": "Google LLC",
        "timezone": "America/New_York",
        "source": "ip-api.com"
      },
      "geometry": {
        "type": "Point",
        "coordinates": [
          -74.006,
          40.7128
        ]
      }
    },
    {
      "type": "Feature",
      "properties": {
        "ip": "142.250.65.238",
        "url": "https://www.youtube.com/api/timedtext?v=eut5Q5lUxic&ei=UXmJaMKcBvDQoPMPq47I6A0&caps=asr&opi=112496729&exp=xpo%2Cxpe&xoaf=7&hl=zh-CN&ip=0.0.0.0&ipbits=0&expire=1753865153&sparams=ip%2Cipbits%2Cexpire%2Cv%2Cei%2Ccaps%2Copi%2Cexp%2Cxoaf&signature=46B9532C171F41415E4DD3430DE54AF3D4D05233.8DD498EF1D0E742E0A12142BE975ADA4E7DBF866&key=yt8&lang=en-GB&potc=1&pot=MlVfAWDWTqoChV8_BPcF-eezpdZxdy5WL6NxYeaOT0Lr5Kni2RPjqdQl1--hVB4OqHIyvuMPizEBx1mtaCFJQ6gri5053IRYrl0I_gqmQ2zf2jnctqFr&fmt=json3&xorb=2&xobt=3&xovt=3&cbrand=apple&cbr=Chrome&cbrver=138.0.0.0&c=WEB&cver=2.20250728.08.00&cplayer=UNIPLAYER&cos=Macintosh&cosver=10_15_7&cplatform=DESKTOP",
        "city": "New York",
        "region": "New York",
        "country": "United States",
        "org": "Google LLC",
        "timezone": "America/New_York",
        "source": "ip-api.com"
      },
      "geometry": {
        "type": "Point",
        "coordinates": [
          -74.006,
          40.7128
        ]
      }
    },
    {
      "type": "Feature",
      "properties": {
        "ip": "142.250.65.238",
        "url": "https://www.youtube.com/api/stats/playback?ns=yt&el=detailpage&cpn=TzjODNMc-skX1fHp&ver=2&cmt=0.095&fmt=396&fs=0&rt=0.291&euri&lact=457&cl=787819992&mos=1&volume=100&cbrand=apple&cbr=Chrome&cbrver=138.0.0.0&c=WEB&cver=2.20250728.08.00&cplayer=UNIPLAYER&cos=Macintosh&cosver=10_15_7&cplatform=DESKTOP&autoplay=1&delay=10&hl=zh_CN&cr=US&uga=35&len=891.181&fexp=v1%2C23930656%2C55365%2C18623%2C695255%2C14625955%2C11684381%2C53408%2C9105%2C22730%2C2821%2C106030%2C18644%2C14869%2C47210%2C15124%2C65%2C13526%2C391%2C26504%2C9252%2C3479%2C2519%2C10511%2C23206%2C10364%2C4815%2C2%2C19813%2C19660%2C562%2C11784%2C2796%2C2595%2C5656%2C2625%2C1904%2C874%2C10552%2C591%2C6045%2C64%2C4324%2C2313%2C1491%2C1592%2C1479%2C3906%2C1563%2C3888%2C207%2C346%2C7947%2C842%2C4174%2C1995%2C355%2C2585%2C62%2C372%2C723%2C1671%2C1635%2C867%2C1060%2C2039%2C5%2C3485%2C166%2C1414%2C2164%2C332%2C12%2C1029%2C2643%2C938%2C70&rtn=11&feature=g-high-rec&afmt=251&muted=1&vis=5&cc=a.en&au_d=en-US.4&docid=S7dc_DOVwbI&ei=OXmJaJiuF4yGkucPq6OjgQg&plid=AAY7G638VDD-UH3s&referrer=https%3A%2F%2Fwww.youtube.com%2F&sdetail=p%3A%2F&sourceid=y&autonav=1&of=w9TYKSJjyGmNibdjhRe5xg&vm=CAEQARgEOjJBSHFpSlRMYlRHdWgxY2Q2bmtpemRWdmpSdUtMc0dCUFBBVVdmTTM0bXZOY0Rfdzk4Z2JaQUZVQTZSVFZKYzdnN21wQU1GeEZmSExtVnBuZlFDOFRyVE9odk4tYjY3SndSUnZkM2xEbEZrcXE5MVdyekhXbGlMN3pQMXhrMTZNNjJMcWNvR1VHSllYa0Rn",
        "city": "New York",
        "region": "New York",
        "country": "United States",
        "org": "Google LLC",
        "timezone": "America/New_York",
        "source": "ip-api.com"
      },
      "geometry": {
        "type": "Point",
        "coordinates": [
          -74.006,
          40.7128
        ]
      }
    },
    {
      "type": "Feature",
      "properties": {
        "ip": "142.250.65.238",
        "url": "https://www.youtube.com/api/stats/playback?ns=yt&el=adunit&cpn=s-ZuRnfTG5Fd5T-e&ver=2&cmt=0.019&fmt=398&fs=0&rt=0.368&adformat=15_20&euri=https%3A%2F%2Fwww.youtube.com%2Fshorts%2F0wBfICuWl7M&lact=8064&cl=787819992&mos=0&volume=62&cbrand=apple&cbr=Chrome&cbrver=138.0.0.0&c=WEB&cver=2.20250728.08.00&cplayer=UNIPLAYER&cos=Macintosh&cosver=10_15_7&cplatform=DESKTOP&delay=4&hl=zh_CN&cr=US&uga=35&len=30.061&fexp=v1%2C23930656%2C55365%2C18623%2C695255%2C14625955%2C11684381%2C53408%2C9105%2C22730%2C2821%2C106030%2C18644%2C14869%2C47210%2C15124%2C65%2C13526%2C391%2C26504%2C9252%2C3479%2C2519%2C10511%2C23206%2C10364%2C4815%2C2%2C19813%2C19660%2C562%2C11784%2C2796%2C2595%2C5656%2C2625%2C1904%2C874%2C10552%2C591%2C6045%2C64%2C4324%2C2313%2C1491%2C1592%2C1479%2C3906%2C1563%2C3888%2C207%2C346%2C7947%2C842%2C4174%2C1995%2C355%2C2585%2C62%2C372%2C723%2C1671%2C1635%2C867%2C1060%2C2039%2C5%2C3485%2C166%2C1414%2C2164%2C332%2C12%2C1029%2C2643%2C938%2C70&rtn=6&afmt=251&muted=0&docid=lCsV8l3s5_w&ei=k3mJaIXiF9Gk0_wP9sSnsQY&plid=AAY7G7NZggWyqyaz&referrer=https%3A%2F%2Fwww.youtube.com%2Fshorts%2FsD0-hqf3ZZk&sdetail=p%3A%2Fshorts%2FsD0-hqf3ZZk&sourceid=y&adcontext=CAESEwjR04OFu-OOAxX8Qp0GHfp7Io0YAiAQKAQ&aqi=ZXmJaJGNLvyF9eQP-veJ6Qg&of=wbAUJoLFDaeeOSJrHXH1sg&vm=CAEQABgEOjJBSHFpSlRKRnYtWU51ODZOVTV4QXNrcDdIemtwVzFYUlJSTXVlaklrcG4zWTFueUdJUWJiQUZVQTZSVGMxM3UwdlZnWHNIeUlWTnlEVExYQXRFb2hibUd6MFQ4N29iQ0VkMDY3N0k5T3VFNkFtb1I5MWxTbDVDdkd3TG5qT3ZtaU1iWFdoc3B3Q2hkd0NYSFpBTnl4eFE",
        "city": "New York",
        "region": "New York",
        "country": "United States",
        "org": "Google LLC",
        "timezone": "America/New_York",
        "source": "ip-api.com"
      },
      "geometry": {
        "type": "Point",
        "coordinates": [
          -74.006,
          40.7128
        ]
      }
    },
    {
      "type": "Feature",
      "properties": {
        "ip": "142.250.65.238",
        "url": "https://www.youtube.com/api/stats/watchtime?ns=yt&el=detailpage&cpn=fMDjmaNK9Zee260q&ver=2&cmt=0&fmt=396&fs=0&rt=0.624&euri&lact=367&cl=787819992&state=paused&volume=100&subscribed=1&cbrand=apple&cbr=Chrome&cbrver=138.0.0.0&c=WEB&cver=2.20250728.08.00&cplayer=UNIPLAYER&cos=Macintosh&cosver=10_15_7&cplatform=DESKTOP&autoplay=1&delay=10&hl=zh_CN&cr=US&uga=35&len=46.501&feature=g-high&afmt=251&idpj=-5&ldpj=-26&rti=6&st=0&et=0.354&muted=1&vis=5&docid=Qvh2DovBi64&ei=M3mJaNGCCqiGoPMPq9WVyAM&plid=AAY7G62dZ2Pv6MDr&referrer=https%3A%2F%2Fwww.youtube.com%2F&sdetail=p%3A%2F&sourceid=y&autonav=1&of=ShPYt4YTIxEtCFnju4SHvQ&vm=CAEQARgEOjJBSHFpSlRJUVdUMGhlTVl2Sk1TWTRCdTZDVEF4aTJhYXhFYkpLN3dqclZZTUc4c0JlZ2JfQUZVQTZSVDFqMDQ5bDFPRWs1UTJ1b0x3SF9aRXNnN0E4V0xiZXBYWF8yQ18tLXlnUkNaRkk0b1hSZkIzbjBRejJ2elVlN0xWdkJUS3p6VHdjNmlVaDZPejZIUUg1MTQ",
        "city": "New York",
        "region": "New York",
        "country": "United States",
        "org": "Google LLC",
        "timezone": "America/New_York",
        "source": "ip-api.com"
      },
      "geometry": {
        "type": "Point",
        "coordinates": [
          -74.006,
          40.7128
        ]
      }
    },
    {
      "type": "Feature",
      "properties": {
        "ip": "142.250.65.238",
        "url": "https://www.youtube.com/api/stats/qoe?fmt=396&afmt=251&cpn=YJKnLoXkh9BSFDc0&el=detailpage&ns=yt&fexp=v1%2C23930656%2C55365%2C18623%2C695255%2C14625955%2C11684381%2C53408%2C9105%2C22730%2C2821%2C106030%2C18644%2C14869%2C47210%2C15124%2C65%2C13526%2C391%2C26504%2C9252%2C3479%2C2519%2C10511%2C23206%2C10364%2C4815%2C2%2C19813%2C19660%2C562%2C11784%2C2796%2C2595%2C5656%2C2625%2C1904%2C874%2C10552%2C591%2C6045%2C64%2C4324%2C2313%2C1491%2C1592%2C1479%2C3906%2C1563%2C3888%2C207%2C346%2C7947%2C842%2C4174%2C1995%2C355%2C2585%2C62%2C372%2C723%2C1671%2C1635%2C867%2C1060%2C2039%2C5%2C3485%2C166%2C1414%2C2164%2C332%2C12%2C1029%2C2643%2C938%2C70&cl=787819992&seq=1&docid=0wBfICuWl7M&ei=M3mJaMenN-XOoPMPwpXJwQs&event=streamingstats&feature=g-high&plid=AAY7G62pJZy2NqiA&sdetail=p%3A%2F&sourceid=y&cbrand=apple&cbr=Chrome&cbrver=138.0.0.0&c=WEB&cver=2.20250728.08.00&cplayer=UNIPLAYER&cos=Macintosh&cosver=10_15_7&cplatform=DESKTOP&vps=0.000:N,0.005:B,0.051:B,0.051:B&cat=streaming,mta,sabr&ctmp=esfw:usbc.1;hsu.1,atrkchg:t.51;id.en-US.4;m.0&cmt=0.005:0.000,0.051:0.000&afs=0.050:251;ChEKBWFjb250EghvcmlnaW5hbAoNCgRsYW5nEgVlbi1VUw::i:CCwoAQ&vfs=0.051:396:396::r:CCwoAQ&view=0.051:232:348:2&bwm=0.051:481435:0.049&bwe=0.051:1847370&bat=0.051:0.65:1&vis=0.051:5&bh=0.051:0.000&qclc=ChBZSktuTG9Ya2g5QlNGRGMwEAE",
        "city": "New York",
        "region": "New York",
        "country": "United States",
        "org": "Google LLC",
        "timezone": "America/New_York",
        "source": "ip-api.com"
      },
      "geometry": {
        "type": "Point",
        "coordinates": [
          -74.006,
          40.7128
        ]
      }
    },
    {
      "type": "Feature",
      "properties": {
        "ip": "142.250.65.238",
        "url": "https://www.youtube.com/api/stats/watchtime?ns=yt&el=shortspage&cpn=AGNOZsC9swm5vJbe&ver=2&cmt=3.346&fmt=398&fs=0&rt=19.006&euri=https%3A%2F%2Fwww.youtube.com%2Fshorts%2F0wBfICuWl7M&lact=17636&cl=787819992&state=playing&volume=62%2C62&cbrand=apple&cbr=Chrome&cbrver=138.0.0.0&c=WEB&cver=2.20250728.08.00&cplayer=UNIPLAYER&cos=Macintosh&cosver=10_15_7&cplatform=DESKTOP&hl=zh_CN&cr=US&uga=35&len=15.361&rtn=29&afmt=251&idpj=-2&ldpj=-34&rti=19&st=8.77%2C0&et=15.331%2C3.346&pe=0%2C1&muted=0%2C0&cc=a.en%2Ca.en&au=en-US.4%2Cen-US.4&docid=0wBfICuWl7M&ei=ZXmJaJ2DKY-Fy_sPypGguAY&plid=AAY7G7CgcuBikd8u&referrer=https%3A%2F%2Fwww.youtube.com%2F&sdetail=p%3A%2F&sourceid=y&of=raQYPSIGQC6NHabIWN64uQ&vm=CAEQABgEOjJBSHFpSlRMVkdJZ1ctUDRMXzE2QnRITDZOVDNxVldjRDZqb2xVMHZydmQ3XzFGbjRTQWJkQUZVQTZSUTlla1ZPTmN0cFVEeXBOOFRGTEtQU1UxbjM3N09tcFhuR25sU3hkNFBvaTdrT29tRUx1ZEo1elJ2d3U1QUVQRkhHY2MtaEtHRXNZLS0tbkJ2WW91RmtkTFBlVU1WUw",
        "city": "New York",
        "region": "New York",
        "country": "United States",
        "org": "Google LLC",
        "timezone": "America/New_York",
        "source": "ip-api.com"
      },
      "geometry": {
        "type": "Point",
        "coordinates": [
          -74.006,
          40.7128
        ]
      }
    },
    {
      "type": "Feature",
      "properties": {
        "ip": "142.250.65.238",
        "url": "https://www.youtube.com/api/jnn/v1/GenerateIT",
        "city": "New York",
        "region": "New York",
        "country": "United States",
        "org": "Google LLC",
        "timezone": "America/New_York",
        "source": "ip-api.com"
      },
      "geometry": {
        "type": "Point",
        "coordinates": [
          -74.006,
          40.7128
        ]
      }
    },
    {
      "type": "Feature",
      "properties": {
        "ip": "142.250.65.238",
        "url": "https://www.youtube.com/api/stats/qoe?fmt=398&afmt=251&cpn=AGNOZsC9swm5vJbe&el=shortspage&ns=yt&fexp=v1%2C23930656%2C55365%2C18623%2C695255%2C14625955%2C11684381%2C53408%2C9105%2C22730%2C2821%2C106030%2C18644%2C14869%2C47210%2C15124%2C65%2C13526%2C391%2C26504%2C9252%2C3479%2C2519%2C10511%2C23206%2C10364%2C4815%2C2%2C19813%2C19660%2C562%2C11784%2C2796%2C2595%2C5656%2C2625%2C1904%2C874%2C10552%2C591%2C6045%2C64%2C4324%2C2313%2C1491%2C1592%2C1479%2C3906%2C1563%2C3888%2C207%2C346%2C7947%2C842%2C4174%2C1995%2C355%2C2585%2C62%2C372%2C723%2C1671%2C1635%2C867%2C1060%2C2039%2C5%2C3485%2C166%2C1414%2C2164%2C332%2C12%2C1029%2C2643%2C938%2C70&cl=787819992&seq=5&docid=0wBfICuWl7M&ei=ZXmJaJ2DKY-Fy_sPypGguAY&event=streamingstats&plid=AAY7G7CgcuBikd8u&sdetail=p%3A%2F&sourceid=y&cbrand=apple&cbr=Chrome&cbrver=138.0.0.0&c=WEB&cver=2.20250728.08.00&cplayer=UNIPLAYER&cos=Macintosh&cosver=10_15_7&cplatform=DESKTOP&bwe=31.003:4603134,31.047:4603134&bat=31.003:0.65:1,31.047:0.65:1&cmt=31.003:0.000,31.039:0.000,31.047:0.016&bh=31.003:15.333,31.047:15.333&vps=31.003:S:ss.104,31.039:PL,31.047:PL&qclc=ChBBR05PWnNDOXN3bTV2SmJlEAUaDENnSUlEQSUzRCUzRA",
        "city": "New York",
        "region": "New York",
        "country": "United States",
        "org": "Google LLC",
        "timezone": "America/New_York",
        "source": "ip-api.com"
      },
      "geometry": {
        "type": "Point",
        "coordinates": [
          -74.006,
          40.7128
        ]
      }
    },
    {
      "type": "Feature",
      "properties": {
        "ip": "142.250.65.238",
        "url": "https://www.youtube.com/api/stats/watchtime?ns=yt&el=shortspage&cpn=yEzFv5n5TCyxr_H7&ver=2&cmt=0&fmt=398&fs=0&rt=23.832&euri=https%3A%2F%2Fwww.youtube.com%2Fshorts%2F0wBfICuWl7M&lact=2587&cl=787819992&state=paused&volume=62&cbrand=apple&cbr=Chrome&cbrver=138.0.0.0&c=WEB&cver=2.20250728.08.00&cplayer=UNIPLAYER&cos=Macintosh&cosver=10_15_7&cplatform=DESKTOP&final=1&delay=4&hl=zh_CN&cr=US&uga=35&len=14.881&afmt=251&idpj=-9&ldpj=0&st=0&et=0&muted=0&docid=kJ3o1E2WS8E&ei=aHmJaID2LuLsy9YPvLrIiQ0&plid=AAY7G7DPZeGvfyFn&referrer=https%3A%2F%2Fwww.youtube.com%2F&sdetail=p%3A%2F&sourceid=y&of=GC6OCn1lTVgpgJyrp2hYjw&vm=CAEQABgEOjJBSHFpSlRMZTdQMEl4WTQxNWUzSFNMandnUVNoNF9DeThuN2s5Mzcxdy1rNHAyc0hJZ2JkQUZVQTZSUnUxRGM5enQ0RTRMcDUxY3dNVlVVVGVHTmNMcW1UTkJMd3ltRXZhNmdHaDA5ZWpVLV85bktGY2RFanJaYVNsWExOSU1ncHQtczFZazAyaF90WWNmS0Q0YUExZ1E5cQ",
        "city": "New York",
        "region": "New York",
        "country": "United States",
        "org": "Google LLC",
        "timezone": "America/New_York",
        "source": "ip-api.com"
      },
      "geometry": {
        "type": "Point",
        "coordinates": [
          -74.006,
          40.7128
        ]
      }
    },
    {
      "type": "Feature",
      "properties": {
        "ip": "142.250.65.238",
        "url": "https://www.youtube.com/api/stats/watchtime?ns=yt&el=detailpage&cpn=pxmDWfwVd4IUuMfd&ver=2&cmt=0&fmt=396&fs=0&rt=2.48&euri&lact=1739&cl=787819992&state=paused&volume=100&subscribed=1&cbrand=apple&cbr=Chrome&cbrver=138.0.0.0&c=WEB&cver=2.20250728.08.00&cplayer=UNIPLAYER&cos=Macintosh&cosver=10_15_7&cplatform=DESKTOP&autoplay=1&delay=10&hl=zh_CN&cr=US&uga=35&len=1012.181&feature=g-high-rec&afmt=251&idpj=-3&ldpj=-7&rti=8&st=0&et=2.286&muted=1&vis=5&cc=.en-GB&docid=eut5Q5lUxic&ei=UXmJaMKcBvDQoPMPq47I6A0&plid=AAY7G69mRkR5pgPl&referrer=https%3A%2F%2Fwww.youtube.com%2F&sdetail=p%3A%2F&sourceid=y&autonav=1&of=jBAmqTi7SxXKiHeiR5PclA&vm=CAEQARgEOjJBSHFpSlRLeVlCa1BsZzNZclJZTlVOdlJ6VjBGUTdmaXM0UnNkSGwwOGxaMnhnZEhDQWJfQUZVQTZSVEFLclN6UzRWTENfNkxacnJUdWRVVWUzS1hOY0V2bTFVSElUU213SlNkdFB2UzJYZDNNU1NHTGJQZk95bllIWUlWQVEyZDBZZnlfeUxXZHNfVWp1el9ZWEU",
        "city": "New York",
        "region": "New York",
        "country": "United States",
        "org": "Google LLC",
        "timezone": "America/New_York",
        "source": "ip-api.com"
      },
      "geometry": {
        "type": "Point",
        "coordinates": [
          -74.006,
          40.7128
        ]
      }
    },
    {
      "type": "Feature",
      "properties": {
        "ip": "142.250.65.238",
        "url": "https://www.youtube.com/api/stats/playback?ns=yt&el=shortspage&cpn=XL_rutMTUkEBX_dj&ver=2&cmt=0.014&fmt=398&fs=0&rt=0.247&euri=https%3A%2F%2Fwww.youtube.com%2Fshorts%2F0wBfICuWl7M&lact=9372&cl=787819992&mos=0&volume=62&cbrand=apple&cbr=Chrome&cbrver=138.0.0.0&c=WEB&cver=2.20250728.08.00&cplayer=UNIPLAYER&cos=Macintosh&cosver=10_15_7&cplatform=DESKTOP&delay=4&hl=zh_CN&cr=US&uga=35&len=10.921&fexp=v1%2C23930656%2C55365%2C18623%2C695255%2C14625955%2C11684381%2C53408%2C9105%2C22730%2C2821%2C106030%2C18644%2C14869%2C47210%2C15124%2C65%2C13526%2C391%2C26504%2C9252%2C3479%2C2519%2C10511%2C23206%2C10364%2C4815%2C2%2C19813%2C19660%2C562%2C11784%2C2796%2C2595%2C5656%2C2625%2C1904%2C874%2C10552%2C591%2C6045%2C64%2C4324%2C2313%2C1491%2C1592%2C1479%2C3906%2C1563%2C3888%2C207%2C346%2C7947%2C842%2C4174%2C1995%2C355%2C2585%2C62%2C372%2C723%2C1671%2C1635%2C867%2C1060%2C2039%2C5%2C3485%2C166%2C1414%2C2164%2C332%2C12%2C1029%2C2643%2C938%2C70&rtn=9&afmt=251&muted=0&cc=a.en&docid=lGDhd-DTmrQ&ei=lHmJaNjOMeC1kucP2ufnqQg&plid=AAY7G7NvTWcC11bf&referrer=https%3A%2F%2Fwww.youtube.com%2Fshorts%2FqxHGvJfqBeo&sdetail=p%3A%2Fshorts%2FqxHGvJfqBeo&sourceid=y&of=ShGPvePbP-ynCeGX0HyHQQ&vm=CAEQABgEOjJBSHFpSlRLeUw4YWxiTWc0c1NTMzBYcktha3hvNlowZjFrN3A2czNiNWNWRGh0TmExd2JfQUZVQTZSUUd0ajRCT3ZfcmRuUFdJcUg4bXhPaUIwNG16THVNa3dRT0RYXzM1Q2J3aEZFa3c4bk9JejhVOFdOUDZtbXRPZEp0Z2pteDFTdW1Lb1VNLTdoQmptcDZHbVE",
        "city": "New York",
        "region": "New York",
        "country": "United States",
        "org": "Google LLC",
        "timezone": "America/New_York",
        "source": "ip-api.com"
      },
      "geometry": {
        "type": "Point",
        "coordinates": [
          -74.006,
          40.7128
        ]
      }
    },
    {
      "type": "Feature",
      "properties": {
        "ip": "142.250.65.238",
        "url": "https://www.youtube.com/api/stats/atr?ns=yt&el=detailpage&cpn=fbyitdUMTjwLLY8N&ver=2&cmt=1.066&fmt=396&fs=0&rt=1.195&euri&lact=1000&cl=787819992&mos=1&volume=100&cbrand=apple&cbr=Chrome&cbrver=138.0.0.0&c=WEB&cver=2.20250728.08.00&cplayer=UNIPLAYER&cos=Macintosh&cosver=10_15_7&cplatform=DESKTOP&autoplay=1&delay=10&hl=zh_CN&cr=US&uga=35&len=538.721&fexp=v1%2C23930656%2C55365%2C18623%2C695255%2C14625955%2C11684381%2C53408%2C9105%2C22730%2C2821%2C106030%2C18644%2C14869%2C47210%2C15124%2C65%2C13526%2C391%2C26504%2C9252%2C3479%2C2519%2C10511%2C23206%2C10364%2C4815%2C2%2C19813%2C19660%2C562%2C11784%2C2796%2C2595%2C5656%2C2625%2C1904%2C874%2C10552%2C591%2C6045%2C64%2C4324%2C2313%2C1491%2C1592%2C1479%2C3906%2C1563%2C3888%2C207%2C346%2C7947%2C842%2C4174%2C1995%2C355%2C2585%2C62%2C372%2C723%2C1671%2C1635%2C867%2C1060%2C2039%2C5%2C3485%2C166%2C1414%2C2164%2C332%2C12%2C1029%2C2643%2C938%2C70&feature=g-high-rec&afmt=251&muted=1&vis=5&cc=a.en&au=en-US.4&docid=3F7t2bnGbis&ei=SHmJaJWPCZeikucPzMKRwAc&plid=AAY7G67dsDXGHyjL&vm=CAEQARgEOjJBSHFpSlRJZ3lFV3FhX1kxSUl5NGFrUXZWT0ZqOXQ0TGE5b19leHdGQVNTR3M2UDFkZ2JcQUZVQTZSU0FSVTFjd0txdWNsOWhUTXRRdzRGY1NlUmZXMTg2NzJDT1VuSHNQNjJmZkFLQ2lPbVdZbVB0aV9yNG1RQlBRREdkQl9kbXdrbnJhajZkenVDc3NJR3A",
        "city": "New York",
        "region": "New York",
        "country": "United States",
        "org": "Google LLC",
        "timezone": "America/New_York",
        "source": "ip-api.com"
      },
      "geometry": {
        "type": "Point",
        "coordinates": [
          -74.006,
          40.7128
        ]
      }
    },
    {
      "type": "Feature",
      "properties": {
        "ip": "142.250.65.238",
        "url": "https://www.youtube.com/api/stats/qoe?fmt=398&afmt=251&cpn=lcwWPFW-CS-Maf10&el=shortspage&ns=yt&fexp=v1%2C23930656%2C55365%2C18623%2C695255%2C14625955%2C11684381%2C53408%2C9105%2C22730%2C2821%2C106030%2C18644%2C14869%2C47210%2C15124%2C65%2C13526%2C391%2C26504%2C9252%2C3479%2C2519%2C10511%2C23206%2C10364%2C4815%2C2%2C19813%2C19660%2C562%2C11784%2C2796%2C2595%2C5656%2C2625%2C1904%2C874%2C10552%2C591%2C6045%2C64%2C4324%2C2313%2C1491%2C1592%2C1479%2C3906%2C1563%2C3888%2C207%2C346%2C7947%2C842%2C4174%2C1995%2C355%2C2585%2C62%2C372%2C723%2C1671%2C1635%2C867%2C1060%2C2039%2C5%2C3485%2C166%2C1414%2C2164%2C332%2C12%2C1029%2C2643%2C938%2C70&cl=787819992&seq=2&docid=vUSL2Y9Inus&ei=kXmJaJa7MbKBkucP7rHFoAs&event=streamingstats&plid=AAY7G7NBjkEdDAlu&sdetail=p%3A%2Fshorts%2F9RMilKQNsho&sourceid=y&cbrand=apple&cbr=Chrome&cbrver=138.0.0.0&c=WEB&cver=2.20250728.08.00&cplayer=UNIPLAYER&cos=Macintosh&cosver=10_15_7&cplatform=DESKTOP&user_intent=0&bh=0.277:18.667,0.820:0.000&cmt=0.277:0.018,0.814:0.529,0.815:0.000,0.819:0.000,0.820:0.000&vps=0.277:PL,0.814:PA,0.815:N,0.819:SU,0.820:SU&cfi=0.410:a.en:m&cfs=0.565:a.en:::m&bwm=0.820:4009651:0.076&bat=0.820:0.66:1&qclc=ChBsY3dXUEZXLUNTLU1hZjEwEAIaDENnSUlEQSUzRCUzRA",
        "city": "New York",
        "region": "New York",
        "country": "United States",
        "org": "Google LLC",
        "timezone": "America/New_York",
        "source": "ip-api.com"
      },
      "geometry": {
        "type": "Point",
        "coordinates": [
          -74.006,
          40.7128
        ]
      }
    },
    {
      "type": "Feature",
      "properties": {
        "ip": "142.250.65.238",
        "url": "https://www.youtube.com/ptracking?html5=1&video_id=Zg3Xd0giIIk&cpn=Eqgf5ggvEQVjBMoI&ei=LnmJaLOwD9KqoPMPjoLXmAg&ptk=youtube_host&ptchn=youtube_host&pltype=adpromoted&m=A7mmNxW7El6BfqPbonLCvkRUTAtsQBgr73PI143cWL4iGbyHt6k1a6D2XHFWKZSEAbdVW2I8-j4diCjPJKrKNExm",
        "city": "New York",
        "region": "New York",
        "country": "United States",
        "org": "Google LLC",
        "timezone": "America/New_York",
        "source": "ip-api.com"
      },
      "geometry": {
        "type": "Point",
        "coordinates": [
          -74.006,
          40.7128
        ]
      }
    },
    {
      "type": "Feature",
      "properties": {
        "ip": "142.250.65.238",
        "url": "https://www.youtube.com/api/stats/qoe?fmt=788&afmt=251&cpn=H0SwRGHF9KTml3K4&el=shortspage&ns=yt&fexp=v1%2C23930656%2C55365%2C18623%2C695255%2C14625955%2C11684381%2C53408%2C9105%2C22730%2C2821%2C106030%2C18644%2C14869%2C47210%2C15124%2C65%2C13526%2C391%2C26504%2C9252%2C3479%2C2519%2C10511%2C23206%2C10364%2C4815%2C2%2C19813%2C19660%2C562%2C11784%2C2796%2C2595%2C5656%2C2625%2C1904%2C874%2C10552%2C591%2C6045%2C64%2C4324%2C2313%2C1491%2C1592%2C1479%2C3906%2C1563%2C3888%2C207%2C346%2C7947%2C842%2C4174%2C1995%2C355%2C2585%2C62%2C372%2C723%2C1671%2C1635%2C867%2C1060%2C2039%2C5%2C3485%2C166%2C1414%2C2164%2C332%2C12%2C1029%2C2643%2C938%2C70&cl=787819992&seq=2&docid=qxHGvJfqBeo&ei=lHmJaKG1A43HkucPr_Hn6AU&event=streamingstats&plid=AAY7G7NjxmrzSisB&sdetail=p%3A%2Fshorts%2FlCsV8l3s5_w&sourceid=y&cbrand=apple&cbr=Chrome&cbrver=138.0.0.0&c=WEB&cver=2.20250728.08.00&cplayer=UNIPLAYER&cos=Macintosh&cosver=10_15_7&cplatform=DESKTOP&bh=0.339:13.800,0.766:0.000&cmt=0.339:0.002,0.762:0.364,0.764:0.000,0.766:0.000,0.766:0.000&vps=0.339:PL,0.762:PA,0.764:N,0.766:SU,0.766:SU&user_intent=0&cfs=0.686:::a.en:m&bat=0.766:0.66:1&qclc=ChBIMFN3UkdIRjlLVG1sM0s0EAIaDENnSUlEQSUzRCUzRA",
        "city": "New York",
        "region": "New York",
        "country": "United States",
        "org": "Google LLC",
        "timezone": "America/New_York",
        "source": "ip-api.com"
      },
      "geometry": {
        "type": "Point",
        "coordinates": [
          -74.006,
          40.7128
        ]
      }
    },
    {
      "type": "Feature",
      "properties": {
        "ip": "142.250.65.238",
        "url": "https://www.youtube.com/api/timedtext?v=lGDhd-DTmrQ&ei=lHmJaNjOMeC1kucP2ufnqQg&caps=asr&opi=112496729&exp=xpe&xoaf=5&xosf=1&hl=zh-CN&ip=0.0.0.0&ipbits=0&expire=1753865220&sparams=ip%2Cipbits%2Cexpire%2Cv%2Cei%2Ccaps%2Copi%2Cexp%2Cxoaf&signature=DE06BB848D31966F194CC5422C0B7B1D15FA7BCB.655FDE48E7B9A56B78E9812B979D2CA775EB2319&key=yt8&kind=asr&lang=en&potc=1&pot=MlURIbuiIUXa-hEf34NqFj_M6_aqA0G599w_QT36IK0zm-fCAmeMRgxamc96IHHhcA18njh75N7ZuBeNs1UmrHBUxb3iqOu3diIXUaQ0RvKQ7PR0Wdut&fmt=json3&xorb=2&xobt=3&xovt=3&cbrand=apple&cbr=Chrome&cbrver=138.0.0.0&c=WEB&cver=2.20250728.08.00&cplayer=UNIPLAYER&cos=Macintosh&cosver=10_15_7&cplatform=DESKTOP",
        "city": "New York",
        "region": "New York",
        "country": "United States",
        "org": "Google LLC",
        "timezone": "America/New_York",
        "source": "ip-api.com"
      },
      "geometry": {
        "type": "Point",
        "coordinates": [
          -74.006,
          40.7128
        ]
      }
    },
    {
      "type": "Feature",
      "properties": {
        "ip": "142.250.65.238",
        "url": "https://www.youtube.com/api/stats/watchtime?ns=yt&el=detailpage&cpn=DSExmEv2f6AdoD3Y&ver=2&cmt=87.561&fmt=398&fs=1&rt=93.001&euri&lact=54123&cl=787819992&state=playing&volume=62&cbrand=apple&cbr=Chrome&cbrver=138.0.0.0&c=WEB&cver=2.20250728.08.00&cplayer=UNIPLAYER&cos=Macintosh&cosver=10_15_7&cplatform=DESKTOP&hl=zh_CN&cr=US&uga=35&len=769.461&rtn=133&feature=plpp_video&afmt=251&idpj=-3&ldpj=-23&rti=93&st=47.562&et=87.561&muted=0&vis=2&docid=otaSWMeT8w8&ei=sHmJaIG3H9TFkucPjZ3nwAg&plid=AAY7G7UWRHlzFxHU&referrer=https%3A%2F%2Fwww.youtube.com%2Fplaylist%3Flist%3DWL&sdetail=p%3A%2Fplaylist&sourceid=y&list=WL&of=oj8EnlXIBxXMJpgvzezpwA&vm=CAQQARgCOjJBSHFpSlRKTWxsOEZtRjd1eGQxNllrWjU5ZmdONUtwUklJVWEtZXZDaGdRRzlUU0QxQWJfQUZVQTZSUl9XdWs3bDkwcFp6Q3hnNExuRFlyUFVkMnFkVWxJVEVLVGtIMUFLbVZmUjNzUXRYanNiYndPOGZVSGQwTUJaYmY1YnlvMTdjQWpNRWdwSkRCX3M3X0lLMGM",
        "city": "New York",
        "region": "New York",
        "country": "United States",
        "org": "Google LLC",
        "timezone": "America/New_York",
        "source": "ip-api.com"
      },
      "geometry": {
        "type": "Point",
        "coordinates": [
          -74.006,
          40.7128
        ]
      }
    },
    {
      "type": "Feature",
      "properties": {
        "ip": "142.250.65.238",
        "url": "https://www.youtube.com/api/stats/qoe?fmt=398&afmt=251&cpn=lcwWPFW-CS-Maf10&el=shortspage&ns=yt&fexp=v1%2C23930656%2C55365%2C18623%2C695255%2C14625955%2C11684381%2C53408%2C9105%2C22730%2C2821%2C106030%2C18644%2C14869%2C47210%2C15124%2C65%2C13526%2C391%2C26504%2C9252%2C3479%2C2519%2C10511%2C23206%2C10364%2C4815%2C2%2C19813%2C19660%2C562%2C11784%2C2796%2C2595%2C5656%2C2625%2C1904%2C874%2C10552%2C591%2C6045%2C64%2C4324%2C2313%2C1491%2C1592%2C1479%2C3906%2C1563%2C3888%2C207%2C346%2C7947%2C842%2C4174%2C1995%2C355%2C2585%2C62%2C372%2C723%2C1671%2C1635%2C867%2C1060%2C2039%2C5%2C3485%2C166%2C1414%2C2164%2C332%2C12%2C1029%2C2643%2C938%2C70&cl=787819992&seq=1&docid=vUSL2Y9Inus&ei=kXmJaJa7MbKBkucP7rHFoAs&event=streamingstats&plid=AAY7G7NBjkEdDAlu&sdetail=p%3A%2Fshorts%2F9RMilKQNsho&sourceid=y&cbrand=apple&cbr=Chrome&cbrver=138.0.0.0&c=WEB&cver=2.20250728.08.00&cplayer=UNIPLAYER&cos=Macintosh&cosver=10_15_7&cplatform=DESKTOP&vps=0.000:N,0.005:B,0.136:B,0.136:B&cat=streaming,sabr&ctmp=esfw:usbc.1;hsu.1,atrkchg:t.136;id.und;m.0&cmt=0.005:0.000,0.136:0.000&afs=0.135:251;CggKA2RyYxIBMQ::i:CDMoAQ&vfs=0.136:398:398::r:CDMoAQ&view=0.136:428:761:2&bwm=0.136:34523:0.134&bwe=0.136:6741428&bat=0.136:0.66:1&vis=0.136:0&bh=0.136:0.000&qclc=ChBsY3dXUEZXLUNTLU1hZjEwEAEaDENnSUlEQSUzRCUzRA",
        "city": "New York",
        "region": "New York",
        "country": "United States",
        "org": "Google LLC",
        "timezone": "America/New_York",
        "source": "ip-api.com"
      },
      "geometry": {
        "type": "Point",
        "coordinates": [
          -74.006,
          40.7128
        ]
      }
    },
    {
      "type": "Feature",
      "properties": {
        "ip": "142.250.65.238",
        "url": "https://www.youtube.com/api/stats/atr?ns=yt&el=adunit&cpn=Eqgf5ggvEQVjBMoI&ver=2&cmt=1.069&fmt=396&fs=0&rt=1.304&adformat=15_6&euri&lact=1592&cl=787819992&mos=1&volume=100&cbrand=apple&cbr=Chrome&cbrver=138.0.0.0&c=WEB&cver=2.20250728.08.00&cplayer=UNIPLAYER&cos=Macintosh&cosver=10_15_7&cplatform=DESKTOP&autoplay=1&delay=10&hl=zh_CN&cr=US&uga=35&len=15.041&fexp=v1%2C23930656%2C55365%2C18623%2C695255%2C14625955%2C11684381%2C53408%2C9105%2C22730%2C2821%2C106030%2C18644%2C14869%2C47210%2C15124%2C65%2C13526%2C391%2C26504%2C9252%2C3479%2C2519%2C10511%2C23206%2C10364%2C4815%2C2%2C19813%2C19660%2C562%2C11784%2C2796%2C2595%2C5656%2C2625%2C1904%2C874%2C10552%2C591%2C6045%2C64%2C4324%2C2313%2C1491%2C1592%2C1479%2C3906%2C1563%2C3888%2C207%2C346%2C7947%2C842%2C4174%2C1995%2C355%2C2585%2C62%2C372%2C723%2C1671%2C1635%2C867%2C1060%2C2039%2C5%2C3485%2C166%2C1414%2C2164%2C332%2C12%2C1029%2C2643%2C938%2C70&afmt=251&muted=1&vis=5&cc=a.en&docid=Zg3Xd0giIIk&ei=LnmJaLOwD9KqoPMPjoLXmAg&is_ad=1&plid=AAY7G61SkicvQGmF&vm=CAEQABgEOjJBSHFpSlRMbTVVTUIwZDN0U1JBTGJpWW8zX3Z6cVBQUEpqVXlBa3ozb2tDaWk4MmpkQWJfQUZVQTZSVHQ1U1FGWmtITnNBTTkxSXlXa2txN0h5dU5EUXdjSnRzd2NtZDExT1psNnYxZnVyWXNUWmZtNDVQUjkzejdkbGNKZHVMZzJfOUcxTTVvdTRaMEJwcXNWLUU",
        "city": "New York",
        "region": "New York",
        "country": "United States",
        "org": "Google LLC",
        "timezone": "America/New_York",
        "source": "ip-api.com"
      },
      "geometry": {
        "type": "Point",
        "coordinates": [
          -74.006,
          40.7128
        ]
      }
    },
    {
      "type": "Feature",
      "properties": {
        "ip": "142.250.65.238",
        "url": "https://www.youtube.com/api/timedtext?v=S7dc_DOVwbI&ei=OXmJaJiuF4yGkucPq6OjgQg&caps=asr&opi=112496729&exp=xpo%2Cxpe&xoaf=7&xospf=1&hl=zh-CN&ip=0.0.0.0&ipbits=0&expire=1753865129&sparams=ip%2Cipbits%2Cexpire%2Cv%2Cei%2Ccaps%2Copi%2Cexp%2Cxoaf&signature=AA88A0946238904B283AD967CEFCBB85866EE24A.0BBF31CE519845780CD194E531E5C04C516872C6&key=yt8&kind=asr&lang=en&variant=punctuated&potc=1&pot=MlVaFFn1lZdgkloqPdTexIWkoMNIVPVrTbR0dN-tlH-J86z34DA4lLYy0vqYd8UzymU3q9osUAxj0Fy4UQKSfso8jogA_19lzErLW7vrtbp3gcgbfcWd&fmt=json3&xorb=2&xobt=3&xovt=3&cbrand=apple&cbr=Chrome&cbrver=138.0.0.0&c=WEB&cver=2.20250728.08.00&cplayer=UNIPLAYER&cos=Macintosh&cosver=10_15_7&cplatform=DESKTOP",
        "city": "New York",
        "region": "New York",
        "country": "United States",
        "org": "Google LLC",
        "timezone": "America/New_York",
        "source": "ip-api.com"
      },
      "geometry": {
        "type": "Point",
        "coordinates": [
          -74.006,
          40.7128
        ]
      }
    },
    {
      "type": "Feature",
      "properties": {
        "ip": "142.250.65.238",
        "url": "https://www.youtube.com/api/stats/playback?ns=yt&el=detailpage&cpn=DSExmEv2f6AdoD3Y&ver=2&cmt=0.083&fmt=398&fs=0&rt=5.522&euri&lact=5672&cl=787819992&mos=0&volume=62&cbrand=apple&cbr=Chrome&cbrver=138.0.0.0&c=WEB&cver=2.20250728.08.00&cplayer=UNIPLAYER&cos=Macintosh&cosver=10_15_7&cplatform=DESKTOP&hl=zh_CN&cr=US&uga=35&len=769.461&fexp=v1%2C23930656%2C55365%2C18623%2C695255%2C14625955%2C11684381%2C53408%2C9105%2C22730%2C2821%2C106030%2C18644%2C14869%2C47210%2C15124%2C65%2C13526%2C391%2C26504%2C9252%2C3479%2C2519%2C10511%2C23206%2C10364%2C4815%2C2%2C19813%2C19660%2C562%2C11784%2C2796%2C2595%2C5656%2C2625%2C1904%2C874%2C10552%2C591%2C6045%2C64%2C4324%2C2313%2C1491%2C1592%2C1479%2C3906%2C1563%2C3888%2C207%2C346%2C7947%2C842%2C4174%2C1995%2C355%2C2585%2C62%2C372%2C723%2C1671%2C1635%2C867%2C1060%2C2039%2C5%2C3485%2C166%2C1414%2C2164%2C332%2C12%2C1029%2C2643%2C938%2C70&rtn=13&feature=plpp_video&afmt=251&muted=0&docid=otaSWMeT8w8&ei=sHmJaIG3H9TFkucPjZ3nwAg&plid=AAY7G7UWRHlzFxHU&referrer=https%3A%2F%2Fwww.youtube.com%2Fplaylist%3Flist%3DWL&sdetail=p%3A%2Fplaylist&sourceid=y&list=WL&of=oj8EnlXIBxXMJpgvzezpwA&vm=CAQQARgCOjJBSHFpSlRKTWxsOEZtRjd1eGQxNllrWjU5ZmdONUtwUklJVWEtZXZDaGdRRzlUU0QxQWJfQUZVQTZSUl9XdWs3bDkwcFp6Q3hnNExuRFlyUFVkMnFkVWxJVEVLVGtIMUFLbVZmUjNzUXRYanNiYndPOGZVSGQwTUJaYmY1YnlvMTdjQWpNRWdwSkRCX3M3X0lLMGM",
        "city": "New York",
        "region": "New York",
        "country": "United States",
        "org": "Google LLC",
        "timezone": "America/New_York",
        "source": "ip-api.com"
      },
      "geometry": {
        "type": "Point",
        "coordinates": [
          -74.006,
          40.7128
        ]
      }
    },
    {
      "type": "Feature",
      "properties": {
        "ip": "142.250.65.238",
        "url": "https://www.youtube.com/api/stats/qoe?fmt=396&afmt=251&cpn=fbyitdUMTjwLLY8N&el=detailpage&ns=yt&fexp=v1%2C23930656%2C55365%2C18623%2C695255%2C14625955%2C11684381%2C53408%2C9105%2C22730%2C2821%2C106030%2C18644%2C14869%2C47210%2C15124%2C65%2C13526%2C391%2C26504%2C9252%2C3479%2C2519%2C10511%2C23206%2C10364%2C4815%2C2%2C19813%2C19660%2C562%2C11784%2C2796%2C2595%2C5656%2C2625%2C1904%2C874%2C10552%2C591%2C6045%2C64%2C4324%2C2313%2C1491%2C1592%2C1479%2C3906%2C1563%2C3888%2C207%2C346%2C7947%2C842%2C4174%2C1995%2C355%2C2585%2C62%2C372%2C723%2C1671%2C1635%2C867%2C1060%2C2039%2C5%2C3485%2C166%2C1414%2C2164%2C332%2C12%2C1029%2C2643%2C938%2C70&cl=787819992&seq=2&docid=3F7t2bnGbis&ei=SHmJaJWPCZeikucPzMKRwAc&event=streamingstats&feature=g-high-rec&plid=AAY7G67dsDXGHyjL&sdetail=p%3A%2F&sourceid=y&cbrand=apple&cbr=Chrome&cbrver=138.0.0.0&c=WEB&cver=2.20250728.08.00&cplayer=UNIPLAYER&cos=Macintosh&cosver=10_15_7&cplatform=DESKTOP&user_intent=0&cfs=0.174:a.en:::s&bh=0.188:20.001,2.464:0.000&cmt=0.188:0.058,0.944:0.815,2.461:0.000,2.464:0.000,2.464:0.000&vps=0.188:PL,2.461:N,2.464:SU,2.464:SU&bwm=2.464:176:0.015&bat=2.464:0.64:1&qclc=ChBmYnlpdGRVTVRqd0xMWThOEAI",
        "city": "New York",
        "region": "New York",
        "country": "United States",
        "org": "Google LLC",
        "timezone": "America/New_York",
        "source": "ip-api.com"
      },
      "geometry": {
        "type": "Point",
        "coordinates": [
          -74.006,
          40.7128
        ]
      }
    },
    {
      "type": "Feature",
      "properties": {
        "ip": "142.250.65.238",
        "url": "https://www.youtube.com/api/stats/qoe?cpn=nvAuY9p_mrkgmGD_&el=detailpage&ns=yt&fexp=v1%2C23930656%2C55365%2C18623%2C695255%2C14625955%2C11684381%2C53408%2C9105%2C22730%2C2821%2C106030%2C18644%2C14869%2C47210%2C15124%2C65%2C13526%2C391%2C26504%2C9252%2C3479%2C2519%2C10511%2C23206%2C10364%2C4815%2C2%2C19813%2C19660%2C562%2C11784%2C2796%2C2595%2C5656%2C2625%2C1904%2C874%2C10552%2C591%2C6045%2C64%2C4324%2C2313%2C1491%2C1592%2C1479%2C3906%2C1563%2C3888%2C207%2C346%2C7947%2C842%2C4174%2C1995%2C355%2C2585%2C62%2C372%2C723%2C1671%2C1635%2C867%2C1060%2C2039%2C5%2C3485%2C166%2C1414%2C2164%2C332%2C12%2C1029%2C2643%2C938%2C70&cl=787819992&seq=1&docid=Qvh2DovBi64&ei=M3mJaNGCCqiGoPMPq9WVyAM&event=streamingstats&feature=g-high&plid=AAY7G62dZ2Pv6MDr&sdetail=p%3A%2F&sourceid=y&cbrand=apple&cbr=Chrome&cbrver=138.0.0.0&c=WEB&cver=2.20250728.08.00&cplayer=UNIPLAYER&cos=Macintosh&cosver=10_15_7&cplatform=DESKTOP&vps=0.000:N,0.005:B,0.020:B&cat=streaming,sabr&ctmp=esfw:usbc.1;hsu.1&cmt=0.005:0.000,0.020:0.000&bwe=0.020:1586698&bat=0.020:0.64:1&vis=0.020:5&bh=0.020:0.000&qclc=ChBudkF1WTlwX21ya2dtR0RfEAE",
        "city": "New York",
        "region": "New York",
        "country": "United States",
        "org": "Google LLC",
        "timezone": "America/New_York",
        "source": "ip-api.com"
      },
      "geometry": {
        "type": "Point",
        "coordinates": [
          -74.006,
          40.7128
        ]
      }
    },
    {
      "type": "Feature",
      "properties": {
        "ip": "142.251.40.193",
        "url": "https://yt3.ggpht.com/jHpD9HebF3CGp0kJoZo2MjSj6gZ2U1AydLfa8lZZq5Q0FrNRm7cn6PoIiHk9kswRRICT-eqx2w=s88-c-k-c0x00ffffff-no-rj",
        "city": "New York",
        "region": "New York",
        "country": "United States",
        "org": "Google LLC",
        "timezone": "America/New_York",
        "source": "ip-api.com"
      },
      "geometry": {
        "type": "Point",
        "coordinates": [
          -74.006,
          40.7128
        ]
      }
    },
    {
      "type": "Feature",
      "properties": {
        "ip": "142.251.40.193",
        "url": "https://yt3.ggpht.com/8sL0eqOeU4a1wZBVxn5NOFsug17I2XM0dmCdT7eouq12qE-I-JLCzrzub9Z4SdF0IEt5AzEY=s88-c-k-c0x00ffffff-no-rj",
        "city": "New York",
        "region": "New York",
        "country": "United States",
        "org": "Google LLC",
        "timezone": "America/New_York",
        "source": "ip-api.com"
      },
      "geometry": {
        "type": "Point",
        "coordinates": [
          -74.006,
          40.7128
        ]
      }
    },
    {
      "type": "Feature",
      "properties": {
        "ip": "142.251.40.193",
        "url": "https://yt3.ggpht.com/DekfzmH6ypLUg4nAWHHDqtxsWYmYadytsxn4n_edVhAA3nykL0MZj6WxRD1ClDoYvsc-VV5R=s88-c-k-c0x00ffffff-no-rj",
        "city": "New York",
        "region": "New York",
        "country": "United States",
        "org": "Google LLC",
        "timezone": "America/New_York",
        "source": "ip-api.com"
      },
      "geometry": {
        "type": "Point",
        "coordinates": [
          -74.006,
          40.7128
        ]
      }
    },
    {
      "type": "Feature",
      "properties": {
        "ip": "142.251.40.193",
        "url": "https://yt3.ggpht.com/-coH3t2V8lGa_4lOpLgKruNSQqPUmxP8JShp9Or2BirQYlk9EPqH8EvbIVuXwqbVbvkIc8RE7AICkvU=s640-rw-nd-v1",
        "city": "New York",
        "region": "New York",
        "country": "United States",
        "org": "Google LLC",
        "timezone": "America/New_York",
        "source": "ip-api.com"
      },
      "geometry": {
        "type": "Point",
        "coordinates": [
          -74.006,
          40.7128
        ]
      }
    },
    {
      "type": "Feature",
      "properties": {
        "ip": "142.251.40.193",
        "url": "https://yt3.ggpht.com/proxy/V7U5fgWCVLCPkYtq5_KjCFNTkTsNTK_Lx-DAWZO9RAklZA3KpTjtyJiq_vVPEtW4mbufjFFMBaVOkl8h5VxRI-VUkJcKG66C9kGVfPSbPSjsq0pWTHPrGKv54uCvmx3T4qVSPfCDWC1QtIzPpvzi5SYzL-1K5pysU-nN6JGQfOjs_bet7rMMjUHf4xwMCSZhKEClekxrjxpj7Q1feqXnvH7FfsVmxgKDvi0IryhhqJd6hZ5ilyUQpHIRIzpgVhlnu_B-GYM=w200-h200-nd",
        "city": "New York",
        "region": "New York",
        "country": "United States",
        "org": "Google LLC",
        "timezone": "America/New_York",
        "source": "ip-api.com"
      },
      "geometry": {
        "type": "Point",
        "coordinates": [
          -74.006,
          40.7128
        ]
      }
    },
    {
      "type": "Feature",
      "properties": {
        "ip": "142.251.40.193",
        "url": "https://yt3.ggpht.com/PWNgklae6_pQcdmMQkWEMW65u8l7FaqNPkIUtcByFrBveVtwwcvRkXw4RiIPplPFHnMVfpVsDw=s48-c-k-c0x00ffffff-no-rj",
        "city": "New York",
        "region": "New York",
        "country": "United States",
        "org": "Google LLC",
        "timezone": "America/New_York",
        "source": "ip-api.com"
      },
      "geometry": {
        "type": "Point",
        "coordinates": [
          -74.006,
          40.7128
        ]
      }
    },
    {
      "type": "Feature",
      "properties": {
        "ip": "142.251.40.193",
        "url": "https://yt3.ggpht.com/3K4nBCSU5aWHhAk1ViVci4JLAbz1XoVGjRy1vXR2vgKcP53msSqhQimQdt4WM9dRjWkaL3MMHw=s48-c-k-c0x00ffffff-no-rj",
        "city": "New York",
        "region": "New York",
        "country": "United States",
        "org": "Google LLC",
        "timezone": "America/New_York",
        "source": "ip-api.com"
      },
      "geometry": {
        "type": "Point",
        "coordinates": [
          -74.006,
          40.7128
        ]
      }
    },
    {
      "type": "Feature",
      "properties": {
        "ip": "142.251.40.193",
        "url": "https://yt3.ggpht.com/proxy/qHRgBCV25T5ddlXXhkK_WxFXcUn3CWP5gJ8GapsiGtD2GDCGAmK3h4eN4ZSFYhpJdP4OEeT6LBvuot5prvGs5s-AS5lDtatHEnVpfmFGGHKLEhCE6RrvSbfxUznNCBeIRMFzYy2pG_5wM3GXFVDH9Jtbp8WtSZ6fxGQ5GOflDPFTD5l7bHyUPxFZ7cq8kc9CO9R5wPBPfMf6nEISI9NT3_2lCarzFixBDcIkaNpoROpx1d9ODyj79p48aPYsgjD2iwtG5Xs=w1000-h1000-nd",
        "city": "New York",
        "region": "New York",
        "country": "United States",
        "org": "Google LLC",
        "timezone": "America/New_York",
        "source": "ip-api.com"
      },
      "geometry": {
        "type": "Point",
        "coordinates": [
          -74.006,
          40.7128
        ]
      }
    },
    {
      "type": "Feature",
      "properties": {
        "ip": "142.251.40.193",
        "url": "https://yt3.ggpht.com/wSYW9iWhofGAh308G3aanmGw1QV4y1I9G6BM-kkDBbVc_uOmRB49ZPw9ldfLtnjtyRBSyX9Zn8Bd=s640-rw-nd-v1",
        "city": "New York",
        "region": "New York",
        "country": "United States",
        "org": "Google LLC",
        "timezone": "America/New_York",
        "source": "ip-api.com"
      },
      "geometry": {
        "type": "Point",
        "coordinates": [
          -74.006,
          40.7128
        ]
      }
    },
    {
      "type": "Feature",
      "properties": {
        "ip": "142.251.40.193",
        "url": "https://yt3.ggpht.com/ytc/AIdro_nGSz8ymHCRZAgiS4Jj17Fqn6rdi3CoUXGL9qTddDgjWQ=s88-c-k-c0x00ffffff-no-rj",
        "city": "New York",
        "region": "New York",
        "country": "United States",
        "org": "Google LLC",
        "timezone": "America/New_York",
        "source": "ip-api.com"
      },
      "geometry": {
        "type": "Point",
        "coordinates": [
          -74.006,
          40.7128
        ]
      }
    },
    {
      "type": "Feature",
      "properties": {
        "ip": "142.251.40.193",
        "url": "https://yt3.ggpht.com/3K4nBCSU5aWHhAk1ViVci4JLAbz1XoVGjRy1vXR2vgKcP53msSqhQimQdt4WM9dRjWkaL3MMHw=s88-c-k-c0x00ffffff-no-rj",
        "city": "New York",
        "region": "New York",
        "country": "United States",
        "org": "Google LLC",
        "timezone": "America/New_York",
        "source": "ip-api.com"
      },
      "geometry": {
        "type": "Point",
        "coordinates": [
          -74.006,
          40.7128
        ]
      }
    },
    {
      "type": "Feature",
      "properties": {
        "ip": "142.251.40.193",
        "url": "https://yt3.ggpht.com/bRxEmd2BPRwOqhUBmDGT6oCJ8R4HsHFsXwfabGTkLoaCwFe-tDnXnC6fw_OS5dftOPQ0pEhUeDY=s48-c-k-c0x00ffffff-no-rj",
        "city": "New York",
        "region": "New York",
        "country": "United States",
        "org": "Google LLC",
        "timezone": "America/New_York",
        "source": "ip-api.com"
      },
      "geometry": {
        "type": "Point",
        "coordinates": [
          -74.006,
          40.7128
        ]
      }
    },
    {
      "type": "Feature",
      "properties": {
        "ip": "142.251.40.193",
        "url": "https://yt3.ggpht.com/Ia3mJ92yF8g3L5J4JwrtyvSeYEgrOi_fkqygi2tkbGfzFidS3DSTq8PwrAevJS7xZnig1Rz0KKLXEwQ=s640-rw-nd-v1",
        "city": "New York",
        "region": "New York",
        "country": "United States",
        "org": "Google LLC",
        "timezone": "America/New_York",
        "source": "ip-api.com"
      },
      "geometry": {
        "type": "Point",
        "coordinates": [
          -74.006,
          40.7128
        ]
      }
    },
    {
      "type": "Feature",
      "properties": {
        "ip": "142.251.40.193",
        "url": "https://yt3.ggpht.com/iak9xjDjDoQHn9UNWSvkobPuxAzK1ApefjPH7HGObwo71AbaiEqdafMjmUJCgOoBFWNKPS2t2eI=s68-c-k-c0x00ffffff-no-rj",
        "city": "New York",
        "region": "New York",
        "country": "United States",
        "org": "Google LLC",
        "timezone": "America/New_York",
        "source": "ip-api.com"
      },
      "geometry": {
        "type": "Point",
        "coordinates": [
          -74.006,
          40.7128
        ]
      }
    },
    {
      "type": "Feature",
      "properties": {
        "ip": "142.251.40.193",
        "url": "https://yt3.ggpht.com/ytc/AIdro_nja6vcyrzxCwZPPWo3bpfjrilOQWA3WHrzOTWsAIZSYlM=s68-c-k-c0x00ffffff-no-rj",
        "city": "New York",
        "region": "New York",
        "country": "United States",
        "org": "Google LLC",
        "timezone": "America/New_York",
        "source": "ip-api.com"
      },
      "geometry": {
        "type": "Point",
        "coordinates": [
          -74.006,
          40.7128
        ]
      }
    },
    {
      "type": "Feature",
      "properties": {
        "ip": "142.251.40.193",
        "url": "https://yt3.ggpht.com/jBmUuw_TpjsYHKggzeICMlWjlOtAL-_4WxvXB6wqLgHrqX_H4a5TAzVgyvL27uJ7MiYqmRk9xo07iA=s640-rw-nd-v1",
        "city": "New York",
        "region": "New York",
        "country": "United States",
        "org": "Google LLC",
        "timezone": "America/New_York",
        "source": "ip-api.com"
      },
      "geometry": {
        "type": "Point",
        "coordinates": [
          -74.006,
          40.7128
        ]
      }
    },
    {
      "type": "Feature",
      "properties": {
        "ip": "142.251.40.193",
        "url": "https://yt3.ggpht.com/6u2akbRf29Y0bS01cMr6VWorMQ8vJZY1hEaVG_CzDDV4MqBDx5JMfSR6R6bXh1oMnNjhU7MG3g=s68-c-k-c0x00ffffff-no-rj",
        "city": "New York",
        "region": "New York",
        "country": "United States",
        "org": "Google LLC",
        "timezone": "America/New_York",
        "source": "ip-api.com"
      },
      "geometry": {
        "type": "Point",
        "coordinates": [
          -74.006,
          40.7128
        ]
      }
    },
    {
      "type": "Feature",
      "properties": {
        "ip": "142.251.40.193",
        "url": "https://yt3.ggpht.com/4H5WXKVzgQdZM8zUHU_otJCbtU8F7EA62IbEgLt68SAaXUXr1Z2CHIZpyh9uHSDGYP6oW2nUyQ=s48-c-k-c0x00ffffff-no-rj",
        "city": "New York",
        "region": "New York",
        "country": "United States",
        "org": "Google LLC",
        "timezone": "America/New_York",
        "source": "ip-api.com"
      },
      "geometry": {
        "type": "Point",
        "coordinates": [
          -74.006,
          40.7128
        ]
      }
    },
    {
      "type": "Feature",
      "properties": {
        "ip": "142.251.40.193",
        "url": "https://yt3.ggpht.com/ytc/AIdro_mRE3S5VgMSWTiLeb7QeRSfz6rLFKkRS44jExthTAxD1F4=s88-c-k-c0x00ffffff-no-rj",
        "city": "New York",
        "region": "New York",
        "country": "United States",
        "org": "Google LLC",
        "timezone": "America/New_York",
        "source": "ip-api.com"
      },
      "geometry": {
        "type": "Point",
        "coordinates": [
          -74.006,
          40.7128
        ]
      }
    },
    {
      "type": "Feature",
      "properties": {
        "ip": "142.251.40.193",
        "url": "https://yt3.ggpht.com/proxy/WIk1FvR2SGs97C-EBe9WTEBPmMLIC7HvOVBUwED5jGRL5WfoC19RmrEoT5qrHHlHFNVnpuQP5y8h0f9S_P9K6So16sL-FcPAESkWwBsmq9iLkl_dafJkvj9Ej6dnxVMXd8noeloyK1TrsADS--HdBfcCuP_we6OsKJIS07iIb9-D1zi7-ptbv8ppJmvQhU0wL-r0TOmYrmSZud2gq1lR3YKfDTHYUAvV_c-xdxFLVR5bdxO7Bc-3riOAktqwtox52FO-=w1120-h1120-nd",
        "city": "New York",
        "region": "New York",
        "country": "United States",
        "org": "Google LLC",
        "timezone": "America/New_York",
        "source": "ip-api.com"
      },
      "geometry": {
        "type": "Point",
        "coordinates": [
          -74.006,
          40.7128
        ]
      }
    },
    {
      "type": "Feature",
      "properties": {
        "ip": "142.251.40.193",
        "url": "https://yt3.ggpht.com/PNSaeOVWDhnmg4MAjWKr3CKyMGo4HmXNF-ZUR1O4rH9dWrioQOuWsesQ9sU5Fka60HP6S3RSew=s68-c-k-c0x00ffffff-no-rj",
        "city": "New York",
        "region": "New York",
        "country": "United States",
        "org": "Google LLC",
        "timezone": "America/New_York",
        "source": "ip-api.com"
      },
      "geometry": {
        "type": "Point",
        "coordinates": [
          -74.006,
          40.7128
        ]
      }
    },
    {
      "type": "Feature",
      "properties": {
        "ip": "142.251.40.193",
        "url": "https://yt3.ggpht.com/gL6BJ2DFzwHkA614ep16N6Bjwj6zFDl-UTx_-q_YtAoptliaFDLa3R7DJDgpgHVtudF67DLk=s88-c-k-c0x00ffffff-no-rj",
        "city": "New York",
        "region": "New York",
        "country": "United States",
        "org": "Google LLC",
        "timezone": "America/New_York",
        "source": "ip-api.com"
      },
      "geometry": {
        "type": "Point",
        "coordinates": [
          -74.006,
          40.7128
        ]
      }
    },
    {
      "type": "Feature",
      "properties": {
        "ip": "142.251.40.193",
        "url": "https://yt3.ggpht.com/q5ANnCdGhOD3dhbJWAG3I3uode4P1Dpfw7VT0sPr5bQK3_2wOCf9GFey_C6Eym8wuj11slA56wGC=s640-rw-nd-v1",
        "city": "New York",
        "region": "New York",
        "country": "United States",
        "org": "Google LLC",
        "timezone": "America/New_York",
        "source": "ip-api.com"
      },
      "geometry": {
        "type": "Point",
        "coordinates": [
          -74.006,
          40.7128
        ]
      }
    },
    {
      "type": "Feature",
      "properties": {
        "ip": "142.251.40.193",
        "url": "https://yt3.ggpht.com/fO8lZMYjMw0wq6QYz02-2GCDfT6lO7fUSDPxdXvUzhreikZKlB9FG6apJDBSdt1Z4N_UL38f=s68-c-k-c0x00ffffff-no-rj",
        "city": "New York",
        "region": "New York",
        "country": "United States",
        "org": "Google LLC",
        "timezone": "America/New_York",
        "source": "ip-api.com"
      },
      "geometry": {
        "type": "Point",
        "coordinates": [
          -74.006,
          40.7128
        ]
      }
    },
    {
      "type": "Feature",
      "properties": {
        "ip": "142.251.40.193",
        "url": "https://yt3.ggpht.com/ytc/AIdro_nq6Pgvof6cvuAgfxdKWvpeopa2HHKqLWxx0kE7ODqbXg=s88-c-k-c0x00ffffff-no-rj",
        "city": "New York",
        "region": "New York",
        "country": "United States",
        "org": "Google LLC",
        "timezone": "America/New_York",
        "source": "ip-api.com"
      },
      "geometry": {
        "type": "Point",
        "coordinates": [
          -74.006,
          40.7128
        ]
      }
    },
    {
      "type": "Feature",
      "properties": {
        "ip": "142.251.40.193",
        "url": "https://yt3.ggpht.com/ytc/AIdro_m2cWJR2ufhrX0NpQWi7_UJriTaduV-vRDS4xx5vp1hLPk=s88-c-k-c0x00ffffff-no-rj",
        "city": "New York",
        "region": "New York",
        "country": "United States",
        "org": "Google LLC",
        "timezone": "America/New_York",
        "source": "ip-api.com"
      },
      "geometry": {
        "type": "Point",
        "coordinates": [
          -74.006,
          40.7128
        ]
      }
    },
    {
      "type": "Feature",
      "properties": {
        "ip": "142.251.40.193",
        "url": "https://yt3.ggpht.com/WFmhPoRlCCHrzn3h5WEtS1co_-o4Qr38Nm4ftXNE-lr8431V2c_SnPiKPwBqNwPqok9QWGf37aA=s88-c-k-c0x00ffffff-no-rj",
        "city": "New York",
        "region": "New York",
        "country": "United States",
        "org": "Google LLC",
        "timezone": "America/New_York",
        "source": "ip-api.com"
      },
      "geometry": {
        "type": "Point",
        "coordinates": [
          -74.006,
          40.7128
        ]
      }
    },
    {
      "type": "Feature",
      "properties": {
        "ip": "142.251.40.193",
        "url": "https://yt3.ggpht.com/51uby5pTz_pcwQ8o5HGjbsNH2wgrhI3MG83BXzrog5zT3a25UbnJbmcq3UfWJr5TE7x2e8-I=s88-c-k-c0x00ffffff-no-rj",
        "city": "New York",
        "region": "New York",
        "country": "United States",
        "org": "Google LLC",
        "timezone": "America/New_York",
        "source": "ip-api.com"
      },
      "geometry": {
        "type": "Point",
        "coordinates": [
          -74.006,
          40.7128
        ]
      }
    },
    {
      "type": "Feature",
      "properties": {
        "ip": "142.251.40.193",
        "url": "https://yt3.ggpht.com/MOMoh-ewhQfFKMTOMgefFlRzDDfyMYC8uSY_TQFkFQM5N36eJKoIHr3ytMgQ-JuR0SuZKPnPr90NiO0=s640-rw-nd-v1",
        "city": "New York",
        "region": "New York",
        "country": "United States",
        "org": "Google LLC",
        "timezone": "America/New_York",
        "source": "ip-api.com"
      },
      "geometry": {
        "type": "Point",
        "coordinates": [
          -74.006,
          40.7128
        ]
      }
    },
    {
      "type": "Feature",
      "properties": {
        "ip": "142.251.40.193",
        "url": "https://yt3.ggpht.com/q2uUkgzZnKPGB1q2lDxZRtDgHABruf4RmWBubAC1cFE4V8YOzcqZ1gRxhGLPpQPuqoF5ENc6FwwLbS8=s640-rw-nd-v1",
        "city": "New York",
        "region": "New York",
        "country": "United States",
        "org": "Google LLC",
        "timezone": "America/New_York",
        "source": "ip-api.com"
      },
      "geometry": {
        "type": "Point",
        "coordinates": [
          -74.006,
          40.7128
        ]
      }
    },
    {
      "type": "Feature",
      "properties": {
        "ip": "142.251.40.193",
        "url": "https://yt3.ggpht.com/4P_SqCxA6qiXm-HJq8PDKGrOI48yZ-s64B6LJO09ysRWN3f_dPn0BmJSyjcucU72PndNQcISImGpkls=s640-rw-nd-v1",
        "city": "New York",
        "region": "New York",
        "country": "United States",
        "org": "Google LLC",
        "timezone": "America/New_York",
        "source": "ip-api.com"
      },
      "geometry": {
        "type": "Point",
        "coordinates": [
          -74.006,
          40.7128
        ]
      }
    },
    {
      "type": "Feature",
      "properties": {
        "ip": "142.251.40.193",
        "url": "https://yt3.ggpht.com/tQrBCECuO9-TPC43k_HDX3_pjqKva70Kmg9iXiYI6dYyCiMs626I1D476CVwRB7yKroPcTZ6nT1y=s640-rw-nd-v1",
        "city": "New York",
        "region": "New York",
        "country": "United States",
        "org": "Google LLC",
        "timezone": "America/New_York",
        "source": "ip-api.com"
      },
      "geometry": {
        "type": "Point",
        "coordinates": [
          -74.006,
          40.7128
        ]
      }
    },
    {
      "type": "Feature",
      "properties": {
        "ip": "142.251.40.193",
        "url": "https://yt3.ggpht.com/ytc/AIdro_l-WQpzZGzHV7Yh9oHFp2pCskJ2h001St-MIFwVTcoTAuQ=s88-c-k-c0x00ffffff-no-rj",
        "city": "New York",
        "region": "New York",
        "country": "United States",
        "org": "Google LLC",
        "timezone": "America/New_York",
        "source": "ip-api.com"
      },
      "geometry": {
        "type": "Point",
        "coordinates": [
          -74.006,
          40.7128
        ]
      }
    },
    {
      "type": "Feature",
      "properties": {
        "ip": "142.251.40.193",
        "url": "https://yt3.ggpht.com/51uby5pTz_pcwQ8o5HGjbsNH2wgrhI3MG83BXzrog5zT3a25UbnJbmcq3UfWJr5TE7x2e8-I=s48-c-k-c0x00ffffff-no-rj",
        "city": "New York",
        "region": "New York",
        "country": "United States",
        "org": "Google LLC",
        "timezone": "America/New_York",
        "source": "ip-api.com"
      },
      "geometry": {
        "type": "Point",
        "coordinates": [
          -74.006,
          40.7128
        ]
      }
    },
    {
      "type": "Feature",
      "properties": {
        "ip": "142.251.40.193",
        "url": "https://yt3.ggpht.com/Zbm4mW4V96K6krQPWdxwG875RuemWiZBSIllWXriYWVSru4IR6yVKAok0iOxdObeZfecXxUU=s88-c-k-c0x00ffffff-no-rj",
        "city": "New York",
        "region": "New York",
        "country": "United States",
        "org": "Google LLC",
        "timezone": "America/New_York",
        "source": "ip-api.com"
      },
      "geometry": {
        "type": "Point",
        "coordinates": [
          -74.006,
          40.7128
        ]
      }
    },
    {
      "type": "Feature",
      "properties": {
        "ip": "142.251.40.193",
        "url": "https://yt3.ggpht.com/eIf5fNPcIcj9ig-wZBeq4stFy1lgjWTW1nLT5dYlFkHZprZ03QBiMcbpwNMB6XSBjrSFGtAGQg=s88-c-k-c0x00ffffff-no-rj",
        "city": "New York",
        "region": "New York",
        "country": "United States",
        "org": "Google LLC",
        "timezone": "America/New_York",
        "source": "ip-api.com"
      },
      "geometry": {
        "type": "Point",
        "coordinates": [
          -74.006,
          40.7128
        ]
      }
    },
    {
      "type": "Feature",
      "properties": {
        "ip": "142.251.40.193",
        "url": "https://yt3.ggpht.com/AbrJtggLGqN7VvqS5Ucdr8dfMgr67Ov2L8NRR_mRf57wksOlnBdiOZCno_ZXUbuev-iaT_dZIWw=s64-c-k-c0x00ffffff-no-rj",
        "city": "New York",
        "region": "New York",
        "country": "United States",
        "org": "Google LLC",
        "timezone": "America/New_York",
        "source": "ip-api.com"
      },
      "geometry": {
        "type": "Point",
        "coordinates": [
          -74.006,
          40.7128
        ]
      }
    },
    {
      "type": "Feature",
      "properties": {
        "ip": "142.251.40.193",
        "url": "https://yt3.ggpht.com/ytc/AIdro_nGSz8ymHCRZAgiS4Jj17Fqn6rdi3CoUXGL9qTddDgjWQ=s48-c-k-c0x00ffffff-no-rj",
        "city": "New York",
        "region": "New York",
        "country": "United States",
        "org": "Google LLC",
        "timezone": "America/New_York",
        "source": "ip-api.com"
      },
      "geometry": {
        "type": "Point",
        "coordinates": [
          -74.006,
          40.7128
        ]
      }
    },
    {
      "type": "Feature",
      "properties": {
        "ip": "142.251.40.193",
        "url": "https://yt3.ggpht.com/pjDcIrc21oYPCkKpfY1zElDRHhw907VyW4zpuhJP5YCCvZPpyt0de08XM-uECMPQFAsidNK0bw=s88-c-k-c0x00ffffff-no-rj",
        "city": "New York",
        "region": "New York",
        "country": "United States",
        "org": "Google LLC",
        "timezone": "America/New_York",
        "source": "ip-api.com"
      },
      "geometry": {
        "type": "Point",
        "coordinates": [
          -74.006,
          40.7128
        ]
      }
    },
    {
      "type": "Feature",
      "properties": {
        "ip": "142.251.40.193",
        "url": "https://yt3.ggpht.com/gE8MjqdO7qCAbqXP0SEmJZTlTVRNQBST0PfnnwhC9huJPV13JNlPkE7yhmA_WDfvb-3WWGZXPw=s88-c-k-c0x00ffffff-no-rj",
        "city": "New York",
        "region": "New York",
        "country": "United States",
        "org": "Google LLC",
        "timezone": "America/New_York",
        "source": "ip-api.com"
      },
      "geometry": {
        "type": "Point",
        "coordinates": [
          -74.006,
          40.7128
        ]
      }
    },
    {
      "type": "Feature",
      "properties": {
        "ip": "142.251.40.193",
        "url": "https://yt3.ggpht.com/CqoYngZG0T349VGudZi5yawzGKXsKXKAixzBlyCnszZF9ov0AlujtJFiE5f7w1swMjt1N4MDz_cQYQ=s640-rw-nd-v1",
        "city": "New York",
        "region": "New York",
        "country": "United States",
        "org": "Google LLC",
        "timezone": "America/New_York",
        "source": "ip-api.com"
      },
      "geometry": {
        "type": "Point",
        "coordinates": [
          -74.006,
          40.7128
        ]
      }
    },
    {
      "type": "Feature",
      "properties": {
        "ip": "142.251.40.193",
        "url": "https://yt3.ggpht.com/nDf29MGJSu5YrnAAdL2ofQsOTaOb74D7ILcgIr_7xJNJMSaGMcv5I366SF32oSUM7VO6PHYQpQ=s88-c-k-c0x00ffffff-no-rj",
        "city": "New York",
        "region": "New York",
        "country": "United States",
        "org": "Google LLC",
        "timezone": "America/New_York",
        "source": "ip-api.com"
      },
      "geometry": {
        "type": "Point",
        "coordinates": [
          -74.006,
          40.7128
        ]
      }
    },
    {
      "type": "Feature",
      "properties": {
        "ip": "142.251.40.193",
        "url": "https://yt3.ggpht.com/rJIfO09bIcALknkR_oAdUD9dsEePBfXPL5hLtduE9B_WIl9oFj27PZFh2KaKxG7twdZhY6PmxHhqYw=s640-rw-nd-v1",
        "city": "New York",
        "region": "New York",
        "country": "United States",
        "org": "Google LLC",
        "timezone": "America/New_York",
        "source": "ip-api.com"
      },
      "geometry": {
        "type": "Point",
        "coordinates": [
          -74.006,
          40.7128
        ]
      }
    },
    {
      "type": "Feature",
      "properties": {
        "ip": "142.251.40.193",
        "url": "https://yt3.ggpht.com/jHpD9HebF3CGp0kJoZo2MjSj6gZ2U1AydLfa8lZZq5Q0FrNRm7cn6PoIiHk9kswRRICT-eqx2w=s48-c-k-c0x00ffffff-no-rj",
        "city": "New York",
        "region": "New York",
        "country": "United States",
        "org": "Google LLC",
        "timezone": "America/New_York",
        "source": "ip-api.com"
      },
      "geometry": {
        "type": "Point",
        "coordinates": [
          -74.006,
          40.7128
        ]
      }
    },
    {
      "type": "Feature",
      "properties": {
        "ip": "142.251.40.193",
        "url": "https://yt3.ggpht.com/OfTseznURy1hwVsFyfrWZmJgwB8DPF1RhYZH7d6tVImaIzW_Tdkm9Mf977ksvdmgTdgtrvD6NCpGEA=s378-rw-nd-v1",
        "city": "New York",
        "region": "New York",
        "country": "United States",
        "org": "Google LLC",
        "timezone": "America/New_York",
        "source": "ip-api.com"
      },
      "geometry": {
        "type": "Point",
        "coordinates": [
          -74.006,
          40.7128
        ]
      }
    },
    {
      "type": "Feature",
      "properties": {
        "ip": "142.251.40.193",
        "url": "https://yt3.ggpht.com/AbrJtggLGqN7VvqS5Ucdr8dfMgr67Ov2L8NRR_mRf57wksOlnBdiOZCno_ZXUbuev-iaT_dZIWw=s88-c-k-c0x00ffffff-no-rj",
        "city": "New York",
        "region": "New York",
        "country": "United States",
        "org": "Google LLC",
        "timezone": "America/New_York",
        "source": "ip-api.com"
      },
      "geometry": {
        "type": "Point",
        "coordinates": [
          -74.006,
          40.7128
        ]
      }
    },
    {
      "type": "Feature",
      "properties": {
        "ip": "142.251.40.193",
        "url": "https://yt3.ggpht.com/JIuM5Htikv83ET4sDby3i5Ajl88WlhX9s21G32ZxPCl9qS-5mAb-p5juPEviJo5aJB64HktB2g=s48-c-k-c0x00ffffff-no-rj",
        "city": "New York",
        "region": "New York",
        "country": "United States",
        "org": "Google LLC",
        "timezone": "America/New_York",
        "source": "ip-api.com"
      },
      "geometry": {
        "type": "Point",
        "coordinates": [
          -74.006,
          40.7128
        ]
      }
    },
    {
      "type": "Feature",
      "properties": {
        "ip": "142.251.40.193",
        "url": "https://yt3.ggpht.com/ytc/AIdro_nq6Pgvof6cvuAgfxdKWvpeopa2HHKqLWxx0kE7ODqbXg=s48-c-k-c0x00ffffff-no-rj",
        "city": "New York",
        "region": "New York",
        "country": "United States",
        "org": "Google LLC",
        "timezone": "America/New_York",
        "source": "ip-api.com"
      },
      "geometry": {
        "type": "Point",
        "coordinates": [
          -74.006,
          40.7128
        ]
      }
    },
    {
      "type": "Feature",
      "properties": {
        "ip": "142.251.40.193",
        "url": "https://yt3.ggpht.com/DekfzmH6ypLUg4nAWHHDqtxsWYmYadytsxn4n_edVhAA3nykL0MZj6WxRD1ClDoYvsc-VV5R=s48-c-k-c0x00ffffff-no-rj",
        "city": "New York",
        "region": "New York",
        "country": "United States",
        "org": "Google LLC",
        "timezone": "America/New_York",
        "source": "ip-api.com"
      },
      "geometry": {
        "type": "Point",
        "coordinates": [
          -74.006,
          40.7128
        ]
      }
    },
    {
      "type": "Feature",
      "properties": {
        "ip": "142.251.40.193",
        "url": "https://yt3.ggpht.com/13Nsr9nsgWjrXrBKI3M8bZkJvV4H1xQ7Az4iEl4mNeWdD0A3eE1D-fDu5BXlzVuk5HJUXegi=s68-c-k-c0x00ffffff-no-rj",
        "city": "New York",
        "region": "New York",
        "country": "United States",
        "org": "Google LLC",
        "timezone": "America/New_York",
        "source": "ip-api.com"
      },
      "geometry": {
        "type": "Point",
        "coordinates": [
          -74.006,
          40.7128
        ]
      }
    },
    {
      "type": "Feature",
      "properties": {
        "ip": "142.251.40.193",
        "url": "https://yt3.ggpht.com/gL6BJ2DFzwHkA614ep16N6Bjwj6zFDl-UTx_-q_YtAoptliaFDLa3R7DJDgpgHVtudF67DLk=s48-c-k-c0x00ffffff-no-rj",
        "city": "New York",
        "region": "New York",
        "country": "United States",
        "org": "Google LLC",
        "timezone": "America/New_York",
        "source": "ip-api.com"
      },
      "geometry": {
        "type": "Point",
        "coordinates": [
          -74.006,
          40.7128
        ]
      }
    },
    {
      "type": "Feature",
      "properties": {
        "ip": "142.251.40.193",
        "url": "https://yt3.ggpht.com/7Ze2ZPBHaDIuxZ1-naugD7HkJryHAJwkk4D1g3L-6oaA8s-wC1a0FzZkNKVNwnXqiuRRRMwA=s68-c-k-c0x00ffffff-no-rj",
        "city": "New York",
        "region": "New York",
        "country": "United States",
        "org": "Google LLC",
        "timezone": "America/New_York",
        "source": "ip-api.com"
      },
      "geometry": {
        "type": "Point",
        "coordinates": [
          -74.006,
          40.7128
        ]
      }
    },
    {
      "type": "Feature",
      "properties": {
        "ip": "142.251.40.193",
        "url": "https://yt3.ggpht.com/ytc/AIdro_mRE3S5VgMSWTiLeb7QeRSfz6rLFKkRS44jExthTAxD1F4=s64-c-k-c0x00ffffff-no-rj",
        "city": "New York",
        "region": "New York",
        "country": "United States",
        "org": "Google LLC",
        "timezone": "America/New_York",
        "source": "ip-api.com"
      },
      "geometry": {
        "type": "Point",
        "coordinates": [
          -74.006,
          40.7128
        ]
      }
    },
    {
      "type": "Feature",
      "properties": {
        "ip": "142.251.40.193",
        "url": "https://yt3.ggpht.com/gE8MjqdO7qCAbqXP0SEmJZTlTVRNQBST0PfnnwhC9huJPV13JNlPkE7yhmA_WDfvb-3WWGZXPw=s64-c-k-c0x00ffffff-no-rj",
        "city": "New York",
        "region": "New York",
        "country": "United States",
        "org": "Google LLC",
        "timezone": "America/New_York",
        "source": "ip-api.com"
      },
      "geometry": {
        "type": "Point",
        "coordinates": [
          -74.006,
          40.7128
        ]
      }
    },
    {
      "type": "Feature",
      "properties": {
        "ip": "142.251.40.193",
        "url": "https://yt3.ggpht.com/4H5WXKVzgQdZM8zUHU_otJCbtU8F7EA62IbEgLt68SAaXUXr1Z2CHIZpyh9uHSDGYP6oW2nUyQ=s88-c-k-c0x00ffffff-no-rj",
        "city": "New York",
        "region": "New York",
        "country": "United States",
        "org": "Google LLC",
        "timezone": "America/New_York",
        "source": "ip-api.com"
      },
      "geometry": {
        "type": "Point",
        "coordinates": [
          -74.006,
          40.7128
        ]
      }
    },
    {
      "type": "Feature",
      "properties": {
        "ip": "142.251.40.193",
        "url": "https://yt3.ggpht.com/h5pg3yM4hOBBDW5hFRc1Y1s1OxDTzGGtIjwZsafVNEwnFJf1qMqzPBtL4KWgmSfL4qu7J05KeTg=s68-c-k-c0x00ffffff-no-rj",
        "city": "New York",
        "region": "New York",
        "country": "United States",
        "org": "Google LLC",
        "timezone": "America/New_York",
        "source": "ip-api.com"
      },
      "geometry": {
        "type": "Point",
        "coordinates": [
          -74.006,
          40.7128
        ]
      }
    },
    {
      "type": "Feature",
      "properties": {
        "ip": "142.251.40.193",
        "url": "https://yt3.ggpht.com/WFmhPoRlCCHrzn3h5WEtS1co_-o4Qr38Nm4ftXNE-lr8431V2c_SnPiKPwBqNwPqok9QWGf37aA=s68-c-k-c0x00ffffff-no-rj",
        "city": "New York",
        "region": "New York",
        "country": "United States",
        "org": "Google LLC",
        "timezone": "America/New_York",
        "source": "ip-api.com"
      },
      "geometry": {
        "type": "Point",
        "coordinates": [
          -74.006,
          40.7128
        ]
      }
    },
    {
      "type": "Feature",
      "properties": {
        "ip": "173.194.31.136",
        "url": "https://rr3---sn-ab5sznzk.googlevideo.com/videoplayback?expire=1753861649&ei=sHmJaIG3H9TFkucPjZ3nwAg&ip=160.39.40.250&id=o-AB12Aumbc6sQMFv5Zl_mlmsSKio7iietS_nIwTpEApKj&source=youtube&requiressl=yes&xpc=EgVo2aDSNQ%3D%3D&met=1753840048%2C&mh=Cw&mm=31%2C26&mn=sn-ab5sznzk%2Csn-p5qs7nzy&ms=au%2Conr&mv=m&mvi=3&pl=16&rms=au%2Cau&initcwndbps=3761250&siu=1&spc=l3OVKd2bthLO6eV27mktwxNOUOMOMxvssU0NLjJQ7UCKV3FRxwD15wXbcuMZkSvppA&svpuc=1&ns=mHnJ8mDSeumSom1KySuZ0m8Q&sabr=1&rqh=1&mt=1753839678&fvip=2&keepalive=yes&fexp=51355912&c=WEB&n=dKjfmZ2dltBPcA&sparams=expire%2Cei%2Cip%2Cid%2Csource%2Crequiressl%2Cxpc%2Csiu%2Cspc%2Csvpuc%2Cns%2Csabr%2Crqh&sig=AJfQdSswRAIgK_j2jr8HzLKsEFRt168zkb0SqpseQKpspoMSxmdSprsCICT1tjAhSyG1x8ODKTPIuc7uFMe8ycSSHwahI6ap7kdb&lsparams=met%2Cmh%2Cmm%2Cmn%2Cms%2Cmv%2Cmvi%2Cpl%2Crms%2Cinitcwndbps&lsig=APaTxxMwRQIgU6lMUwd3FZ4Vi-VSOE2lY1bY9gGGP8J0YpCTWAzPh4QCIQDoGCzQNbI6B2eaMRq7qmOc9ukEceqoD6WT12Zxb0BwGQ%3D%3D&cpn=DSExmEv2f6AdoD3Y&cver=2.20250728.08.00&rn=102&alr=yes",
        "city": "New York",
        "region": "New York",
        "country": "United States",
        "org": "Google LLC",
        "timezone": "America/New_York",
        "source": "ip-api.com"
      },
      "geometry": {
        "type": "Point",
        "coordinates": [
          -74.006,
          40.7128
        ]
      }
    },
    {
      "type": "Feature",
      "properties": {
        "ip": "173.194.31.136",
        "url": "https://rr3---sn-ab5sznzk.googlevideo.com/videoplayback?expire=1753861649&ei=sHmJaIG3H9TFkucPjZ3nwAg&ip=160.39.40.250&id=o-AB12Aumbc6sQMFv5Zl_mlmsSKio7iietS_nIwTpEApKj&source=youtube&requiressl=yes&xpc=EgVo2aDSNQ%3D%3D&met=1753840048%2C&mh=Cw&mm=31%2C26&mn=sn-ab5sznzk%2Csn-p5qs7nzy&ms=au%2Conr&mv=m&mvi=3&pl=16&rms=au%2Cau&initcwndbps=3761250&siu=1&spc=l3OVKd2bthLO6eV27mktwxNOUOMOMxvssU0NLjJQ7UCKV3FRxwD15wXbcuMZkSvppA&svpuc=1&ns=mHnJ8mDSeumSom1KySuZ0m8Q&sabr=1&rqh=1&mt=1753839678&fvip=2&keepalive=yes&fexp=51355912&c=WEB&n=dKjfmZ2dltBPcA&sparams=expire%2Cei%2Cip%2Cid%2Csource%2Crequiressl%2Cxpc%2Csiu%2Cspc%2Csvpuc%2Cns%2Csabr%2Crqh&sig=AJfQdSswRAIgK_j2jr8HzLKsEFRt168zkb0SqpseQKpspoMSxmdSprsCICT1tjAhSyG1x8ODKTPIuc7uFMe8ycSSHwahI6ap7kdb&lsparams=met%2Cmh%2Cmm%2Cmn%2Cms%2Cmv%2Cmvi%2Cpl%2Crms%2Cinitcwndbps&lsig=APaTxxMwRQIgU6lMUwd3FZ4Vi-VSOE2lY1bY9gGGP8J0YpCTWAzPh4QCIQDoGCzQNbI6B2eaMRq7qmOc9ukEceqoD6WT12Zxb0BwGQ%3D%3D&cpn=DSExmEv2f6AdoD3Y&cver=2.20250728.08.00&rn=83&alr=yes",
        "city": "New York",
        "region": "New York",
        "country": "United States",
        "org": "Google LLC",
        "timezone": "America/New_York",
        "source": "ip-api.com"
      },
      "geometry": {
        "type": "Point",
        "coordinates": [
          -74.006,
          40.7128
        ]
      }
    },
    {
      "type": "Feature",
      "properties": {
        "ip": "173.194.31.136",
        "url": "https://rr3---sn-ab5sznzk.googlevideo.com/videoplayback?expire=1753861649&ei=sHmJaIG3H9TFkucPjZ3nwAg&ip=160.39.40.250&id=o-AB12Aumbc6sQMFv5Zl_mlmsSKio7iietS_nIwTpEApKj&source=youtube&requiressl=yes&xpc=EgVo2aDSNQ%3D%3D&met=1753840048%2C&mh=Cw&mm=31%2C26&mn=sn-ab5sznzk%2Csn-p5qs7nzy&ms=au%2Conr&mv=m&mvi=3&pl=16&rms=au%2Cau&initcwndbps=3761250&siu=1&spc=l3OVKd2bthLO6eV27mktwxNOUOMOMxvssU0NLjJQ7UCKV3FRxwD15wXbcuMZkSvppA&svpuc=1&ns=mHnJ8mDSeumSom1KySuZ0m8Q&sabr=1&rqh=1&mt=1753839678&fvip=2&keepalive=yes&fexp=51355912&c=WEB&n=dKjfmZ2dltBPcA&sparams=expire%2Cei%2Cip%2Cid%2Csource%2Crequiressl%2Cxpc%2Csiu%2Cspc%2Csvpuc%2Cns%2Csabr%2Crqh&sig=AJfQdSswRAIgK_j2jr8HzLKsEFRt168zkb0SqpseQKpspoMSxmdSprsCICT1tjAhSyG1x8ODKTPIuc7uFMe8ycSSHwahI6ap7kdb&lsparams=met%2Cmh%2Cmm%2Cmn%2Cms%2Cmv%2Cmvi%2Cpl%2Crms%2Cinitcwndbps&lsig=APaTxxMwRQIgU6lMUwd3FZ4Vi-VSOE2lY1bY9gGGP8J0YpCTWAzPh4QCIQDoGCzQNbI6B2eaMRq7qmOc9ukEceqoD6WT12Zxb0BwGQ%3D%3D&cpn=DSExmEv2f6AdoD3Y&cver=2.20250728.08.00&rn=81&alr=yes",
        "city": "New York",
        "region": "New York",
        "country": "United States",
        "org": "Google LLC",
        "timezone": "America/New_York",
        "source": "ip-api.com"
      },
      "geometry": {
        "type": "Point",
        "coordinates": [
          -74.006,
          40.7128
        ]
      }
    },
    {
      "type": "Feature",
      "properties": {
        "ip": "173.194.31.136",
        "url": "https://rr3---sn-ab5sznzk.googlevideo.com/videoplayback?expire=1753861649&ei=sHmJaIG3H9TFkucPjZ3nwAg&ip=160.39.40.250&id=o-AB12Aumbc6sQMFv5Zl_mlmsSKio7iietS_nIwTpEApKj&source=youtube&requiressl=yes&xpc=EgVo2aDSNQ%3D%3D&met=1753840048%2C&mh=Cw&mm=31%2C26&mn=sn-ab5sznzk%2Csn-p5qs7nzy&ms=au%2Conr&mv=m&mvi=3&pl=16&rms=au%2Cau&initcwndbps=3761250&siu=1&spc=l3OVKd2bthLO6eV27mktwxNOUOMOMxvssU0NLjJQ7UCKV3FRxwD15wXbcuMZkSvppA&svpuc=1&ns=mHnJ8mDSeumSom1KySuZ0m8Q&sabr=1&rqh=1&mt=1753839678&fvip=2&keepalive=yes&fexp=51355912&c=WEB&n=dKjfmZ2dltBPcA&sparams=expire%2Cei%2Cip%2Cid%2Csource%2Crequiressl%2Cxpc%2Csiu%2Cspc%2Csvpuc%2Cns%2Csabr%2Crqh&sig=AJfQdSswRAIgK_j2jr8HzLKsEFRt168zkb0SqpseQKpspoMSxmdSprsCICT1tjAhSyG1x8ODKTPIuc7uFMe8ycSSHwahI6ap7kdb&lsparams=met%2Cmh%2Cmm%2Cmn%2Cms%2Cmv%2Cmvi%2Cpl%2Crms%2Cinitcwndbps&lsig=APaTxxMwRQIgU6lMUwd3FZ4Vi-VSOE2lY1bY9gGGP8J0YpCTWAzPh4QCIQDoGCzQNbI6B2eaMRq7qmOc9ukEceqoD6WT12Zxb0BwGQ%3D%3D&cpn=DSExmEv2f6AdoD3Y&cver=2.20250728.08.00&rn=126&alr=yes",
        "city": "New York",
        "region": "New York",
        "country": "United States",
        "org": "Google LLC",
        "timezone": "America/New_York",
        "source": "ip-api.com"
      },
      "geometry": {
        "type": "Point",
        "coordinates": [
          -74.006,
          40.7128
        ]
      }
    },
    {
      "type": "Feature",
      "properties": {
        "ip": "173.194.31.136",
        "url": "https://rr3---sn-ab5sznzk.googlevideo.com/videoplayback?expire=1753861649&ei=sHmJaIG3H9TFkucPjZ3nwAg&ip=160.39.40.250&id=o-AB12Aumbc6sQMFv5Zl_mlmsSKio7iietS_nIwTpEApKj&source=youtube&requiressl=yes&xpc=EgVo2aDSNQ%3D%3D&met=1753840048%2C&mh=Cw&mm=31%2C26&mn=sn-ab5sznzk%2Csn-p5qs7nzy&ms=au%2Conr&mv=m&mvi=3&pl=16&rms=au%2Cau&initcwndbps=3761250&siu=1&spc=l3OVKd2bthLO6eV27mktwxNOUOMOMxvssU0NLjJQ7UCKV3FRxwD15wXbcuMZkSvppA&svpuc=1&ns=mHnJ8mDSeumSom1KySuZ0m8Q&sabr=1&rqh=1&mt=1753839678&fvip=2&keepalive=yes&fexp=51355912&c=WEB&n=dKjfmZ2dltBPcA&sparams=expire%2Cei%2Cip%2Cid%2Csource%2Crequiressl%2Cxpc%2Csiu%2Cspc%2Csvpuc%2Cns%2Csabr%2Crqh&sig=AJfQdSswRAIgK_j2jr8HzLKsEFRt168zkb0SqpseQKpspoMSxmdSprsCICT1tjAhSyG1x8ODKTPIuc7uFMe8ycSSHwahI6ap7kdb&lsparams=met%2Cmh%2Cmm%2Cmn%2Cms%2Cmv%2Cmvi%2Cpl%2Crms%2Cinitcwndbps&lsig=APaTxxMwRQIgU6lMUwd3FZ4Vi-VSOE2lY1bY9gGGP8J0YpCTWAzPh4QCIQDoGCzQNbI6B2eaMRq7qmOc9ukEceqoD6WT12Zxb0BwGQ%3D%3D&cpn=DSExmEv2f6AdoD3Y&cver=2.20250728.08.00&rn=124&alr=yes",
        "city": "New York",
        "region": "New York",
        "country": "United States",
        "org": "Google LLC",
        "timezone": "America/New_York",
        "source": "ip-api.com"
      },
      "geometry": {
        "type": "Point",
        "coordinates": [
          -74.006,
          40.7128
        ]
      }
    },
    {
      "type": "Feature",
      "properties": {
        "ip": "173.194.31.136",
        "url": "https://rr3---sn-ab5sznzk.googlevideo.com/videoplayback?expire=1753861649&ei=sHmJaIG3H9TFkucPjZ3nwAg&ip=160.39.40.250&id=o-AB12Aumbc6sQMFv5Zl_mlmsSKio7iietS_nIwTpEApKj&source=youtube&requiressl=yes&xpc=EgVo2aDSNQ%3D%3D&met=1753840048%2C&mh=Cw&mm=31%2C26&mn=sn-ab5sznzk%2Csn-p5qs7nzy&ms=au%2Conr&mv=m&mvi=3&pl=16&rms=au%2Cau&initcwndbps=3761250&siu=1&spc=l3OVKd2bthLO6eV27mktwxNOUOMOMxvssU0NLjJQ7UCKV3FRxwD15wXbcuMZkSvppA&svpuc=1&ns=mHnJ8mDSeumSom1KySuZ0m8Q&sabr=1&rqh=1&mt=1753839678&fvip=2&keepalive=yes&fexp=51355912&c=WEB&n=dKjfmZ2dltBPcA&sparams=expire%2Cei%2Cip%2Cid%2Csource%2Crequiressl%2Cxpc%2Csiu%2Cspc%2Csvpuc%2Cns%2Csabr%2Crqh&sig=AJfQdSswRAIgK_j2jr8HzLKsEFRt168zkb0SqpseQKpspoMSxmdSprsCICT1tjAhSyG1x8ODKTPIuc7uFMe8ycSSHwahI6ap7kdb&lsparams=met%2Cmh%2Cmm%2Cmn%2Cms%2Cmv%2Cmvi%2Cpl%2Crms%2Cinitcwndbps&lsig=APaTxxMwRQIgU6lMUwd3FZ4Vi-VSOE2lY1bY9gGGP8J0YpCTWAzPh4QCIQDoGCzQNbI6B2eaMRq7qmOc9ukEceqoD6WT12Zxb0BwGQ%3D%3D&cpn=DSExmEv2f6AdoD3Y&cver=2.20250728.08.00&rn=125&alr=yes",
        "city": "New York",
        "region": "New York",
        "country": "United States",
        "org": "Google LLC",
        "timezone": "America/New_York",
        "source": "ip-api.com"
      },
      "geometry": {
        "type": "Point",
        "coordinates": [
          -74.006,
          40.7128
        ]
      }
    },
    {
      "type": "Feature",
      "properties": {
        "ip": "173.194.31.136",
        "url": "https://rr3---sn-ab5sznzk.googlevideo.com/videoplayback?expire=1753861649&ei=sHmJaIG3H9TFkucPjZ3nwAg&ip=160.39.40.250&id=o-AB12Aumbc6sQMFv5Zl_mlmsSKio7iietS_nIwTpEApKj&source=youtube&requiressl=yes&xpc=EgVo2aDSNQ%3D%3D&met=1753840048%2C&mh=Cw&mm=31%2C26&mn=sn-ab5sznzk%2Csn-p5qs7nzy&ms=au%2Conr&mv=m&mvi=3&pl=16&rms=au%2Cau&initcwndbps=3761250&siu=1&spc=l3OVKd2bthLO6eV27mktwxNOUOMOMxvssU0NLjJQ7UCKV3FRxwD15wXbcuMZkSvppA&svpuc=1&ns=mHnJ8mDSeumSom1KySuZ0m8Q&sabr=1&rqh=1&mt=1753839678&fvip=2&keepalive=yes&fexp=51355912&c=WEB&n=dKjfmZ2dltBPcA&sparams=expire%2Cei%2Cip%2Cid%2Csource%2Crequiressl%2Cxpc%2Csiu%2Cspc%2Csvpuc%2Cns%2Csabr%2Crqh&sig=AJfQdSswRAIgK_j2jr8HzLKsEFRt168zkb0SqpseQKpspoMSxmdSprsCICT1tjAhSyG1x8ODKTPIuc7uFMe8ycSSHwahI6ap7kdb&lsparams=met%2Cmh%2Cmm%2Cmn%2Cms%2Cmv%2Cmvi%2Cpl%2Crms%2Cinitcwndbps&lsig=APaTxxMwRQIgU6lMUwd3FZ4Vi-VSOE2lY1bY9gGGP8J0YpCTWAzPh4QCIQDoGCzQNbI6B2eaMRq7qmOc9ukEceqoD6WT12Zxb0BwGQ%3D%3D&cpn=DSExmEv2f6AdoD3Y&cver=2.20250728.08.00&rn=67&alr=yes",
        "city": "New York",
        "region": "New York",
        "country": "United States",
        "org": "Google LLC",
        "timezone": "America/New_York",
        "source": "ip-api.com"
      },
      "geometry": {
        "type": "Point",
        "coordinates": [
          -74.006,
          40.7128
        ]
      }
    },
    {
      "type": "Feature",
      "properties": {
        "ip": "173.194.31.136",
        "url": "https://rr3---sn-ab5sznzk.googlevideo.com/videoplayback?expire=1753861649&ei=sHmJaIG3H9TFkucPjZ3nwAg&ip=160.39.40.250&id=o-AB12Aumbc6sQMFv5Zl_mlmsSKio7iietS_nIwTpEApKj&source=youtube&requiressl=yes&xpc=EgVo2aDSNQ%3D%3D&met=1753840048%2C&mh=Cw&mm=31%2C26&mn=sn-ab5sznzk%2Csn-p5qs7nzy&ms=au%2Conr&mv=m&mvi=3&pl=16&rms=au%2Cau&initcwndbps=3761250&siu=1&spc=l3OVKd2bthLO6eV27mktwxNOUOMOMxvssU0NLjJQ7UCKV3FRxwD15wXbcuMZkSvppA&svpuc=1&ns=mHnJ8mDSeumSom1KySuZ0m8Q&sabr=1&rqh=1&mt=1753839678&fvip=2&keepalive=yes&fexp=51355912&c=WEB&n=dKjfmZ2dltBPcA&sparams=expire%2Cei%2Cip%2Cid%2Csource%2Crequiressl%2Cxpc%2Csiu%2Cspc%2Csvpuc%2Cns%2Csabr%2Crqh&sig=AJfQdSswRAIgK_j2jr8HzLKsEFRt168zkb0SqpseQKpspoMSxmdSprsCICT1tjAhSyG1x8ODKTPIuc7uFMe8ycSSHwahI6ap7kdb&lsparams=met%2Cmh%2Cmm%2Cmn%2Cms%2Cmv%2Cmvi%2Cpl%2Crms%2Cinitcwndbps&lsig=APaTxxMwRQIgU6lMUwd3FZ4Vi-VSOE2lY1bY9gGGP8J0YpCTWAzPh4QCIQDoGCzQNbI6B2eaMRq7qmOc9ukEceqoD6WT12Zxb0BwGQ%3D%3D&cpn=DSExmEv2f6AdoD3Y&cver=2.20250728.08.00&rn=86&alr=yes",
        "city": "New York",
        "region": "New York",
        "country": "United States",
        "org": "Google LLC",
        "timezone": "America/New_York",
        "source": "ip-api.com"
      },
      "geometry": {
        "type": "Point",
        "coordinates": [
          -74.006,
          40.7128
        ]
      }
    },
    {
      "type": "Feature",
      "properties": {
        "ip": "173.194.31.136",
        "url": "https://rr3---sn-ab5sznzk.googlevideo.com/videoplayback?expire=1753861649&ei=sHmJaIG3H9TFkucPjZ3nwAg&ip=160.39.40.250&id=o-AB12Aumbc6sQMFv5Zl_mlmsSKio7iietS_nIwTpEApKj&source=youtube&requiressl=yes&xpc=EgVo2aDSNQ%3D%3D&met=1753840048%2C&mh=Cw&mm=31%2C26&mn=sn-ab5sznzk%2Csn-p5qs7nzy&ms=au%2Conr&mv=m&mvi=3&pl=16&rms=au%2Cau&initcwndbps=3761250&siu=1&spc=l3OVKd2bthLO6eV27mktwxNOUOMOMxvssU0NLjJQ7UCKV3FRxwD15wXbcuMZkSvppA&svpuc=1&ns=mHnJ8mDSeumSom1KySuZ0m8Q&sabr=1&rqh=1&mt=1753839678&fvip=2&keepalive=yes&fexp=51355912&c=WEB&n=dKjfmZ2dltBPcA&sparams=expire%2Cei%2Cip%2Cid%2Csource%2Crequiressl%2Cxpc%2Csiu%2Cspc%2Csvpuc%2Cns%2Csabr%2Crqh&sig=AJfQdSswRAIgK_j2jr8HzLKsEFRt168zkb0SqpseQKpspoMSxmdSprsCICT1tjAhSyG1x8ODKTPIuc7uFMe8ycSSHwahI6ap7kdb&lsparams=met%2Cmh%2Cmm%2Cmn%2Cms%2Cmv%2Cmvi%2Cpl%2Crms%2Cinitcwndbps&lsig=APaTxxMwRQIgU6lMUwd3FZ4Vi-VSOE2lY1bY9gGGP8J0YpCTWAzPh4QCIQDoGCzQNbI6B2eaMRq7qmOc9ukEceqoD6WT12Zxb0BwGQ%3D%3D&cpn=DSExmEv2f6AdoD3Y&cver=2.20250728.08.00&rn=72&alr=yes",
        "city": "New York",
        "region": "New York",
        "country": "United States",
        "org": "Google LLC",
        "timezone": "America/New_York",
        "source": "ip-api.com"
      },
      "geometry": {
        "type": "Point",
        "coordinates": [
          -74.006,
          40.7128
        ]
      }
    },
    {
      "type": "Feature",
      "properties": {
        "ip": "173.194.31.136",
        "url": "https://rr3---sn-ab5sznzk.googlevideo.com/videoplayback?expire=1753861649&ei=sHmJaIG3H9TFkucPjZ3nwAg&ip=160.39.40.250&id=o-AB12Aumbc6sQMFv5Zl_mlmsSKio7iietS_nIwTpEApKj&source=youtube&requiressl=yes&xpc=EgVo2aDSNQ%3D%3D&met=1753840048%2C&mh=Cw&mm=31%2C26&mn=sn-ab5sznzk%2Csn-p5qs7nzy&ms=au%2Conr&mv=m&mvi=3&pl=16&rms=au%2Cau&initcwndbps=3761250&siu=1&spc=l3OVKd2bthLO6eV27mktwxNOUOMOMxvssU0NLjJQ7UCKV3FRxwD15wXbcuMZkSvppA&svpuc=1&ns=mHnJ8mDSeumSom1KySuZ0m8Q&sabr=1&rqh=1&mt=1753839678&fvip=2&keepalive=yes&fexp=51355912&c=WEB&n=dKjfmZ2dltBPcA&sparams=expire%2Cei%2Cip%2Cid%2Csource%2Crequiressl%2Cxpc%2Csiu%2Cspc%2Csvpuc%2Cns%2Csabr%2Crqh&sig=AJfQdSswRAIgK_j2jr8HzLKsEFRt168zkb0SqpseQKpspoMSxmdSprsCICT1tjAhSyG1x8ODKTPIuc7uFMe8ycSSHwahI6ap7kdb&lsparams=met%2Cmh%2Cmm%2Cmn%2Cms%2Cmv%2Cmvi%2Cpl%2Crms%2Cinitcwndbps&lsig=APaTxxMwRQIgU6lMUwd3FZ4Vi-VSOE2lY1bY9gGGP8J0YpCTWAzPh4QCIQDoGCzQNbI6B2eaMRq7qmOc9ukEceqoD6WT12Zxb0BwGQ%3D%3D&cpn=DSExmEv2f6AdoD3Y&cver=2.20250728.08.00&rn=71&alr=yes",
        "city": "New York",
        "region": "New York",
        "country": "United States",
        "org": "Google LLC",
        "timezone": "America/New_York",
        "source": "ip-api.com"
      },
      "geometry": {
        "type": "Point",
        "coordinates": [
          -74.006,
          40.7128
        ]
      }
    },
    {
      "type": "Feature",
      "properties": {
        "ip": "173.194.31.136",
        "url": "https://rr3---sn-ab5sznzk.googlevideo.com/videoplayback?expire=1753861649&ei=sHmJaIG3H9TFkucPjZ3nwAg&ip=160.39.40.250&id=o-AB12Aumbc6sQMFv5Zl_mlmsSKio7iietS_nIwTpEApKj&source=youtube&requiressl=yes&xpc=EgVo2aDSNQ%3D%3D&met=1753840048%2C&mh=Cw&mm=31%2C26&mn=sn-ab5sznzk%2Csn-p5qs7nzy&ms=au%2Conr&mv=m&mvi=3&pl=16&rms=au%2Cau&initcwndbps=3761250&siu=1&spc=l3OVKd2bthLO6eV27mktwxNOUOMOMxvssU0NLjJQ7UCKV3FRxwD15wXbcuMZkSvppA&svpuc=1&ns=mHnJ8mDSeumSom1KySuZ0m8Q&sabr=1&rqh=1&mt=1753839678&fvip=2&keepalive=yes&fexp=51355912&c=WEB&n=dKjfmZ2dltBPcA&sparams=expire%2Cei%2Cip%2Cid%2Csource%2Crequiressl%2Cxpc%2Csiu%2Cspc%2Csvpuc%2Cns%2Csabr%2Crqh&sig=AJfQdSswRAIgK_j2jr8HzLKsEFRt168zkb0SqpseQKpspoMSxmdSprsCICT1tjAhSyG1x8ODKTPIuc7uFMe8ycSSHwahI6ap7kdb&lsparams=met%2Cmh%2Cmm%2Cmn%2Cms%2Cmv%2Cmvi%2Cpl%2Crms%2Cinitcwndbps&lsig=APaTxxMwRQIgU6lMUwd3FZ4Vi-VSOE2lY1bY9gGGP8J0YpCTWAzPh4QCIQDoGCzQNbI6B2eaMRq7qmOc9ukEceqoD6WT12Zxb0BwGQ%3D%3D&cpn=DSExmEv2f6AdoD3Y&cver=2.20250728.08.00&rn=141&alr=yes",
        "city": "New York",
        "region": "New York",
        "country": "United States",
        "org": "Google LLC",
        "timezone": "America/New_York",
        "source": "ip-api.com"
      },
      "geometry": {
        "type": "Point",
        "coordinates": [
          -74.006,
          40.7128
        ]
      }
    },
    {
      "type": "Feature",
      "properties": {
        "ip": "173.194.31.136",
        "url": "https://rr3---sn-ab5sznzk.googlevideo.com/videoplayback?expire=1753861649&ei=sHmJaIG3H9TFkucPjZ3nwAg&ip=160.39.40.250&id=o-AB12Aumbc6sQMFv5Zl_mlmsSKio7iietS_nIwTpEApKj&source=youtube&requiressl=yes&xpc=EgVo2aDSNQ%3D%3D&met=1753840048%2C&mh=Cw&mm=31%2C26&mn=sn-ab5sznzk%2Csn-p5qs7nzy&ms=au%2Conr&mv=m&mvi=3&pl=16&rms=au%2Cau&initcwndbps=3761250&siu=1&spc=l3OVKd2bthLO6eV27mktwxNOUOMOMxvssU0NLjJQ7UCKV3FRxwD15wXbcuMZkSvppA&svpuc=1&ns=mHnJ8mDSeumSom1KySuZ0m8Q&sabr=1&rqh=1&mt=1753839678&fvip=2&keepalive=yes&fexp=51355912&c=WEB&n=dKjfmZ2dltBPcA&sparams=expire%2Cei%2Cip%2Cid%2Csource%2Crequiressl%2Cxpc%2Csiu%2Cspc%2Csvpuc%2Cns%2Csabr%2Crqh&sig=AJfQdSswRAIgK_j2jr8HzLKsEFRt168zkb0SqpseQKpspoMSxmdSprsCICT1tjAhSyG1x8ODKTPIuc7uFMe8ycSSHwahI6ap7kdb&lsparams=met%2Cmh%2Cmm%2Cmn%2Cms%2Cmv%2Cmvi%2Cpl%2Crms%2Cinitcwndbps&lsig=APaTxxMwRQIgU6lMUwd3FZ4Vi-VSOE2lY1bY9gGGP8J0YpCTWAzPh4QCIQDoGCzQNbI6B2eaMRq7qmOc9ukEceqoD6WT12Zxb0BwGQ%3D%3D&cpn=DSExmEv2f6AdoD3Y&cver=2.20250728.08.00&rn=92&alr=yes",
        "city": "New York",
        "region": "New York",
        "country": "United States",
        "org": "Google LLC",
        "timezone": "America/New_York",
        "source": "ip-api.com"
      },
      "geometry": {
        "type": "Point",
        "coordinates": [
          -74.006,
          40.7128
        ]
      }
    },
    {
      "type": "Feature",
      "properties": {
        "ip": "173.194.31.136",
        "url": "https://rr3---sn-ab5sznzk.googlevideo.com/videoplayback?expire=1753861649&ei=sHmJaIG3H9TFkucPjZ3nwAg&ip=160.39.40.250&id=o-AB12Aumbc6sQMFv5Zl_mlmsSKio7iietS_nIwTpEApKj&source=youtube&requiressl=yes&xpc=EgVo2aDSNQ%3D%3D&met=1753840048%2C&mh=Cw&mm=31%2C26&mn=sn-ab5sznzk%2Csn-p5qs7nzy&ms=au%2Conr&mv=m&mvi=3&pl=16&rms=au%2Cau&initcwndbps=3761250&siu=1&spc=l3OVKd2bthLO6eV27mktwxNOUOMOMxvssU0NLjJQ7UCKV3FRxwD15wXbcuMZkSvppA&svpuc=1&ns=mHnJ8mDSeumSom1KySuZ0m8Q&sabr=1&rqh=1&mt=1753839678&fvip=2&keepalive=yes&fexp=51355912&c=WEB&n=dKjfmZ2dltBPcA&sparams=expire%2Cei%2Cip%2Cid%2Csource%2Crequiressl%2Cxpc%2Csiu%2Cspc%2Csvpuc%2Cns%2Csabr%2Crqh&sig=AJfQdSswRAIgK_j2jr8HzLKsEFRt168zkb0SqpseQKpspoMSxmdSprsCICT1tjAhSyG1x8ODKTPIuc7uFMe8ycSSHwahI6ap7kdb&lsparams=met%2Cmh%2Cmm%2Cmn%2Cms%2Cmv%2Cmvi%2Cpl%2Crms%2Cinitcwndbps&lsig=APaTxxMwRQIgU6lMUwd3FZ4Vi-VSOE2lY1bY9gGGP8J0YpCTWAzPh4QCIQDoGCzQNbI6B2eaMRq7qmOc9ukEceqoD6WT12Zxb0BwGQ%3D%3D&cpn=DSExmEv2f6AdoD3Y&cver=2.20250728.08.00&rn=106&alr=yes",
        "city": "New York",
        "region": "New York",
        "country": "United States",
        "org": "Google LLC",
        "timezone": "America/New_York",
        "source": "ip-api.com"
      },
      "geometry": {
        "type": "Point",
        "coordinates": [
          -74.006,
          40.7128
        ]
      }
    },
    {
      "type": "Feature",
      "properties": {
        "ip": "173.194.31.136",
        "url": "https://rr3---sn-ab5sznzk.googlevideo.com/videoplayback?expire=1753861649&ei=sHmJaIG3H9TFkucPjZ3nwAg&ip=160.39.40.250&id=o-AB12Aumbc6sQMFv5Zl_mlmsSKio7iietS_nIwTpEApKj&source=youtube&requiressl=yes&xpc=EgVo2aDSNQ%3D%3D&met=1753840048%2C&mh=Cw&mm=31%2C26&mn=sn-ab5sznzk%2Csn-p5qs7nzy&ms=au%2Conr&mv=m&mvi=3&pl=16&rms=au%2Cau&initcwndbps=3761250&siu=1&spc=l3OVKd2bthLO6eV27mktwxNOUOMOMxvssU0NLjJQ7UCKV3FRxwD15wXbcuMZkSvppA&svpuc=1&ns=mHnJ8mDSeumSom1KySuZ0m8Q&sabr=1&rqh=1&mt=1753839678&fvip=2&keepalive=yes&fexp=51355912&c=WEB&n=dKjfmZ2dltBPcA&sparams=expire%2Cei%2Cip%2Cid%2Csource%2Crequiressl%2Cxpc%2Csiu%2Cspc%2Csvpuc%2Cns%2Csabr%2Crqh&sig=AJfQdSswRAIgK_j2jr8HzLKsEFRt168zkb0SqpseQKpspoMSxmdSprsCICT1tjAhSyG1x8ODKTPIuc7uFMe8ycSSHwahI6ap7kdb&lsparams=met%2Cmh%2Cmm%2Cmn%2Cms%2Cmv%2Cmvi%2Cpl%2Crms%2Cinitcwndbps&lsig=APaTxxMwRQIgU6lMUwd3FZ4Vi-VSOE2lY1bY9gGGP8J0YpCTWAzPh4QCIQDoGCzQNbI6B2eaMRq7qmOc9ukEceqoD6WT12Zxb0BwGQ%3D%3D&cpn=DSExmEv2f6AdoD3Y&cver=2.20250728.08.00&rn=107&alr=yes",
        "city": "New York",
        "region": "New York",
        "country": "United States",
        "org": "Google LLC",
        "timezone": "America/New_York",
        "source": "ip-api.com"
      },
      "geometry": {
        "type": "Point",
        "coordinates": [
          -74.006,
          40.7128
        ]
      }
    },
    {
      "type": "Feature",
      "properties": {
        "ip": "173.194.31.136",
        "url": "https://rr3---sn-ab5sznzk.googlevideo.com/videoplayback?expire=1753861649&ei=sHmJaIG3H9TFkucPjZ3nwAg&ip=160.39.40.250&id=o-AB12Aumbc6sQMFv5Zl_mlmsSKio7iietS_nIwTpEApKj&source=youtube&requiressl=yes&xpc=EgVo2aDSNQ%3D%3D&met=1753840048%2C&mh=Cw&mm=31%2C26&mn=sn-ab5sznzk%2Csn-p5qs7nzy&ms=au%2Conr&mv=m&mvi=3&pl=16&rms=au%2Cau&initcwndbps=3761250&siu=1&spc=l3OVKd2bthLO6eV27mktwxNOUOMOMxvssU0NLjJQ7UCKV3FRxwD15wXbcuMZkSvppA&svpuc=1&ns=mHnJ8mDSeumSom1KySuZ0m8Q&sabr=1&rqh=1&mt=1753839678&fvip=2&keepalive=yes&fexp=51355912&c=WEB&n=dKjfmZ2dltBPcA&sparams=expire%2Cei%2Cip%2Cid%2Csource%2Crequiressl%2Cxpc%2Csiu%2Cspc%2Csvpuc%2Cns%2Csabr%2Crqh&sig=AJfQdSswRAIgK_j2jr8HzLKsEFRt168zkb0SqpseQKpspoMSxmdSprsCICT1tjAhSyG1x8ODKTPIuc7uFMe8ycSSHwahI6ap7kdb&lsparams=met%2Cmh%2Cmm%2Cmn%2Cms%2Cmv%2Cmvi%2Cpl%2Crms%2Cinitcwndbps&lsig=APaTxxMwRQIgU6lMUwd3FZ4Vi-VSOE2lY1bY9gGGP8J0YpCTWAzPh4QCIQDoGCzQNbI6B2eaMRq7qmOc9ukEceqoD6WT12Zxb0BwGQ%3D%3D&cpn=DSExmEv2f6AdoD3Y&cver=2.20250728.08.00&rn=134&alr=yes",
        "city": "New York",
        "region": "New York",
        "country": "United States",
        "org": "Google LLC",
        "timezone": "America/New_York",
        "source": "ip-api.com"
      },
      "geometry": {
        "type": "Point",
        "coordinates": [
          -74.006,
          40.7128
        ]
      }
    },
    {
      "type": "Feature",
      "properties": {
        "ip": "173.194.31.136",
        "url": "https://rr3---sn-ab5sznzk.googlevideo.com/videoplayback?expire=1753861649&ei=sHmJaIG3H9TFkucPjZ3nwAg&ip=160.39.40.250&id=o-AB12Aumbc6sQMFv5Zl_mlmsSKio7iietS_nIwTpEApKj&source=youtube&requiressl=yes&xpc=EgVo2aDSNQ%3D%3D&met=1753840048%2C&mh=Cw&mm=31%2C26&mn=sn-ab5sznzk%2Csn-p5qs7nzy&ms=au%2Conr&mv=m&mvi=3&pl=16&rms=au%2Cau&initcwndbps=3761250&siu=1&spc=l3OVKd2bthLO6eV27mktwxNOUOMOMxvssU0NLjJQ7UCKV3FRxwD15wXbcuMZkSvppA&svpuc=1&ns=mHnJ8mDSeumSom1KySuZ0m8Q&sabr=1&rqh=1&mt=1753839678&fvip=2&keepalive=yes&fexp=51355912&c=WEB&n=dKjfmZ2dltBPcA&sparams=expire%2Cei%2Cip%2Cid%2Csource%2Crequiressl%2Cxpc%2Csiu%2Cspc%2Csvpuc%2Cns%2Csabr%2Crqh&sig=AJfQdSswRAIgK_j2jr8HzLKsEFRt168zkb0SqpseQKpspoMSxmdSprsCICT1tjAhSyG1x8ODKTPIuc7uFMe8ycSSHwahI6ap7kdb&lsparams=met%2Cmh%2Cmm%2Cmn%2Cms%2Cmv%2Cmvi%2Cpl%2Crms%2Cinitcwndbps&lsig=APaTxxMwRQIgU6lMUwd3FZ4Vi-VSOE2lY1bY9gGGP8J0YpCTWAzPh4QCIQDoGCzQNbI6B2eaMRq7qmOc9ukEceqoD6WT12Zxb0BwGQ%3D%3D&cpn=DSExmEv2f6AdoD3Y&cver=2.20250728.08.00&rn=87&alr=yes",
        "city": "New York",
        "region": "New York",
        "country": "United States",
        "org": "Google LLC",
        "timezone": "America/New_York",
        "source": "ip-api.com"
      },
      "geometry": {
        "type": "Point",
        "coordinates": [
          -74.006,
          40.7128
        ]
      }
    },
    {
      "type": "Feature",
      "properties": {
        "ip": "173.194.31.136",
        "url": "https://rr3---sn-ab5sznzk.googlevideo.com/videoplayback?expire=1753861649&ei=sHmJaIG3H9TFkucPjZ3nwAg&ip=160.39.40.250&id=o-AB12Aumbc6sQMFv5Zl_mlmsSKio7iietS_nIwTpEApKj&source=youtube&requiressl=yes&xpc=EgVo2aDSNQ%3D%3D&met=1753840048%2C&mh=Cw&mm=31%2C26&mn=sn-ab5sznzk%2Csn-p5qs7nzy&ms=au%2Conr&mv=m&mvi=3&pl=16&rms=au%2Cau&initcwndbps=3761250&siu=1&spc=l3OVKd2bthLO6eV27mktwxNOUOMOMxvssU0NLjJQ7UCKV3FRxwD15wXbcuMZkSvppA&svpuc=1&ns=mHnJ8mDSeumSom1KySuZ0m8Q&sabr=1&rqh=1&mt=1753839678&fvip=2&keepalive=yes&fexp=51355912&c=WEB&n=dKjfmZ2dltBPcA&sparams=expire%2Cei%2Cip%2Cid%2Csource%2Crequiressl%2Cxpc%2Csiu%2Cspc%2Csvpuc%2Cns%2Csabr%2Crqh&sig=AJfQdSswRAIgK_j2jr8HzLKsEFRt168zkb0SqpseQKpspoMSxmdSprsCICT1tjAhSyG1x8ODKTPIuc7uFMe8ycSSHwahI6ap7kdb&lsparams=met%2Cmh%2Cmm%2Cmn%2Cms%2Cmv%2Cmvi%2Cpl%2Crms%2Cinitcwndbps&lsig=APaTxxMwRQIgU6lMUwd3FZ4Vi-VSOE2lY1bY9gGGP8J0YpCTWAzPh4QCIQDoGCzQNbI6B2eaMRq7qmOc9ukEceqoD6WT12Zxb0BwGQ%3D%3D&cpn=DSExmEv2f6AdoD3Y&cver=2.20250728.08.00&rn=135&alr=yes",
        "city": "New York",
        "region": "New York",
        "country": "United States",
        "org": "Google LLC",
        "timezone": "America/New_York",
        "source": "ip-api.com"
      },
      "geometry": {
        "type": "Point",
        "coordinates": [
          -74.006,
          40.7128
        ]
      }
    },
    {
      "type": "Feature",
      "properties": {
        "ip": "173.194.31.136",
        "url": "https://rr3---sn-ab5sznzk.googlevideo.com/videoplayback?expire=1753861649&ei=sHmJaIG3H9TFkucPjZ3nwAg&ip=160.39.40.250&id=o-AB12Aumbc6sQMFv5Zl_mlmsSKio7iietS_nIwTpEApKj&source=youtube&requiressl=yes&xpc=EgVo2aDSNQ%3D%3D&met=1753840048%2C&mh=Cw&mm=31%2C26&mn=sn-ab5sznzk%2Csn-p5qs7nzy&ms=au%2Conr&mv=m&mvi=3&pl=16&rms=au%2Cau&initcwndbps=3761250&siu=1&spc=l3OVKd2bthLO6eV27mktwxNOUOMOMxvssU0NLjJQ7UCKV3FRxwD15wXbcuMZkSvppA&svpuc=1&ns=mHnJ8mDSeumSom1KySuZ0m8Q&sabr=1&rqh=1&mt=1753839678&fvip=2&keepalive=yes&fexp=51355912&c=WEB&n=dKjfmZ2dltBPcA&sparams=expire%2Cei%2Cip%2Cid%2Csource%2Crequiressl%2Cxpc%2Csiu%2Cspc%2Csvpuc%2Cns%2Csabr%2Crqh&sig=AJfQdSswRAIgK_j2jr8HzLKsEFRt168zkb0SqpseQKpspoMSxmdSprsCICT1tjAhSyG1x8ODKTPIuc7uFMe8ycSSHwahI6ap7kdb&lsparams=met%2Cmh%2Cmm%2Cmn%2Cms%2Cmv%2Cmvi%2Cpl%2Crms%2Cinitcwndbps&lsig=APaTxxMwRQIgU6lMUwd3FZ4Vi-VSOE2lY1bY9gGGP8J0YpCTWAzPh4QCIQDoGCzQNbI6B2eaMRq7qmOc9ukEceqoD6WT12Zxb0BwGQ%3D%3D&cpn=DSExmEv2f6AdoD3Y&cver=2.20250728.08.00&rn=95&alr=yes",
        "city": "New York",
        "region": "New York",
        "country": "United States",
        "org": "Google LLC",
        "timezone": "America/New_York",
        "source": "ip-api.com"
      },
      "geometry": {
        "type": "Point",
        "coordinates": [
          -74.006,
          40.7128
        ]
      }
    },
    {
      "type": "Feature",
      "properties": {
        "ip": "173.194.31.136",
        "url": "https://rr3---sn-ab5sznzk.googlevideo.com/videoplayback?expire=1753861649&ei=sHmJaIG3H9TFkucPjZ3nwAg&ip=160.39.40.250&id=o-AB12Aumbc6sQMFv5Zl_mlmsSKio7iietS_nIwTpEApKj&source=youtube&requiressl=yes&xpc=EgVo2aDSNQ%3D%3D&met=1753840048%2C&mh=Cw&mm=31%2C26&mn=sn-ab5sznzk%2Csn-p5qs7nzy&ms=au%2Conr&mv=m&mvi=3&pl=16&rms=au%2Cau&initcwndbps=3761250&siu=1&spc=l3OVKd2bthLO6eV27mktwxNOUOMOMxvssU0NLjJQ7UCKV3FRxwD15wXbcuMZkSvppA&svpuc=1&ns=mHnJ8mDSeumSom1KySuZ0m8Q&sabr=1&rqh=1&mt=1753839678&fvip=2&keepalive=yes&fexp=51355912&c=WEB&n=dKjfmZ2dltBPcA&sparams=expire%2Cei%2Cip%2Cid%2Csource%2Crequiressl%2Cxpc%2Csiu%2Cspc%2Csvpuc%2Cns%2Csabr%2Crqh&sig=AJfQdSswRAIgK_j2jr8HzLKsEFRt168zkb0SqpseQKpspoMSxmdSprsCICT1tjAhSyG1x8ODKTPIuc7uFMe8ycSSHwahI6ap7kdb&lsparams=met%2Cmh%2Cmm%2Cmn%2Cms%2Cmv%2Cmvi%2Cpl%2Crms%2Cinitcwndbps&lsig=APaTxxMwRQIgU6lMUwd3FZ4Vi-VSOE2lY1bY9gGGP8J0YpCTWAzPh4QCIQDoGCzQNbI6B2eaMRq7qmOc9ukEceqoD6WT12Zxb0BwGQ%3D%3D&cpn=DSExmEv2f6AdoD3Y&cver=2.20250728.08.00&rn=66&alr=yes",
        "city": "New York",
        "region": "New York",
        "country": "United States",
        "org": "Google LLC",
        "timezone": "America/New_York",
        "source": "ip-api.com"
      },
      "geometry": {
        "type": "Point",
        "coordinates": [
          -74.006,
          40.7128
        ]
      }
    },
    {
      "type": "Feature",
      "properties": {
        "ip": "173.194.31.136",
        "url": "https://rr3---sn-ab5sznzk.googlevideo.com/videoplayback?expire=1753861649&ei=sHmJaIG3H9TFkucPjZ3nwAg&ip=160.39.40.250&id=o-AB12Aumbc6sQMFv5Zl_mlmsSKio7iietS_nIwTpEApKj&source=youtube&requiressl=yes&xpc=EgVo2aDSNQ%3D%3D&met=1753840048%2C&mh=Cw&mm=31%2C26&mn=sn-ab5sznzk%2Csn-p5qs7nzy&ms=au%2Conr&mv=m&mvi=3&pl=16&rms=au%2Cau&initcwndbps=3761250&siu=1&spc=l3OVKd2bthLO6eV27mktwxNOUOMOMxvssU0NLjJQ7UCKV3FRxwD15wXbcuMZkSvppA&svpuc=1&ns=mHnJ8mDSeumSom1KySuZ0m8Q&sabr=1&rqh=1&mt=1753839678&fvip=2&keepalive=yes&fexp=51355912&c=WEB&n=dKjfmZ2dltBPcA&sparams=expire%2Cei%2Cip%2Cid%2Csource%2Crequiressl%2Cxpc%2Csiu%2Cspc%2Csvpuc%2Cns%2Csabr%2Crqh&sig=AJfQdSswRAIgK_j2jr8HzLKsEFRt168zkb0SqpseQKpspoMSxmdSprsCICT1tjAhSyG1x8ODKTPIuc7uFMe8ycSSHwahI6ap7kdb&lsparams=met%2Cmh%2Cmm%2Cmn%2Cms%2Cmv%2Cmvi%2Cpl%2Crms%2Cinitcwndbps&lsig=APaTxxMwRQIgU6lMUwd3FZ4Vi-VSOE2lY1bY9gGGP8J0YpCTWAzPh4QCIQDoGCzQNbI6B2eaMRq7qmOc9ukEceqoD6WT12Zxb0BwGQ%3D%3D&cpn=DSExmEv2f6AdoD3Y&cver=2.20250728.08.00&rn=108&alr=yes",
        "city": "New York",
        "region": "New York",
        "country": "United States",
        "org": "Google LLC",
        "timezone": "America/New_York",
        "source": "ip-api.com"
      },
      "geometry": {
        "type": "Point",
        "coordinates": [
          -74.006,
          40.7128
        ]
      }
    },
    {
      "type": "Feature",
      "properties": {
        "ip": "173.194.31.136",
        "url": "https://rr3---sn-ab5sznzk.googlevideo.com/videoplayback?expire=1753861649&ei=sHmJaIG3H9TFkucPjZ3nwAg&ip=160.39.40.250&id=o-AB12Aumbc6sQMFv5Zl_mlmsSKio7iietS_nIwTpEApKj&source=youtube&requiressl=yes&xpc=EgVo2aDSNQ%3D%3D&met=1753840048%2C&mh=Cw&mm=31%2C26&mn=sn-ab5sznzk%2Csn-p5qs7nzy&ms=au%2Conr&mv=m&mvi=3&pl=16&rms=au%2Cau&initcwndbps=3761250&siu=1&spc=l3OVKd2bthLO6eV27mktwxNOUOMOMxvssU0NLjJQ7UCKV3FRxwD15wXbcuMZkSvppA&svpuc=1&ns=mHnJ8mDSeumSom1KySuZ0m8Q&sabr=1&rqh=1&mt=1753839678&fvip=2&keepalive=yes&fexp=51355912&c=WEB&n=dKjfmZ2dltBPcA&sparams=expire%2Cei%2Cip%2Cid%2Csource%2Crequiressl%2Cxpc%2Csiu%2Cspc%2Csvpuc%2Cns%2Csabr%2Crqh&sig=AJfQdSswRAIgK_j2jr8HzLKsEFRt168zkb0SqpseQKpspoMSxmdSprsCICT1tjAhSyG1x8ODKTPIuc7uFMe8ycSSHwahI6ap7kdb&lsparams=met%2Cmh%2Cmm%2Cmn%2Cms%2Cmv%2Cmvi%2Cpl%2Crms%2Cinitcwndbps&lsig=APaTxxMwRQIgU6lMUwd3FZ4Vi-VSOE2lY1bY9gGGP8J0YpCTWAzPh4QCIQDoGCzQNbI6B2eaMRq7qmOc9ukEceqoD6WT12Zxb0BwGQ%3D%3D&cpn=DSExmEv2f6AdoD3Y&cver=2.20250728.08.00&rn=88&alr=yes",
        "city": "New York",
        "region": "New York",
        "country": "United States",
        "org": "Google LLC",
        "timezone": "America/New_York",
        "source": "ip-api.com"
      },
      "geometry": {
        "type": "Point",
        "coordinates": [
          -74.006,
          40.7128
        ]
      }
    },
    {
      "type": "Feature",
      "properties": {
        "ip": "173.194.31.136",
        "url": "https://rr3---sn-ab5sznzk.googlevideo.com/videoplayback?expire=1753861649&ei=sHmJaIG3H9TFkucPjZ3nwAg&ip=160.39.40.250&id=o-AB12Aumbc6sQMFv5Zl_mlmsSKio7iietS_nIwTpEApKj&source=youtube&requiressl=yes&xpc=EgVo2aDSNQ%3D%3D&met=1753840048%2C&mh=Cw&mm=31%2C26&mn=sn-ab5sznzk%2Csn-p5qs7nzy&ms=au%2Conr&mv=m&mvi=3&pl=16&rms=au%2Cau&initcwndbps=3761250&siu=1&spc=l3OVKd2bthLO6eV27mktwxNOUOMOMxvssU0NLjJQ7UCKV3FRxwD15wXbcuMZkSvppA&svpuc=1&ns=mHnJ8mDSeumSom1KySuZ0m8Q&sabr=1&rqh=1&mt=1753839678&fvip=2&keepalive=yes&fexp=51355912&c=WEB&n=dKjfmZ2dltBPcA&sparams=expire%2Cei%2Cip%2Cid%2Csource%2Crequiressl%2Cxpc%2Csiu%2Cspc%2Csvpuc%2Cns%2Csabr%2Crqh&sig=AJfQdSswRAIgK_j2jr8HzLKsEFRt168zkb0SqpseQKpspoMSxmdSprsCICT1tjAhSyG1x8ODKTPIuc7uFMe8ycSSHwahI6ap7kdb&lsparams=met%2Cmh%2Cmm%2Cmn%2Cms%2Cmv%2Cmvi%2Cpl%2Crms%2Cinitcwndbps&lsig=APaTxxMwRQIgU6lMUwd3FZ4Vi-VSOE2lY1bY9gGGP8J0YpCTWAzPh4QCIQDoGCzQNbI6B2eaMRq7qmOc9ukEceqoD6WT12Zxb0BwGQ%3D%3D&cpn=DSExmEv2f6AdoD3Y&cver=2.20250728.08.00&rn=137&alr=yes",
        "city": "New York",
        "region": "New York",
        "country": "United States",
        "org": "Google LLC",
        "timezone": "America/New_York",
        "source": "ip-api.com"
      },
      "geometry": {
        "type": "Point",
        "coordinates": [
          -74.006,
          40.7128
        ]
      }
    },
    {
      "type": "Feature",
      "properties": {
        "ip": "173.194.31.136",
        "url": "https://rr3---sn-ab5sznzk.googlevideo.com/videoplayback?expire=1753861649&ei=sHmJaIG3H9TFkucPjZ3nwAg&ip=160.39.40.250&id=o-AB12Aumbc6sQMFv5Zl_mlmsSKio7iietS_nIwTpEApKj&source=youtube&requiressl=yes&xpc=EgVo2aDSNQ%3D%3D&met=1753840048%2C&mh=Cw&mm=31%2C26&mn=sn-ab5sznzk%2Csn-p5qs7nzy&ms=au%2Conr&mv=m&mvi=3&pl=16&rms=au%2Cau&initcwndbps=3761250&siu=1&spc=l3OVKd2bthLO6eV27mktwxNOUOMOMxvssU0NLjJQ7UCKV3FRxwD15wXbcuMZkSvppA&svpuc=1&ns=mHnJ8mDSeumSom1KySuZ0m8Q&sabr=1&rqh=1&mt=1753839678&fvip=2&keepalive=yes&fexp=51355912&c=WEB&n=dKjfmZ2dltBPcA&sparams=expire%2Cei%2Cip%2Cid%2Csource%2Crequiressl%2Cxpc%2Csiu%2Cspc%2Csvpuc%2Cns%2Csabr%2Crqh&sig=AJfQdSswRAIgK_j2jr8HzLKsEFRt168zkb0SqpseQKpspoMSxmdSprsCICT1tjAhSyG1x8ODKTPIuc7uFMe8ycSSHwahI6ap7kdb&lsparams=met%2Cmh%2Cmm%2Cmn%2Cms%2Cmv%2Cmvi%2Cpl%2Crms%2Cinitcwndbps&lsig=APaTxxMwRQIgU6lMUwd3FZ4Vi-VSOE2lY1bY9gGGP8J0YpCTWAzPh4QCIQDoGCzQNbI6B2eaMRq7qmOc9ukEceqoD6WT12Zxb0BwGQ%3D%3D&cpn=DSExmEv2f6AdoD3Y&cver=2.20250728.08.00&rn=112&alr=yes",
        "city": "New York",
        "region": "New York",
        "country": "United States",
        "org": "Google LLC",
        "timezone": "America/New_York",
        "source": "ip-api.com"
      },
      "geometry": {
        "type": "Point",
        "coordinates": [
          -74.006,
          40.7128
        ]
      }
    },
    {
      "type": "Feature",
      "properties": {
        "ip": "173.194.31.136",
        "url": "https://rr3---sn-ab5sznzk.googlevideo.com/videoplayback?expire=1753861649&ei=sHmJaIG3H9TFkucPjZ3nwAg&ip=160.39.40.250&id=o-AB12Aumbc6sQMFv5Zl_mlmsSKio7iietS_nIwTpEApKj&source=youtube&requiressl=yes&xpc=EgVo2aDSNQ%3D%3D&met=1753840048%2C&mh=Cw&mm=31%2C26&mn=sn-ab5sznzk%2Csn-p5qs7nzy&ms=au%2Conr&mv=m&mvi=3&pl=16&rms=au%2Cau&initcwndbps=3761250&siu=1&spc=l3OVKd2bthLO6eV27mktwxNOUOMOMxvssU0NLjJQ7UCKV3FRxwD15wXbcuMZkSvppA&svpuc=1&ns=mHnJ8mDSeumSom1KySuZ0m8Q&sabr=1&rqh=1&mt=1753839678&fvip=2&keepalive=yes&fexp=51355912&c=WEB&n=dKjfmZ2dltBPcA&sparams=expire%2Cei%2Cip%2Cid%2Csource%2Crequiressl%2Cxpc%2Csiu%2Cspc%2Csvpuc%2Cns%2Csabr%2Crqh&sig=AJfQdSswRAIgK_j2jr8HzLKsEFRt168zkb0SqpseQKpspoMSxmdSprsCICT1tjAhSyG1x8ODKTPIuc7uFMe8ycSSHwahI6ap7kdb&lsparams=met%2Cmh%2Cmm%2Cmn%2Cms%2Cmv%2Cmvi%2Cpl%2Crms%2Cinitcwndbps&lsig=APaTxxMwRQIgU6lMUwd3FZ4Vi-VSOE2lY1bY9gGGP8J0YpCTWAzPh4QCIQDoGCzQNbI6B2eaMRq7qmOc9ukEceqoD6WT12Zxb0BwGQ%3D%3D&cpn=DSExmEv2f6AdoD3Y&cver=2.20250728.08.00&rn=99&alr=yes",
        "city": "New York",
        "region": "New York",
        "country": "United States",
        "org": "Google LLC",
        "timezone": "America/New_York",
        "source": "ip-api.com"
      },
      "geometry": {
        "type": "Point",
        "coordinates": [
          -74.006,
          40.7128
        ]
      }
    },
    {
      "type": "Feature",
      "properties": {
        "ip": "173.194.31.136",
        "url": "https://rr3---sn-ab5sznzk.googlevideo.com/videoplayback?expire=1753861649&ei=sHmJaIG3H9TFkucPjZ3nwAg&ip=160.39.40.250&id=o-AB12Aumbc6sQMFv5Zl_mlmsSKio7iietS_nIwTpEApKj&source=youtube&requiressl=yes&xpc=EgVo2aDSNQ%3D%3D&met=1753840048%2C&mh=Cw&mm=31%2C26&mn=sn-ab5sznzk%2Csn-p5qs7nzy&ms=au%2Conr&mv=m&mvi=3&pl=16&rms=au%2Cau&initcwndbps=3761250&siu=1&spc=l3OVKd2bthLO6eV27mktwxNOUOMOMxvssU0NLjJQ7UCKV3FRxwD15wXbcuMZkSvppA&svpuc=1&ns=mHnJ8mDSeumSom1KySuZ0m8Q&sabr=1&rqh=1&mt=1753839678&fvip=2&keepalive=yes&fexp=51355912&c=WEB&n=dKjfmZ2dltBPcA&sparams=expire%2Cei%2Cip%2Cid%2Csource%2Crequiressl%2Cxpc%2Csiu%2Cspc%2Csvpuc%2Cns%2Csabr%2Crqh&sig=AJfQdSswRAIgK_j2jr8HzLKsEFRt168zkb0SqpseQKpspoMSxmdSprsCICT1tjAhSyG1x8ODKTPIuc7uFMe8ycSSHwahI6ap7kdb&lsparams=met%2Cmh%2Cmm%2Cmn%2Cms%2Cmv%2Cmvi%2Cpl%2Crms%2Cinitcwndbps&lsig=APaTxxMwRQIgU6lMUwd3FZ4Vi-VSOE2lY1bY9gGGP8J0YpCTWAzPh4QCIQDoGCzQNbI6B2eaMRq7qmOc9ukEceqoD6WT12Zxb0BwGQ%3D%3D&cpn=DSExmEv2f6AdoD3Y&cver=2.20250728.08.00&rn=93&alr=yes",
        "city": "New York",
        "region": "New York",
        "country": "United States",
        "org": "Google LLC",
        "timezone": "America/New_York",
        "source": "ip-api.com"
      },
      "geometry": {
        "type": "Point",
        "coordinates": [
          -74.006,
          40.7128
        ]
      }
    },
    {
      "type": "Feature",
      "properties": {
        "ip": "173.194.31.136",
        "url": "https://rr3---sn-ab5sznzk.googlevideo.com/videoplayback?expire=1753861560&ei=WHmJaPrVKoXQoPMP5PzR2QE&ip=160.39.40.250&id=o-AOYskpPgscenwGGV-oTue16RAO9KXgtyROz2lvdw-V3w&source=youtube&requiressl=yes&xpc=EgVo2aDSNQ%3D%3D&met=1753839960%2C&mh=Cw&mm=31%2C26&mn=sn-ab5sznzk%2Csn-p5qlsndr&ms=au%2Conr&mv=m&mvi=3&pl=16&rms=au%2Cau&initcwndbps=5153750&siu=1&spc=l3OVKXZeBOtjjsyVgLun1Xqj3aMN7XXAtJaNyayW44x6kLLXBeDFap3YbvMCBgFAww&svpuc=1&ns=kcJpfWeNMxR_Mt9xJO0aklIQ&sabr=1&rqh=1&mt=1753839435&fvip=1&keepalive=yes&fexp=51355912&c=WEB&n=h5g9W_f1ZsXoCw&sparams=expire%2Cei%2Cip%2Cid%2Csource%2Crequiressl%2Cxpc%2Csiu%2Cspc%2Csvpuc%2Cns%2Csabr%2Crqh&sig=AJfQdSswRgIhAJHGGVUU4plghGfw6iwPLGB23LsAF99PuUj60pRpdWnVAiEA9xF6A_UuGbMQyD8QLJv-61g2IkaGxFtvoizgH39iKDU%3D&lsparams=met%2Cmh%2Cmm%2Cmn%2Cms%2Cmv%2Cmvi%2Cpl%2Crms%2Cinitcwndbps&lsig=APaTxxMwRQIgckKpAbJturold7jBIQuqRvYrxAKeFEwzKNSST55S-hACIQCF0FQDZzwLpgjBrzlCgtwuwUfrVZ6n2HgDurnpIU-mGw%3D%3D&cpn=HySq6ttCi_EcCGfQ&cver=2.20250728.08.00&rn=32&alr=yes",
        "city": "New York",
        "region": "New York",
        "country": "United States",
        "org": "Google LLC",
        "timezone": "America/New_York",
        "source": "ip-api.com"
      },
      "geometry": {
        "type": "Point",
        "coordinates": [
          -74.006,
          40.7128
        ]
      }
    },
    {
      "type": "Feature",
      "properties": {
        "ip": "173.194.31.136",
        "url": "https://rr3---sn-ab5sznzk.googlevideo.com/videoplayback?expire=1753861649&ei=sHmJaIG3H9TFkucPjZ3nwAg&ip=160.39.40.250&id=o-AB12Aumbc6sQMFv5Zl_mlmsSKio7iietS_nIwTpEApKj&source=youtube&requiressl=yes&xpc=EgVo2aDSNQ%3D%3D&met=1753840048%2C&mh=Cw&mm=31%2C26&mn=sn-ab5sznzk%2Csn-p5qs7nzy&ms=au%2Conr&mv=m&mvi=3&pl=16&rms=au%2Cau&initcwndbps=3761250&siu=1&spc=l3OVKd2bthLO6eV27mktwxNOUOMOMxvssU0NLjJQ7UCKV3FRxwD15wXbcuMZkSvppA&svpuc=1&ns=mHnJ8mDSeumSom1KySuZ0m8Q&sabr=1&rqh=1&mt=1753839678&fvip=2&keepalive=yes&fexp=51355912&c=WEB&n=dKjfmZ2dltBPcA&sparams=expire%2Cei%2Cip%2Cid%2Csource%2Crequiressl%2Cxpc%2Csiu%2Cspc%2Csvpuc%2Cns%2Csabr%2Crqh&sig=AJfQdSswRAIgK_j2jr8HzLKsEFRt168zkb0SqpseQKpspoMSxmdSprsCICT1tjAhSyG1x8ODKTPIuc7uFMe8ycSSHwahI6ap7kdb&lsparams=met%2Cmh%2Cmm%2Cmn%2Cms%2Cmv%2Cmvi%2Cpl%2Crms%2Cinitcwndbps&lsig=APaTxxMwRQIgU6lMUwd3FZ4Vi-VSOE2lY1bY9gGGP8J0YpCTWAzPh4QCIQDoGCzQNbI6B2eaMRq7qmOc9ukEceqoD6WT12Zxb0BwGQ%3D%3D&cpn=DSExmEv2f6AdoD3Y&cver=2.20250728.08.00&rn=116&alr=yes",
        "city": "New York",
        "region": "New York",
        "country": "United States",
        "org": "Google LLC",
        "timezone": "America/New_York",
        "source": "ip-api.com"
      },
      "geometry": {
        "type": "Point",
        "coordinates": [
          -74.006,
          40.7128
        ]
      }
    },
    {
      "type": "Feature",
      "properties": {
        "ip": "173.194.31.136",
        "url": "https://rr3---sn-ab5sznzk.googlevideo.com/videoplayback?expire=1753861649&ei=sHmJaIG3H9TFkucPjZ3nwAg&ip=160.39.40.250&id=o-AB12Aumbc6sQMFv5Zl_mlmsSKio7iietS_nIwTpEApKj&source=youtube&requiressl=yes&xpc=EgVo2aDSNQ%3D%3D&met=1753840048%2C&mh=Cw&mm=31%2C26&mn=sn-ab5sznzk%2Csn-p5qs7nzy&ms=au%2Conr&mv=m&mvi=3&pl=16&rms=au%2Cau&initcwndbps=3761250&siu=1&spc=l3OVKd2bthLO6eV27mktwxNOUOMOMxvssU0NLjJQ7UCKV3FRxwD15wXbcuMZkSvppA&svpuc=1&ns=mHnJ8mDSeumSom1KySuZ0m8Q&sabr=1&rqh=1&mt=1753839678&fvip=2&keepalive=yes&fexp=51355912&c=WEB&n=dKjfmZ2dltBPcA&sparams=expire%2Cei%2Cip%2Cid%2Csource%2Crequiressl%2Cxpc%2Csiu%2Cspc%2Csvpuc%2Cns%2Csabr%2Crqh&sig=AJfQdSswRAIgK_j2jr8HzLKsEFRt168zkb0SqpseQKpspoMSxmdSprsCICT1tjAhSyG1x8ODKTPIuc7uFMe8ycSSHwahI6ap7kdb&lsparams=met%2Cmh%2Cmm%2Cmn%2Cms%2Cmv%2Cmvi%2Cpl%2Crms%2Cinitcwndbps&lsig=APaTxxMwRQIgU6lMUwd3FZ4Vi-VSOE2lY1bY9gGGP8J0YpCTWAzPh4QCIQDoGCzQNbI6B2eaMRq7qmOc9ukEceqoD6WT12Zxb0BwGQ%3D%3D&cpn=DSExmEv2f6AdoD3Y&cver=2.20250728.08.00&rn=100&alr=yes",
        "city": "New York",
        "region": "New York",
        "country": "United States",
        "org": "Google LLC",
        "timezone": "America/New_York",
        "source": "ip-api.com"
      },
      "geometry": {
        "type": "Point",
        "coordinates": [
          -74.006,
          40.7128
        ]
      }
    },
    {
      "type": "Feature",
      "properties": {
        "ip": "173.194.31.136",
        "url": "https://rr3---sn-ab5sznzk.googlevideo.com/videoplayback?expire=1753861649&ei=sHmJaIG3H9TFkucPjZ3nwAg&ip=160.39.40.250&id=o-AB12Aumbc6sQMFv5Zl_mlmsSKio7iietS_nIwTpEApKj&source=youtube&requiressl=yes&xpc=EgVo2aDSNQ%3D%3D&met=1753840048%2C&mh=Cw&mm=31%2C26&mn=sn-ab5sznzk%2Csn-p5qs7nzy&ms=au%2Conr&mv=m&mvi=3&pl=16&rms=au%2Cau&initcwndbps=3761250&siu=1&spc=l3OVKd2bthLO6eV27mktwxNOUOMOMxvssU0NLjJQ7UCKV3FRxwD15wXbcuMZkSvppA&svpuc=1&ns=mHnJ8mDSeumSom1KySuZ0m8Q&sabr=1&rqh=1&mt=1753839678&fvip=2&keepalive=yes&fexp=51355912&c=WEB&n=dKjfmZ2dltBPcA&sparams=expire%2Cei%2Cip%2Cid%2Csource%2Crequiressl%2Cxpc%2Csiu%2Cspc%2Csvpuc%2Cns%2Csabr%2Crqh&sig=AJfQdSswRAIgK_j2jr8HzLKsEFRt168zkb0SqpseQKpspoMSxmdSprsCICT1tjAhSyG1x8ODKTPIuc7uFMe8ycSSHwahI6ap7kdb&lsparams=met%2Cmh%2Cmm%2Cmn%2Cms%2Cmv%2Cmvi%2Cpl%2Crms%2Cinitcwndbps&lsig=APaTxxMwRQIgU6lMUwd3FZ4Vi-VSOE2lY1bY9gGGP8J0YpCTWAzPh4QCIQDoGCzQNbI6B2eaMRq7qmOc9ukEceqoD6WT12Zxb0BwGQ%3D%3D&cpn=DSExmEv2f6AdoD3Y&cver=2.20250728.08.00&rn=63&alr=yes",
        "city": "New York",
        "region": "New York",
        "country": "United States",
        "org": "Google LLC",
        "timezone": "America/New_York",
        "source": "ip-api.com"
      },
      "geometry": {
        "type": "Point",
        "coordinates": [
          -74.006,
          40.7128
        ]
      }
    },
    {
      "type": "Feature",
      "properties": {
        "ip": "173.194.31.136",
        "url": "https://rr3---sn-ab5sznzk.googlevideo.com/videoplayback?expire=1753861649&ei=sHmJaIG3H9TFkucPjZ3nwAg&ip=160.39.40.250&id=o-AB12Aumbc6sQMFv5Zl_mlmsSKio7iietS_nIwTpEApKj&source=youtube&requiressl=yes&xpc=EgVo2aDSNQ%3D%3D&met=1753840048%2C&mh=Cw&mm=31%2C26&mn=sn-ab5sznzk%2Csn-p5qs7nzy&ms=au%2Conr&mv=m&mvi=3&pl=16&rms=au%2Cau&initcwndbps=3761250&siu=1&spc=l3OVKd2bthLO6eV27mktwxNOUOMOMxvssU0NLjJQ7UCKV3FRxwD15wXbcuMZkSvppA&svpuc=1&ns=mHnJ8mDSeumSom1KySuZ0m8Q&sabr=1&rqh=1&mt=1753839678&fvip=2&keepalive=yes&fexp=51355912&c=WEB&n=dKjfmZ2dltBPcA&sparams=expire%2Cei%2Cip%2Cid%2Csource%2Crequiressl%2Cxpc%2Csiu%2Cspc%2Csvpuc%2Cns%2Csabr%2Crqh&sig=AJfQdSswRAIgK_j2jr8HzLKsEFRt168zkb0SqpseQKpspoMSxmdSprsCICT1tjAhSyG1x8ODKTPIuc7uFMe8ycSSHwahI6ap7kdb&lsparams=met%2Cmh%2Cmm%2Cmn%2Cms%2Cmv%2Cmvi%2Cpl%2Crms%2Cinitcwndbps&lsig=APaTxxMwRQIgU6lMUwd3FZ4Vi-VSOE2lY1bY9gGGP8J0YpCTWAzPh4QCIQDoGCzQNbI6B2eaMRq7qmOc9ukEceqoD6WT12Zxb0BwGQ%3D%3D&cpn=DSExmEv2f6AdoD3Y&cver=2.20250728.08.00&rn=85&alr=yes",
        "city": "New York",
        "region": "New York",
        "country": "United States",
        "org": "Google LLC",
        "timezone": "America/New_York",
        "source": "ip-api.com"
      },
      "geometry": {
        "type": "Point",
        "coordinates": [
          -74.006,
          40.7128
        ]
      }
    },
    {
      "type": "Feature",
      "properties": {
        "ip": "173.194.31.136",
        "url": "https://rr3---sn-ab5sznzk.googlevideo.com/videoplayback?expire=1753861649&ei=sHmJaIG3H9TFkucPjZ3nwAg&ip=160.39.40.250&id=o-AB12Aumbc6sQMFv5Zl_mlmsSKio7iietS_nIwTpEApKj&source=youtube&requiressl=yes&xpc=EgVo2aDSNQ%3D%3D&met=1753840048%2C&mh=Cw&mm=31%2C26&mn=sn-ab5sznzk%2Csn-p5qs7nzy&ms=au%2Conr&mv=m&mvi=3&pl=16&rms=au%2Cau&initcwndbps=3761250&siu=1&spc=l3OVKd2bthLO6eV27mktwxNOUOMOMxvssU0NLjJQ7UCKV3FRxwD15wXbcuMZkSvppA&svpuc=1&ns=mHnJ8mDSeumSom1KySuZ0m8Q&sabr=1&rqh=1&mt=1753839678&fvip=2&keepalive=yes&fexp=51355912&c=WEB&n=dKjfmZ2dltBPcA&sparams=expire%2Cei%2Cip%2Cid%2Csource%2Crequiressl%2Cxpc%2Csiu%2Cspc%2Csvpuc%2Cns%2Csabr%2Crqh&sig=AJfQdSswRAIgK_j2jr8HzLKsEFRt168zkb0SqpseQKpspoMSxmdSprsCICT1tjAhSyG1x8ODKTPIuc7uFMe8ycSSHwahI6ap7kdb&lsparams=met%2Cmh%2Cmm%2Cmn%2Cms%2Cmv%2Cmvi%2Cpl%2Crms%2Cinitcwndbps&lsig=APaTxxMwRQIgU6lMUwd3FZ4Vi-VSOE2lY1bY9gGGP8J0YpCTWAzPh4QCIQDoGCzQNbI6B2eaMRq7qmOc9ukEceqoD6WT12Zxb0BwGQ%3D%3D&cpn=DSExmEv2f6AdoD3Y&cver=2.20250728.08.00&rn=78&alr=yes",
        "city": "New York",
        "region": "New York",
        "country": "United States",
        "org": "Google LLC",
        "timezone": "America/New_York",
        "source": "ip-api.com"
      },
      "geometry": {
        "type": "Point",
        "coordinates": [
          -74.006,
          40.7128
        ]
      }
    },
    {
      "type": "Feature",
      "properties": {
        "ip": "173.194.31.136",
        "url": "https://rr3---sn-ab5sznzk.googlevideo.com/videoplayback?expire=1753861649&ei=sHmJaIG3H9TFkucPjZ3nwAg&ip=160.39.40.250&id=o-AB12Aumbc6sQMFv5Zl_mlmsSKio7iietS_nIwTpEApKj&source=youtube&requiressl=yes&xpc=EgVo2aDSNQ%3D%3D&met=1753840048%2C&mh=Cw&mm=31%2C26&mn=sn-ab5sznzk%2Csn-p5qs7nzy&ms=au%2Conr&mv=m&mvi=3&pl=16&rms=au%2Cau&initcwndbps=3761250&siu=1&spc=l3OVKd2bthLO6eV27mktwxNOUOMOMxvssU0NLjJQ7UCKV3FRxwD15wXbcuMZkSvppA&svpuc=1&ns=mHnJ8mDSeumSom1KySuZ0m8Q&sabr=1&rqh=1&mt=1753839678&fvip=2&keepalive=yes&fexp=51355912&c=WEB&n=dKjfmZ2dltBPcA&sparams=expire%2Cei%2Cip%2Cid%2Csource%2Crequiressl%2Cxpc%2Csiu%2Cspc%2Csvpuc%2Cns%2Csabr%2Crqh&sig=AJfQdSswRAIgK_j2jr8HzLKsEFRt168zkb0SqpseQKpspoMSxmdSprsCICT1tjAhSyG1x8ODKTPIuc7uFMe8ycSSHwahI6ap7kdb&lsparams=met%2Cmh%2Cmm%2Cmn%2Cms%2Cmv%2Cmvi%2Cpl%2Crms%2Cinitcwndbps&lsig=APaTxxMwRQIgU6lMUwd3FZ4Vi-VSOE2lY1bY9gGGP8J0YpCTWAzPh4QCIQDoGCzQNbI6B2eaMRq7qmOc9ukEceqoD6WT12Zxb0BwGQ%3D%3D&cpn=DSExmEv2f6AdoD3Y&cver=2.20250728.08.00&rn=117&alr=yes",
        "city": "New York",
        "region": "New York",
        "country": "United States",
        "org": "Google LLC",
        "timezone": "America/New_York",
        "source": "ip-api.com"
      },
      "geometry": {
        "type": "Point",
        "coordinates": [
          -74.006,
          40.7128
        ]
      }
    },
    {
      "type": "Feature",
      "properties": {
        "ip": "173.194.31.136",
        "url": "https://rr3---sn-ab5sznzk.googlevideo.com/videoplayback?expire=1753861649&ei=sHmJaIG3H9TFkucPjZ3nwAg&ip=160.39.40.250&id=o-AB12Aumbc6sQMFv5Zl_mlmsSKio7iietS_nIwTpEApKj&source=youtube&requiressl=yes&xpc=EgVo2aDSNQ%3D%3D&met=1753840048%2C&mh=Cw&mm=31%2C26&mn=sn-ab5sznzk%2Csn-p5qs7nzy&ms=au%2Conr&mv=m&mvi=3&pl=16&rms=au%2Cau&initcwndbps=3761250&siu=1&spc=l3OVKd2bthLO6eV27mktwxNOUOMOMxvssU0NLjJQ7UCKV3FRxwD15wXbcuMZkSvppA&svpuc=1&ns=mHnJ8mDSeumSom1KySuZ0m8Q&sabr=1&rqh=1&mt=1753839678&fvip=2&keepalive=yes&fexp=51355912&c=WEB&n=dKjfmZ2dltBPcA&sparams=expire%2Cei%2Cip%2Cid%2Csource%2Crequiressl%2Cxpc%2Csiu%2Cspc%2Csvpuc%2Cns%2Csabr%2Crqh&sig=AJfQdSswRAIgK_j2jr8HzLKsEFRt168zkb0SqpseQKpspoMSxmdSprsCICT1tjAhSyG1x8ODKTPIuc7uFMe8ycSSHwahI6ap7kdb&lsparams=met%2Cmh%2Cmm%2Cmn%2Cms%2Cmv%2Cmvi%2Cpl%2Crms%2Cinitcwndbps&lsig=APaTxxMwRQIgU6lMUwd3FZ4Vi-VSOE2lY1bY9gGGP8J0YpCTWAzPh4QCIQDoGCzQNbI6B2eaMRq7qmOc9ukEceqoD6WT12Zxb0BwGQ%3D%3D&cpn=DSExmEv2f6AdoD3Y&cver=2.20250728.08.00&rn=139&alr=yes",
        "city": "New York",
        "region": "New York",
        "country": "United States",
        "org": "Google LLC",
        "timezone": "America/New_York",
        "source": "ip-api.com"
      },
      "geometry": {
        "type": "Point",
        "coordinates": [
          -74.006,
          40.7128
        ]
      }
    },
    {
      "type": "Feature",
      "properties": {
        "ip": "173.194.31.136",
        "url": "https://rr3---sn-ab5sznzk.googlevideo.com/videoplayback?expire=1753861649&ei=sHmJaIG3H9TFkucPjZ3nwAg&ip=160.39.40.250&id=o-AB12Aumbc6sQMFv5Zl_mlmsSKio7iietS_nIwTpEApKj&source=youtube&requiressl=yes&xpc=EgVo2aDSNQ%3D%3D&met=1753840048%2C&mh=Cw&mm=31%2C26&mn=sn-ab5sznzk%2Csn-p5qs7nzy&ms=au%2Conr&mv=m&mvi=3&pl=16&rms=au%2Cau&initcwndbps=3761250&siu=1&spc=l3OVKd2bthLO6eV27mktwxNOUOMOMxvssU0NLjJQ7UCKV3FRxwD15wXbcuMZkSvppA&svpuc=1&ns=mHnJ8mDSeumSom1KySuZ0m8Q&sabr=1&rqh=1&mt=1753839678&fvip=2&keepalive=yes&fexp=51355912&c=WEB&n=dKjfmZ2dltBPcA&sparams=expire%2Cei%2Cip%2Cid%2Csource%2Crequiressl%2Cxpc%2Csiu%2Cspc%2Csvpuc%2Cns%2Csabr%2Crqh&sig=AJfQdSswRAIgK_j2jr8HzLKsEFRt168zkb0SqpseQKpspoMSxmdSprsCICT1tjAhSyG1x8ODKTPIuc7uFMe8ycSSHwahI6ap7kdb&lsparams=met%2Cmh%2Cmm%2Cmn%2Cms%2Cmv%2Cmvi%2Cpl%2Crms%2Cinitcwndbps&lsig=APaTxxMwRQIgU6lMUwd3FZ4Vi-VSOE2lY1bY9gGGP8J0YpCTWAzPh4QCIQDoGCzQNbI6B2eaMRq7qmOc9ukEceqoD6WT12Zxb0BwGQ%3D%3D&cpn=DSExmEv2f6AdoD3Y&cver=2.20250728.08.00&rn=68&alr=yes",
        "city": "New York",
        "region": "New York",
        "country": "United States",
        "org": "Google LLC",
        "timezone": "America/New_York",
        "source": "ip-api.com"
      },
      "geometry": {
        "type": "Point",
        "coordinates": [
          -74.006,
          40.7128
        ]
      }
    },
    {
      "type": "Feature",
      "properties": {
        "ip": "173.194.31.136",
        "url": "https://rr3---sn-ab5sznzk.googlevideo.com/videoplayback?expire=1753861649&ei=sHmJaIG3H9TFkucPjZ3nwAg&ip=160.39.40.250&id=o-AB12Aumbc6sQMFv5Zl_mlmsSKio7iietS_nIwTpEApKj&source=youtube&requiressl=yes&xpc=EgVo2aDSNQ%3D%3D&met=1753840048%2C&mh=Cw&mm=31%2C26&mn=sn-ab5sznzk%2Csn-p5qs7nzy&ms=au%2Conr&mv=m&mvi=3&pl=16&rms=au%2Cau&initcwndbps=3761250&siu=1&spc=l3OVKd2bthLO6eV27mktwxNOUOMOMxvssU0NLjJQ7UCKV3FRxwD15wXbcuMZkSvppA&svpuc=1&ns=mHnJ8mDSeumSom1KySuZ0m8Q&sabr=1&rqh=1&mt=1753839678&fvip=2&keepalive=yes&fexp=51355912&c=WEB&n=dKjfmZ2dltBPcA&sparams=expire%2Cei%2Cip%2Cid%2Csource%2Crequiressl%2Cxpc%2Csiu%2Cspc%2Csvpuc%2Cns%2Csabr%2Crqh&sig=AJfQdSswRAIgK_j2jr8HzLKsEFRt168zkb0SqpseQKpspoMSxmdSprsCICT1tjAhSyG1x8ODKTPIuc7uFMe8ycSSHwahI6ap7kdb&lsparams=met%2Cmh%2Cmm%2Cmn%2Cms%2Cmv%2Cmvi%2Cpl%2Crms%2Cinitcwndbps&lsig=APaTxxMwRQIgU6lMUwd3FZ4Vi-VSOE2lY1bY9gGGP8J0YpCTWAzPh4QCIQDoGCzQNbI6B2eaMRq7qmOc9ukEceqoD6WT12Zxb0BwGQ%3D%3D&cpn=DSExmEv2f6AdoD3Y&cver=2.20250728.08.00&rn=140&alr=yes",
        "city": "New York",
        "region": "New York",
        "country": "United States",
        "org": "Google LLC",
        "timezone": "America/New_York",
        "source": "ip-api.com"
      },
      "geometry": {
        "type": "Point",
        "coordinates": [
          -74.006,
          40.7128
        ]
      }
    },
    {
      "type": "Feature",
      "properties": {
        "ip": "173.194.31.136",
        "url": "https://rr3---sn-ab5sznzk.googlevideo.com/videoplayback?expire=1753861649&ei=sHmJaIG3H9TFkucPjZ3nwAg&ip=160.39.40.250&id=o-AB12Aumbc6sQMFv5Zl_mlmsSKio7iietS_nIwTpEApKj&source=youtube&requiressl=yes&xpc=EgVo2aDSNQ%3D%3D&met=1753840048%2C&mh=Cw&mm=31%2C26&mn=sn-ab5sznzk%2Csn-p5qs7nzy&ms=au%2Conr&mv=m&mvi=3&pl=16&rms=au%2Cau&initcwndbps=3761250&siu=1&spc=l3OVKd2bthLO6eV27mktwxNOUOMOMxvssU0NLjJQ7UCKV3FRxwD15wXbcuMZkSvppA&svpuc=1&ns=mHnJ8mDSeumSom1KySuZ0m8Q&sabr=1&rqh=1&mt=1753839678&fvip=2&keepalive=yes&fexp=51355912&c=WEB&n=dKjfmZ2dltBPcA&sparams=expire%2Cei%2Cip%2Cid%2Csource%2Crequiressl%2Cxpc%2Csiu%2Cspc%2Csvpuc%2Cns%2Csabr%2Crqh&sig=AJfQdSswRAIgK_j2jr8HzLKsEFRt168zkb0SqpseQKpspoMSxmdSprsCICT1tjAhSyG1x8ODKTPIuc7uFMe8ycSSHwahI6ap7kdb&lsparams=met%2Cmh%2Cmm%2Cmn%2Cms%2Cmv%2Cmvi%2Cpl%2Crms%2Cinitcwndbps&lsig=APaTxxMwRQIgU6lMUwd3FZ4Vi-VSOE2lY1bY9gGGP8J0YpCTWAzPh4QCIQDoGCzQNbI6B2eaMRq7qmOc9ukEceqoD6WT12Zxb0BwGQ%3D%3D&cpn=DSExmEv2f6AdoD3Y&cver=2.20250728.08.00&rn=113&alr=yes",
        "city": "New York",
        "region": "New York",
        "country": "United States",
        "org": "Google LLC",
        "timezone": "America/New_York",
        "source": "ip-api.com"
      },
      "geometry": {
        "type": "Point",
        "coordinates": [
          -74.006,
          40.7128
        ]
      }
    },
    {
      "type": "Feature",
      "properties": {
        "ip": "173.194.31.136",
        "url": "https://rr3---sn-ab5sznzk.googlevideo.com/videoplayback?expire=1753861649&ei=sHmJaIG3H9TFkucPjZ3nwAg&ip=160.39.40.250&id=o-AB12Aumbc6sQMFv5Zl_mlmsSKio7iietS_nIwTpEApKj&source=youtube&requiressl=yes&xpc=EgVo2aDSNQ%3D%3D&met=1753840048%2C&mh=Cw&mm=31%2C26&mn=sn-ab5sznzk%2Csn-p5qs7nzy&ms=au%2Conr&mv=m&mvi=3&pl=16&rms=au%2Cau&initcwndbps=3761250&siu=1&spc=l3OVKd2bthLO6eV27mktwxNOUOMOMxvssU0NLjJQ7UCKV3FRxwD15wXbcuMZkSvppA&svpuc=1&ns=mHnJ8mDSeumSom1KySuZ0m8Q&sabr=1&rqh=1&mt=1753839678&fvip=2&keepalive=yes&fexp=51355912&c=WEB&n=dKjfmZ2dltBPcA&sparams=expire%2Cei%2Cip%2Cid%2Csource%2Crequiressl%2Cxpc%2Csiu%2Cspc%2Csvpuc%2Cns%2Csabr%2Crqh&sig=AJfQdSswRAIgK_j2jr8HzLKsEFRt168zkb0SqpseQKpspoMSxmdSprsCICT1tjAhSyG1x8ODKTPIuc7uFMe8ycSSHwahI6ap7kdb&lsparams=met%2Cmh%2Cmm%2Cmn%2Cms%2Cmv%2Cmvi%2Cpl%2Crms%2Cinitcwndbps&lsig=APaTxxMwRQIgU6lMUwd3FZ4Vi-VSOE2lY1bY9gGGP8J0YpCTWAzPh4QCIQDoGCzQNbI6B2eaMRq7qmOc9ukEceqoD6WT12Zxb0BwGQ%3D%3D&cpn=DSExmEv2f6AdoD3Y&cver=2.20250728.08.00&rn=130&alr=yes",
        "city": "New York",
        "region": "New York",
        "country": "United States",
        "org": "Google LLC",
        "timezone": "America/New_York",
        "source": "ip-api.com"
      },
      "geometry": {
        "type": "Point",
        "coordinates": [
          -74.006,
          40.7128
        ]
      }
    },
    {
      "type": "Feature",
      "properties": {
        "ip": "173.194.31.136",
        "url": "https://rr3---sn-ab5sznzk.googlevideo.com/videoplayback?expire=1753861649&ei=sHmJaIG3H9TFkucPjZ3nwAg&ip=160.39.40.250&id=o-AB12Aumbc6sQMFv5Zl_mlmsSKio7iietS_nIwTpEApKj&source=youtube&requiressl=yes&xpc=EgVo2aDSNQ%3D%3D&met=1753840048%2C&mh=Cw&mm=31%2C26&mn=sn-ab5sznzk%2Csn-p5qs7nzy&ms=au%2Conr&mv=m&mvi=3&pl=16&rms=au%2Cau&initcwndbps=3761250&siu=1&spc=l3OVKd2bthLO6eV27mktwxNOUOMOMxvssU0NLjJQ7UCKV3FRxwD15wXbcuMZkSvppA&svpuc=1&ns=mHnJ8mDSeumSom1KySuZ0m8Q&sabr=1&rqh=1&mt=1753839678&fvip=2&keepalive=yes&fexp=51355912&c=WEB&n=dKjfmZ2dltBPcA&sparams=expire%2Cei%2Cip%2Cid%2Csource%2Crequiressl%2Cxpc%2Csiu%2Cspc%2Csvpuc%2Cns%2Csabr%2Crqh&sig=AJfQdSswRAIgK_j2jr8HzLKsEFRt168zkb0SqpseQKpspoMSxmdSprsCICT1tjAhSyG1x8ODKTPIuc7uFMe8ycSSHwahI6ap7kdb&lsparams=met%2Cmh%2Cmm%2Cmn%2Cms%2Cmv%2Cmvi%2Cpl%2Crms%2Cinitcwndbps&lsig=APaTxxMwRQIgU6lMUwd3FZ4Vi-VSOE2lY1bY9gGGP8J0YpCTWAzPh4QCIQDoGCzQNbI6B2eaMRq7qmOc9ukEceqoD6WT12Zxb0BwGQ%3D%3D&cpn=DSExmEv2f6AdoD3Y&cver=2.20250728.08.00&rn=82&alr=yes",
        "city": "New York",
        "region": "New York",
        "country": "United States",
        "org": "Google LLC",
        "timezone": "America/New_York",
        "source": "ip-api.com"
      },
      "geometry": {
        "type": "Point",
        "coordinates": [
          -74.006,
          40.7128
        ]
      }
    },
    {
      "type": "Feature",
      "properties": {
        "ip": "173.194.31.136",
        "url": "https://rr3---sn-ab5sznzk.googlevideo.com/videoplayback?expire=1753861649&ei=sHmJaIG3H9TFkucPjZ3nwAg&ip=160.39.40.250&id=o-AB12Aumbc6sQMFv5Zl_mlmsSKio7iietS_nIwTpEApKj&source=youtube&requiressl=yes&xpc=EgVo2aDSNQ%3D%3D&met=1753840048%2C&mh=Cw&mm=31%2C26&mn=sn-ab5sznzk%2Csn-p5qs7nzy&ms=au%2Conr&mv=m&mvi=3&pl=16&rms=au%2Cau&initcwndbps=3761250&siu=1&spc=l3OVKd2bthLO6eV27mktwxNOUOMOMxvssU0NLjJQ7UCKV3FRxwD15wXbcuMZkSvppA&svpuc=1&ns=mHnJ8mDSeumSom1KySuZ0m8Q&sabr=1&rqh=1&mt=1753839678&fvip=2&keepalive=yes&fexp=51355912&c=WEB&n=dKjfmZ2dltBPcA&sparams=expire%2Cei%2Cip%2Cid%2Csource%2Crequiressl%2Cxpc%2Csiu%2Cspc%2Csvpuc%2Cns%2Csabr%2Crqh&sig=AJfQdSswRAIgK_j2jr8HzLKsEFRt168zkb0SqpseQKpspoMSxmdSprsCICT1tjAhSyG1x8ODKTPIuc7uFMe8ycSSHwahI6ap7kdb&lsparams=met%2Cmh%2Cmm%2Cmn%2Cms%2Cmv%2Cmvi%2Cpl%2Crms%2Cinitcwndbps&lsig=APaTxxMwRQIgU6lMUwd3FZ4Vi-VSOE2lY1bY9gGGP8J0YpCTWAzPh4QCIQDoGCzQNbI6B2eaMRq7qmOc9ukEceqoD6WT12Zxb0BwGQ%3D%3D&cpn=DSExmEv2f6AdoD3Y&cver=2.20250728.08.00&rn=97&alr=yes",
        "city": "New York",
        "region": "New York",
        "country": "United States",
        "org": "Google LLC",
        "timezone": "America/New_York",
        "source": "ip-api.com"
      },
      "geometry": {
        "type": "Point",
        "coordinates": [
          -74.006,
          40.7128
        ]
      }
    },
    {
      "type": "Feature",
      "properties": {
        "ip": "173.194.31.136",
        "url": "https://rr3---sn-ab5sznzk.googlevideo.com/videoplayback?expire=1753861649&ei=sHmJaIG3H9TFkucPjZ3nwAg&ip=160.39.40.250&id=o-AB12Aumbc6sQMFv5Zl_mlmsSKio7iietS_nIwTpEApKj&source=youtube&requiressl=yes&xpc=EgVo2aDSNQ%3D%3D&met=1753840048%2C&mh=Cw&mm=31%2C26&mn=sn-ab5sznzk%2Csn-p5qs7nzy&ms=au%2Conr&mv=m&mvi=3&pl=16&rms=au%2Cau&initcwndbps=3761250&siu=1&spc=l3OVKd2bthLO6eV27mktwxNOUOMOMxvssU0NLjJQ7UCKV3FRxwD15wXbcuMZkSvppA&svpuc=1&ns=mHnJ8mDSeumSom1KySuZ0m8Q&sabr=1&rqh=1&mt=1753839678&fvip=2&keepalive=yes&fexp=51355912&c=WEB&n=dKjfmZ2dltBPcA&sparams=expire%2Cei%2Cip%2Cid%2Csource%2Crequiressl%2Cxpc%2Csiu%2Cspc%2Csvpuc%2Cns%2Csabr%2Crqh&sig=AJfQdSswRAIgK_j2jr8HzLKsEFRt168zkb0SqpseQKpspoMSxmdSprsCICT1tjAhSyG1x8ODKTPIuc7uFMe8ycSSHwahI6ap7kdb&lsparams=met%2Cmh%2Cmm%2Cmn%2Cms%2Cmv%2Cmvi%2Cpl%2Crms%2Cinitcwndbps&lsig=APaTxxMwRQIgU6lMUwd3FZ4Vi-VSOE2lY1bY9gGGP8J0YpCTWAzPh4QCIQDoGCzQNbI6B2eaMRq7qmOc9ukEceqoD6WT12Zxb0BwGQ%3D%3D&cpn=DSExmEv2f6AdoD3Y&cver=2.20250728.08.00&rn=90&alr=yes",
        "city": "New York",
        "region": "New York",
        "country": "United States",
        "org": "Google LLC",
        "timezone": "America/New_York",
        "source": "ip-api.com"
      },
      "geometry": {
        "type": "Point",
        "coordinates": [
          -74.006,
          40.7128
        ]
      }
    },
    {
      "type": "Feature",
      "properties": {
        "ip": "173.194.31.136",
        "url": "https://rr3---sn-ab5sznzk.googlevideo.com/videoplayback?expire=1753861649&ei=sHmJaIG3H9TFkucPjZ3nwAg&ip=160.39.40.250&id=o-AB12Aumbc6sQMFv5Zl_mlmsSKio7iietS_nIwTpEApKj&source=youtube&requiressl=yes&xpc=EgVo2aDSNQ%3D%3D&met=1753840048%2C&mh=Cw&mm=31%2C26&mn=sn-ab5sznzk%2Csn-p5qs7nzy&ms=au%2Conr&mv=m&mvi=3&pl=16&rms=au%2Cau&initcwndbps=3761250&siu=1&spc=l3OVKd2bthLO6eV27mktwxNOUOMOMxvssU0NLjJQ7UCKV3FRxwD15wXbcuMZkSvppA&svpuc=1&ns=mHnJ8mDSeumSom1KySuZ0m8Q&sabr=1&rqh=1&mt=1753839678&fvip=2&keepalive=yes&fexp=51355912&c=WEB&n=dKjfmZ2dltBPcA&sparams=expire%2Cei%2Cip%2Cid%2Csource%2Crequiressl%2Cxpc%2Csiu%2Cspc%2Csvpuc%2Cns%2Csabr%2Crqh&sig=AJfQdSswRAIgK_j2jr8HzLKsEFRt168zkb0SqpseQKpspoMSxmdSprsCICT1tjAhSyG1x8ODKTPIuc7uFMe8ycSSHwahI6ap7kdb&lsparams=met%2Cmh%2Cmm%2Cmn%2Cms%2Cmv%2Cmvi%2Cpl%2Crms%2Cinitcwndbps&lsig=APaTxxMwRQIgU6lMUwd3FZ4Vi-VSOE2lY1bY9gGGP8J0YpCTWAzPh4QCIQDoGCzQNbI6B2eaMRq7qmOc9ukEceqoD6WT12Zxb0BwGQ%3D%3D&cpn=DSExmEv2f6AdoD3Y&cver=2.20250728.08.00&rn=70&alr=yes",
        "city": "New York",
        "region": "New York",
        "country": "United States",
        "org": "Google LLC",
        "timezone": "America/New_York",
        "source": "ip-api.com"
      },
      "geometry": {
        "type": "Point",
        "coordinates": [
          -74.006,
          40.7128
        ]
      }
    },
    {
      "type": "Feature",
      "properties": {
        "ip": "173.194.31.136",
        "url": "https://rr3---sn-ab5sznzk.googlevideo.com/videoplayback?expire=1753861649&ei=sHmJaIG3H9TFkucPjZ3nwAg&ip=160.39.40.250&id=o-AB12Aumbc6sQMFv5Zl_mlmsSKio7iietS_nIwTpEApKj&source=youtube&requiressl=yes&xpc=EgVo2aDSNQ%3D%3D&met=1753840048%2C&mh=Cw&mm=31%2C26&mn=sn-ab5sznzk%2Csn-p5qs7nzy&ms=au%2Conr&mv=m&mvi=3&pl=16&rms=au%2Cau&initcwndbps=3761250&siu=1&spc=l3OVKd2bthLO6eV27mktwxNOUOMOMxvssU0NLjJQ7UCKV3FRxwD15wXbcuMZkSvppA&svpuc=1&ns=mHnJ8mDSeumSom1KySuZ0m8Q&sabr=1&rqh=1&mt=1753839678&fvip=2&keepalive=yes&fexp=51355912&c=WEB&n=dKjfmZ2dltBPcA&sparams=expire%2Cei%2Cip%2Cid%2Csource%2Crequiressl%2Cxpc%2Csiu%2Cspc%2Csvpuc%2Cns%2Csabr%2Crqh&sig=AJfQdSswRAIgK_j2jr8HzLKsEFRt168zkb0SqpseQKpspoMSxmdSprsCICT1tjAhSyG1x8ODKTPIuc7uFMe8ycSSHwahI6ap7kdb&lsparams=met%2Cmh%2Cmm%2Cmn%2Cms%2Cmv%2Cmvi%2Cpl%2Crms%2Cinitcwndbps&lsig=APaTxxMwRQIgU6lMUwd3FZ4Vi-VSOE2lY1bY9gGGP8J0YpCTWAzPh4QCIQDoGCzQNbI6B2eaMRq7qmOc9ukEceqoD6WT12Zxb0BwGQ%3D%3D&cpn=DSExmEv2f6AdoD3Y&cver=2.20250728.08.00&rn=98&alr=yes",
        "city": "New York",
        "region": "New York",
        "country": "United States",
        "org": "Google LLC",
        "timezone": "America/New_York",
        "source": "ip-api.com"
      },
      "geometry": {
        "type": "Point",
        "coordinates": [
          -74.006,
          40.7128
        ]
      }
    },
    {
      "type": "Feature",
      "properties": {
        "ip": "173.194.31.136",
        "url": "https://rr3---sn-ab5sznzk.googlevideo.com/videoplayback?expire=1753861649&ei=sHmJaIG3H9TFkucPjZ3nwAg&ip=160.39.40.250&id=o-AB12Aumbc6sQMFv5Zl_mlmsSKio7iietS_nIwTpEApKj&source=youtube&requiressl=yes&xpc=EgVo2aDSNQ%3D%3D&met=1753840048%2C&mh=Cw&mm=31%2C26&mn=sn-ab5sznzk%2Csn-p5qs7nzy&ms=au%2Conr&mv=m&mvi=3&pl=16&rms=au%2Cau&initcwndbps=3761250&siu=1&spc=l3OVKd2bthLO6eV27mktwxNOUOMOMxvssU0NLjJQ7UCKV3FRxwD15wXbcuMZkSvppA&svpuc=1&ns=mHnJ8mDSeumSom1KySuZ0m8Q&sabr=1&rqh=1&mt=1753839678&fvip=2&keepalive=yes&fexp=51355912&c=WEB&n=dKjfmZ2dltBPcA&sparams=expire%2Cei%2Cip%2Cid%2Csource%2Crequiressl%2Cxpc%2Csiu%2Cspc%2Csvpuc%2Cns%2Csabr%2Crqh&sig=AJfQdSswRAIgK_j2jr8HzLKsEFRt168zkb0SqpseQKpspoMSxmdSprsCICT1tjAhSyG1x8ODKTPIuc7uFMe8ycSSHwahI6ap7kdb&lsparams=met%2Cmh%2Cmm%2Cmn%2Cms%2Cmv%2Cmvi%2Cpl%2Crms%2Cinitcwndbps&lsig=APaTxxMwRQIgU6lMUwd3FZ4Vi-VSOE2lY1bY9gGGP8J0YpCTWAzPh4QCIQDoGCzQNbI6B2eaMRq7qmOc9ukEceqoD6WT12Zxb0BwGQ%3D%3D&cpn=DSExmEv2f6AdoD3Y&cver=2.20250728.08.00&rn=132&alr=yes",
        "city": "New York",
        "region": "New York",
        "country": "United States",
        "org": "Google LLC",
        "timezone": "America/New_York",
        "source": "ip-api.com"
      },
      "geometry": {
        "type": "Point",
        "coordinates": [
          -74.006,
          40.7128
        ]
      }
    },
    {
      "type": "Feature",
      "properties": {
        "ip": "173.194.31.136",
        "url": "https://rr3---sn-ab5sznzk.googlevideo.com/videoplayback?expire=1753861649&ei=sHmJaIG3H9TFkucPjZ3nwAg&ip=160.39.40.250&id=o-AB12Aumbc6sQMFv5Zl_mlmsSKio7iietS_nIwTpEApKj&source=youtube&requiressl=yes&xpc=EgVo2aDSNQ%3D%3D&met=1753840048%2C&mh=Cw&mm=31%2C26&mn=sn-ab5sznzk%2Csn-p5qs7nzy&ms=au%2Conr&mv=m&mvi=3&pl=16&rms=au%2Cau&initcwndbps=3761250&siu=1&spc=l3OVKd2bthLO6eV27mktwxNOUOMOMxvssU0NLjJQ7UCKV3FRxwD15wXbcuMZkSvppA&svpuc=1&ns=mHnJ8mDSeumSom1KySuZ0m8Q&sabr=1&rqh=1&mt=1753839678&fvip=2&keepalive=yes&fexp=51355912&c=WEB&n=dKjfmZ2dltBPcA&sparams=expire%2Cei%2Cip%2Cid%2Csource%2Crequiressl%2Cxpc%2Csiu%2Cspc%2Csvpuc%2Cns%2Csabr%2Crqh&sig=AJfQdSswRAIgK_j2jr8HzLKsEFRt168zkb0SqpseQKpspoMSxmdSprsCICT1tjAhSyG1x8ODKTPIuc7uFMe8ycSSHwahI6ap7kdb&lsparams=met%2Cmh%2Cmm%2Cmn%2Cms%2Cmv%2Cmvi%2Cpl%2Crms%2Cinitcwndbps&lsig=APaTxxMwRQIgU6lMUwd3FZ4Vi-VSOE2lY1bY9gGGP8J0YpCTWAzPh4QCIQDoGCzQNbI6B2eaMRq7qmOc9ukEceqoD6WT12Zxb0BwGQ%3D%3D&cpn=DSExmEv2f6AdoD3Y&cver=2.20250728.08.00&rn=111&alr=yes",
        "city": "New York",
        "region": "New York",
        "country": "United States",
        "org": "Google LLC",
        "timezone": "America/New_York",
        "source": "ip-api.com"
      },
      "geometry": {
        "type": "Point",
        "coordinates": [
          -74.006,
          40.7128
        ]
      }
    },
    {
      "type": "Feature",
      "properties": {
        "ip": "173.194.31.136",
        "url": "https://rr3---sn-ab5sznzk.googlevideo.com/videoplayback?expire=1753861649&ei=sHmJaIG3H9TFkucPjZ3nwAg&ip=160.39.40.250&id=o-AB12Aumbc6sQMFv5Zl_mlmsSKio7iietS_nIwTpEApKj&source=youtube&requiressl=yes&xpc=EgVo2aDSNQ%3D%3D&met=1753840048%2C&mh=Cw&mm=31%2C26&mn=sn-ab5sznzk%2Csn-p5qs7nzy&ms=au%2Conr&mv=m&mvi=3&pl=16&rms=au%2Cau&initcwndbps=3761250&siu=1&spc=l3OVKd2bthLO6eV27mktwxNOUOMOMxvssU0NLjJQ7UCKV3FRxwD15wXbcuMZkSvppA&svpuc=1&ns=mHnJ8mDSeumSom1KySuZ0m8Q&sabr=1&rqh=1&mt=1753839678&fvip=2&keepalive=yes&fexp=51355912&c=WEB&n=dKjfmZ2dltBPcA&sparams=expire%2Cei%2Cip%2Cid%2Csource%2Crequiressl%2Cxpc%2Csiu%2Cspc%2Csvpuc%2Cns%2Csabr%2Crqh&sig=AJfQdSswRAIgK_j2jr8HzLKsEFRt168zkb0SqpseQKpspoMSxmdSprsCICT1tjAhSyG1x8ODKTPIuc7uFMe8ycSSHwahI6ap7kdb&lsparams=met%2Cmh%2Cmm%2Cmn%2Cms%2Cmv%2Cmvi%2Cpl%2Crms%2Cinitcwndbps&lsig=APaTxxMwRQIgU6lMUwd3FZ4Vi-VSOE2lY1bY9gGGP8J0YpCTWAzPh4QCIQDoGCzQNbI6B2eaMRq7qmOc9ukEceqoD6WT12Zxb0BwGQ%3D%3D&cpn=DSExmEv2f6AdoD3Y&cver=2.20250728.08.00&rn=77&alr=yes",
        "city": "New York",
        "region": "New York",
        "country": "United States",
        "org": "Google LLC",
        "timezone": "America/New_York",
        "source": "ip-api.com"
      },
      "geometry": {
        "type": "Point",
        "coordinates": [
          -74.006,
          40.7128
        ]
      }
    },
    {
      "type": "Feature",
      "properties": {
        "ip": "173.194.31.136",
        "url": "https://rr3---sn-ab5sznzk.googlevideo.com/videoplayback?expire=1753861560&ei=WHmJaPrVKoXQoPMP5PzR2QE&ip=160.39.40.250&id=o-AOYskpPgscenwGGV-oTue16RAO9KXgtyROz2lvdw-V3w&source=youtube&requiressl=yes&xpc=EgVo2aDSNQ%3D%3D&met=1753839960%2C&mh=Cw&mm=31%2C26&mn=sn-ab5sznzk%2Csn-p5qlsndr&ms=au%2Conr&mv=m&mvi=3&pl=16&rms=au%2Cau&initcwndbps=5153750&siu=1&spc=l3OVKXZeBOtjjsyVgLun1Xqj3aMN7XXAtJaNyayW44x6kLLXBeDFap3YbvMCBgFAww&svpuc=1&ns=kcJpfWeNMxR_Mt9xJO0aklIQ&sabr=1&rqh=1&mt=1753839435&fvip=1&keepalive=yes&fexp=51355912&c=WEB&n=h5g9W_f1ZsXoCw&sparams=expire%2Cei%2Cip%2Cid%2Csource%2Crequiressl%2Cxpc%2Csiu%2Cspc%2Csvpuc%2Cns%2Csabr%2Crqh&sig=AJfQdSswRgIhAJHGGVUU4plghGfw6iwPLGB23LsAF99PuUj60pRpdWnVAiEA9xF6A_UuGbMQyD8QLJv-61g2IkaGxFtvoizgH39iKDU%3D&lsparams=met%2Cmh%2Cmm%2Cmn%2Cms%2Cmv%2Cmvi%2Cpl%2Crms%2Cinitcwndbps&lsig=APaTxxMwRQIgckKpAbJturold7jBIQuqRvYrxAKeFEwzKNSST55S-hACIQCF0FQDZzwLpgjBrzlCgtwuwUfrVZ6n2HgDurnpIU-mGw%3D%3D&cpn=Zb-07ICh_J_R3YqT&cver=2.20250728.08.00&rn=34&alr=yes",
        "city": "New York",
        "region": "New York",
        "country": "United States",
        "org": "Google LLC",
        "timezone": "America/New_York",
        "source": "ip-api.com"
      },
      "geometry": {
        "type": "Point",
        "coordinates": [
          -74.006,
          40.7128
        ]
      }
    },
    {
      "type": "Feature",
      "properties": {
        "ip": "173.194.31.136",
        "url": "https://rr3---sn-ab5sznzk.googlevideo.com/videoplayback?expire=1753861649&ei=sHmJaIG3H9TFkucPjZ3nwAg&ip=160.39.40.250&id=o-AB12Aumbc6sQMFv5Zl_mlmsSKio7iietS_nIwTpEApKj&source=youtube&requiressl=yes&xpc=EgVo2aDSNQ%3D%3D&met=1753840048%2C&mh=Cw&mm=31%2C26&mn=sn-ab5sznzk%2Csn-p5qs7nzy&ms=au%2Conr&mv=m&mvi=3&pl=16&rms=au%2Cau&initcwndbps=3761250&siu=1&spc=l3OVKd2bthLO6eV27mktwxNOUOMOMxvssU0NLjJQ7UCKV3FRxwD15wXbcuMZkSvppA&svpuc=1&ns=mHnJ8mDSeumSom1KySuZ0m8Q&sabr=1&rqh=1&mt=1753839678&fvip=2&keepalive=yes&fexp=51355912&c=WEB&n=dKjfmZ2dltBPcA&sparams=expire%2Cei%2Cip%2Cid%2Csource%2Crequiressl%2Cxpc%2Csiu%2Cspc%2Csvpuc%2Cns%2Csabr%2Crqh&sig=AJfQdSswRAIgK_j2jr8HzLKsEFRt168zkb0SqpseQKpspoMSxmdSprsCICT1tjAhSyG1x8ODKTPIuc7uFMe8ycSSHwahI6ap7kdb&lsparams=met%2Cmh%2Cmm%2Cmn%2Cms%2Cmv%2Cmvi%2Cpl%2Crms%2Cinitcwndbps&lsig=APaTxxMwRQIgU6lMUwd3FZ4Vi-VSOE2lY1bY9gGGP8J0YpCTWAzPh4QCIQDoGCzQNbI6B2eaMRq7qmOc9ukEceqoD6WT12Zxb0BwGQ%3D%3D&cpn=DSExmEv2f6AdoD3Y&cver=2.20250728.08.00&rn=127&alr=yes",
        "city": "New York",
        "region": "New York",
        "country": "United States",
        "org": "Google LLC",
        "timezone": "America/New_York",
        "source": "ip-api.com"
      },
      "geometry": {
        "type": "Point",
        "coordinates": [
          -74.006,
          40.7128
        ]
      }
    },
    {
      "type": "Feature",
      "properties": {
        "ip": "173.194.31.136",
        "url": "https://rr3---sn-ab5sznzk.googlevideo.com/videoplayback?expire=1753861649&ei=sHmJaIG3H9TFkucPjZ3nwAg&ip=160.39.40.250&id=o-AB12Aumbc6sQMFv5Zl_mlmsSKio7iietS_nIwTpEApKj&source=youtube&requiressl=yes&xpc=EgVo2aDSNQ%3D%3D&met=1753840048%2C&mh=Cw&mm=31%2C26&mn=sn-ab5sznzk%2Csn-p5qs7nzy&ms=au%2Conr&mv=m&mvi=3&pl=16&rms=au%2Cau&initcwndbps=3761250&siu=1&spc=l3OVKd2bthLO6eV27mktwxNOUOMOMxvssU0NLjJQ7UCKV3FRxwD15wXbcuMZkSvppA&svpuc=1&ns=mHnJ8mDSeumSom1KySuZ0m8Q&sabr=1&rqh=1&mt=1753839678&fvip=2&keepalive=yes&fexp=51355912&c=WEB&n=dKjfmZ2dltBPcA&sparams=expire%2Cei%2Cip%2Cid%2Csource%2Crequiressl%2Cxpc%2Csiu%2Cspc%2Csvpuc%2Cns%2Csabr%2Crqh&sig=AJfQdSswRAIgK_j2jr8HzLKsEFRt168zkb0SqpseQKpspoMSxmdSprsCICT1tjAhSyG1x8ODKTPIuc7uFMe8ycSSHwahI6ap7kdb&lsparams=met%2Cmh%2Cmm%2Cmn%2Cms%2Cmv%2Cmvi%2Cpl%2Crms%2Cinitcwndbps&lsig=APaTxxMwRQIgU6lMUwd3FZ4Vi-VSOE2lY1bY9gGGP8J0YpCTWAzPh4QCIQDoGCzQNbI6B2eaMRq7qmOc9ukEceqoD6WT12Zxb0BwGQ%3D%3D&cpn=DSExmEv2f6AdoD3Y&cver=2.20250728.08.00&rn=118&alr=yes",
        "city": "New York",
        "region": "New York",
        "country": "United States",
        "org": "Google LLC",
        "timezone": "America/New_York",
        "source": "ip-api.com"
      },
      "geometry": {
        "type": "Point",
        "coordinates": [
          -74.006,
          40.7128
        ]
      }
    },
    {
      "type": "Feature",
      "properties": {
        "ip": "173.194.31.136",
        "url": "https://rr3---sn-ab5sznzk.googlevideo.com/videoplayback?expire=1753861649&ei=sHmJaIG3H9TFkucPjZ3nwAg&ip=160.39.40.250&id=o-AB12Aumbc6sQMFv5Zl_mlmsSKio7iietS_nIwTpEApKj&source=youtube&requiressl=yes&xpc=EgVo2aDSNQ%3D%3D&met=1753840048%2C&mh=Cw&mm=31%2C26&mn=sn-ab5sznzk%2Csn-p5qs7nzy&ms=au%2Conr&mv=m&mvi=3&pl=16&rms=au%2Cau&initcwndbps=3761250&siu=1&spc=l3OVKd2bthLO6eV27mktwxNOUOMOMxvssU0NLjJQ7UCKV3FRxwD15wXbcuMZkSvppA&svpuc=1&ns=mHnJ8mDSeumSom1KySuZ0m8Q&sabr=1&rqh=1&mt=1753839678&fvip=2&keepalive=yes&fexp=51355912&c=WEB&n=dKjfmZ2dltBPcA&sparams=expire%2Cei%2Cip%2Cid%2Csource%2Crequiressl%2Cxpc%2Csiu%2Cspc%2Csvpuc%2Cns%2Csabr%2Crqh&sig=AJfQdSswRAIgK_j2jr8HzLKsEFRt168zkb0SqpseQKpspoMSxmdSprsCICT1tjAhSyG1x8ODKTPIuc7uFMe8ycSSHwahI6ap7kdb&lsparams=met%2Cmh%2Cmm%2Cmn%2Cms%2Cmv%2Cmvi%2Cpl%2Crms%2Cinitcwndbps&lsig=APaTxxMwRQIgU6lMUwd3FZ4Vi-VSOE2lY1bY9gGGP8J0YpCTWAzPh4QCIQDoGCzQNbI6B2eaMRq7qmOc9ukEceqoD6WT12Zxb0BwGQ%3D%3D&cpn=DSExmEv2f6AdoD3Y&cver=2.20250728.08.00&rn=105&alr=yes",
        "city": "New York",
        "region": "New York",
        "country": "United States",
        "org": "Google LLC",
        "timezone": "America/New_York",
        "source": "ip-api.com"
      },
      "geometry": {
        "type": "Point",
        "coordinates": [
          -74.006,
          40.7128
        ]
      }
    },
    {
      "type": "Feature",
      "properties": {
        "ip": "173.194.31.136",
        "url": "https://rr3---sn-ab5sznzk.googlevideo.com/videoplayback?expire=1753861649&ei=sHmJaIG3H9TFkucPjZ3nwAg&ip=160.39.40.250&id=o-AB12Aumbc6sQMFv5Zl_mlmsSKio7iietS_nIwTpEApKj&source=youtube&requiressl=yes&xpc=EgVo2aDSNQ%3D%3D&met=1753840048%2C&mh=Cw&mm=31%2C26&mn=sn-ab5sznzk%2Csn-p5qs7nzy&ms=au%2Conr&mv=m&mvi=3&pl=16&rms=au%2Cau&initcwndbps=3761250&siu=1&spc=l3OVKd2bthLO6eV27mktwxNOUOMOMxvssU0NLjJQ7UCKV3FRxwD15wXbcuMZkSvppA&svpuc=1&ns=mHnJ8mDSeumSom1KySuZ0m8Q&sabr=1&rqh=1&mt=1753839678&fvip=2&keepalive=yes&fexp=51355912&c=WEB&n=dKjfmZ2dltBPcA&sparams=expire%2Cei%2Cip%2Cid%2Csource%2Crequiressl%2Cxpc%2Csiu%2Cspc%2Csvpuc%2Cns%2Csabr%2Crqh&sig=AJfQdSswRAIgK_j2jr8HzLKsEFRt168zkb0SqpseQKpspoMSxmdSprsCICT1tjAhSyG1x8ODKTPIuc7uFMe8ycSSHwahI6ap7kdb&lsparams=met%2Cmh%2Cmm%2Cmn%2Cms%2Cmv%2Cmvi%2Cpl%2Crms%2Cinitcwndbps&lsig=APaTxxMwRQIgU6lMUwd3FZ4Vi-VSOE2lY1bY9gGGP8J0YpCTWAzPh4QCIQDoGCzQNbI6B2eaMRq7qmOc9ukEceqoD6WT12Zxb0BwGQ%3D%3D&cpn=DSExmEv2f6AdoD3Y&cver=2.20250728.08.00&rn=110&alr=yes",
        "city": "New York",
        "region": "New York",
        "country": "United States",
        "org": "Google LLC",
        "timezone": "America/New_York",
        "source": "ip-api.com"
      },
      "geometry": {
        "type": "Point",
        "coordinates": [
          -74.006,
          40.7128
        ]
      }
    },
    {
      "type": "Feature",
      "properties": {
        "ip": "173.194.31.136",
        "url": "https://rr3---sn-ab5sznzk.googlevideo.com/videoplayback?expire=1753861649&ei=sHmJaIG3H9TFkucPjZ3nwAg&ip=160.39.40.250&id=o-AB12Aumbc6sQMFv5Zl_mlmsSKio7iietS_nIwTpEApKj&source=youtube&requiressl=yes&xpc=EgVo2aDSNQ%3D%3D&met=1753840048%2C&mh=Cw&mm=31%2C26&mn=sn-ab5sznzk%2Csn-p5qs7nzy&ms=au%2Conr&mv=m&mvi=3&pl=16&rms=au%2Cau&initcwndbps=3761250&siu=1&spc=l3OVKd2bthLO6eV27mktwxNOUOMOMxvssU0NLjJQ7UCKV3FRxwD15wXbcuMZkSvppA&svpuc=1&ns=mHnJ8mDSeumSom1KySuZ0m8Q&sabr=1&rqh=1&mt=1753839678&fvip=2&keepalive=yes&fexp=51355912&c=WEB&n=dKjfmZ2dltBPcA&sparams=expire%2Cei%2Cip%2Cid%2Csource%2Crequiressl%2Cxpc%2Csiu%2Cspc%2Csvpuc%2Cns%2Csabr%2Crqh&sig=AJfQdSswRAIgK_j2jr8HzLKsEFRt168zkb0SqpseQKpspoMSxmdSprsCICT1tjAhSyG1x8ODKTPIuc7uFMe8ycSSHwahI6ap7kdb&lsparams=met%2Cmh%2Cmm%2Cmn%2Cms%2Cmv%2Cmvi%2Cpl%2Crms%2Cinitcwndbps&lsig=APaTxxMwRQIgU6lMUwd3FZ4Vi-VSOE2lY1bY9gGGP8J0YpCTWAzPh4QCIQDoGCzQNbI6B2eaMRq7qmOc9ukEceqoD6WT12Zxb0BwGQ%3D%3D&cpn=DSExmEv2f6AdoD3Y&cver=2.20250728.08.00&rn=76&alr=yes",
        "city": "New York",
        "region": "New York",
        "country": "United States",
        "org": "Google LLC",
        "timezone": "America/New_York",
        "source": "ip-api.com"
      },
      "geometry": {
        "type": "Point",
        "coordinates": [
          -74.006,
          40.7128
        ]
      }
    },
    {
      "type": "Feature",
      "properties": {
        "ip": "173.194.31.136",
        "url": "https://rr3---sn-ab5sznzk.googlevideo.com/videoplayback?expire=1753861649&ei=sHmJaIG3H9TFkucPjZ3nwAg&ip=160.39.40.250&id=o-AB12Aumbc6sQMFv5Zl_mlmsSKio7iietS_nIwTpEApKj&source=youtube&requiressl=yes&xpc=EgVo2aDSNQ%3D%3D&met=1753840048%2C&mh=Cw&mm=31%2C26&mn=sn-ab5sznzk%2Csn-p5qs7nzy&ms=au%2Conr&mv=m&mvi=3&pl=16&rms=au%2Cau&initcwndbps=3761250&siu=1&spc=l3OVKd2bthLO6eV27mktwxNOUOMOMxvssU0NLjJQ7UCKV3FRxwD15wXbcuMZkSvppA&svpuc=1&ns=mHnJ8mDSeumSom1KySuZ0m8Q&sabr=1&rqh=1&mt=1753839678&fvip=2&keepalive=yes&fexp=51355912&c=WEB&n=dKjfmZ2dltBPcA&sparams=expire%2Cei%2Cip%2Cid%2Csource%2Crequiressl%2Cxpc%2Csiu%2Cspc%2Csvpuc%2Cns%2Csabr%2Crqh&sig=AJfQdSswRAIgK_j2jr8HzLKsEFRt168zkb0SqpseQKpspoMSxmdSprsCICT1tjAhSyG1x8ODKTPIuc7uFMe8ycSSHwahI6ap7kdb&lsparams=met%2Cmh%2Cmm%2Cmn%2Cms%2Cmv%2Cmvi%2Cpl%2Crms%2Cinitcwndbps&lsig=APaTxxMwRQIgU6lMUwd3FZ4Vi-VSOE2lY1bY9gGGP8J0YpCTWAzPh4QCIQDoGCzQNbI6B2eaMRq7qmOc9ukEceqoD6WT12Zxb0BwGQ%3D%3D&cpn=DSExmEv2f6AdoD3Y&cver=2.20250728.08.00&rn=104&alr=yes",
        "city": "New York",
        "region": "New York",
        "country": "United States",
        "org": "Google LLC",
        "timezone": "America/New_York",
        "source": "ip-api.com"
      },
      "geometry": {
        "type": "Point",
        "coordinates": [
          -74.006,
          40.7128
        ]
      }
    },
    {
      "type": "Feature",
      "properties": {
        "ip": "173.194.31.136",
        "url": "https://rr3---sn-ab5sznzk.googlevideo.com/videoplayback?expire=1753861649&ei=sHmJaIG3H9TFkucPjZ3nwAg&ip=160.39.40.250&id=o-AB12Aumbc6sQMFv5Zl_mlmsSKio7iietS_nIwTpEApKj&source=youtube&requiressl=yes&xpc=EgVo2aDSNQ%3D%3D&met=1753840048%2C&mh=Cw&mm=31%2C26&mn=sn-ab5sznzk%2Csn-p5qs7nzy&ms=au%2Conr&mv=m&mvi=3&pl=16&rms=au%2Cau&initcwndbps=3761250&siu=1&spc=l3OVKd2bthLO6eV27mktwxNOUOMOMxvssU0NLjJQ7UCKV3FRxwD15wXbcuMZkSvppA&svpuc=1&ns=mHnJ8mDSeumSom1KySuZ0m8Q&sabr=1&rqh=1&mt=1753839678&fvip=2&keepalive=yes&fexp=51355912&c=WEB&n=dKjfmZ2dltBPcA&sparams=expire%2Cei%2Cip%2Cid%2Csource%2Crequiressl%2Cxpc%2Csiu%2Cspc%2Csvpuc%2Cns%2Csabr%2Crqh&sig=AJfQdSswRAIgK_j2jr8HzLKsEFRt168zkb0SqpseQKpspoMSxmdSprsCICT1tjAhSyG1x8ODKTPIuc7uFMe8ycSSHwahI6ap7kdb&lsparams=met%2Cmh%2Cmm%2Cmn%2Cms%2Cmv%2Cmvi%2Cpl%2Crms%2Cinitcwndbps&lsig=APaTxxMwRQIgU6lMUwd3FZ4Vi-VSOE2lY1bY9gGGP8J0YpCTWAzPh4QCIQDoGCzQNbI6B2eaMRq7qmOc9ukEceqoD6WT12Zxb0BwGQ%3D%3D&cpn=DSExmEv2f6AdoD3Y&cver=2.20250728.08.00&rn=121&alr=yes",
        "city": "New York",
        "region": "New York",
        "country": "United States",
        "org": "Google LLC",
        "timezone": "America/New_York",
        "source": "ip-api.com"
      },
      "geometry": {
        "type": "Point",
        "coordinates": [
          -74.006,
          40.7128
        ]
      }
    },
    {
      "type": "Feature",
      "properties": {
        "ip": "173.194.31.136",
        "url": "https://rr3---sn-ab5sznzk.googlevideo.com/videoplayback?expire=1753861649&ei=sHmJaIG3H9TFkucPjZ3nwAg&ip=160.39.40.250&id=o-AB12Aumbc6sQMFv5Zl_mlmsSKio7iietS_nIwTpEApKj&source=youtube&requiressl=yes&xpc=EgVo2aDSNQ%3D%3D&met=1753840048%2C&mh=Cw&mm=31%2C26&mn=sn-ab5sznzk%2Csn-p5qs7nzy&ms=au%2Conr&mv=m&mvi=3&pl=16&rms=au%2Cau&initcwndbps=3761250&siu=1&spc=l3OVKd2bthLO6eV27mktwxNOUOMOMxvssU0NLjJQ7UCKV3FRxwD15wXbcuMZkSvppA&svpuc=1&ns=mHnJ8mDSeumSom1KySuZ0m8Q&sabr=1&rqh=1&mt=1753839678&fvip=2&keepalive=yes&fexp=51355912&c=WEB&n=dKjfmZ2dltBPcA&sparams=expire%2Cei%2Cip%2Cid%2Csource%2Crequiressl%2Cxpc%2Csiu%2Cspc%2Csvpuc%2Cns%2Csabr%2Crqh&sig=AJfQdSswRAIgK_j2jr8HzLKsEFRt168zkb0SqpseQKpspoMSxmdSprsCICT1tjAhSyG1x8ODKTPIuc7uFMe8ycSSHwahI6ap7kdb&lsparams=met%2Cmh%2Cmm%2Cmn%2Cms%2Cmv%2Cmvi%2Cpl%2Crms%2Cinitcwndbps&lsig=APaTxxMwRQIgU6lMUwd3FZ4Vi-VSOE2lY1bY9gGGP8J0YpCTWAzPh4QCIQDoGCzQNbI6B2eaMRq7qmOc9ukEceqoD6WT12Zxb0BwGQ%3D%3D&cpn=DSExmEv2f6AdoD3Y&cver=2.20250728.08.00&rn=109&alr=yes",
        "city": "New York",
        "region": "New York",
        "country": "United States",
        "org": "Google LLC",
        "timezone": "America/New_York",
        "source": "ip-api.com"
      },
      "geometry": {
        "type": "Point",
        "coordinates": [
          -74.006,
          40.7128
        ]
      }
    },
    {
      "type": "Feature",
      "properties": {
        "ip": "173.194.31.136",
        "url": "https://rr3---sn-ab5sznzk.googlevideo.com/videoplayback?expire=1753861649&ei=sHmJaIG3H9TFkucPjZ3nwAg&ip=160.39.40.250&id=o-AB12Aumbc6sQMFv5Zl_mlmsSKio7iietS_nIwTpEApKj&source=youtube&requiressl=yes&xpc=EgVo2aDSNQ%3D%3D&met=1753840048%2C&mh=Cw&mm=31%2C26&mn=sn-ab5sznzk%2Csn-p5qs7nzy&ms=au%2Conr&mv=m&mvi=3&pl=16&rms=au%2Cau&initcwndbps=3761250&siu=1&spc=l3OVKd2bthLO6eV27mktwxNOUOMOMxvssU0NLjJQ7UCKV3FRxwD15wXbcuMZkSvppA&svpuc=1&ns=mHnJ8mDSeumSom1KySuZ0m8Q&sabr=1&rqh=1&mt=1753839678&fvip=2&keepalive=yes&fexp=51355912&c=WEB&n=dKjfmZ2dltBPcA&sparams=expire%2Cei%2Cip%2Cid%2Csource%2Crequiressl%2Cxpc%2Csiu%2Cspc%2Csvpuc%2Cns%2Csabr%2Crqh&sig=AJfQdSswRAIgK_j2jr8HzLKsEFRt168zkb0SqpseQKpspoMSxmdSprsCICT1tjAhSyG1x8ODKTPIuc7uFMe8ycSSHwahI6ap7kdb&lsparams=met%2Cmh%2Cmm%2Cmn%2Cms%2Cmv%2Cmvi%2Cpl%2Crms%2Cinitcwndbps&lsig=APaTxxMwRQIgU6lMUwd3FZ4Vi-VSOE2lY1bY9gGGP8J0YpCTWAzPh4QCIQDoGCzQNbI6B2eaMRq7qmOc9ukEceqoD6WT12Zxb0BwGQ%3D%3D&cpn=DSExmEv2f6AdoD3Y&cver=2.20250728.08.00&rn=96&alr=yes",
        "city": "New York",
        "region": "New York",
        "country": "United States",
        "org": "Google LLC",
        "timezone": "America/New_York",
        "source": "ip-api.com"
      },
      "geometry": {
        "type": "Point",
        "coordinates": [
          -74.006,
          40.7128
        ]
      }
    },
    {
      "type": "Feature",
      "properties": {
        "ip": "173.194.31.136",
        "url": "https://rr3---sn-ab5sznzk.googlevideo.com/videoplayback?expire=1753861649&ei=sHmJaIG3H9TFkucPjZ3nwAg&ip=160.39.40.250&id=o-AB12Aumbc6sQMFv5Zl_mlmsSKio7iietS_nIwTpEApKj&source=youtube&requiressl=yes&xpc=EgVo2aDSNQ%3D%3D&met=1753840048%2C&mh=Cw&mm=31%2C26&mn=sn-ab5sznzk%2Csn-p5qs7nzy&ms=au%2Conr&mv=m&mvi=3&pl=16&rms=au%2Cau&initcwndbps=3761250&siu=1&spc=l3OVKd2bthLO6eV27mktwxNOUOMOMxvssU0NLjJQ7UCKV3FRxwD15wXbcuMZkSvppA&svpuc=1&ns=mHnJ8mDSeumSom1KySuZ0m8Q&sabr=1&rqh=1&mt=1753839678&fvip=2&keepalive=yes&fexp=51355912&c=WEB&n=dKjfmZ2dltBPcA&sparams=expire%2Cei%2Cip%2Cid%2Csource%2Crequiressl%2Cxpc%2Csiu%2Cspc%2Csvpuc%2Cns%2Csabr%2Crqh&sig=AJfQdSswRAIgK_j2jr8HzLKsEFRt168zkb0SqpseQKpspoMSxmdSprsCICT1tjAhSyG1x8ODKTPIuc7uFMe8ycSSHwahI6ap7kdb&lsparams=met%2Cmh%2Cmm%2Cmn%2Cms%2Cmv%2Cmvi%2Cpl%2Crms%2Cinitcwndbps&lsig=APaTxxMwRQIgU6lMUwd3FZ4Vi-VSOE2lY1bY9gGGP8J0YpCTWAzPh4QCIQDoGCzQNbI6B2eaMRq7qmOc9ukEceqoD6WT12Zxb0BwGQ%3D%3D&cpn=DSExmEv2f6AdoD3Y&cver=2.20250728.08.00&rn=133&alr=yes",
        "city": "New York",
        "region": "New York",
        "country": "United States",
        "org": "Google LLC",
        "timezone": "America/New_York",
        "source": "ip-api.com"
      },
      "geometry": {
        "type": "Point",
        "coordinates": [
          -74.006,
          40.7128
        ]
      }
    },
    {
      "type": "Feature",
      "properties": {
        "ip": "173.194.31.136",
        "url": "https://rr3---sn-ab5sznzk.googlevideo.com/videoplayback?expire=1753861649&ei=sHmJaIG3H9TFkucPjZ3nwAg&ip=160.39.40.250&id=o-AB12Aumbc6sQMFv5Zl_mlmsSKio7iietS_nIwTpEApKj&source=youtube&requiressl=yes&xpc=EgVo2aDSNQ%3D%3D&met=1753840048%2C&mh=Cw&mm=31%2C26&mn=sn-ab5sznzk%2Csn-p5qs7nzy&ms=au%2Conr&mv=m&mvi=3&pl=16&rms=au%2Cau&initcwndbps=3761250&siu=1&spc=l3OVKd2bthLO6eV27mktwxNOUOMOMxvssU0NLjJQ7UCKV3FRxwD15wXbcuMZkSvppA&svpuc=1&ns=mHnJ8mDSeumSom1KySuZ0m8Q&sabr=1&rqh=1&mt=1753839678&fvip=2&keepalive=yes&fexp=51355912&c=WEB&n=dKjfmZ2dltBPcA&sparams=expire%2Cei%2Cip%2Cid%2Csource%2Crequiressl%2Cxpc%2Csiu%2Cspc%2Csvpuc%2Cns%2Csabr%2Crqh&sig=AJfQdSswRAIgK_j2jr8HzLKsEFRt168zkb0SqpseQKpspoMSxmdSprsCICT1tjAhSyG1x8ODKTPIuc7uFMe8ycSSHwahI6ap7kdb&lsparams=met%2Cmh%2Cmm%2Cmn%2Cms%2Cmv%2Cmvi%2Cpl%2Crms%2Cinitcwndbps&lsig=APaTxxMwRQIgU6lMUwd3FZ4Vi-VSOE2lY1bY9gGGP8J0YpCTWAzPh4QCIQDoGCzQNbI6B2eaMRq7qmOc9ukEceqoD6WT12Zxb0BwGQ%3D%3D&cpn=DSExmEv2f6AdoD3Y&cver=2.20250728.08.00&rn=79&alr=yes",
        "city": "New York",
        "region": "New York",
        "country": "United States",
        "org": "Google LLC",
        "timezone": "America/New_York",
        "source": "ip-api.com"
      },
      "geometry": {
        "type": "Point",
        "coordinates": [
          -74.006,
          40.7128
        ]
      }
    },
    {
      "type": "Feature",
      "properties": {
        "ip": "173.194.31.136",
        "url": "https://rr3---sn-ab5sznzk.googlevideo.com/videoplayback?expire=1753861649&ei=sHmJaIG3H9TFkucPjZ3nwAg&ip=160.39.40.250&id=o-AB12Aumbc6sQMFv5Zl_mlmsSKio7iietS_nIwTpEApKj&source=youtube&requiressl=yes&xpc=EgVo2aDSNQ%3D%3D&met=1753840048%2C&mh=Cw&mm=31%2C26&mn=sn-ab5sznzk%2Csn-p5qs7nzy&ms=au%2Conr&mv=m&mvi=3&pl=16&rms=au%2Cau&initcwndbps=3761250&siu=1&spc=l3OVKd2bthLO6eV27mktwxNOUOMOMxvssU0NLjJQ7UCKV3FRxwD15wXbcuMZkSvppA&svpuc=1&ns=mHnJ8mDSeumSom1KySuZ0m8Q&sabr=1&rqh=1&mt=1753839678&fvip=2&keepalive=yes&fexp=51355912&c=WEB&n=dKjfmZ2dltBPcA&sparams=expire%2Cei%2Cip%2Cid%2Csource%2Crequiressl%2Cxpc%2Csiu%2Cspc%2Csvpuc%2Cns%2Csabr%2Crqh&sig=AJfQdSswRAIgK_j2jr8HzLKsEFRt168zkb0SqpseQKpspoMSxmdSprsCICT1tjAhSyG1x8ODKTPIuc7uFMe8ycSSHwahI6ap7kdb&lsparams=met%2Cmh%2Cmm%2Cmn%2Cms%2Cmv%2Cmvi%2Cpl%2Crms%2Cinitcwndbps&lsig=APaTxxMwRQIgU6lMUwd3FZ4Vi-VSOE2lY1bY9gGGP8J0YpCTWAzPh4QCIQDoGCzQNbI6B2eaMRq7qmOc9ukEceqoD6WT12Zxb0BwGQ%3D%3D&cpn=DSExmEv2f6AdoD3Y&cver=2.20250728.08.00&rn=122&alr=yes",
        "city": "New York",
        "region": "New York",
        "country": "United States",
        "org": "Google LLC",
        "timezone": "America/New_York",
        "source": "ip-api.com"
      },
      "geometry": {
        "type": "Point",
        "coordinates": [
          -74.006,
          40.7128
        ]
      }
    },
    {
      "type": "Feature",
      "properties": {
        "ip": "173.194.31.136",
        "url": "https://rr3---sn-ab5sznzk.googlevideo.com/videoplayback?expire=1753861649&ei=sHmJaIG3H9TFkucPjZ3nwAg&ip=160.39.40.250&id=o-AB12Aumbc6sQMFv5Zl_mlmsSKio7iietS_nIwTpEApKj&source=youtube&requiressl=yes&xpc=EgVo2aDSNQ%3D%3D&met=1753840048%2C&mh=Cw&mm=31%2C26&mn=sn-ab5sznzk%2Csn-p5qs7nzy&ms=au%2Conr&mv=m&mvi=3&pl=16&rms=au%2Cau&initcwndbps=3761250&siu=1&spc=l3OVKd2bthLO6eV27mktwxNOUOMOMxvssU0NLjJQ7UCKV3FRxwD15wXbcuMZkSvppA&svpuc=1&ns=mHnJ8mDSeumSom1KySuZ0m8Q&sabr=1&rqh=1&mt=1753839678&fvip=2&keepalive=yes&fexp=51355912&c=WEB&n=dKjfmZ2dltBPcA&sparams=expire%2Cei%2Cip%2Cid%2Csource%2Crequiressl%2Cxpc%2Csiu%2Cspc%2Csvpuc%2Cns%2Csabr%2Crqh&sig=AJfQdSswRAIgK_j2jr8HzLKsEFRt168zkb0SqpseQKpspoMSxmdSprsCICT1tjAhSyG1x8ODKTPIuc7uFMe8ycSSHwahI6ap7kdb&lsparams=met%2Cmh%2Cmm%2Cmn%2Cms%2Cmv%2Cmvi%2Cpl%2Crms%2Cinitcwndbps&lsig=APaTxxMwRQIgU6lMUwd3FZ4Vi-VSOE2lY1bY9gGGP8J0YpCTWAzPh4QCIQDoGCzQNbI6B2eaMRq7qmOc9ukEceqoD6WT12Zxb0BwGQ%3D%3D&cpn=DSExmEv2f6AdoD3Y&cver=2.20250728.08.00&rn=103&alr=yes",
        "city": "New York",
        "region": "New York",
        "country": "United States",
        "org": "Google LLC",
        "timezone": "America/New_York",
        "source": "ip-api.com"
      },
      "geometry": {
        "type": "Point",
        "coordinates": [
          -74.006,
          40.7128
        ]
      }
    },
    {
      "type": "Feature",
      "properties": {
        "ip": "173.194.31.136",
        "url": "https://rr3---sn-ab5sznzk.googlevideo.com/videoplayback?expire=1753861649&ei=sHmJaIG3H9TFkucPjZ3nwAg&ip=160.39.40.250&id=o-AB12Aumbc6sQMFv5Zl_mlmsSKio7iietS_nIwTpEApKj&source=youtube&requiressl=yes&xpc=EgVo2aDSNQ%3D%3D&met=1753840048%2C&mh=Cw&mm=31%2C26&mn=sn-ab5sznzk%2Csn-p5qs7nzy&ms=au%2Conr&mv=m&mvi=3&pl=16&rms=au%2Cau&initcwndbps=3761250&siu=1&spc=l3OVKd2bthLO6eV27mktwxNOUOMOMxvssU0NLjJQ7UCKV3FRxwD15wXbcuMZkSvppA&svpuc=1&ns=mHnJ8mDSeumSom1KySuZ0m8Q&sabr=1&rqh=1&mt=1753839678&fvip=2&keepalive=yes&fexp=51355912&c=WEB&n=dKjfmZ2dltBPcA&sparams=expire%2Cei%2Cip%2Cid%2Csource%2Crequiressl%2Cxpc%2Csiu%2Cspc%2Csvpuc%2Cns%2Csabr%2Crqh&sig=AJfQdSswRAIgK_j2jr8HzLKsEFRt168zkb0SqpseQKpspoMSxmdSprsCICT1tjAhSyG1x8ODKTPIuc7uFMe8ycSSHwahI6ap7kdb&lsparams=met%2Cmh%2Cmm%2Cmn%2Cms%2Cmv%2Cmvi%2Cpl%2Crms%2Cinitcwndbps&lsig=APaTxxMwRQIgU6lMUwd3FZ4Vi-VSOE2lY1bY9gGGP8J0YpCTWAzPh4QCIQDoGCzQNbI6B2eaMRq7qmOc9ukEceqoD6WT12Zxb0BwGQ%3D%3D&cpn=DSExmEv2f6AdoD3Y&cver=2.20250728.08.00&rn=80&alr=yes",
        "city": "New York",
        "region": "New York",
        "country": "United States",
        "org": "Google LLC",
        "timezone": "America/New_York",
        "source": "ip-api.com"
      },
      "geometry": {
        "type": "Point",
        "coordinates": [
          -74.006,
          40.7128
        ]
      }
    },
    {
      "type": "Feature",
      "properties": {
        "ip": "173.194.31.136",
        "url": "https://rr3---sn-ab5sznzk.googlevideo.com/videoplayback?expire=1753861649&ei=sHmJaIG3H9TFkucPjZ3nwAg&ip=160.39.40.250&id=o-AB12Aumbc6sQMFv5Zl_mlmsSKio7iietS_nIwTpEApKj&source=youtube&requiressl=yes&xpc=EgVo2aDSNQ%3D%3D&met=1753840048%2C&mh=Cw&mm=31%2C26&mn=sn-ab5sznzk%2Csn-p5qs7nzy&ms=au%2Conr&mv=m&mvi=3&pl=16&rms=au%2Cau&initcwndbps=3761250&siu=1&spc=l3OVKd2bthLO6eV27mktwxNOUOMOMxvssU0NLjJQ7UCKV3FRxwD15wXbcuMZkSvppA&svpuc=1&ns=mHnJ8mDSeumSom1KySuZ0m8Q&sabr=1&rqh=1&mt=1753839678&fvip=2&keepalive=yes&fexp=51355912&c=WEB&n=dKjfmZ2dltBPcA&sparams=expire%2Cei%2Cip%2Cid%2Csource%2Crequiressl%2Cxpc%2Csiu%2Cspc%2Csvpuc%2Cns%2Csabr%2Crqh&sig=AJfQdSswRAIgK_j2jr8HzLKsEFRt168zkb0SqpseQKpspoMSxmdSprsCICT1tjAhSyG1x8ODKTPIuc7uFMe8ycSSHwahI6ap7kdb&lsparams=met%2Cmh%2Cmm%2Cmn%2Cms%2Cmv%2Cmvi%2Cpl%2Crms%2Cinitcwndbps&lsig=APaTxxMwRQIgU6lMUwd3FZ4Vi-VSOE2lY1bY9gGGP8J0YpCTWAzPh4QCIQDoGCzQNbI6B2eaMRq7qmOc9ukEceqoD6WT12Zxb0BwGQ%3D%3D&cpn=DSExmEv2f6AdoD3Y&cver=2.20250728.08.00&rn=64&alr=yes",
        "city": "New York",
        "region": "New York",
        "country": "United States",
        "org": "Google LLC",
        "timezone": "America/New_York",
        "source": "ip-api.com"
      },
      "geometry": {
        "type": "Point",
        "coordinates": [
          -74.006,
          40.7128
        ]
      }
    },
    {
      "type": "Feature",
      "properties": {
        "ip": "173.194.31.136",
        "url": "https://rr3---sn-ab5sznzk.googlevideo.com/videoplayback?expire=1753861649&ei=sHmJaIG3H9TFkucPjZ3nwAg&ip=160.39.40.250&id=o-AB12Aumbc6sQMFv5Zl_mlmsSKio7iietS_nIwTpEApKj&source=youtube&requiressl=yes&xpc=EgVo2aDSNQ%3D%3D&met=1753840048%2C&mh=Cw&mm=31%2C26&mn=sn-ab5sznzk%2Csn-p5qs7nzy&ms=au%2Conr&mv=m&mvi=3&pl=16&rms=au%2Cau&initcwndbps=3761250&siu=1&spc=l3OVKd2bthLO6eV27mktwxNOUOMOMxvssU0NLjJQ7UCKV3FRxwD15wXbcuMZkSvppA&svpuc=1&ns=mHnJ8mDSeumSom1KySuZ0m8Q&sabr=1&rqh=1&mt=1753839678&fvip=2&keepalive=yes&fexp=51355912&c=WEB&n=dKjfmZ2dltBPcA&sparams=expire%2Cei%2Cip%2Cid%2Csource%2Crequiressl%2Cxpc%2Csiu%2Cspc%2Csvpuc%2Cns%2Csabr%2Crqh&sig=AJfQdSswRAIgK_j2jr8HzLKsEFRt168zkb0SqpseQKpspoMSxmdSprsCICT1tjAhSyG1x8ODKTPIuc7uFMe8ycSSHwahI6ap7kdb&lsparams=met%2Cmh%2Cmm%2Cmn%2Cms%2Cmv%2Cmvi%2Cpl%2Crms%2Cinitcwndbps&lsig=APaTxxMwRQIgU6lMUwd3FZ4Vi-VSOE2lY1bY9gGGP8J0YpCTWAzPh4QCIQDoGCzQNbI6B2eaMRq7qmOc9ukEceqoD6WT12Zxb0BwGQ%3D%3D&cpn=DSExmEv2f6AdoD3Y&cver=2.20250728.08.00&rn=94&alr=yes",
        "city": "New York",
        "region": "New York",
        "country": "United States",
        "org": "Google LLC",
        "timezone": "America/New_York",
        "source": "ip-api.com"
      },
      "geometry": {
        "type": "Point",
        "coordinates": [
          -74.006,
          40.7128
        ]
      }
    },
    {
      "type": "Feature",
      "properties": {
        "ip": "173.194.31.136",
        "url": "https://rr3---sn-ab5sznzk.googlevideo.com/videoplayback?expire=1753861649&ei=sHmJaIG3H9TFkucPjZ3nwAg&ip=160.39.40.250&id=o-AB12Aumbc6sQMFv5Zl_mlmsSKio7iietS_nIwTpEApKj&source=youtube&requiressl=yes&xpc=EgVo2aDSNQ%3D%3D&met=1753840048%2C&mh=Cw&mm=31%2C26&mn=sn-ab5sznzk%2Csn-p5qs7nzy&ms=au%2Conr&mv=m&mvi=3&pl=16&rms=au%2Cau&initcwndbps=3761250&siu=1&spc=l3OVKd2bthLO6eV27mktwxNOUOMOMxvssU0NLjJQ7UCKV3FRxwD15wXbcuMZkSvppA&svpuc=1&ns=mHnJ8mDSeumSom1KySuZ0m8Q&sabr=1&rqh=1&mt=1753839678&fvip=2&keepalive=yes&fexp=51355912&c=WEB&n=dKjfmZ2dltBPcA&sparams=expire%2Cei%2Cip%2Cid%2Csource%2Crequiressl%2Cxpc%2Csiu%2Cspc%2Csvpuc%2Cns%2Csabr%2Crqh&sig=AJfQdSswRAIgK_j2jr8HzLKsEFRt168zkb0SqpseQKpspoMSxmdSprsCICT1tjAhSyG1x8ODKTPIuc7uFMe8ycSSHwahI6ap7kdb&lsparams=met%2Cmh%2Cmm%2Cmn%2Cms%2Cmv%2Cmvi%2Cpl%2Crms%2Cinitcwndbps&lsig=APaTxxMwRQIgU6lMUwd3FZ4Vi-VSOE2lY1bY9gGGP8J0YpCTWAzPh4QCIQDoGCzQNbI6B2eaMRq7qmOc9ukEceqoD6WT12Zxb0BwGQ%3D%3D&cpn=DSExmEv2f6AdoD3Y&cver=2.20250728.08.00&rn=136&alr=yes",
        "city": "New York",
        "region": "New York",
        "country": "United States",
        "org": "Google LLC",
        "timezone": "America/New_York",
        "source": "ip-api.com"
      },
      "geometry": {
        "type": "Point",
        "coordinates": [
          -74.006,
          40.7128
        ]
      }
    },
    {
      "type": "Feature",
      "properties": {
        "ip": "173.194.31.136",
        "url": "https://rr3---sn-ab5sznzk.googlevideo.com/videoplayback?expire=1753861649&ei=sHmJaIG3H9TFkucPjZ3nwAg&ip=160.39.40.250&id=o-AB12Aumbc6sQMFv5Zl_mlmsSKio7iietS_nIwTpEApKj&source=youtube&requiressl=yes&xpc=EgVo2aDSNQ%3D%3D&met=1753840048%2C&mh=Cw&mm=31%2C26&mn=sn-ab5sznzk%2Csn-p5qs7nzy&ms=au%2Conr&mv=m&mvi=3&pl=16&rms=au%2Cau&initcwndbps=3761250&siu=1&spc=l3OVKd2bthLO6eV27mktwxNOUOMOMxvssU0NLjJQ7UCKV3FRxwD15wXbcuMZkSvppA&svpuc=1&ns=mHnJ8mDSeumSom1KySuZ0m8Q&sabr=1&rqh=1&mt=1753839678&fvip=2&keepalive=yes&fexp=51355912&c=WEB&n=dKjfmZ2dltBPcA&sparams=expire%2Cei%2Cip%2Cid%2Csource%2Crequiressl%2Cxpc%2Csiu%2Cspc%2Csvpuc%2Cns%2Csabr%2Crqh&sig=AJfQdSswRAIgK_j2jr8HzLKsEFRt168zkb0SqpseQKpspoMSxmdSprsCICT1tjAhSyG1x8ODKTPIuc7uFMe8ycSSHwahI6ap7kdb&lsparams=met%2Cmh%2Cmm%2Cmn%2Cms%2Cmv%2Cmvi%2Cpl%2Crms%2Cinitcwndbps&lsig=APaTxxMwRQIgU6lMUwd3FZ4Vi-VSOE2lY1bY9gGGP8J0YpCTWAzPh4QCIQDoGCzQNbI6B2eaMRq7qmOc9ukEceqoD6WT12Zxb0BwGQ%3D%3D&cpn=DSExmEv2f6AdoD3Y&cver=2.20250728.08.00&rn=69&alr=yes",
        "city": "New York",
        "region": "New York",
        "country": "United States",
        "org": "Google LLC",
        "timezone": "America/New_York",
        "source": "ip-api.com"
      },
      "geometry": {
        "type": "Point",
        "coordinates": [
          -74.006,
          40.7128
        ]
      }
    },
    {
      "type": "Feature",
      "properties": {
        "ip": "173.194.31.136",
        "url": "https://rr3---sn-ab5sznzk.googlevideo.com/videoplayback?expire=1753861649&ei=sHmJaIG3H9TFkucPjZ3nwAg&ip=160.39.40.250&id=o-AB12Aumbc6sQMFv5Zl_mlmsSKio7iietS_nIwTpEApKj&source=youtube&requiressl=yes&xpc=EgVo2aDSNQ%3D%3D&met=1753840048%2C&mh=Cw&mm=31%2C26&mn=sn-ab5sznzk%2Csn-p5qs7nzy&ms=au%2Conr&mv=m&mvi=3&pl=16&rms=au%2Cau&initcwndbps=3761250&siu=1&spc=l3OVKd2bthLO6eV27mktwxNOUOMOMxvssU0NLjJQ7UCKV3FRxwD15wXbcuMZkSvppA&svpuc=1&ns=mHnJ8mDSeumSom1KySuZ0m8Q&sabr=1&rqh=1&mt=1753839678&fvip=2&keepalive=yes&fexp=51355912&c=WEB&n=dKjfmZ2dltBPcA&sparams=expire%2Cei%2Cip%2Cid%2Csource%2Crequiressl%2Cxpc%2Csiu%2Cspc%2Csvpuc%2Cns%2Csabr%2Crqh&sig=AJfQdSswRAIgK_j2jr8HzLKsEFRt168zkb0SqpseQKpspoMSxmdSprsCICT1tjAhSyG1x8ODKTPIuc7uFMe8ycSSHwahI6ap7kdb&lsparams=met%2Cmh%2Cmm%2Cmn%2Cms%2Cmv%2Cmvi%2Cpl%2Crms%2Cinitcwndbps&lsig=APaTxxMwRQIgU6lMUwd3FZ4Vi-VSOE2lY1bY9gGGP8J0YpCTWAzPh4QCIQDoGCzQNbI6B2eaMRq7qmOc9ukEceqoD6WT12Zxb0BwGQ%3D%3D&cpn=DSExmEv2f6AdoD3Y&cver=2.20250728.08.00&rn=75&alr=yes",
        "city": "New York",
        "region": "New York",
        "country": "United States",
        "org": "Google LLC",
        "timezone": "America/New_York",
        "source": "ip-api.com"
      },
      "geometry": {
        "type": "Point",
        "coordinates": [
          -74.006,
          40.7128
        ]
      }
    },
    {
      "type": "Feature",
      "properties": {
        "ip": "173.194.31.136",
        "url": "https://rr3---sn-ab5sznzk.googlevideo.com/videoplayback?expire=1753861649&ei=sHmJaIG3H9TFkucPjZ3nwAg&ip=160.39.40.250&id=o-AB12Aumbc6sQMFv5Zl_mlmsSKio7iietS_nIwTpEApKj&source=youtube&requiressl=yes&xpc=EgVo2aDSNQ%3D%3D&met=1753840048%2C&mh=Cw&mm=31%2C26&mn=sn-ab5sznzk%2Csn-p5qs7nzy&ms=au%2Conr&mv=m&mvi=3&pl=16&rms=au%2Cau&initcwndbps=3761250&siu=1&spc=l3OVKd2bthLO6eV27mktwxNOUOMOMxvssU0NLjJQ7UCKV3FRxwD15wXbcuMZkSvppA&svpuc=1&ns=mHnJ8mDSeumSom1KySuZ0m8Q&sabr=1&rqh=1&mt=1753839678&fvip=2&keepalive=yes&fexp=51355912&c=WEB&n=dKjfmZ2dltBPcA&sparams=expire%2Cei%2Cip%2Cid%2Csource%2Crequiressl%2Cxpc%2Csiu%2Cspc%2Csvpuc%2Cns%2Csabr%2Crqh&sig=AJfQdSswRAIgK_j2jr8HzLKsEFRt168zkb0SqpseQKpspoMSxmdSprsCICT1tjAhSyG1x8ODKTPIuc7uFMe8ycSSHwahI6ap7kdb&lsparams=met%2Cmh%2Cmm%2Cmn%2Cms%2Cmv%2Cmvi%2Cpl%2Crms%2Cinitcwndbps&lsig=APaTxxMwRQIgU6lMUwd3FZ4Vi-VSOE2lY1bY9gGGP8J0YpCTWAzPh4QCIQDoGCzQNbI6B2eaMRq7qmOc9ukEceqoD6WT12Zxb0BwGQ%3D%3D&cpn=DSExmEv2f6AdoD3Y&cver=2.20250728.08.00&rn=123&alr=yes",
        "city": "New York",
        "region": "New York",
        "country": "United States",
        "org": "Google LLC",
        "timezone": "America/New_York",
        "source": "ip-api.com"
      },
      "geometry": {
        "type": "Point",
        "coordinates": [
          -74.006,
          40.7128
        ]
      }
    },
    {
      "type": "Feature",
      "properties": {
        "ip": "173.194.31.136",
        "url": "https://rr3---sn-ab5sznzk.googlevideo.com/videoplayback?expire=1753861649&ei=sHmJaIG3H9TFkucPjZ3nwAg&ip=160.39.40.250&id=o-AB12Aumbc6sQMFv5Zl_mlmsSKio7iietS_nIwTpEApKj&source=youtube&requiressl=yes&xpc=EgVo2aDSNQ%3D%3D&met=1753840048%2C&mh=Cw&mm=31%2C26&mn=sn-ab5sznzk%2Csn-p5qs7nzy&ms=au%2Conr&mv=m&mvi=3&pl=16&rms=au%2Cau&initcwndbps=3761250&siu=1&spc=l3OVKd2bthLO6eV27mktwxNOUOMOMxvssU0NLjJQ7UCKV3FRxwD15wXbcuMZkSvppA&svpuc=1&ns=mHnJ8mDSeumSom1KySuZ0m8Q&sabr=1&rqh=1&mt=1753839678&fvip=2&keepalive=yes&fexp=51355912&c=WEB&n=dKjfmZ2dltBPcA&sparams=expire%2Cei%2Cip%2Cid%2Csource%2Crequiressl%2Cxpc%2Csiu%2Cspc%2Csvpuc%2Cns%2Csabr%2Crqh&sig=AJfQdSswRAIgK_j2jr8HzLKsEFRt168zkb0SqpseQKpspoMSxmdSprsCICT1tjAhSyG1x8ODKTPIuc7uFMe8ycSSHwahI6ap7kdb&lsparams=met%2Cmh%2Cmm%2Cmn%2Cms%2Cmv%2Cmvi%2Cpl%2Crms%2Cinitcwndbps&lsig=APaTxxMwRQIgU6lMUwd3FZ4Vi-VSOE2lY1bY9gGGP8J0YpCTWAzPh4QCIQDoGCzQNbI6B2eaMRq7qmOc9ukEceqoD6WT12Zxb0BwGQ%3D%3D&cpn=DSExmEv2f6AdoD3Y&cver=2.20250728.08.00&rn=73&alr=yes",
        "city": "New York",
        "region": "New York",
        "country": "United States",
        "org": "Google LLC",
        "timezone": "America/New_York",
        "source": "ip-api.com"
      },
      "geometry": {
        "type": "Point",
        "coordinates": [
          -74.006,
          40.7128
        ]
      }
    },
    {
      "type": "Feature",
      "properties": {
        "ip": "173.194.31.136",
        "url": "https://rr3---sn-ab5sznzk.googlevideo.com/videoplayback?expire=1753861649&ei=sHmJaIG3H9TFkucPjZ3nwAg&ip=160.39.40.250&id=o-AB12Aumbc6sQMFv5Zl_mlmsSKio7iietS_nIwTpEApKj&source=youtube&requiressl=yes&xpc=EgVo2aDSNQ%3D%3D&met=1753840048%2C&mh=Cw&mm=31%2C26&mn=sn-ab5sznzk%2Csn-p5qs7nzy&ms=au%2Conr&mv=m&mvi=3&pl=16&rms=au%2Cau&initcwndbps=3761250&siu=1&spc=l3OVKd2bthLO6eV27mktwxNOUOMOMxvssU0NLjJQ7UCKV3FRxwD15wXbcuMZkSvppA&svpuc=1&ns=mHnJ8mDSeumSom1KySuZ0m8Q&sabr=1&rqh=1&mt=1753839678&fvip=2&keepalive=yes&fexp=51355912&c=WEB&n=dKjfmZ2dltBPcA&sparams=expire%2Cei%2Cip%2Cid%2Csource%2Crequiressl%2Cxpc%2Csiu%2Cspc%2Csvpuc%2Cns%2Csabr%2Crqh&sig=AJfQdSswRAIgK_j2jr8HzLKsEFRt168zkb0SqpseQKpspoMSxmdSprsCICT1tjAhSyG1x8ODKTPIuc7uFMe8ycSSHwahI6ap7kdb&lsparams=met%2Cmh%2Cmm%2Cmn%2Cms%2Cmv%2Cmvi%2Cpl%2Crms%2Cinitcwndbps&lsig=APaTxxMwRQIgU6lMUwd3FZ4Vi-VSOE2lY1bY9gGGP8J0YpCTWAzPh4QCIQDoGCzQNbI6B2eaMRq7qmOc9ukEceqoD6WT12Zxb0BwGQ%3D%3D&cpn=DSExmEv2f6AdoD3Y&cver=2.20250728.08.00&rn=65&alr=yes",
        "city": "New York",
        "region": "New York",
        "country": "United States",
        "org": "Google LLC",
        "timezone": "America/New_York",
        "source": "ip-api.com"
      },
      "geometry": {
        "type": "Point",
        "coordinates": [
          -74.006,
          40.7128
        ]
      }
    },
    {
      "type": "Feature",
      "properties": {
        "ip": "173.194.31.136",
        "url": "https://rr3---sn-ab5sznzk.googlevideo.com/videoplayback?expire=1753861649&ei=sHmJaIG3H9TFkucPjZ3nwAg&ip=160.39.40.250&id=o-AB12Aumbc6sQMFv5Zl_mlmsSKio7iietS_nIwTpEApKj&source=youtube&requiressl=yes&xpc=EgVo2aDSNQ%3D%3D&met=1753840048%2C&mh=Cw&mm=31%2C26&mn=sn-ab5sznzk%2Csn-p5qs7nzy&ms=au%2Conr&mv=m&mvi=3&pl=16&rms=au%2Cau&initcwndbps=3761250&siu=1&spc=l3OVKd2bthLO6eV27mktwxNOUOMOMxvssU0NLjJQ7UCKV3FRxwD15wXbcuMZkSvppA&svpuc=1&ns=mHnJ8mDSeumSom1KySuZ0m8Q&sabr=1&rqh=1&mt=1753839678&fvip=2&keepalive=yes&fexp=51355912&c=WEB&n=dKjfmZ2dltBPcA&sparams=expire%2Cei%2Cip%2Cid%2Csource%2Crequiressl%2Cxpc%2Csiu%2Cspc%2Csvpuc%2Cns%2Csabr%2Crqh&sig=AJfQdSswRAIgK_j2jr8HzLKsEFRt168zkb0SqpseQKpspoMSxmdSprsCICT1tjAhSyG1x8ODKTPIuc7uFMe8ycSSHwahI6ap7kdb&lsparams=met%2Cmh%2Cmm%2Cmn%2Cms%2Cmv%2Cmvi%2Cpl%2Crms%2Cinitcwndbps&lsig=APaTxxMwRQIgU6lMUwd3FZ4Vi-VSOE2lY1bY9gGGP8J0YpCTWAzPh4QCIQDoGCzQNbI6B2eaMRq7qmOc9ukEceqoD6WT12Zxb0BwGQ%3D%3D&cpn=DSExmEv2f6AdoD3Y&cver=2.20250728.08.00&rn=74&alr=yes",
        "city": "New York",
        "region": "New York",
        "country": "United States",
        "org": "Google LLC",
        "timezone": "America/New_York",
        "source": "ip-api.com"
      },
      "geometry": {
        "type": "Point",
        "coordinates": [
          -74.006,
          40.7128
        ]
      }
    },
    {
      "type": "Feature",
      "properties": {
        "ip": "173.194.31.136",
        "url": "https://rr3---sn-ab5sznzk.googlevideo.com/videoplayback?expire=1753861560&ei=WHmJaPrVKoXQoPMP5PzR2QE&ip=160.39.40.250&id=o-AOYskpPgscenwGGV-oTue16RAO9KXgtyROz2lvdw-V3w&source=youtube&requiressl=yes&xpc=EgVo2aDSNQ%3D%3D&met=1753839960%2C&mh=Cw&mm=31%2C26&mn=sn-ab5sznzk%2Csn-p5qlsndr&ms=au%2Conr&mv=m&mvi=3&pl=16&rms=au%2Cau&initcwndbps=5153750&siu=1&spc=l3OVKXZeBOtjjsyVgLun1Xqj3aMN7XXAtJaNyayW44x6kLLXBeDFap3YbvMCBgFAww&svpuc=1&ns=kcJpfWeNMxR_Mt9xJO0aklIQ&sabr=1&rqh=1&mt=1753839435&fvip=1&keepalive=yes&fexp=51355912&c=WEB&n=h5g9W_f1ZsXoCw&sparams=expire%2Cei%2Cip%2Cid%2Csource%2Crequiressl%2Cxpc%2Csiu%2Cspc%2Csvpuc%2Cns%2Csabr%2Crqh&sig=AJfQdSswRgIhAJHGGVUU4plghGfw6iwPLGB23LsAF99PuUj60pRpdWnVAiEA9xF6A_UuGbMQyD8QLJv-61g2IkaGxFtvoizgH39iKDU%3D&lsparams=met%2Cmh%2Cmm%2Cmn%2Cms%2Cmv%2Cmvi%2Cpl%2Crms%2Cinitcwndbps&lsig=APaTxxMwRQIgckKpAbJturold7jBIQuqRvYrxAKeFEwzKNSST55S-hACIQCF0FQDZzwLpgjBrzlCgtwuwUfrVZ6n2HgDurnpIU-mGw%3D%3D&cpn=HySq6ttCi_EcCGfQ&cver=2.20250728.08.00&rn=31&alr=yes",
        "city": "New York",
        "region": "New York",
        "country": "United States",
        "org": "Google LLC",
        "timezone": "America/New_York",
        "source": "ip-api.com"
      },
      "geometry": {
        "type": "Point",
        "coordinates": [
          -74.006,
          40.7128
        ]
      }
    },
    {
      "type": "Feature",
      "properties": {
        "ip": "173.194.31.136",
        "url": "https://rr3---sn-ab5sznzk.googlevideo.com/videoplayback?expire=1753861649&ei=sHmJaIG3H9TFkucPjZ3nwAg&ip=160.39.40.250&id=o-AB12Aumbc6sQMFv5Zl_mlmsSKio7iietS_nIwTpEApKj&source=youtube&requiressl=yes&xpc=EgVo2aDSNQ%3D%3D&met=1753840048%2C&mh=Cw&mm=31%2C26&mn=sn-ab5sznzk%2Csn-p5qs7nzy&ms=au%2Conr&mv=m&mvi=3&pl=16&rms=au%2Cau&initcwndbps=3761250&siu=1&spc=l3OVKd2bthLO6eV27mktwxNOUOMOMxvssU0NLjJQ7UCKV3FRxwD15wXbcuMZkSvppA&svpuc=1&ns=mHnJ8mDSeumSom1KySuZ0m8Q&sabr=1&rqh=1&mt=1753839678&fvip=2&keepalive=yes&fexp=51355912&c=WEB&n=dKjfmZ2dltBPcA&sparams=expire%2Cei%2Cip%2Cid%2Csource%2Crequiressl%2Cxpc%2Csiu%2Cspc%2Csvpuc%2Cns%2Csabr%2Crqh&sig=AJfQdSswRAIgK_j2jr8HzLKsEFRt168zkb0SqpseQKpspoMSxmdSprsCICT1tjAhSyG1x8ODKTPIuc7uFMe8ycSSHwahI6ap7kdb&lsparams=met%2Cmh%2Cmm%2Cmn%2Cms%2Cmv%2Cmvi%2Cpl%2Crms%2Cinitcwndbps&lsig=APaTxxMwRQIgU6lMUwd3FZ4Vi-VSOE2lY1bY9gGGP8J0YpCTWAzPh4QCIQDoGCzQNbI6B2eaMRq7qmOc9ukEceqoD6WT12Zxb0BwGQ%3D%3D&cpn=DSExmEv2f6AdoD3Y&cver=2.20250728.08.00&rn=138&alr=yes",
        "city": "New York",
        "region": "New York",
        "country": "United States",
        "org": "Google LLC",
        "timezone": "America/New_York",
        "source": "ip-api.com"
      },
      "geometry": {
        "type": "Point",
        "coordinates": [
          -74.006,
          40.7128
        ]
      }
    },
    {
      "type": "Feature",
      "properties": {
        "ip": "173.194.31.136",
        "url": "https://rr3---sn-ab5sznzk.googlevideo.com/videoplayback?expire=1753861649&ei=sHmJaIG3H9TFkucPjZ3nwAg&ip=160.39.40.250&id=o-AB12Aumbc6sQMFv5Zl_mlmsSKio7iietS_nIwTpEApKj&source=youtube&requiressl=yes&xpc=EgVo2aDSNQ%3D%3D&met=1753840048%2C&mh=Cw&mm=31%2C26&mn=sn-ab5sznzk%2Csn-p5qs7nzy&ms=au%2Conr&mv=m&mvi=3&pl=16&rms=au%2Cau&initcwndbps=3761250&siu=1&spc=l3OVKd2bthLO6eV27mktwxNOUOMOMxvssU0NLjJQ7UCKV3FRxwD15wXbcuMZkSvppA&svpuc=1&ns=mHnJ8mDSeumSom1KySuZ0m8Q&sabr=1&rqh=1&mt=1753839678&fvip=2&keepalive=yes&fexp=51355912&c=WEB&n=dKjfmZ2dltBPcA&sparams=expire%2Cei%2Cip%2Cid%2Csource%2Crequiressl%2Cxpc%2Csiu%2Cspc%2Csvpuc%2Cns%2Csabr%2Crqh&sig=AJfQdSswRAIgK_j2jr8HzLKsEFRt168zkb0SqpseQKpspoMSxmdSprsCICT1tjAhSyG1x8ODKTPIuc7uFMe8ycSSHwahI6ap7kdb&lsparams=met%2Cmh%2Cmm%2Cmn%2Cms%2Cmv%2Cmvi%2Cpl%2Crms%2Cinitcwndbps&lsig=APaTxxMwRQIgU6lMUwd3FZ4Vi-VSOE2lY1bY9gGGP8J0YpCTWAzPh4QCIQDoGCzQNbI6B2eaMRq7qmOc9ukEceqoD6WT12Zxb0BwGQ%3D%3D&cpn=DSExmEv2f6AdoD3Y&cver=2.20250728.08.00&rn=114&alr=yes",
        "city": "New York",
        "region": "New York",
        "country": "United States",
        "org": "Google LLC",
        "timezone": "America/New_York",
        "source": "ip-api.com"
      },
      "geometry": {
        "type": "Point",
        "coordinates": [
          -74.006,
          40.7128
        ]
      }
    },
    {
      "type": "Feature",
      "properties": {
        "ip": "173.194.31.136",
        "url": "https://rr3---sn-ab5sznzk.googlevideo.com/videoplayback?expire=1753861649&ei=sHmJaIG3H9TFkucPjZ3nwAg&ip=160.39.40.250&id=o-AB12Aumbc6sQMFv5Zl_mlmsSKio7iietS_nIwTpEApKj&source=youtube&requiressl=yes&xpc=EgVo2aDSNQ%3D%3D&met=1753840048%2C&mh=Cw&mm=31%2C26&mn=sn-ab5sznzk%2Csn-p5qs7nzy&ms=au%2Conr&mv=m&mvi=3&pl=16&rms=au%2Cau&initcwndbps=3761250&siu=1&spc=l3OVKd2bthLO6eV27mktwxNOUOMOMxvssU0NLjJQ7UCKV3FRxwD15wXbcuMZkSvppA&svpuc=1&ns=mHnJ8mDSeumSom1KySuZ0m8Q&sabr=1&rqh=1&mt=1753839678&fvip=2&keepalive=yes&fexp=51355912&c=WEB&n=dKjfmZ2dltBPcA&sparams=expire%2Cei%2Cip%2Cid%2Csource%2Crequiressl%2Cxpc%2Csiu%2Cspc%2Csvpuc%2Cns%2Csabr%2Crqh&sig=AJfQdSswRAIgK_j2jr8HzLKsEFRt168zkb0SqpseQKpspoMSxmdSprsCICT1tjAhSyG1x8ODKTPIuc7uFMe8ycSSHwahI6ap7kdb&lsparams=met%2Cmh%2Cmm%2Cmn%2Cms%2Cmv%2Cmvi%2Cpl%2Crms%2Cinitcwndbps&lsig=APaTxxMwRQIgU6lMUwd3FZ4Vi-VSOE2lY1bY9gGGP8J0YpCTWAzPh4QCIQDoGCzQNbI6B2eaMRq7qmOc9ukEceqoD6WT12Zxb0BwGQ%3D%3D&cpn=DSExmEv2f6AdoD3Y&cver=2.20250728.08.00&rn=91&alr=yes",
        "city": "New York",
        "region": "New York",
        "country": "United States",
        "org": "Google LLC",
        "timezone": "America/New_York",
        "source": "ip-api.com"
      },
      "geometry": {
        "type": "Point",
        "coordinates": [
          -74.006,
          40.7128
        ]
      }
    },
    {
      "type": "Feature",
      "properties": {
        "ip": "173.194.31.136",
        "url": "https://rr3---sn-ab5sznzk.googlevideo.com/videoplayback?expire=1753861620&ei=lHmJaNjOMeC1kucP2ufnqQg&ip=160.39.40.250&id=o-AAa1OFp15m24nzXrTyuysIcQbMXmIqxld4hI7Atk6AJJ&source=youtube&requiressl=yes&xpc=EgVo2aDSNQ%3D%3D&met=1753840020%2C&mh=wE&mm=31%2C29&mn=sn-ab5sznzk%2Csn-ab5l6ndr&ms=au%2Crdu&mv=m&mvi=3&pl=16&rms=au%2Cau&ctier=SH&initcwndbps=5153750&siu=1&spc=l3OVKRoH-UoNqTS5GHbZHKU97b9R8T3-iXntQ9eS2hEKnMOvgaHPNDRl-XzM-pYdkA&svpuc=1&ns=FpSIPulpVvHwgTfOpJhHz9oQ&sabr=1&rqh=1&mt=1753839435&fvip=2&keepalive=yes&fexp=51355912&c=WEB&n=yHZv9QNka5NEjQ&sparams=expire%2Cei%2Cip%2Cid%2Csource%2Crequiressl%2Cxpc%2Cctier%2Csiu%2Cspc%2Csvpuc%2Cns%2Csabr%2Crqh&sig=AJfQdSswRQIgLTgTNUfMaSBJwMeRmIiGevERCyeFT8z_MlKX_R4q9gsCIQDOWaAa19W3mYGF-pGDD4uWN0fgJhPD2gsX9LCBZZA8kw%3D%3D&lsparams=met%2Cmh%2Cmm%2Cmn%2Cms%2Cmv%2Cmvi%2Cpl%2Crms%2Cinitcwndbps&lsig=APaTxxMwRQIgGiyOtQ3Ocftrl-tgTyJydxYx9QvibZmp4HTBl4feO0MCIQDG4zO2ofxuZzBtBDm2R2wlyrpWifivtJxZDSitOyPXmg%3D%3D&cpn=XL_rutMTUkEBX_dj&cver=2.20250728.08.00&rn=55&alr=yes",
        "city": "New York",
        "region": "New York",
        "country": "United States",
        "org": "Google LLC",
        "timezone": "America/New_York",
        "source": "ip-api.com"
      },
      "geometry": {
        "type": "Point",
        "coordinates": [
          -74.006,
          40.7128
        ]
      }
    },
    {
      "type": "Feature",
      "properties": {
        "ip": "173.194.31.136",
        "url": "https://rr3---sn-ab5sznzk.googlevideo.com/videoplayback?expire=1753861649&ei=sHmJaIG3H9TFkucPjZ3nwAg&ip=160.39.40.250&id=o-AB12Aumbc6sQMFv5Zl_mlmsSKio7iietS_nIwTpEApKj&source=youtube&requiressl=yes&xpc=EgVo2aDSNQ%3D%3D&met=1753840048%2C&mh=Cw&mm=31%2C26&mn=sn-ab5sznzk%2Csn-p5qs7nzy&ms=au%2Conr&mv=m&mvi=3&pl=16&rms=au%2Cau&initcwndbps=3761250&siu=1&spc=l3OVKd2bthLO6eV27mktwxNOUOMOMxvssU0NLjJQ7UCKV3FRxwD15wXbcuMZkSvppA&svpuc=1&ns=mHnJ8mDSeumSom1KySuZ0m8Q&sabr=1&rqh=1&mt=1753839678&fvip=2&keepalive=yes&fexp=51355912&c=WEB&n=dKjfmZ2dltBPcA&sparams=expire%2Cei%2Cip%2Cid%2Csource%2Crequiressl%2Cxpc%2Csiu%2Cspc%2Csvpuc%2Cns%2Csabr%2Crqh&sig=AJfQdSswRAIgK_j2jr8HzLKsEFRt168zkb0SqpseQKpspoMSxmdSprsCICT1tjAhSyG1x8ODKTPIuc7uFMe8ycSSHwahI6ap7kdb&lsparams=met%2Cmh%2Cmm%2Cmn%2Cms%2Cmv%2Cmvi%2Cpl%2Crms%2Cinitcwndbps&lsig=APaTxxMwRQIgU6lMUwd3FZ4Vi-VSOE2lY1bY9gGGP8J0YpCTWAzPh4QCIQDoGCzQNbI6B2eaMRq7qmOc9ukEceqoD6WT12Zxb0BwGQ%3D%3D&cpn=DSExmEv2f6AdoD3Y&cver=2.20250728.08.00&rn=89&alr=yes",
        "city": "New York",
        "region": "New York",
        "country": "United States",
        "org": "Google LLC",
        "timezone": "America/New_York",
        "source": "ip-api.com"
      },
      "geometry": {
        "type": "Point",
        "coordinates": [
          -74.006,
          40.7128
        ]
      }
    },
    {
      "type": "Feature",
      "properties": {
        "ip": "173.194.31.136",
        "url": "https://rr3---sn-ab5sznzk.googlevideo.com/videoplayback?expire=1753861560&ei=WHmJaPrVKoXQoPMP5PzR2QE&ip=160.39.40.250&id=o-AOYskpPgscenwGGV-oTue16RAO9KXgtyROz2lvdw-V3w&source=youtube&requiressl=yes&xpc=EgVo2aDSNQ%3D%3D&met=1753839960%2C&mh=Cw&mm=31%2C26&mn=sn-ab5sznzk%2Csn-p5qlsndr&ms=au%2Conr&mv=m&mvi=3&pl=16&rms=au%2Cau&initcwndbps=5153750&siu=1&spc=l3OVKXZeBOtjjsyVgLun1Xqj3aMN7XXAtJaNyayW44x6kLLXBeDFap3YbvMCBgFAww&svpuc=1&ns=kcJpfWeNMxR_Mt9xJO0aklIQ&sabr=1&rqh=1&mt=1753839435&fvip=1&keepalive=yes&fexp=51355912&c=WEB&n=h5g9W_f1ZsXoCw&sparams=expire%2Cei%2Cip%2Cid%2Csource%2Crequiressl%2Cxpc%2Csiu%2Cspc%2Csvpuc%2Cns%2Csabr%2Crqh&sig=AJfQdSswRgIhAJHGGVUU4plghGfw6iwPLGB23LsAF99PuUj60pRpdWnVAiEA9xF6A_UuGbMQyD8QLJv-61g2IkaGxFtvoizgH39iKDU%3D&lsparams=met%2Cmh%2Cmm%2Cmn%2Cms%2Cmv%2Cmvi%2Cpl%2Crms%2Cinitcwndbps&lsig=APaTxxMwRQIgckKpAbJturold7jBIQuqRvYrxAKeFEwzKNSST55S-hACIQCF0FQDZzwLpgjBrzlCgtwuwUfrVZ6n2HgDurnpIU-mGw%3D%3D&cpn=Zb-07ICh_J_R3YqT&cver=2.20250728.08.00&rn=33&alr=yes",
        "city": "New York",
        "region": "New York",
        "country": "United States",
        "org": "Google LLC",
        "timezone": "America/New_York",
        "source": "ip-api.com"
      },
      "geometry": {
        "type": "Point",
        "coordinates": [
          -74.006,
          40.7128
        ]
      }
    },
    {
      "type": "Feature",
      "properties": {
        "ip": "173.194.31.136",
        "url": "https://rr3---sn-ab5sznzk.googlevideo.com/videoplayback?expire=1753861649&ei=sHmJaIG3H9TFkucPjZ3nwAg&ip=160.39.40.250&id=o-AB12Aumbc6sQMFv5Zl_mlmsSKio7iietS_nIwTpEApKj&source=youtube&requiressl=yes&xpc=EgVo2aDSNQ%3D%3D&met=1753840048%2C&mh=Cw&mm=31%2C26&mn=sn-ab5sznzk%2Csn-p5qs7nzy&ms=au%2Conr&mv=m&mvi=3&pl=16&rms=au%2Cau&initcwndbps=3761250&siu=1&spc=l3OVKd2bthLO6eV27mktwxNOUOMOMxvssU0NLjJQ7UCKV3FRxwD15wXbcuMZkSvppA&svpuc=1&ns=mHnJ8mDSeumSom1KySuZ0m8Q&sabr=1&rqh=1&mt=1753839678&fvip=2&keepalive=yes&fexp=51355912&c=WEB&n=dKjfmZ2dltBPcA&sparams=expire%2Cei%2Cip%2Cid%2Csource%2Crequiressl%2Cxpc%2Csiu%2Cspc%2Csvpuc%2Cns%2Csabr%2Crqh&sig=AJfQdSswRAIgK_j2jr8HzLKsEFRt168zkb0SqpseQKpspoMSxmdSprsCICT1tjAhSyG1x8ODKTPIuc7uFMe8ycSSHwahI6ap7kdb&lsparams=met%2Cmh%2Cmm%2Cmn%2Cms%2Cmv%2Cmvi%2Cpl%2Crms%2Cinitcwndbps&lsig=APaTxxMwRQIgU6lMUwd3FZ4Vi-VSOE2lY1bY9gGGP8J0YpCTWAzPh4QCIQDoGCzQNbI6B2eaMRq7qmOc9ukEceqoD6WT12Zxb0BwGQ%3D%3D&cpn=DSExmEv2f6AdoD3Y&cver=2.20250728.08.00&rn=101&alr=yes",
        "city": "New York",
        "region": "New York",
        "country": "United States",
        "org": "Google LLC",
        "timezone": "America/New_York",
        "source": "ip-api.com"
      },
      "geometry": {
        "type": "Point",
        "coordinates": [
          -74.006,
          40.7128
        ]
      }
    },
    {
      "type": "Feature",
      "properties": {
        "ip": "173.194.31.136",
        "url": "https://rr3---sn-ab5sznzk.googlevideo.com/videoplayback?expire=1753861649&ei=sHmJaIG3H9TFkucPjZ3nwAg&ip=160.39.40.250&id=o-AB12Aumbc6sQMFv5Zl_mlmsSKio7iietS_nIwTpEApKj&source=youtube&requiressl=yes&xpc=EgVo2aDSNQ%3D%3D&met=1753840048%2C&mh=Cw&mm=31%2C26&mn=sn-ab5sznzk%2Csn-p5qs7nzy&ms=au%2Conr&mv=m&mvi=3&pl=16&rms=au%2Cau&initcwndbps=3761250&siu=1&spc=l3OVKd2bthLO6eV27mktwxNOUOMOMxvssU0NLjJQ7UCKV3FRxwD15wXbcuMZkSvppA&svpuc=1&ns=mHnJ8mDSeumSom1KySuZ0m8Q&sabr=1&rqh=1&mt=1753839678&fvip=2&keepalive=yes&fexp=51355912&c=WEB&n=dKjfmZ2dltBPcA&sparams=expire%2Cei%2Cip%2Cid%2Csource%2Crequiressl%2Cxpc%2Csiu%2Cspc%2Csvpuc%2Cns%2Csabr%2Crqh&sig=AJfQdSswRAIgK_j2jr8HzLKsEFRt168zkb0SqpseQKpspoMSxmdSprsCICT1tjAhSyG1x8ODKTPIuc7uFMe8ycSSHwahI6ap7kdb&lsparams=met%2Cmh%2Cmm%2Cmn%2Cms%2Cmv%2Cmvi%2Cpl%2Crms%2Cinitcwndbps&lsig=APaTxxMwRQIgU6lMUwd3FZ4Vi-VSOE2lY1bY9gGGP8J0YpCTWAzPh4QCIQDoGCzQNbI6B2eaMRq7qmOc9ukEceqoD6WT12Zxb0BwGQ%3D%3D&cpn=DSExmEv2f6AdoD3Y&cver=2.20250728.08.00&rn=84&alr=yes",
        "city": "New York",
        "region": "New York",
        "country": "United States",
        "org": "Google LLC",
        "timezone": "America/New_York",
        "source": "ip-api.com"
      },
      "geometry": {
        "type": "Point",
        "coordinates": [
          -74.006,
          40.7128
        ]
      }
    },
    {
      "type": "Feature",
      "properties": {
        "ip": "173.194.31.136",
        "url": "https://rr3---sn-ab5sznzk.googlevideo.com/videoplayback?expire=1753861649&ei=sHmJaIG3H9TFkucPjZ3nwAg&ip=160.39.40.250&id=o-AB12Aumbc6sQMFv5Zl_mlmsSKio7iietS_nIwTpEApKj&source=youtube&requiressl=yes&xpc=EgVo2aDSNQ%3D%3D&met=1753840048%2C&mh=Cw&mm=31%2C26&mn=sn-ab5sznzk%2Csn-p5qs7nzy&ms=au%2Conr&mv=m&mvi=3&pl=16&rms=au%2Cau&initcwndbps=3761250&siu=1&spc=l3OVKd2bthLO6eV27mktwxNOUOMOMxvssU0NLjJQ7UCKV3FRxwD15wXbcuMZkSvppA&svpuc=1&ns=mHnJ8mDSeumSom1KySuZ0m8Q&sabr=1&rqh=1&mt=1753839678&fvip=2&keepalive=yes&fexp=51355912&c=WEB&n=dKjfmZ2dltBPcA&sparams=expire%2Cei%2Cip%2Cid%2Csource%2Crequiressl%2Cxpc%2Csiu%2Cspc%2Csvpuc%2Cns%2Csabr%2Crqh&sig=AJfQdSswRAIgK_j2jr8HzLKsEFRt168zkb0SqpseQKpspoMSxmdSprsCICT1tjAhSyG1x8ODKTPIuc7uFMe8ycSSHwahI6ap7kdb&lsparams=met%2Cmh%2Cmm%2Cmn%2Cms%2Cmv%2Cmvi%2Cpl%2Crms%2Cinitcwndbps&lsig=APaTxxMwRQIgU6lMUwd3FZ4Vi-VSOE2lY1bY9gGGP8J0YpCTWAzPh4QCIQDoGCzQNbI6B2eaMRq7qmOc9ukEceqoD6WT12Zxb0BwGQ%3D%3D&cpn=DSExmEv2f6AdoD3Y&cver=2.20250728.08.00&rn=115&alr=yes",
        "city": "New York",
        "region": "New York",
        "country": "United States",
        "org": "Google LLC",
        "timezone": "America/New_York",
        "source": "ip-api.com"
      },
      "geometry": {
        "type": "Point",
        "coordinates": [
          -74.006,
          40.7128
        ]
      }
    },
    {
      "type": "Feature",
      "properties": {
        "ip": "173.194.31.136",
        "url": "https://rr3---sn-ab5sznzk.googlevideo.com/videoplayback?expire=1753861649&ei=sHmJaIG3H9TFkucPjZ3nwAg&ip=160.39.40.250&id=o-AB12Aumbc6sQMFv5Zl_mlmsSKio7iietS_nIwTpEApKj&source=youtube&requiressl=yes&xpc=EgVo2aDSNQ%3D%3D&met=1753840048%2C&mh=Cw&mm=31%2C26&mn=sn-ab5sznzk%2Csn-p5qs7nzy&ms=au%2Conr&mv=m&mvi=3&pl=16&rms=au%2Cau&initcwndbps=3761250&siu=1&spc=l3OVKd2bthLO6eV27mktwxNOUOMOMxvssU0NLjJQ7UCKV3FRxwD15wXbcuMZkSvppA&svpuc=1&ns=mHnJ8mDSeumSom1KySuZ0m8Q&sabr=1&rqh=1&mt=1753839678&fvip=2&keepalive=yes&fexp=51355912&c=WEB&n=dKjfmZ2dltBPcA&sparams=expire%2Cei%2Cip%2Cid%2Csource%2Crequiressl%2Cxpc%2Csiu%2Cspc%2Csvpuc%2Cns%2Csabr%2Crqh&sig=AJfQdSswRAIgK_j2jr8HzLKsEFRt168zkb0SqpseQKpspoMSxmdSprsCICT1tjAhSyG1x8ODKTPIuc7uFMe8ycSSHwahI6ap7kdb&lsparams=met%2Cmh%2Cmm%2Cmn%2Cms%2Cmv%2Cmvi%2Cpl%2Crms%2Cinitcwndbps&lsig=APaTxxMwRQIgU6lMUwd3FZ4Vi-VSOE2lY1bY9gGGP8J0YpCTWAzPh4QCIQDoGCzQNbI6B2eaMRq7qmOc9ukEceqoD6WT12Zxb0BwGQ%3D%3D&cpn=DSExmEv2f6AdoD3Y&cver=2.20250728.08.00&rn=128&alr=yes",
        "city": "New York",
        "region": "New York",
        "country": "United States",
        "org": "Google LLC",
        "timezone": "America/New_York",
        "source": "ip-api.com"
      },
      "geometry": {
        "type": "Point",
        "coordinates": [
          -74.006,
          40.7128
        ]
      }
    },
    {
      "type": "Feature",
      "properties": {
        "ip": "173.194.31.136",
        "url": "https://rr3---sn-ab5sznzk.googlevideo.com/videoplayback?expire=1753861649&ei=sHmJaIG3H9TFkucPjZ3nwAg&ip=160.39.40.250&id=o-AB12Aumbc6sQMFv5Zl_mlmsSKio7iietS_nIwTpEApKj&source=youtube&requiressl=yes&xpc=EgVo2aDSNQ%3D%3D&met=1753840048%2C&mh=Cw&mm=31%2C26&mn=sn-ab5sznzk%2Csn-p5qs7nzy&ms=au%2Conr&mv=m&mvi=3&pl=16&rms=au%2Cau&initcwndbps=3761250&siu=1&spc=l3OVKd2bthLO6eV27mktwxNOUOMOMxvssU0NLjJQ7UCKV3FRxwD15wXbcuMZkSvppA&svpuc=1&ns=mHnJ8mDSeumSom1KySuZ0m8Q&sabr=1&rqh=1&mt=1753839678&fvip=2&keepalive=yes&fexp=51355912&c=WEB&n=dKjfmZ2dltBPcA&sparams=expire%2Cei%2Cip%2Cid%2Csource%2Crequiressl%2Cxpc%2Csiu%2Cspc%2Csvpuc%2Cns%2Csabr%2Crqh&sig=AJfQdSswRAIgK_j2jr8HzLKsEFRt168zkb0SqpseQKpspoMSxmdSprsCICT1tjAhSyG1x8ODKTPIuc7uFMe8ycSSHwahI6ap7kdb&lsparams=met%2Cmh%2Cmm%2Cmn%2Cms%2Cmv%2Cmvi%2Cpl%2Crms%2Cinitcwndbps&lsig=APaTxxMwRQIgU6lMUwd3FZ4Vi-VSOE2lY1bY9gGGP8J0YpCTWAzPh4QCIQDoGCzQNbI6B2eaMRq7qmOc9ukEceqoD6WT12Zxb0BwGQ%3D%3D&cpn=DSExmEv2f6AdoD3Y&cver=2.20250728.08.00&rn=119&alr=yes",
        "city": "New York",
        "region": "New York",
        "country": "United States",
        "org": "Google LLC",
        "timezone": "America/New_York",
        "source": "ip-api.com"
      },
      "geometry": {
        "type": "Point",
        "coordinates": [
          -74.006,
          40.7128
        ]
      }
    },
    {
      "type": "Feature",
      "properties": {
        "ip": "173.194.31.136",
        "url": "https://rr3---sn-ab5sznzk.googlevideo.com/videoplayback?expire=1753861649&ei=sHmJaIG3H9TFkucPjZ3nwAg&ip=160.39.40.250&id=o-AB12Aumbc6sQMFv5Zl_mlmsSKio7iietS_nIwTpEApKj&source=youtube&requiressl=yes&xpc=EgVo2aDSNQ%3D%3D&met=1753840048%2C&mh=Cw&mm=31%2C26&mn=sn-ab5sznzk%2Csn-p5qs7nzy&ms=au%2Conr&mv=m&mvi=3&pl=16&rms=au%2Cau&initcwndbps=3761250&siu=1&spc=l3OVKd2bthLO6eV27mktwxNOUOMOMxvssU0NLjJQ7UCKV3FRxwD15wXbcuMZkSvppA&svpuc=1&ns=mHnJ8mDSeumSom1KySuZ0m8Q&sabr=1&rqh=1&mt=1753839678&fvip=2&keepalive=yes&fexp=51355912&c=WEB&n=dKjfmZ2dltBPcA&sparams=expire%2Cei%2Cip%2Cid%2Csource%2Crequiressl%2Cxpc%2Csiu%2Cspc%2Csvpuc%2Cns%2Csabr%2Crqh&sig=AJfQdSswRAIgK_j2jr8HzLKsEFRt168zkb0SqpseQKpspoMSxmdSprsCICT1tjAhSyG1x8ODKTPIuc7uFMe8ycSSHwahI6ap7kdb&lsparams=met%2Cmh%2Cmm%2Cmn%2Cms%2Cmv%2Cmvi%2Cpl%2Crms%2Cinitcwndbps&lsig=APaTxxMwRQIgU6lMUwd3FZ4Vi-VSOE2lY1bY9gGGP8J0YpCTWAzPh4QCIQDoGCzQNbI6B2eaMRq7qmOc9ukEceqoD6WT12Zxb0BwGQ%3D%3D&cpn=DSExmEv2f6AdoD3Y&cver=2.20250728.08.00&rn=120&alr=yes",
        "city": "New York",
        "region": "New York",
        "country": "United States",
        "org": "Google LLC",
        "timezone": "America/New_York",
        "source": "ip-api.com"
      },
      "geometry": {
        "type": "Point",
        "coordinates": [
          -74.006,
          40.7128
        ]
      }
    },
    {
      "type": "Feature",
      "properties": {
        "ip": "173.194.31.136",
        "url": "https://rr3---sn-ab5sznzk.googlevideo.com/videoplayback?expire=1753861649&ei=sHmJaIG3H9TFkucPjZ3nwAg&ip=160.39.40.250&id=o-AB12Aumbc6sQMFv5Zl_mlmsSKio7iietS_nIwTpEApKj&source=youtube&requiressl=yes&xpc=EgVo2aDSNQ%3D%3D&met=1753840048%2C&mh=Cw&mm=31%2C26&mn=sn-ab5sznzk%2Csn-p5qs7nzy&ms=au%2Conr&mv=m&mvi=3&pl=16&rms=au%2Cau&initcwndbps=3761250&siu=1&spc=l3OVKd2bthLO6eV27mktwxNOUOMOMxvssU0NLjJQ7UCKV3FRxwD15wXbcuMZkSvppA&svpuc=1&ns=mHnJ8mDSeumSom1KySuZ0m8Q&sabr=1&rqh=1&mt=1753839678&fvip=2&keepalive=yes&fexp=51355912&c=WEB&n=dKjfmZ2dltBPcA&sparams=expire%2Cei%2Cip%2Cid%2Csource%2Crequiressl%2Cxpc%2Csiu%2Cspc%2Csvpuc%2Cns%2Csabr%2Crqh&sig=AJfQdSswRAIgK_j2jr8HzLKsEFRt168zkb0SqpseQKpspoMSxmdSprsCICT1tjAhSyG1x8ODKTPIuc7uFMe8ycSSHwahI6ap7kdb&lsparams=met%2Cmh%2Cmm%2Cmn%2Cms%2Cmv%2Cmvi%2Cpl%2Crms%2Cinitcwndbps&lsig=APaTxxMwRQIgU6lMUwd3FZ4Vi-VSOE2lY1bY9gGGP8J0YpCTWAzPh4QCIQDoGCzQNbI6B2eaMRq7qmOc9ukEceqoD6WT12Zxb0BwGQ%3D%3D&cpn=DSExmEv2f6AdoD3Y&cver=2.20250728.08.00&rn=131&alr=yes",
        "city": "New York",
        "region": "New York",
        "country": "United States",
        "org": "Google LLC",
        "timezone": "America/New_York",
        "source": "ip-api.com"
      },
      "geometry": {
        "type": "Point",
        "coordinates": [
          -74.006,
          40.7128
        ]
      }
    },
    {
      "type": "Feature",
      "properties": {
        "ip": "173.194.31.136",
        "url": "https://rr3---sn-ab5sznzk.googlevideo.com/videoplayback?expire=1753861649&ei=sHmJaIG3H9TFkucPjZ3nwAg&ip=160.39.40.250&id=o-AB12Aumbc6sQMFv5Zl_mlmsSKio7iietS_nIwTpEApKj&source=youtube&requiressl=yes&xpc=EgVo2aDSNQ%3D%3D&met=1753840048%2C&mh=Cw&mm=31%2C26&mn=sn-ab5sznzk%2Csn-p5qs7nzy&ms=au%2Conr&mv=m&mvi=3&pl=16&rms=au%2Cau&initcwndbps=3761250&siu=1&spc=l3OVKd2bthLO6eV27mktwxNOUOMOMxvssU0NLjJQ7UCKV3FRxwD15wXbcuMZkSvppA&svpuc=1&ns=mHnJ8mDSeumSom1KySuZ0m8Q&sabr=1&rqh=1&mt=1753839678&fvip=2&keepalive=yes&fexp=51355912&c=WEB&n=dKjfmZ2dltBPcA&sparams=expire%2Cei%2Cip%2Cid%2Csource%2Crequiressl%2Cxpc%2Csiu%2Cspc%2Csvpuc%2Cns%2Csabr%2Crqh&sig=AJfQdSswRAIgK_j2jr8HzLKsEFRt168zkb0SqpseQKpspoMSxmdSprsCICT1tjAhSyG1x8ODKTPIuc7uFMe8ycSSHwahI6ap7kdb&lsparams=met%2Cmh%2Cmm%2Cmn%2Cms%2Cmv%2Cmvi%2Cpl%2Crms%2Cinitcwndbps&lsig=APaTxxMwRQIgU6lMUwd3FZ4Vi-VSOE2lY1bY9gGGP8J0YpCTWAzPh4QCIQDoGCzQNbI6B2eaMRq7qmOc9ukEceqoD6WT12Zxb0BwGQ%3D%3D&cpn=DSExmEv2f6AdoD3Y&cver=2.20250728.08.00&rn=129&alr=yes",
        "city": "New York",
        "region": "New York",
        "country": "United States",
        "org": "Google LLC",
        "timezone": "America/New_York",
        "source": "ip-api.com"
      },
      "geometry": {
        "type": "Point",
        "coordinates": [
          -74.006,
          40.7128
        ]
      }
    },
    {
      "type": "Feature",
      "properties": {
        "ip": "142.251.40.195",
        "url": "https://www.gstatic.com/youtube/img/icons/web/youtube_fill/shorts-pause/v1/24px.svg",
        "city": "New York",
        "region": "New York",
        "country": "United States",
        "org": "Google LLC",
        "timezone": "America/New_York",
        "source": "ip-api.com"
      },
      "geometry": {
        "type": "Point",
        "coordinates": [
          -74.006,
          40.7128
        ]
      }
    },
    {
      "type": "Feature",
      "properties": {
        "ip": "142.251.40.195",
        "url": "https://fonts.gstatic.com/s/i/youtube_fill/youtube_shorts_remix/v2/24px.svg",
        "city": "New York",
        "region": "New York",
        "country": "United States",
        "org": "Google LLC",
        "timezone": "America/New_York",
        "source": "ip-api.com"
      },
      "geometry": {
        "type": "Point",
        "coordinates": [
          -74.006,
          40.7128
        ]
      }
    },
    {
      "type": "Feature",
      "properties": {
        "ip": "142.251.40.195",
        "url": "https://fonts.gstatic.com/s/roboto/v48/KFO7CnqEu92Fr1ME7kSn66aGLdTylUAMa3yUBHMdazQ.woff2",
        "city": "New York",
        "region": "New York",
        "country": "United States",
        "org": "Google LLC",
        "timezone": "America/New_York",
        "source": "ip-api.com"
      },
      "geometry": {
        "type": "Point",
        "coordinates": [
          -74.006,
          40.7128
        ]
      }
    },
    {
      "type": "Feature",
      "properties": {
        "ip": "142.251.40.195",
        "url": "https://fonts.gstatic.com/s/i/youtube_outline/slash_circle_left/v7/24px.svg",
        "city": "New York",
        "region": "New York",
        "country": "United States",
        "org": "Google LLC",
        "timezone": "America/New_York",
        "source": "ip-api.com"
      },
      "geometry": {
        "type": "Point",
        "coordinates": [
          -74.006,
          40.7128
        ]
      }
    },
    {
      "type": "Feature",
      "properties": {
        "ip": "142.251.40.195",
        "url": "https://fonts.gstatic.com/s/i/youtube_fill/volume_on/v3/24px.svg",
        "city": "New York",
        "region": "New York",
        "country": "United States",
        "org": "Google LLC",
        "timezone": "America/New_York",
        "source": "ip-api.com"
      },
      "geometry": {
        "type": "Point",
        "coordinates": [
          -74.006,
          40.7128
        ]
      }
    },
    {
      "type": "Feature",
      "properties": {
        "ip": "142.251.40.195",
        "url": "https://fonts.gstatic.com/s/i/youtube_outline/screen_full/v7/24px.svg",
        "city": "New York",
        "region": "New York",
        "country": "United States",
        "org": "Google LLC",
        "timezone": "America/New_York",
        "source": "ip-api.com"
      },
      "geometry": {
        "type": "Point",
        "coordinates": [
          -74.006,
          40.7128
        ]
      }
    },
    {
      "type": "Feature",
      "properties": {
        "ip": "142.250.65.246",
        "url": "https://i.ytimg.com/vi/sD0-hqf3ZZk/frame0.jpg",
        "city": "New York",
        "region": "New York",
        "country": "United States",
        "org": "Google LLC",
        "timezone": "America/New_York",
        "source": "ip-api.com"
      },
      "geometry": {
        "type": "Point",
        "coordinates": [
          -74.006,
          40.7128
        ]
      }
    },
    {
      "type": "Feature",
      "properties": {
        "ip": "142.250.65.246",
        "url": "https://i.ytimg.com/vi/TXmAq4GQHiQ/hq720.jpg?sqp=-oaymwEnCNAFEJQDSFryq4qpAxkIARUAAIhCGAHYAQHiAQoIGBACGAY4AUAB&rs=AOn4CLCcbhYiFOv5vkE0_ajtZz3J2XtlZA",
        "city": "New York",
        "region": "New York",
        "country": "United States",
        "org": "Google LLC",
        "timezone": "America/New_York",
        "source": "ip-api.com"
      },
      "geometry": {
        "type": "Point",
        "coordinates": [
          -74.006,
          40.7128
        ]
      }
    },
    {
      "type": "Feature",
      "properties": {
        "ip": "142.250.65.246",
        "url": "https://i.ytimg.com/vi/0wBfICuWl7M/hq2.jpg?sqp=-oaymwFBCNACELwBSFryq4qpAzMIARUAAIhCGADYAQHiAQoIGBACGAY4AUAB8AEB-AG2CIACgA-KAgwIABABGDIgSCh_MA8=&rs=AOn4CLCCNhyTTanckR0eUhnhXDaY6y-9hA",
        "city": "New York",
        "region": "New York",
        "country": "United States",
        "org": "Google LLC",
        "timezone": "America/New_York",
        "source": "ip-api.com"
      },
      "geometry": {
        "type": "Point",
        "coordinates": [
          -74.006,
          40.7128
        ]
      }
    },
    {
      "type": "Feature",
      "properties": {
        "ip": "142.250.65.246",
        "url": "https://i.ytimg.com/vi/CTE9w5RqhiY/frame0.jpg",
        "city": "New York",
        "region": "New York",
        "country": "United States",
        "org": "Google LLC",
        "timezone": "America/New_York",
        "source": "ip-api.com"
      },
      "geometry": {
        "type": "Point",
        "coordinates": [
          -74.006,
          40.7128
        ]
      }
    },
    {
      "type": "Feature",
      "properties": {
        "ip": "142.250.65.246",
        "url": "https://i.ytimg.com/vi/ZIShbTLPYlI/oar2.jpg?sqp=-oaymwEoCJUDENAFSFqQAgHyq4qpAxcIARUAAIhC2AEB4gEKCBgQAhgGOAFAAQ==&rs=AOn4CLAguWst2nfIn4cbs5OwgMdqZPQY6Q",
        "city": "New York",
        "region": "New York",
        "country": "United States",
        "org": "Google LLC",
        "timezone": "America/New_York",
        "source": "ip-api.com"
      },
      "geometry": {
        "type": "Point",
        "coordinates": [
          -74.006,
          40.7128
        ]
      }
    },
    {
      "type": "Feature",
      "properties": {
        "ip": "142.250.65.246",
        "url": "https://i.ytimg.com/vi/WkysaIBxwPc/frame0.jpg",
        "city": "New York",
        "region": "New York",
        "country": "United States",
        "org": "Google LLC",
        "timezone": "America/New_York",
        "source": "ip-api.com"
      },
      "geometry": {
        "type": "Point",
        "coordinates": [
          -74.006,
          40.7128
        ]
      }
    },
    {
      "type": "Feature",
      "properties": {
        "ip": "142.250.65.246",
        "url": "https://i.ytimg.com/sb/eut5Q5lUxic/storyboard3_L2/M3.jpg?sqp=-oaymwENSDfyq4qpAwVwAcABBqLzl_8DBgi14Za6Bg==&sigh=rs%24AOn4CLDodJg4qOlTh8GANXvfiPVJUfREgQ",
        "city": "New York",
        "region": "New York",
        "country": "United States",
        "org": "Google LLC",
        "timezone": "America/New_York",
        "source": "ip-api.com"
      },
      "geometry": {
        "type": "Point",
        "coordinates": [
          -74.006,
          40.7128
        ]
      }
    },
    {
      "type": "Feature",
      "properties": {
        "ip": "142.250.65.246",
        "url": "https://i.ytimg.com/sb/pWRlDIBoQW4/storyboard3_L2/M2.jpg?sqp=-oaymwENSDfyq4qpAwVwAcABBqLzl_8DBgjRsoHCBg==&sigh=rs%24AOn4CLBxaS0JB_qaS0geLJaJJOckkSHyqQ",
        "city": "New York",
        "region": "New York",
        "country": "United States",
        "org": "Google LLC",
        "timezone": "America/New_York",
        "source": "ip-api.com"
      },
      "geometry": {
        "type": "Point",
        "coordinates": [
          -74.006,
          40.7128
        ]
      }
    },
    {
      "type": "Feature",
      "properties": {
        "ip": "142.250.65.246",
        "url": "https://i.ytimg.com/sb/S7dc_DOVwbI/storyboard3_L2/M6.jpg?sqp=-oaymwENSDfyq4qpAwVwAcABBqLzl_8DBgiR3eTDBg==&sigh=rs%24AOn4CLB_M3QD4CdQpUznfGQgA0ycXOWv2A",
        "city": "New York",
        "region": "New York",
        "country": "United States",
        "org": "Google LLC",
        "timezone": "America/New_York",
        "source": "ip-api.com"
      },
      "geometry": {
        "type": "Point",
        "coordinates": [
          -74.006,
          40.7128
        ]
      }
    },
    {
      "type": "Feature",
      "properties": {
        "ip": "142.250.65.246",
        "url": "https://i.ytimg.com/sb/eut5Q5lUxic/storyboard3_L2/M2.jpg?sqp=-oaymwENSDfyq4qpAwVwAcABBqLzl_8DBgi14Za6Bg==&sigh=rs%24AOn4CLDodJg4qOlTh8GANXvfiPVJUfREgQ",
        "city": "New York",
        "region": "New York",
        "country": "United States",
        "org": "Google LLC",
        "timezone": "America/New_York",
        "source": "ip-api.com"
      },
      "geometry": {
        "type": "Point",
        "coordinates": [
          -74.006,
          40.7128
        ]
      }
    },
    {
      "type": "Feature",
      "properties": {
        "ip": "142.250.65.246",
        "url": "https://i.ytimg.com/sb/S7dc_DOVwbI/storyboard3_L2/M5.jpg?sqp=-oaymwENSDfyq4qpAwVwAcABBqLzl_8DBgiR3eTDBg==&sigh=rs%24AOn4CLB_M3QD4CdQpUznfGQgA0ycXOWv2A",
        "city": "New York",
        "region": "New York",
        "country": "United States",
        "org": "Google LLC",
        "timezone": "America/New_York",
        "source": "ip-api.com"
      },
      "geometry": {
        "type": "Point",
        "coordinates": [
          -74.006,
          40.7128
        ]
      }
    },
    {
      "type": "Feature",
      "properties": {
        "ip": "142.250.65.246",
        "url": "https://i.ytimg.com/vi/I8dbaLlzm7A/hq720.jpg?sqp=-oaymwEnCNAFEJQDSFryq4qpAxkIARUAAIhCGAHYAQHiAQoIGBACGAY4AUAB&rs=AOn4CLBVI4n1hqzwEWjh-otCs8DFzjatDA",
        "city": "New York",
        "region": "New York",
        "country": "United States",
        "org": "Google LLC",
        "timezone": "America/New_York",
        "source": "ip-api.com"
      },
      "geometry": {
        "type": "Point",
        "coordinates": [
          -74.006,
          40.7128
        ]
      }
    },
    {
      "type": "Feature",
      "properties": {
        "ip": "142.250.65.246",
        "url": "https://i.ytimg.com/sb/S7dc_DOVwbI/storyboard3_L2/M0.jpg?sqp=-oaymwENSDfyq4qpAwVwAcABBqLzl_8DBgiR3eTDBg==&sigh=rs%24AOn4CLB_M3QD4CdQpUznfGQgA0ycXOWv2A",
        "city": "New York",
        "region": "New York",
        "country": "United States",
        "org": "Google LLC",
        "timezone": "America/New_York",
        "source": "ip-api.com"
      },
      "geometry": {
        "type": "Point",
        "coordinates": [
          -74.006,
          40.7128
        ]
      }
    },
    {
      "type": "Feature",
      "properties": {
        "ip": "142.250.65.246",
        "url": "https://i.ytimg.com/vi/yxIfKLAHEho/frame0.jpg",
        "city": "New York",
        "region": "New York",
        "country": "United States",
        "org": "Google LLC",
        "timezone": "America/New_York",
        "source": "ip-api.com"
      },
      "geometry": {
        "type": "Point",
        "coordinates": [
          -74.006,
          40.7128
        ]
      }
    },
    {
      "type": "Feature",
      "properties": {
        "ip": "142.250.65.246",
        "url": "https://i.ytimg.com/vi/KSkvJS-q3Hc/frame0.jpg",
        "city": "New York",
        "region": "New York",
        "country": "United States",
        "org": "Google LLC",
        "timezone": "America/New_York",
        "source": "ip-api.com"
      },
      "geometry": {
        "type": "Point",
        "coordinates": [
          -74.006,
          40.7128
        ]
      }
    },
    {
      "type": "Feature",
      "properties": {
        "ip": "142.250.65.246",
        "url": "https://i.ytimg.com/vi/pWRlDIBoQW4/hq720.jpg?sqp=-oaymwEnCNAFEJQDSFryq4qpAxkIARUAAIhCGAHYAQHiAQoIGBACGAY4AUAB&rs=AOn4CLDHFCAphYyVY7MolVJaVrrQl7ph7w",
        "city": "New York",
        "region": "New York",
        "country": "United States",
        "org": "Google LLC",
        "timezone": "America/New_York",
        "source": "ip-api.com"
      },
      "geometry": {
        "type": "Point",
        "coordinates": [
          -74.006,
          40.7128
        ]
      }
    },
    {
      "type": "Feature",
      "properties": {
        "ip": "142.250.65.246",
        "url": "https://i.ytimg.com/sb/0wBfICuWl7M/storyboard3_L2/M0.jpg?sqp=-oaymwENSDfyq4qpAwVwAcABBqLzl_8DBgi-y5qlBg==&sigh=rs%24AOn4CLBv_VGecQsY1nR7Q9zvL7yNlXiDZw",
        "city": "New York",
        "region": "New York",
        "country": "United States",
        "org": "Google LLC",
        "timezone": "America/New_York",
        "source": "ip-api.com"
      },
      "geometry": {
        "type": "Point",
        "coordinates": [
          -74.006,
          40.7128
        ]
      }
    },
    {
      "type": "Feature",
      "properties": {
        "ip": "142.250.65.246",
        "url": "https://i.ytimg.com/vi/Lz_1gYYw2j8/frame0.jpg",
        "city": "New York",
        "region": "New York",
        "country": "United States",
        "org": "Google LLC",
        "timezone": "America/New_York",
        "source": "ip-api.com"
      },
      "geometry": {
        "type": "Point",
        "coordinates": [
          -74.006,
          40.7128
        ]
      }
    },
    {
      "type": "Feature",
      "properties": {
        "ip": "142.250.65.246",
        "url": "https://i.ytimg.com/vi/kJ3o1E2WS8E/frame0.jpg",
        "city": "New York",
        "region": "New York",
        "country": "United States",
        "org": "Google LLC",
        "timezone": "America/New_York",
        "source": "ip-api.com"
      },
      "geometry": {
        "type": "Point",
        "coordinates": [
          -74.006,
          40.7128
        ]
      }
    },
    {
      "type": "Feature",
      "properties": {
        "ip": "142.250.65.246",
        "url": "https://i.ytimg.com/vi/lGDhd-DTmrQ/frame0.jpg",
        "city": "New York",
        "region": "New York",
        "country": "United States",
        "org": "Google LLC",
        "timezone": "America/New_York",
        "source": "ip-api.com"
      },
      "geometry": {
        "type": "Point",
        "coordinates": [
          -74.006,
          40.7128
        ]
      }
    },
    {
      "type": "Feature",
      "properties": {
        "ip": "142.250.65.246",
        "url": "https://i.ytimg.com/vi/EwJvFxw8aHs/oardefault.jpg?sqp=-oaymwEoCJUDENAFSFqQAgHyq4qpAxcIARUAAIhC2AEB4gEKCBgQAhgGOAFAAQ==&rs=AOn4CLBfd400q1tFXDDuR75prfS8OFYuIQ",
        "city": "New York",
        "region": "New York",
        "country": "United States",
        "org": "Google LLC",
        "timezone": "America/New_York",
        "source": "ip-api.com"
      },
      "geometry": {
        "type": "Point",
        "coordinates": [
          -74.006,
          40.7128
        ]
      }
    },
    {
      "type": "Feature",
      "properties": {
        "ip": "142.250.65.246",
        "url": "https://i.ytimg.com/vi/Qvh2DovBi64/oar2.jpg?sqp=-oaymwEoCJUDENAFSFqQAgHyq4qpAxcIARUAAIhC2AEB4gEKCBgQAhgGOAFAAQ==&rs=AOn4CLC544Wr925DhjYqpYs8I5nHbtg_cg",
        "city": "New York",
        "region": "New York",
        "country": "United States",
        "org": "Google LLC",
        "timezone": "America/New_York",
        "source": "ip-api.com"
      },
      "geometry": {
        "type": "Point",
        "coordinates": [
          -74.006,
          40.7128
        ]
      }
    },
    {
      "type": "Feature",
      "properties": {
        "ip": "142.250.65.246",
        "url": "https://i.ytimg.com/vi/3F7t2bnGbis/hq720.jpg?sqp=-oaymwEnCNAFEJQDSFryq4qpAxkIARUAAIhCGAHYAQHiAQoIGBACGAY4AUAB&rs=AOn4CLD44ZZHFh9tdGuH18J8yMhmnwHBKw",
        "city": "New York",
        "region": "New York",
        "country": "United States",
        "org": "Google LLC",
        "timezone": "America/New_York",
        "source": "ip-api.com"
      },
      "geometry": {
        "type": "Point",
        "coordinates": [
          -74.006,
          40.7128
        ]
      }
    },
    {
      "type": "Feature",
      "properties": {
        "ip": "142.250.65.246",
        "url": "https://i.ytimg.com/vi/hL9j6CEnVnc/oardefault.jpg?sqp=-oaymwEoCJUDENAFSFqQAgHyq4qpAxcIARUAAIhC2AEB4gEKCBgQAhgGOAFAAQ==&rs=AOn4CLDhDBc-rrg7Yl_MLLEvnItuvaqyRA",
        "city": "New York",
        "region": "New York",
        "country": "United States",
        "org": "Google LLC",
        "timezone": "America/New_York",
        "source": "ip-api.com"
      },
      "geometry": {
        "type": "Point",
        "coordinates": [
          -74.006,
          40.7128
        ]
      }
    },
    {
      "type": "Feature",
      "properties": {
        "ip": "142.250.65.246",
        "url": "https://i.ytimg.com/vi/S7dc_DOVwbI/hq720.jpg?sqp=-oaymwEnCNAFEJQDSFryq4qpAxkIARUAAIhCGAHYAQHiAQoIGBACGAY4AUAB&rs=AOn4CLDrZoL0SSHhDBtC-J3_m-BEtJzATA",
        "city": "New York",
        "region": "New York",
        "country": "United States",
        "org": "Google LLC",
        "timezone": "America/New_York",
        "source": "ip-api.com"
      },
      "geometry": {
        "type": "Point",
        "coordinates": [
          -74.006,
          40.7128
        ]
      }
    },
    {
      "type": "Feature",
      "properties": {
        "ip": "142.250.65.246",
        "url": "https://i.ytimg.com/vi/vUSL2Y9Inus/frame0.jpg",
        "city": "New York",
        "region": "New York",
        "country": "United States",
        "org": "Google LLC",
        "timezone": "America/New_York",
        "source": "ip-api.com"
      },
      "geometry": {
        "type": "Point",
        "coordinates": [
          -74.006,
          40.7128
        ]
      }
    },
    {
      "type": "Feature",
      "properties": {
        "ip": "142.250.65.246",
        "url": "https://i.ytimg.com/vi/hrupBaKJ0e8/frame0.jpg",
        "city": "New York",
        "region": "New York",
        "country": "United States",
        "org": "Google LLC",
        "timezone": "America/New_York",
        "source": "ip-api.com"
      },
      "geometry": {
        "type": "Point",
        "coordinates": [
          -74.006,
          40.7128
        ]
      }
    },
    {
      "type": "Feature",
      "properties": {
        "ip": "142.250.65.246",
        "url": "https://i.ytimg.com/vi/K4542wtX8B4/oar2.jpg?sqp=-oaymwEoCJUDENAFSFqQAgHyq4qpAxcIARUAAIhC2AEB4gEKCBgQAhgGOAFAAQ==&rs=AOn4CLDMsQZ-_1BKQVPXd9J4ZpzEg14Fkg",
        "city": "New York",
        "region": "New York",
        "country": "United States",
        "org": "Google LLC",
        "timezone": "America/New_York",
        "source": "ip-api.com"
      },
      "geometry": {
        "type": "Point",
        "coordinates": [
          -74.006,
          40.7128
        ]
      }
    },
    {
      "type": "Feature",
      "properties": {
        "ip": "142.250.65.246",
        "url": "https://i.ytimg.com/vi/A2IAyXc0LuE/hq720.jpg?sqp=-oaymwEnCNAFEJQDSFryq4qpAxkIARUAAIhCGAHYAQHiAQoIGBACGAY4AUAB&rs=AOn4CLAD792Ay9rOk5cfzQDIIfwB-3DM4Q",
        "city": "New York",
        "region": "New York",
        "country": "United States",
        "org": "Google LLC",
        "timezone": "America/New_York",
        "source": "ip-api.com"
      },
      "geometry": {
        "type": "Point",
        "coordinates": [
          -74.006,
          40.7128
        ]
      }
    },
    {
      "type": "Feature",
      "properties": {
        "ip": "142.250.65.246",
        "url": "https://i.ytimg.com/vi/0wBfICuWl7M/frame0.jpg",
        "city": "New York",
        "region": "New York",
        "country": "United States",
        "org": "Google LLC",
        "timezone": "America/New_York",
        "source": "ip-api.com"
      },
      "geometry": {
        "type": "Point",
        "coordinates": [
          -74.006,
          40.7128
        ]
      }
    },
    {
      "type": "Feature",
      "properties": {
        "ip": "142.250.65.246",
        "url": "https://i.ytimg.com/vi/0wBfICuWl7M/oar2.jpg?sqp=-oaymwEoCJUDENAFSFqQAgHyq4qpAxcIARUAAIhC2AEB4gEKCBgQAhgGOAFAAQ==&rs=AOn4CLAary3OvWhidTHi7M4h3Jm6tEf0XQ",
        "city": "New York",
        "region": "New York",
        "country": "United States",
        "org": "Google LLC",
        "timezone": "America/New_York",
        "source": "ip-api.com"
      },
      "geometry": {
        "type": "Point",
        "coordinates": [
          -74.006,
          40.7128
        ]
      }
    },
    {
      "type": "Feature",
      "properties": {
        "ip": "142.250.65.246",
        "url": "https://i.ytimg.com/vi/0XlsFeNWDMg/frame0.jpg",
        "city": "New York",
        "region": "New York",
        "country": "United States",
        "org": "Google LLC",
        "timezone": "America/New_York",
        "source": "ip-api.com"
      },
      "geometry": {
        "type": "Point",
        "coordinates": [
          -74.006,
          40.7128
        ]
      }
    },
    {
      "type": "Feature",
      "properties": {
        "ip": "142.250.65.246",
        "url": "https://i.ytimg.com/vi/gz9BRl7DVSM/hqdefault.jpg?sqp=-oaymwExCOADEI4CSFryq4qpAyMIARUAAIhCGAHwAQH4Af4JgALQBYoCDAgAEAEYciBiKDowDw==&rs=AOn4CLAxlDfAv_pej_iwpBidrqJi3yHYbw",
        "city": "New York",
        "region": "New York",
        "country": "United States",
        "org": "Google LLC",
        "timezone": "America/New_York",
        "source": "ip-api.com"
      },
      "geometry": {
        "type": "Point",
        "coordinates": [
          -74.006,
          40.7128
        ]
      }
    },
    {
      "type": "Feature",
      "properties": {
        "ip": "142.250.65.246",
        "url": "https://i.ytimg.com/vi/6W_s3VPMdNs/oardefault.jpg?sqp=-oaymwEoCJUDENAFSFqQAgHyq4qpAxcIARUAAIhC2AEB4gEKCBgQAhgGOAFAAQ==&rs=AOn4CLCmqhF_hXkTimVxPXujEJbIOuTDrg",
        "city": "New York",
        "region": "New York",
        "country": "United States",
        "org": "Google LLC",
        "timezone": "America/New_York",
        "source": "ip-api.com"
      },
      "geometry": {
        "type": "Point",
        "coordinates": [
          -74.006,
          40.7128
        ]
      }
    },
    {
      "type": "Feature",
      "properties": {
        "ip": "142.250.65.246",
        "url": "https://i.ytimg.com/vi/THY_UFpbZJY/hq720.jpg?sqp=-oaymwEnCNAFEJQDSFryq4qpAxkIARUAAIhCGAHYAQHiAQoIGBACGAY4AUAB&rs=AOn4CLD2nFjS8470rqlEc0s75xC8xW4HqQ",
        "city": "New York",
        "region": "New York",
        "country": "United States",
        "org": "Google LLC",
        "timezone": "America/New_York",
        "source": "ip-api.com"
      },
      "geometry": {
        "type": "Point",
        "coordinates": [
          -74.006,
          40.7128
        ]
      }
    },
    {
      "type": "Feature",
      "properties": {
        "ip": "142.250.65.246",
        "url": "https://i.ytimg.com/generate_204",
        "city": "New York",
        "region": "New York",
        "country": "United States",
        "org": "Google LLC",
        "timezone": "America/New_York",
        "source": "ip-api.com"
      },
      "geometry": {
        "type": "Point",
        "coordinates": [
          -74.006,
          40.7128
        ]
      }
    },
    {
      "type": "Feature",
      "properties": {
        "ip": "142.250.65.246",
        "url": "https://i.ytimg.com/vi/osZ15XJOBdY/hq720.jpg?sqp=-oaymwEnCNAFEJQDSFryq4qpAxkIARUAAIhCGAHYAQHiAQoIGBACGAY4AUAB&rs=AOn4CLADw6jx0MnhcI4SFvXozYX8r7_gIg",
        "city": "New York",
        "region": "New York",
        "country": "United States",
        "org": "Google LLC",
        "timezone": "America/New_York",
        "source": "ip-api.com"
      },
      "geometry": {
        "type": "Point",
        "coordinates": [
          -74.006,
          40.7128
        ]
      }
    },
    {
      "type": "Feature",
      "properties": {
        "ip": "142.250.65.246",
        "url": "https://i.ytimg.com/vi/iCuxBMrc8bE/frame0.jpg",
        "city": "New York",
        "region": "New York",
        "country": "United States",
        "org": "Google LLC",
        "timezone": "America/New_York",
        "source": "ip-api.com"
      },
      "geometry": {
        "type": "Point",
        "coordinates": [
          -74.006,
          40.7128
        ]
      }
    },
    {
      "type": "Feature",
      "properties": {
        "ip": "142.250.65.246",
        "url": "https://i.ytimg.com/vi/eut5Q5lUxic/hq720.jpg?sqp=-oaymwEnCNAFEJQDSFryq4qpAxkIARUAAIhCGAHYAQHiAQoIGBACGAY4AUAB&rs=AOn4CLD_hGWgs6IZkZnkVJpoi7AdKKN0sg",
        "city": "New York",
        "region": "New York",
        "country": "United States",
        "org": "Google LLC",
        "timezone": "America/New_York",
        "source": "ip-api.com"
      },
      "geometry": {
        "type": "Point",
        "coordinates": [
          -74.006,
          40.7128
        ]
      }
    },
    {
      "type": "Feature",
      "properties": {
        "ip": "142.250.65.246",
        "url": "https://i.ytimg.com/vi/otaSWMeT8w8/hq720.jpg?sqp=-oaymwEnCNAFEJQDSFryq4qpAxkIARUAAIhCGAHYAQHiAQoIGBACGAY4AUAB&rs=AOn4CLDntSLo2XMGk72sYGKvxt_kr-rb4w",
        "city": "New York",
        "region": "New York",
        "country": "United States",
        "org": "Google LLC",
        "timezone": "America/New_York",
        "source": "ip-api.com"
      },
      "geometry": {
        "type": "Point",
        "coordinates": [
          -74.006,
          40.7128
        ]
      }
    },
    {
      "type": "Feature",
      "properties": {
        "ip": "142.250.65.246",
        "url": "https://i.ytimg.com/vi/1Q-liPOoJYM/oar2.jpg?sqp=-oaymwEoCJUDENAFSFqQAgHyq4qpAxcIARUAAIhC2AEB4gEKCBgQAhgGOAFAAQ==&rs=AOn4CLANiJgSY3s2sLWRoRsY_dzkIbyvUw",
        "city": "New York",
        "region": "New York",
        "country": "United States",
        "org": "Google LLC",
        "timezone": "America/New_York",
        "source": "ip-api.com"
      },
      "geometry": {
        "type": "Point",
        "coordinates": [
          -74.006,
          40.7128
        ]
      }
    },
    {
      "type": "Feature",
      "properties": {
        "ip": "142.250.65.246",
        "url": "https://i.ytimg.com/vi/9RMilKQNsho/frame0.jpg",
        "city": "New York",
        "region": "New York",
        "country": "United States",
        "org": "Google LLC",
        "timezone": "America/New_York",
        "source": "ip-api.com"
      },
      "geometry": {
        "type": "Point",
        "coordinates": [
          -74.006,
          40.7128
        ]
      }
    },
    {
      "type": "Feature",
      "properties": {
        "ip": "142.250.65.246",
        "url": "https://i.ytimg.com/vi/ntCVNYOjQJ4/frame0.jpg",
        "city": "New York",
        "region": "New York",
        "country": "United States",
        "org": "Google LLC",
        "timezone": "America/New_York",
        "source": "ip-api.com"
      },
      "geometry": {
        "type": "Point",
        "coordinates": [
          -74.006,
          40.7128
        ]
      }
    },
    {
      "type": "Feature",
      "properties": {
        "ip": "142.250.65.246",
        "url": "https://i.ytimg.com/vi/lCsV8l3s5_w/frame0.jpg",
        "city": "New York",
        "region": "New York",
        "country": "United States",
        "org": "Google LLC",
        "timezone": "America/New_York",
        "source": "ip-api.com"
      },
      "geometry": {
        "type": "Point",
        "coordinates": [
          -74.006,
          40.7128
        ]
      }
    },
    {
      "type": "Feature",
      "properties": {
        "ip": "142.250.65.246",
        "url": "https://i.ytimg.com/vi/qxHGvJfqBeo/frame0.jpg",
        "city": "New York",
        "region": "New York",
        "country": "United States",
        "org": "Google LLC",
        "timezone": "America/New_York",
        "source": "ip-api.com"
      },
      "geometry": {
        "type": "Point",
        "coordinates": [
          -74.006,
          40.7128
        ]
      }
    },
    {
      "type": "Feature",
      "properties": {
        "ip": "142.250.65.246",
        "url": "https://i.ytimg.com/vi/4Ds2VCOKMSE/oardefault.jpg?sqp=-oaymwEoCJUDENAFSFqQAgHyq4qpAxcIARUAAIhC2AEB4gEKCBgQAhgGOAFAAQ==&rs=AOn4CLDabFYzijeNAmguQxdlM5kmfhPsag",
        "city": "New York",
        "region": "New York",
        "country": "United States",
        "org": "Google LLC",
        "timezone": "America/New_York",
        "source": "ip-api.com"
      },
      "geometry": {
        "type": "Point",
        "coordinates": [
          -74.006,
          40.7128
        ]
      }
    },
    {
      "type": "Feature",
      "properties": {
        "ip": "142.250.65.246",
        "url": "https://i.ytimg.com/vi/tW-emn1hOHQ/hq720.jpg?sqp=-oaymwEnCNAFEJQDSFryq4qpAxkIARUAAIhCGAHYAQHiAQoIGBACGAY4AUAB&rs=AOn4CLAw7v6EJgEB_u4JOTkXzIuLyiS6fA",
        "city": "New York",
        "region": "New York",
        "country": "United States",
        "org": "Google LLC",
        "timezone": "America/New_York",
        "source": "ip-api.com"
      },
      "geometry": {
        "type": "Point",
        "coordinates": [
          -74.006,
          40.7128
        ]
      }
    },
    {
      "type": "Feature",
      "properties": {
        "ip": "173.194.31.134",
        "url": "https://rr1---sn-ab5sznzk.googlevideo.com/videoplayback?expire=1753861544&ei=SHmJaJWPCZeikucPzMKRwAc&ip=160.39.40.250&id=o-AInNtRrZrbAp1M3Od1ipEzc7q7GXGTLRDpvQNN_TH2q3&source=youtube&requiressl=yes&xpc=EgVo2aDSNQ%3D%3D&met=1753839944%2C&mh=ej&mm=31%2C26&mn=sn-ab5sznzk%2Csn-p5qddn7r&ms=au%2Conr&mv=m&mvi=1&pl=16&rms=au%2Cau&initcwndbps=4310000&siu=1&spc=l3OVKR0QvNsoTueWHIrkwaJeqwp9oMWBEar3pYW2DxOZNYrrS8NextTWlGni8hesrw&svpuc=1&ns=rx-l0svYCWC6DlOtnlZ7NRcQ&sabr=1&rqh=1&mt=1753839678&fvip=3&keepalive=yes&fexp=51355912&c=WEB&n=Kcbis1RjDl62BQ&sparams=expire%2Cei%2Cip%2Cid%2Csource%2Crequiressl%2Cxpc%2Csiu%2Cspc%2Csvpuc%2Cns%2Csabr%2Crqh&sig=AJfQdSswRgIhALoJU7ppKEv-9X_CIgIcX_b1XW1LxHqZk6Af0ROmL8ptAiEA0-xLJZFq_Ssp8NDzNOxrEPNUGGFrIfz94bRatd8Cr84%3D&lsparams=met%2Cmh%2Cmm%2Cmn%2Cms%2Cmv%2Cmvi%2Cpl%2Crms%2Cinitcwndbps&lsig=APaTxxMwRgIhAOlG7XGzatbVgEKKsWOPOjfGmVj9VJQqs-fUQK-F2RjzAiEAtolk21CUaFJu15bygSQmsU1_3M57_5PkI_h0riqFJA0%3D&cpn=fbyitdUMTjwLLY8N&cver=2.20250728.08.00&rn=24&alr=yes",
        "city": "New York",
        "region": "New York",
        "country": "United States",
        "org": "Google LLC",
        "timezone": "America/New_York",
        "source": "ip-api.com"
      },
      "geometry": {
        "type": "Point",
        "coordinates": [
          -74.006,
          40.7128
        ]
      }
    },
    {
      "type": "Feature",
      "properties": {
        "ip": "173.194.31.134",
        "url": "https://rr1---sn-ab5sznzk.googlevideo.com/videoplayback?expire=1753861544&ei=SHmJaJWPCZeikucPzMKRwAc&ip=160.39.40.250&id=o-AInNtRrZrbAp1M3Od1ipEzc7q7GXGTLRDpvQNN_TH2q3&source=youtube&requiressl=yes&xpc=EgVo2aDSNQ%3D%3D&met=1753839944%2C&mh=ej&mm=31%2C26&mn=sn-ab5sznzk%2Csn-p5qddn7r&ms=au%2Conr&mv=m&mvi=1&pl=16&rms=au%2Cau&initcwndbps=4310000&siu=1&spc=l3OVKR0QvNsoTueWHIrkwaJeqwp9oMWBEar3pYW2DxOZNYrrS8NextTWlGni8hesrw&svpuc=1&ns=rx-l0svYCWC6DlOtnlZ7NRcQ&sabr=1&rqh=1&mt=1753839678&fvip=3&keepalive=yes&fexp=51355912&c=WEB&n=Kcbis1RjDl62BQ&sparams=expire%2Cei%2Cip%2Cid%2Csource%2Crequiressl%2Cxpc%2Csiu%2Cspc%2Csvpuc%2Cns%2Csabr%2Crqh&sig=AJfQdSswRgIhALoJU7ppKEv-9X_CIgIcX_b1XW1LxHqZk6Af0ROmL8ptAiEA0-xLJZFq_Ssp8NDzNOxrEPNUGGFrIfz94bRatd8Cr84%3D&lsparams=met%2Cmh%2Cmm%2Cmn%2Cms%2Cmv%2Cmvi%2Cpl%2Crms%2Cinitcwndbps&lsig=APaTxxMwRgIhAOlG7XGzatbVgEKKsWOPOjfGmVj9VJQqs-fUQK-F2RjzAiEAtolk21CUaFJu15bygSQmsU1_3M57_5PkI_h0riqFJA0%3D&cpn=fbyitdUMTjwLLY8N&cver=2.20250728.08.00&rn=25&alr=yes",
        "city": "New York",
        "region": "New York",
        "country": "United States",
        "org": "Google LLC",
        "timezone": "America/New_York",
        "source": "ip-api.com"
      },
      "geometry": {
        "type": "Point",
        "coordinates": [
          -74.006,
          40.7128
        ]
      }
    },
    {
      "type": "Feature",
      "properties": {
        "ip": "173.194.31.134",
        "url": "https://rr1---sn-ab5sznzk.googlevideo.com/videoplayback?expire=1753861544&ei=SHmJaJWPCZeikucPzMKRwAc&ip=160.39.40.250&id=o-AInNtRrZrbAp1M3Od1ipEzc7q7GXGTLRDpvQNN_TH2q3&source=youtube&requiressl=yes&xpc=EgVo2aDSNQ%3D%3D&met=1753839944%2C&mh=ej&mm=31%2C26&mn=sn-ab5sznzk%2Csn-p5qddn7r&ms=au%2Conr&mv=m&mvi=1&pl=16&rms=au%2Cau&initcwndbps=4310000&siu=1&spc=l3OVKR0QvNsoTueWHIrkwaJeqwp9oMWBEar3pYW2DxOZNYrrS8NextTWlGni8hesrw&svpuc=1&ns=rx-l0svYCWC6DlOtnlZ7NRcQ&sabr=1&rqh=1&mt=1753839678&fvip=3&keepalive=yes&fexp=51355912&c=WEB&n=Kcbis1RjDl62BQ&sparams=expire%2Cei%2Cip%2Cid%2Csource%2Crequiressl%2Cxpc%2Csiu%2Cspc%2Csvpuc%2Cns%2Csabr%2Crqh&sig=AJfQdSswRgIhALoJU7ppKEv-9X_CIgIcX_b1XW1LxHqZk6Af0ROmL8ptAiEA0-xLJZFq_Ssp8NDzNOxrEPNUGGFrIfz94bRatd8Cr84%3D&lsparams=met%2Cmh%2Cmm%2Cmn%2Cms%2Cmv%2Cmvi%2Cpl%2Crms%2Cinitcwndbps&lsig=APaTxxMwRgIhAOlG7XGzatbVgEKKsWOPOjfGmVj9VJQqs-fUQK-F2RjzAiEAtolk21CUaFJu15bygSQmsU1_3M57_5PkI_h0riqFJA0%3D&cpn=R8jEZRVKsEZHNv5n&cver=2.20250728.08.00&rn=21&alr=yes",
        "city": "New York",
        "region": "New York",
        "country": "United States",
        "org": "Google LLC",
        "timezone": "America/New_York",
        "source": "ip-api.com"
      },
      "geometry": {
        "type": "Point",
        "coordinates": [
          -74.006,
          40.7128
        ]
      }
    },
    {
      "type": "Feature",
      "properties": {
        "ip": "173.194.31.134",
        "url": "https://rr1---sn-ab5sznzk.googlevideo.com/videoplayback?expire=1753861544&ei=SHmJaJWPCZeikucPzMKRwAc&ip=160.39.40.250&id=o-AInNtRrZrbAp1M3Od1ipEzc7q7GXGTLRDpvQNN_TH2q3&source=youtube&requiressl=yes&xpc=EgVo2aDSNQ%3D%3D&met=1753839944%2C&mh=ej&mm=31%2C26&mn=sn-ab5sznzk%2Csn-p5qddn7r&ms=au%2Conr&mv=m&mvi=1&pl=16&rms=au%2Cau&initcwndbps=4310000&siu=1&spc=l3OVKR0QvNsoTueWHIrkwaJeqwp9oMWBEar3pYW2DxOZNYrrS8NextTWlGni8hesrw&svpuc=1&ns=rx-l0svYCWC6DlOtnlZ7NRcQ&sabr=1&rqh=1&mt=1753839678&fvip=3&keepalive=yes&fexp=51355912&c=WEB&n=Kcbis1RjDl62BQ&sparams=expire%2Cei%2Cip%2Cid%2Csource%2Crequiressl%2Cxpc%2Csiu%2Cspc%2Csvpuc%2Cns%2Csabr%2Crqh&sig=AJfQdSswRgIhALoJU7ppKEv-9X_CIgIcX_b1XW1LxHqZk6Af0ROmL8ptAiEA0-xLJZFq_Ssp8NDzNOxrEPNUGGFrIfz94bRatd8Cr84%3D&lsparams=met%2Cmh%2Cmm%2Cmn%2Cms%2Cmv%2Cmvi%2Cpl%2Crms%2Cinitcwndbps&lsig=APaTxxMwRgIhAOlG7XGzatbVgEKKsWOPOjfGmVj9VJQqs-fUQK-F2RjzAiEAtolk21CUaFJu15bygSQmsU1_3M57_5PkI_h0riqFJA0%3D&cpn=R8jEZRVKsEZHNv5n&cver=2.20250728.08.00&rn=20&alr=yes",
        "city": "New York",
        "region": "New York",
        "country": "United States",
        "org": "Google LLC",
        "timezone": "America/New_York",
        "source": "ip-api.com"
      },
      "geometry": {
        "type": "Point",
        "coordinates": [
          -74.006,
          40.7128
        ]
      }
    },
    {
      "type": "Feature",
      "properties": {
        "ip": "142.251.40.118",
        "url": "https://i.ytimg.com/sb/otaSWMeT8w8/storyboard3_L2/M4.jpg?sqp=-oaymwENSDfyq4qpAwVwAcABBqLzl_8DBgix45G7Bg==&sigh=rs%24AOn4CLDffDDjuMR9Cs2W6z07OvcOETi3FA",
        "city": "New York",
        "region": "New York",
        "country": "United States",
        "org": "Google LLC",
        "timezone": "America/New_York",
        "source": "ip-api.com"
      },
      "geometry": {
        "type": "Point",
        "coordinates": [
          -74.006,
          40.7128
        ]
      }
    },
    {
      "type": "Feature",
      "properties": {
        "ip": "142.251.40.118",
        "url": "https://i.ytimg.com/sb/otaSWMeT8w8/storyboard3_L3/M0.jpg?sqp=-oaymwENSDfyq4qpAwVwAcABBqLzl_8DBgix45G7Bg==&sigh=rs%24AOn4CLAVzLH68S_oVPpP4efN70MI-sZQdQ",
        "city": "New York",
        "region": "New York",
        "country": "United States",
        "org": "Google LLC",
        "timezone": "America/New_York",
        "source": "ip-api.com"
      },
      "geometry": {
        "type": "Point",
        "coordinates": [
          -74.006,
          40.7128
        ]
      }
    },
    {
      "type": "Feature",
      "properties": {
        "ip": "142.251.40.118",
        "url": "https://i.ytimg.com/sb/otaSWMeT8w8/storyboard3_L3/M5.jpg?sqp=-oaymwENSDfyq4qpAwVwAcABBqLzl_8DBgix45G7Bg==&sigh=rs%24AOn4CLAVzLH68S_oVPpP4efN70MI-sZQdQ",
        "city": "New York",
        "region": "New York",
        "country": "United States",
        "org": "Google LLC",
        "timezone": "America/New_York",
        "source": "ip-api.com"
      },
      "geometry": {
        "type": "Point",
        "coordinates": [
          -74.006,
          40.7128
        ]
      }
    },
    {
      "type": "Feature",
      "properties": {
        "ip": "142.251.40.118",
        "url": "https://i.ytimg.com/sb/otaSWMeT8w8/storyboard3_L3/M6.jpg?sqp=-oaymwENSDfyq4qpAwVwAcABBqLzl_8DBgix45G7Bg==&sigh=rs%24AOn4CLAVzLH68S_oVPpP4efN70MI-sZQdQ",
        "city": "New York",
        "region": "New York",
        "country": "United States",
        "org": "Google LLC",
        "timezone": "America/New_York",
        "source": "ip-api.com"
      },
      "geometry": {
        "type": "Point",
        "coordinates": [
          -74.006,
          40.7128
        ]
      }
    },
    {
      "type": "Feature",
      "properties": {
        "ip": "142.251.40.118",
        "url": "https://i.ytimg.com/sb/otaSWMeT8w8/storyboard3_L3/M7.jpg?sqp=-oaymwENSDfyq4qpAwVwAcABBqLzl_8DBgix45G7Bg==&sigh=rs%24AOn4CLAVzLH68S_oVPpP4efN70MI-sZQdQ",
        "city": "New York",
        "region": "New York",
        "country": "United States",
        "org": "Google LLC",
        "timezone": "America/New_York",
        "source": "ip-api.com"
      },
      "geometry": {
        "type": "Point",
        "coordinates": [
          -74.006,
          40.7128
        ]
      }
    },
    {
      "type": "Feature",
      "properties": {
        "ip": "142.251.40.118",
        "url": "https://i.ytimg.com/sb/otaSWMeT8w8/storyboard3_L3/M8.jpg?sqp=-oaymwENSDfyq4qpAwVwAcABBqLzl_8DBgix45G7Bg==&sigh=rs%24AOn4CLAVzLH68S_oVPpP4efN70MI-sZQdQ",
        "city": "New York",
        "region": "New York",
        "country": "United States",
        "org": "Google LLC",
        "timezone": "America/New_York",
        "source": "ip-api.com"
      },
      "geometry": {
        "type": "Point",
        "coordinates": [
          -74.006,
          40.7128
        ]
      }
    },
    {
      "type": "Feature",
      "properties": {
        "ip": "142.251.40.118",
        "url": "https://i.ytimg.com/sb/otaSWMeT8w8/storyboard3_L3/M2.jpg?sqp=-oaymwENSDfyq4qpAwVwAcABBqLzl_8DBgix45G7Bg==&sigh=rs%24AOn4CLAVzLH68S_oVPpP4efN70MI-sZQdQ",
        "city": "New York",
        "region": "New York",
        "country": "United States",
        "org": "Google LLC",
        "timezone": "America/New_York",
        "source": "ip-api.com"
      },
      "geometry": {
        "type": "Point",
        "coordinates": [
          -74.006,
          40.7128
        ]
      }
    },
    {
      "type": "Feature",
      "properties": {
        "ip": "142.251.40.118",
        "url": "https://i.ytimg.com/sb/otaSWMeT8w8/storyboard3_L3/M16.jpg?sqp=-oaymwENSDfyq4qpAwVwAcABBqLzl_8DBgix45G7Bg==&sigh=rs%24AOn4CLAVzLH68S_oVPpP4efN70MI-sZQdQ",
        "city": "New York",
        "region": "New York",
        "country": "United States",
        "org": "Google LLC",
        "timezone": "America/New_York",
        "source": "ip-api.com"
      },
      "geometry": {
        "type": "Point",
        "coordinates": [
          -74.006,
          40.7128
        ]
      }
    },
    {
      "type": "Feature",
      "properties": {
        "ip": "142.251.40.118",
        "url": "https://i.ytimg.com/sb/otaSWMeT8w8/storyboard3_L3/M14.jpg?sqp=-oaymwENSDfyq4qpAwVwAcABBqLzl_8DBgix45G7Bg==&sigh=rs%24AOn4CLAVzLH68S_oVPpP4efN70MI-sZQdQ",
        "city": "New York",
        "region": "New York",
        "country": "United States",
        "org": "Google LLC",
        "timezone": "America/New_York",
        "source": "ip-api.com"
      },
      "geometry": {
        "type": "Point",
        "coordinates": [
          -74.006,
          40.7128
        ]
      }
    },
    {
      "type": "Feature",
      "properties": {
        "ip": "142.251.40.118",
        "url": "https://i.ytimg.com/sb/otaSWMeT8w8/storyboard3_L3/M3.jpg?sqp=-oaymwENSDfyq4qpAwVwAcABBqLzl_8DBgix45G7Bg==&sigh=rs%24AOn4CLAVzLH68S_oVPpP4efN70MI-sZQdQ",
        "city": "New York",
        "region": "New York",
        "country": "United States",
        "org": "Google LLC",
        "timezone": "America/New_York",
        "source": "ip-api.com"
      },
      "geometry": {
        "type": "Point",
        "coordinates": [
          -74.006,
          40.7128
        ]
      }
    },
    {
      "type": "Feature",
      "properties": {
        "ip": "142.251.40.118",
        "url": "https://i.ytimg.com/sb/otaSWMeT8w8/storyboard3_L3/M12.jpg?sqp=-oaymwENSDfyq4qpAwVwAcABBqLzl_8DBgix45G7Bg==&sigh=rs%24AOn4CLAVzLH68S_oVPpP4efN70MI-sZQdQ",
        "city": "New York",
        "region": "New York",
        "country": "United States",
        "org": "Google LLC",
        "timezone": "America/New_York",
        "source": "ip-api.com"
      },
      "geometry": {
        "type": "Point",
        "coordinates": [
          -74.006,
          40.7128
        ]
      }
    },
    {
      "type": "Feature",
      "properties": {
        "ip": "142.251.40.118",
        "url": "https://i.ytimg.com/sb/otaSWMeT8w8/storyboard3_L3/M17.jpg?sqp=-oaymwENSDfyq4qpAwVwAcABBqLzl_8DBgix45G7Bg==&sigh=rs%24AOn4CLAVzLH68S_oVPpP4efN70MI-sZQdQ",
        "city": "New York",
        "region": "New York",
        "country": "United States",
        "org": "Google LLC",
        "timezone": "America/New_York",
        "source": "ip-api.com"
      },
      "geometry": {
        "type": "Point",
        "coordinates": [
          -74.006,
          40.7128
        ]
      }
    },
    {
      "type": "Feature",
      "properties": {
        "ip": "142.251.40.118",
        "url": "https://i.ytimg.com/sb/otaSWMeT8w8/storyboard3_L3/M11.jpg?sqp=-oaymwENSDfyq4qpAwVwAcABBqLzl_8DBgix45G7Bg==&sigh=rs%24AOn4CLAVzLH68S_oVPpP4efN70MI-sZQdQ",
        "city": "New York",
        "region": "New York",
        "country": "United States",
        "org": "Google LLC",
        "timezone": "America/New_York",
        "source": "ip-api.com"
      },
      "geometry": {
        "type": "Point",
        "coordinates": [
          -74.006,
          40.7128
        ]
      }
    },
    {
      "type": "Feature",
      "properties": {
        "ip": "142.251.40.118",
        "url": "https://i.ytimg.com/sb/otaSWMeT8w8/storyboard3_L3/M1.jpg?sqp=-oaymwENSDfyq4qpAwVwAcABBqLzl_8DBgix45G7Bg==&sigh=rs%24AOn4CLAVzLH68S_oVPpP4efN70MI-sZQdQ",
        "city": "New York",
        "region": "New York",
        "country": "United States",
        "org": "Google LLC",
        "timezone": "America/New_York",
        "source": "ip-api.com"
      },
      "geometry": {
        "type": "Point",
        "coordinates": [
          -74.006,
          40.7128
        ]
      }
    },
    {
      "type": "Feature",
      "properties": {
        "ip": "142.251.40.118",
        "url": "https://i.ytimg.com/sb/otaSWMeT8w8/storyboard3_L2/M2.jpg?sqp=-oaymwENSDfyq4qpAwVwAcABBqLzl_8DBgix45G7Bg==&sigh=rs%24AOn4CLDffDDjuMR9Cs2W6z07OvcOETi3FA",
        "city": "New York",
        "region": "New York",
        "country": "United States",
        "org": "Google LLC",
        "timezone": "America/New_York",
        "source": "ip-api.com"
      },
      "geometry": {
        "type": "Point",
        "coordinates": [
          -74.006,
          40.7128
        ]
      }
    },
    {
      "type": "Feature",
      "properties": {
        "ip": "142.251.40.118",
        "url": "https://i.ytimg.com/sb/otaSWMeT8w8/storyboard3_L3/M10.jpg?sqp=-oaymwENSDfyq4qpAwVwAcABBqLzl_8DBgix45G7Bg==&sigh=rs%24AOn4CLAVzLH68S_oVPpP4efN70MI-sZQdQ",
        "city": "New York",
        "region": "New York",
        "country": "United States",
        "org": "Google LLC",
        "timezone": "America/New_York",
        "source": "ip-api.com"
      },
      "geometry": {
        "type": "Point",
        "coordinates": [
          -74.006,
          40.7128
        ]
      }
    },
    {
      "type": "Feature",
      "properties": {
        "ip": "142.251.40.118",
        "url": "https://i.ytimg.com/sb/otaSWMeT8w8/storyboard3_L2/M3.jpg?sqp=-oaymwENSDfyq4qpAwVwAcABBqLzl_8DBgix45G7Bg==&sigh=rs%24AOn4CLDffDDjuMR9Cs2W6z07OvcOETi3FA",
        "city": "New York",
        "region": "New York",
        "country": "United States",
        "org": "Google LLC",
        "timezone": "America/New_York",
        "source": "ip-api.com"
      },
      "geometry": {
        "type": "Point",
        "coordinates": [
          -74.006,
          40.7128
        ]
      }
    },
    {
      "type": "Feature",
      "properties": {
        "ip": "142.251.40.118",
        "url": "https://i.ytimg.com/sb/otaSWMeT8w8/storyboard3_L3/M4.jpg?sqp=-oaymwENSDfyq4qpAwVwAcABBqLzl_8DBgix45G7Bg==&sigh=rs%24AOn4CLAVzLH68S_oVPpP4efN70MI-sZQdQ",
        "city": "New York",
        "region": "New York",
        "country": "United States",
        "org": "Google LLC",
        "timezone": "America/New_York",
        "source": "ip-api.com"
      },
      "geometry": {
        "type": "Point",
        "coordinates": [
          -74.006,
          40.7128
        ]
      }
    },
    {
      "type": "Feature",
      "properties": {
        "ip": "142.251.40.118",
        "url": "https://i.ytimg.com/vi/yg6dmQuA3es/hqdefault.jpg?sqp=-oaymwFBCPYBEIoBSFryq4qpAzMIARUAAIhCGAHYAQHiAQoIGBACGAY4AUAB8AEB-AG2CIACgA-KAgwIABABGH8gPCgTMA8=&rs=AOn4CLB4U_L_lYx0O9CAo45mVUZwFsLYKw",
        "city": "New York",
        "region": "New York",
        "country": "United States",
        "org": "Google LLC",
        "timezone": "America/New_York",
        "source": "ip-api.com"
      },
      "geometry": {
        "type": "Point",
        "coordinates": [
          -74.006,
          40.7128
        ]
      }
    },
    {
      "type": "Feature",
      "properties": {
        "ip": "142.251.40.118",
        "url": "https://i.ytimg.com/sb/otaSWMeT8w8/storyboard3_L3/M13.jpg?sqp=-oaymwENSDfyq4qpAwVwAcABBqLzl_8DBgix45G7Bg==&sigh=rs%24AOn4CLAVzLH68S_oVPpP4efN70MI-sZQdQ",
        "city": "New York",
        "region": "New York",
        "country": "United States",
        "org": "Google LLC",
        "timezone": "America/New_York",
        "source": "ip-api.com"
      },
      "geometry": {
        "type": "Point",
        "coordinates": [
          -74.006,
          40.7128
        ]
      }
    },
    {
      "type": "Feature",
      "properties": {
        "ip": "142.251.40.118",
        "url": "https://i.ytimg.com/sb/otaSWMeT8w8/storyboard3_L3/M9.jpg?sqp=-oaymwENSDfyq4qpAwVwAcABBqLzl_8DBgix45G7Bg==&sigh=rs%24AOn4CLAVzLH68S_oVPpP4efN70MI-sZQdQ",
        "city": "New York",
        "region": "New York",
        "country": "United States",
        "org": "Google LLC",
        "timezone": "America/New_York",
        "source": "ip-api.com"
      },
      "geometry": {
        "type": "Point",
        "coordinates": [
          -74.006,
          40.7128
        ]
      }
    },
    {
      "type": "Feature",
      "properties": {
        "ip": "74.125.172.231",
        "url": "https://rr2---sn-ab5sznzl.googlevideo.com/videoplayback?expire=1753861614&ei=jnmJaOfHEIO4kucPpYXn6Qs&ip=160.39.40.250&id=o-AAbjs_WjJ0ghQmEPLzwIZWXHRlSpaX2o-OEMqXS4s0Lq&source=youtube&requiressl=yes&xpc=EgVo2aDSNQ%3D%3D&met=1753840014%2C&mh=Yd&mm=31%2C26&mn=sn-ab5sznzl%2Csn-p5qlsn7s&ms=au%2Conr&mv=m&mvi=2&pl=16&rms=au%2Cau&ctier=SH&initcwndbps=4555000&siu=1&spc=l3OVKWezd-l92CfnED1eZlyrv4fyKrXSZZFUSVmKhgWWL-Re4_2kVUlsdsujfmyMzg&svpuc=1&ns=5fRj_68YthpDO9ES3Rbu_rkQ&sabr=1&rqh=1&mt=1753839435&fvip=1&keepalive=yes&fexp=51355912&c=WEB&n=va6s3KffijHs2w&sparams=expire%2Cei%2Cip%2Cid%2Csource%2Crequiressl%2Cxpc%2Cctier%2Csiu%2Cspc%2Csvpuc%2Cns%2Csabr%2Crqh&sig=AJfQdSswRgIhAO5GfOgNhbpKDYt1C2hqjs4iwFQUbXBpcJzi7t0PgEXpAiEAs8IEUddGhmkjKV9Us9bwL_MKWWjL1DwmCtpij3mxGSE%3D&lsparams=met%2Cmh%2Cmm%2Cmn%2Cms%2Cmv%2Cmvi%2Cpl%2Crms%2Cinitcwndbps&lsig=APaTxxMwRQIhAKTx97h6L0YEfaiVMnITXCnznYaccaLK7kV29R2zod76AiBj9mZXrLMaruiH6JJGjCOWWczzzmRWvU4DUEiN0um13A%3D%3D&cpn=KHlzL2XVthjSOKmg&cver=2.20250728.08.00&rn=47&alr=yes",
        "city": "New York",
        "region": "New York",
        "country": "United States",
        "org": "Google LLC",
        "timezone": "America/New_York",
        "source": "ip-api.com"
      },
      "geometry": {
        "type": "Point",
        "coordinates": [
          -74.006,
          40.7128
        ]
      }
    },
    {
      "type": "Feature",
      "properties": {
        "ip": "142.251.40.130",
        "url": "https://googleads.g.doubleclick.net/pagead/viewthroughconversion/962985656/?backend=innertube&cname=1&cver=2_20250728&foc_id=QnMw9GGDS3xO6fN5oae-4w&label=followon_view&ptype=no_rmkt&random=66951900&cv_attributed=0",
        "city": "New York",
        "region": "New York",
        "country": "United States",
        "org": "Google LLC",
        "timezone": "America/New_York",
        "source": "ip-api.com"
      },
      "geometry": {
        "type": "Point",
        "coordinates": [
          -74.006,
          40.7128
        ]
      }
    },
    {
      "type": "Feature",
      "properties": {
        "ip": "142.251.40.130",
        "url": "https://googleads.g.doubleclick.net/pagead/id",
        "city": "New York",
        "region": "New York",
        "country": "United States",
        "org": "Google LLC",
        "timezone": "America/New_York",
        "source": "ip-api.com"
      },
      "geometry": {
        "type": "Point",
        "coordinates": [
          -74.006,
          40.7128
        ]
      }
    },
    {
      "type": "Feature",
      "properties": {
        "ip": "142.251.40.238",
        "url": "https://accounts.youtube.com/RotateCookiesPage?origin=https://www.youtube.com&yt_pid=1",
        "city": "New York",
        "region": "New York",
        "country": "United States",
        "org": "Google LLC",
        "timezone": "America/New_York",
        "source": "ip-api.com"
      },
      "geometry": {
        "type": "Point",
        "coordinates": [
          -74.006,
          40.7128
        ]
      }
    },
    {
      "type": "Feature",
      "properties": {
        "ip": "74.125.172.198",
        "url": "https://rr1---sn-ab5sznze.googlevideo.com/videoplayback?expire=1753861555&ei=U3mJaMeNK4-Fy_sPypGguAY&ip=160.39.40.250&id=o-AM2HTN4pPCKvCdImlNIyfvZLzH4IbM1i-HrNFeb0fNLN&source=youtube&requiressl=yes&xpc=EgVo2aDSNQ%3D%3D&met=1753839955%2C&mh=Mf&mm=31%2C26&mn=sn-ab5sznze%2Csn-p5qlsn6l&ms=au%2Conr&mv=m&mvi=1&pl=16&rms=au%2Cau&initcwndbps=5153750&siu=1&spc=l3OVKbux6sRv1g7jOZtJyM8_jRVliX3DZtp1VNNtdcsn9l9YtR_Od3X-13r8khP3xw&svpuc=1&ns=Gdom-Fznvdjxkoeg3Dt7PIsQ&sabr=1&rqh=1&mt=1753839435&fvip=3&keepalive=yes&fexp=51355912&c=WEB&n=GCjG8AL6ccFC1g&sparams=expire%2Cei%2Cip%2Cid%2Csource%2Crequiressl%2Cxpc%2Csiu%2Cspc%2Csvpuc%2Cns%2Csabr%2Crqh&sig=AJfQdSswRgIhAIc-LP_1U98Hwrvj4tDOpISEkAHw4_pe81O1L3GtbxIIAiEAkP5aCbIiAjRtlWy2kqOf22T3raWOniEd4IOBEvP0kl0%3D&lsparams=met%2Cmh%2Cmm%2Cmn%2Cms%2Cmv%2Cmvi%2Cpl%2Crms%2Cinitcwndbps&lsig=APaTxxMwRQIhAO5noqmEb5NKgP5oWtVtHOnK1mWXPYG8lHfeEMYGd939AiBrrEDRLxbRZI-myKYjOGvBfENqlJ6jy64zOTRIGlvMcw%3D%3D&cpn=9b_Fg_iMnfEYBSet&cver=2.20250728.08.00&rn=28&alr=yes",
        "city": "New York",
        "region": "New York",
        "country": "United States",
        "org": "Google LLC",
        "timezone": "America/New_York",
        "source": "ip-api.com"
      },
      "geometry": {
        "type": "Point",
        "coordinates": [
          -74.006,
          40.7128
        ]
      }
    },
    {
      "type": "Feature",
      "properties": {
        "ip": "74.125.172.201",
        "url": "https://rr4---sn-ab5sznze.googlevideo.com/videoplayback?expire=1753861523&ei=M3mJaMenN-XOoPMPwpXJwQs&ip=160.39.40.250&id=o-ABGTIPIBOotOAuUbAqLNRvpUtnfbxnyq9OL8lU0lgYVv&source=youtube&requiressl=yes&xpc=EgVo2aDSNQ%3D%3D&met=1753839923%2C&mh=d4&mm=31%2C26&mn=sn-ab5sznze%2Csn-p5qs7nsk&ms=au%2Conr&mv=m&mvi=4&pl=16&rms=au%2Cau&ctier=SH&initcwndbps=5153750&siu=1&spc=l3OVKVJKH7mSq1m07LN1S_iv1XHDWfrZSdqUv2JsyiyVYRwd1uqk1Ix9Fh9hTH9AbA&svpuc=1&ns=tg8o6_Zi8mGZon9gvK4oDFoQ&sabr=1&rqh=1&mt=1753839435&fvip=5&keepalive=yes&fexp=51355912&c=WEB&n=Im07Nzwff2xNIg&sparams=expire%2Cei%2Cip%2Cid%2Csource%2Crequiressl%2Cxpc%2Cctier%2Csiu%2Cspc%2Csvpuc%2Cns%2Csabr%2Crqh&sig=AJfQdSswRQIgbkQcjJCYzLGk1aAmzfwsY-cjfOTsueUucnVELqCQHpECIQCt7tIyM3KkbNGeWS_BtR7Zdn2p_JfQwUMUpabfueHErw%3D%3D&lsparams=met%2Cmh%2Cmm%2Cmn%2Cms%2Cmv%2Cmvi%2Cpl%2Crms%2Cinitcwndbps&lsig=APaTxxMwRAIgco16MNm-6c05oILtiJM316r0iKnworHw6w7Kqp11gqoCIDVWMXGuYNS9NjdI-CPxzf7PKAZrzh5puHnKCx4qQawq&cpn=t9G2ABkInr7vg1wk&cver=2.20250728.08.00&rn=5&alr=yes",
        "city": "New York",
        "region": "New York",
        "country": "United States",
        "org": "Google LLC",
        "timezone": "America/New_York",
        "source": "ip-api.com"
      },
      "geometry": {
        "type": "Point",
        "coordinates": [
          -74.006,
          40.7128
        ]
      }
    },
    {
      "type": "Feature",
      "properties": {
        "ip": "74.125.172.201",
        "url": "https://rr4---sn-ab5sznze.googlevideo.com/videoplayback?expire=1753861573&ei=ZXmJaJ2DKY-Fy_sPypGguAY&ip=160.39.40.250&id=o-ACOIUFc3q2RZyllYYXlc5h4eydtUu40k-0PZdOmVEeIb&source=youtube&requiressl=yes&xpc=EgVo2aDSNQ%3D%3D&met=1753839973%2C&mh=d4&mm=31%2C29&mn=sn-ab5sznze%2Csn-ab5l6nrl&ms=au%2Crdu&mv=m&mvi=4&pl=16&rms=au%2Cau&ctier=SH&initcwndbps=5153750&siu=1&spc=l3OVKQI8aKRn8YsRwgfGOQ8Z1bHBfAytj2WNDc54ApehqKhKv0IsiQoTT9dKPVd3Xg&svpuc=1&ns=D2fMfmEM-DpBC1zp-OXqNMkQ&sabr=1&rqh=1&mt=1753839435&fvip=3&keepalive=yes&fexp=51355912&c=WEB&n=KAfBItHmdt9PGw&sparams=expire%2Cei%2Cip%2Cid%2Csource%2Crequiressl%2Cxpc%2Cctier%2Csiu%2Cspc%2Csvpuc%2Cns%2Csabr%2Crqh&sig=AJfQdSswRAIgM3D9wx2vYWFoRpOdolgyOT5qWZLHzBTfSmVN5_isuUsCIFiEzUG_dJXuUVWUlMzI-zR6dC1HKM92WHm1zMQCZrwm&lsparams=met%2Cmh%2Cmm%2Cmn%2Cms%2Cmv%2Cmvi%2Cpl%2Crms%2Cinitcwndbps&lsig=APaTxxMwRQIgdWc0rBPVyviRWLWCgX-MWBGalS-qeEARcxn6mw4cqiQCIQC3vSqcB9iy5mQ8AFVdChV72yzTNbRbmQ0_O1nbiYplLA%3D%3D&cpn=AGNOZsC9swm5vJbe&cver=2.20250728.08.00&rn=45&alr=yes",
        "city": "New York",
        "region": "New York",
        "country": "United States",
        "org": "Google LLC",
        "timezone": "America/New_York",
        "source": "ip-api.com"
      },
      "geometry": {
        "type": "Point",
        "coordinates": [
          -74.006,
          40.7128
        ]
      }
    },
    {
      "type": "Feature",
      "properties": {
        "ip": "74.125.172.201",
        "url": "https://rr4---sn-ab5sznze.googlevideo.com/videoplayback?expire=1753861523&ei=M3mJaMenN-XOoPMPwpXJwQs&ip=160.39.40.250&id=o-ABGTIPIBOotOAuUbAqLNRvpUtnfbxnyq9OL8lU0lgYVv&source=youtube&requiressl=yes&xpc=EgVo2aDSNQ%3D%3D&met=1753839923%2C&mh=d4&mm=31%2C26&mn=sn-ab5sznze%2Csn-p5qs7nsk&ms=au%2Conr&mv=m&mvi=4&pl=16&rms=au%2Cau&ctier=SH&initcwndbps=5153750&siu=1&spc=l3OVKVJKH7mSq1m07LN1S_iv1XHDWfrZSdqUv2JsyiyVYRwd1uqk1Ix9Fh9hTH9AbA&svpuc=1&ns=tg8o6_Zi8mGZon9gvK4oDFoQ&sabr=1&rqh=1&mt=1753839435&fvip=5&keepalive=yes&fexp=51355912&c=WEB&n=Im07Nzwff2xNIg&sparams=expire%2Cei%2Cip%2Cid%2Csource%2Crequiressl%2Cxpc%2Cctier%2Csiu%2Cspc%2Csvpuc%2Cns%2Csabr%2Crqh&sig=AJfQdSswRQIgbkQcjJCYzLGk1aAmzfwsY-cjfOTsueUucnVELqCQHpECIQCt7tIyM3KkbNGeWS_BtR7Zdn2p_JfQwUMUpabfueHErw%3D%3D&lsparams=met%2Cmh%2Cmm%2Cmn%2Cms%2Cmv%2Cmvi%2Cpl%2Crms%2Cinitcwndbps&lsig=APaTxxMwRAIgco16MNm-6c05oILtiJM316r0iKnworHw6w7Kqp11gqoCIDVWMXGuYNS9NjdI-CPxzf7PKAZrzh5puHnKCx4qQawq&cpn=qAgIR43Ubc7gaOe3&cver=2.20250728.08.00&rn=43&alr=yes",
        "city": "New York",
        "region": "New York",
        "country": "United States",
        "org": "Google LLC",
        "timezone": "America/New_York",
        "source": "ip-api.com"
      },
      "geometry": {
        "type": "Point",
        "coordinates": [
          -74.006,
          40.7128
        ]
      }
    },
    {
      "type": "Feature",
      "properties": {
        "ip": "74.125.172.201",
        "url": "https://rr4---sn-ab5sznze.googlevideo.com/videoplayback?expire=1753861523&ei=M3mJaMenN-XOoPMPwpXJwQs&ip=160.39.40.250&id=o-ABGTIPIBOotOAuUbAqLNRvpUtnfbxnyq9OL8lU0lgYVv&source=youtube&requiressl=yes&xpc=EgVo2aDSNQ%3D%3D&met=1753839923%2C&mh=d4&mm=31%2C26&mn=sn-ab5sznze%2Csn-p5qs7nsk&ms=au%2Conr&mv=m&mvi=4&pl=16&rms=au%2Cau&ctier=SH&initcwndbps=5153750&siu=1&spc=l3OVKVJKH7mSq1m07LN1S_iv1XHDWfrZSdqUv2JsyiyVYRwd1uqk1Ix9Fh9hTH9AbA&svpuc=1&ns=tg8o6_Zi8mGZon9gvK4oDFoQ&sabr=1&rqh=1&mt=1753839435&fvip=5&keepalive=yes&fexp=51355912&c=WEB&n=Im07Nzwff2xNIg&sparams=expire%2Cei%2Cip%2Cid%2Csource%2Crequiressl%2Cxpc%2Cctier%2Csiu%2Cspc%2Csvpuc%2Cns%2Csabr%2Crqh&sig=AJfQdSswRQIgbkQcjJCYzLGk1aAmzfwsY-cjfOTsueUucnVELqCQHpECIQCt7tIyM3KkbNGeWS_BtR7Zdn2p_JfQwUMUpabfueHErw%3D%3D&lsparams=met%2Cmh%2Cmm%2Cmn%2Cms%2Cmv%2Cmvi%2Cpl%2Crms%2Cinitcwndbps&lsig=APaTxxMwRAIgco16MNm-6c05oILtiJM316r0iKnworHw6w7Kqp11gqoCIDVWMXGuYNS9NjdI-CPxzf7PKAZrzh5puHnKCx4qQawq&cpn=YJKnLoXkh9BSFDc0&cver=2.20250728.08.00&rn=44&alr=yes",
        "city": "New York",
        "region": "New York",
        "country": "United States",
        "org": "Google LLC",
        "timezone": "America/New_York",
        "source": "ip-api.com"
      },
      "geometry": {
        "type": "Point",
        "coordinates": [
          -74.006,
          40.7128
        ]
      }
    },
    {
      "type": "Feature",
      "properties": {
        "ip": "142.250.81.227",
        "url": "https://www.gstatic.com/youtube/img/lottie/subscribe_action/subscribe_action_container_dark_v5.json",
        "city": "New York",
        "region": "New York",
        "country": "United States",
        "org": "Google LLC",
        "timezone": "America/New_York",
        "source": "ip-api.com"
      },
      "geometry": {
        "type": "Point",
        "coordinates": [
          -74.006,
          40.7128
        ]
      }
    },
    {
      "type": "Feature",
      "properties": {
        "ip": "142.250.81.227",
        "url": "https://www.gstatic.com/youtube/img/branding/favicon/favicon_144x144_v2.png",
        "city": "New York",
        "region": "New York",
        "country": "United States",
        "org": "Google LLC",
        "timezone": "America/New_York",
        "source": "ip-api.com"
      },
      "geometry": {
        "type": "Point",
        "coordinates": [
          -74.006,
          40.7128
        ]
      }
    },
    {
      "type": "Feature",
      "properties": {
        "ip": "142.250.81.227",
        "url": "https://www.gstatic.com/youtube/img/lottie/subscribe_action/subscribe_action_sparkles_dark_v4.json",
        "city": "New York",
        "region": "New York",
        "country": "United States",
        "org": "Google LLC",
        "timezone": "America/New_York",
        "source": "ip-api.com"
      },
      "geometry": {
        "type": "Point",
        "coordinates": [
          -74.006,
          40.7128
        ]
      }
    },
    {
      "type": "Feature",
      "properties": {
        "ip": "142.250.81.227",
        "url": "https://www.gstatic.com/cv/js/sender/v1/cast_sender.js",
        "city": "New York",
        "region": "New York",
        "country": "United States",
        "org": "Google LLC",
        "timezone": "America/New_York",
        "source": "ip-api.com"
      },
      "geometry": {
        "type": "Point",
        "coordinates": [
          -74.006,
          40.7128
        ]
      }
    },
    {
      "type": "Feature",
      "properties": {
        "ip": "74.125.0.169",
        "url": "https://rr4---sn-ab5l6nkd.googlevideo.com/videoplayback?expire=1753861527&ei=N3mJaOnGNqi30_wPi-eEmAs&ip=160.39.40.250&id=o-AJRSXHENflyJagmOWULIO-ujELyP7_aSZ2RChMY7RoXo&source=youtube&requiressl=yes&xpc=EgVo2aDSNQ%3D%3D&met=1753839927%2C&mh=Pk&mm=31%2C29&mn=sn-ab5l6nkd%2Csn-ab5sznzs&ms=au%2Crdu&mv=m&mvi=4&pl=16&rms=au%2Cau&initcwndbps=4555000&siu=1&spc=l3OVKTXkRTgPA32L9Oc-_ckZ7SBzVW16OfHfp81nNDY_r4PUvddukROOtXPiW2FJNg&svpuc=1&ns=s-gnKBvHDTuJkRgvDX0byMAQ&sabr=1&rqh=1&mt=1753839435&fvip=2&keepalive=yes&fexp=51355912&c=WEB&n=tLcEAfAuYIbh5g&sparams=expire%2Cei%2Cip%2Cid%2Csource%2Crequiressl%2Cxpc%2Csiu%2Cspc%2Csvpuc%2Cns%2Csabr%2Crqh&sig=AJfQdSswRgIhALQZhiqGlMB8UMkfsxRL47i0BWCvd8dlHUvqA-P46XIOAiEAotd48dg5uRVwtNzZvOZ0UvCxMj4IdjS4tE2JShrWAP8%3D&lsparams=met%2Cmh%2Cmm%2Cmn%2Cms%2Cmv%2Cmvi%2Cpl%2Crms%2Cinitcwndbps&lsig=APaTxxMwRgIhAL-C-Cgj7jSUeN6OITZNVTvYVowiI5dk7-gpOTVMeRkiAiEA1m0uqFLNSEsDEFevKvD8ARtsaAepHlHEU5vBPXhHSBE%3D&cpn=l9hjxExjwqnoHJA4&cver=2.20250728.08.00&rn=8&alr=yes",
        "city": "New York",
        "region": "New York",
        "country": "United States",
        "org": "Google LLC",
        "timezone": "America/New_York",
        "source": "ip-api.com"
      },
      "geometry": {
        "type": "Point",
        "coordinates": [
          -74.006,
          40.7128
        ]
      }
    },
    {
      "type": "Feature",
      "properties": {
        "ip": "74.125.0.169",
        "url": "https://rr4---sn-ab5l6nkd.googlevideo.com/videoplayback?expire=1753861527&ei=N3mJaOnGNqi30_wPi-eEmAs&ip=160.39.40.250&id=o-AJRSXHENflyJagmOWULIO-ujELyP7_aSZ2RChMY7RoXo&source=youtube&requiressl=yes&xpc=EgVo2aDSNQ%3D%3D&met=1753839927%2C&mh=Pk&mm=31%2C29&mn=sn-ab5l6nkd%2Csn-ab5sznzs&ms=au%2Crdu&mv=m&mvi=4&pl=16&rms=au%2Cau&initcwndbps=4555000&siu=1&spc=l3OVKTXkRTgPA32L9Oc-_ckZ7SBzVW16OfHfp81nNDY_r4PUvddukROOtXPiW2FJNg&svpuc=1&ns=s-gnKBvHDTuJkRgvDX0byMAQ&sabr=1&rqh=1&mt=1753839435&fvip=2&keepalive=yes&fexp=51355912&c=WEB&n=tLcEAfAuYIbh5g&sparams=expire%2Cei%2Cip%2Cid%2Csource%2Crequiressl%2Cxpc%2Csiu%2Cspc%2Csvpuc%2Cns%2Csabr%2Crqh&sig=AJfQdSswRgIhALQZhiqGlMB8UMkfsxRL47i0BWCvd8dlHUvqA-P46XIOAiEAotd48dg5uRVwtNzZvOZ0UvCxMj4IdjS4tE2JShrWAP8%3D&lsparams=met%2Cmh%2Cmm%2Cmn%2Cms%2Cmv%2Cmvi%2Cpl%2Crms%2Cinitcwndbps&lsig=APaTxxMwRgIhAL-C-Cgj7jSUeN6OITZNVTvYVowiI5dk7-gpOTVMeRkiAiEA1m0uqFLNSEsDEFevKvD8ARtsaAepHlHEU5vBPXhHSBE%3D&cpn=l9hjxExjwqnoHJA4&cver=2.20250728.08.00&rn=7&alr=yes",
        "city": "New York",
        "region": "New York",
        "country": "United States",
        "org": "Google LLC",
        "timezone": "America/New_York",
        "source": "ip-api.com"
      },
      "geometry": {
        "type": "Point",
        "coordinates": [
          -74.006,
          40.7128
        ]
      }
    },
    {
      "type": "Feature",
      "properties": {
        "ip": "74.125.0.169",
        "url": "https://rr4---sn-ab5l6nkd.googlevideo.com/videoplayback?expire=1753861527&ei=N3mJaOnGNqi30_wPi-eEmAs&ip=160.39.40.250&id=o-AJRSXHENflyJagmOWULIO-ujELyP7_aSZ2RChMY7RoXo&source=youtube&requiressl=yes&xpc=EgVo2aDSNQ%3D%3D&met=1753839927%2C&mh=Pk&mm=31%2C29&mn=sn-ab5l6nkd%2Csn-ab5sznzs&ms=au%2Crdu&mv=m&mvi=4&pl=16&rms=au%2Cau&initcwndbps=4555000&siu=1&spc=l3OVKTXkRTgPA32L9Oc-_ckZ7SBzVW16OfHfp81nNDY_r4PUvddukROOtXPiW2FJNg&svpuc=1&ns=s-gnKBvHDTuJkRgvDX0byMAQ&sabr=1&rqh=1&mt=1753839435&fvip=2&keepalive=yes&fexp=51355912&c=WEB&n=tLcEAfAuYIbh5g&sparams=expire%2Cei%2Cip%2Cid%2Csource%2Crequiressl%2Cxpc%2Csiu%2Cspc%2Csvpuc%2Cns%2Csabr%2Crqh&sig=AJfQdSswRgIhALQZhiqGlMB8UMkfsxRL47i0BWCvd8dlHUvqA-P46XIOAiEAotd48dg5uRVwtNzZvOZ0UvCxMj4IdjS4tE2JShrWAP8%3D&lsparams=met%2Cmh%2Cmm%2Cmn%2Cms%2Cmv%2Cmvi%2Cpl%2Crms%2Cinitcwndbps&lsig=APaTxxMwRgIhAL-C-Cgj7jSUeN6OITZNVTvYVowiI5dk7-gpOTVMeRkiAiEA1m0uqFLNSEsDEFevKvD8ARtsaAepHlHEU5vBPXhHSBE%3D&cpn=lRzPnkhfdIdvD0Ru&cver=2.20250728.08.00&rn=18&alr=yes",
        "city": "New York",
        "region": "New York",
        "country": "United States",
        "org": "Google LLC",
        "timezone": "America/New_York",
        "source": "ip-api.com"
      },
      "geometry": {
        "type": "Point",
        "coordinates": [
          -74.006,
          40.7128
        ]
      }
    },
    {
      "type": "Feature",
      "properties": {
        "ip": "74.125.0.169",
        "url": "https://rr4---sn-ab5l6nkd.googlevideo.com/videoplayback?expire=1753861527&ei=N3mJaOnGNqi30_wPi-eEmAs&ip=160.39.40.250&id=o-AJRSXHENflyJagmOWULIO-ujELyP7_aSZ2RChMY7RoXo&source=youtube&requiressl=yes&xpc=EgVo2aDSNQ%3D%3D&met=1753839927%2C&mh=Pk&mm=31%2C29&mn=sn-ab5l6nkd%2Csn-ab5sznzs&ms=au%2Crdu&mv=m&mvi=4&pl=16&rms=au%2Cau&initcwndbps=4555000&siu=1&spc=l3OVKTXkRTgPA32L9Oc-_ckZ7SBzVW16OfHfp81nNDY_r4PUvddukROOtXPiW2FJNg&svpuc=1&ns=s-gnKBvHDTuJkRgvDX0byMAQ&sabr=1&rqh=1&mt=1753839435&fvip=2&keepalive=yes&fexp=51355912&c=WEB&n=tLcEAfAuYIbh5g&sparams=expire%2Cei%2Cip%2Cid%2Csource%2Crequiressl%2Cxpc%2Csiu%2Cspc%2Csvpuc%2Cns%2Csabr%2Crqh&sig=AJfQdSswRgIhALQZhiqGlMB8UMkfsxRL47i0BWCvd8dlHUvqA-P46XIOAiEAotd48dg5uRVwtNzZvOZ0UvCxMj4IdjS4tE2JShrWAP8%3D&lsparams=met%2Cmh%2Cmm%2Cmn%2Cms%2Cmv%2Cmvi%2Cpl%2Crms%2Cinitcwndbps&lsig=APaTxxMwRgIhAL-C-Cgj7jSUeN6OITZNVTvYVowiI5dk7-gpOTVMeRkiAiEA1m0uqFLNSEsDEFevKvD8ARtsaAepHlHEU5vBPXhHSBE%3D&cpn=lRzPnkhfdIdvD0Ru&cver=2.20250728.08.00&rn=17&alr=yes",
        "city": "New York",
        "region": "New York",
        "country": "United States",
        "org": "Google LLC",
        "timezone": "America/New_York",
        "source": "ip-api.com"
      },
      "geometry": {
        "type": "Point",
        "coordinates": [
          -74.006,
          40.7128
        ]
      }
    },
    {
      "type": "Feature",
      "properties": {
        "ip": "74.125.172.169",
        "url": "https://rr4---sn-ab5l6nr6.googlevideo.com/videoplayback?expire=1753861576&ei=aHmJaID2LuLsy9YPvLrIiQ0&ip=160.39.40.250&id=o-AJsaw8Nyblqe3_VjUE_SZ1LQH4WJ6NP4FAOYFmTwte9z&source=youtube&requiressl=yes&xpc=EgVo2aDSNQ%3D%3D&met=1753839976%2C&mh=rL&mm=31%2C29&mn=sn-ab5l6nr6%2Csn-ab5sznz6&ms=au%2Crdu&mv=m&mvi=4&pl=16&rms=au%2Cau&ctier=SH&initcwndbps=4555000&siu=1&spc=l3OVKYacBQI1vCNzZ78w55As5LzMTtEBgtKlx-vaJDCUdZxuZT-1jk-IHvzDgrmDfA&svpuc=1&ns=WuB8O1RoGRYIus9xwKhfZjUQ&sabr=1&rqh=1&mt=1753839435&fvip=5&keepalive=yes&fexp=51355912&c=WEB&n=sxtUMJ5cBpilKg&sparams=expire%2Cei%2Cip%2Cid%2Csource%2Crequiressl%2Cxpc%2Cctier%2Csiu%2Cspc%2Csvpuc%2Cns%2Csabr%2Crqh&sig=AJfQdSswRQIgSFjSkick5Xh52L59RXhS7PDWstLnHqTuREZ1YE5aR-oCIQDkIZUJhuTDmSuhYhWSPJKvD4l_XwYLUi9pJXKG4-VEXQ%3D%3D&lsparams=met%2Cmh%2Cmm%2Cmn%2Cms%2Cmv%2Cmvi%2Cpl%2Crms%2Cinitcwndbps&lsig=APaTxxMwRgIhAOSbJHu_Q7eFugyhrV5YZQF9FG9abIgogEYYh7e59nvsAiEAtoKzuIZOSaMCljANQMTYy-n8pCe6IyXmSfIkLO97kq4%3D&cpn=yEzFv5n5TCyxr_H7&cver=2.20250728.08.00&rn=46&alr=yes",
        "city": "New York",
        "region": "New York",
        "country": "United States",
        "org": "Google LLC",
        "timezone": "America/New_York",
        "source": "ip-api.com"
      },
      "geometry": {
        "type": "Point",
        "coordinates": [
          -74.006,
          40.7128
        ]
      }
    },
    {
      "type": "Feature",
      "properties": {
        "ip": "74.125.0.137",
        "url": "https://rr4---sn-ab5l6nk6.googlevideo.com/videoplayback?expire=1753861622&ei=lnmJaPn9E9mGkucP5OKl6Qs&ip=160.39.40.250&id=o-AOBfML3vxMMcUdSXMA5YWU-3pteGWSmo0So2vfWXrHWp&source=youtube&requiressl=yes&xpc=EgVo2aDSNQ%3D%3D&met=1753840022%2C&mh=0b&mm=31%2C26&mn=sn-ab5l6nk6%2Csn-p5qlsnrr&ms=au%2Conr&mv=m&mvi=4&pl=16&rms=au%2Cau&ctier=SH&initcwndbps=3761250&siu=1&spc=l3OVKTe7jPJWGIJMkTt7kzOEOEMGkZs7Y_tG2TaTtJz8fgl8guM_w-1uUANwa2IWWA&svpuc=1&ns=zw_7uY9FkNSKPIBCBcabLugQ&sabr=1&rqh=1&mt=1753839678&fvip=2&keepalive=yes&fexp=51355912&c=WEB&n=LW10PAHrZDxIEA&sparams=expire%2Cei%2Cip%2Cid%2Csource%2Crequiressl%2Cxpc%2Cctier%2Csiu%2Cspc%2Csvpuc%2Cns%2Csabr%2Crqh&sig=AJfQdSswRgIhALF1RkKDG_wiE9JznKiTTlif-jMl2aiLkjHfBEEz6cpfAiEAyRVvquawxRN9pkbsrUfQqrQ5J4ZrWhGsCCl4UGS65gI%3D&lsparams=met%2Cmh%2Cmm%2Cmn%2Cms%2Cmv%2Cmvi%2Cpl%2Crms%2Cinitcwndbps&lsig=APaTxxMwRQIgRUWvpZ3BhXvQ-OWoz8I-Pb7aS_dwJ4537XlFdxoo1fMCIQCGOac-ebaIMcr-3yiOQL3xczsxL-gGerZnwcUm-5l7pg%3D%3D&cpn=PGVlNxAQV9Hr93s7&cver=2.20250728.08.00&rn=58&alr=yes",
        "city": "New York",
        "region": "New York",
        "country": "United States",
        "org": "Google LLC",
        "timezone": "America/New_York",
        "source": "ip-api.com"
      },
      "geometry": {
        "type": "Point",
        "coordinates": [
          -74.006,
          40.7128
        ]
      }
    },
    {
      "type": "Feature",
      "properties": {
        "ip": "74.125.172.103",
        "url": "https://rr2---sn-ab5l6nrs.googlevideo.com/videoplayback?expire=1753861518&ei=LnmJaLOwD9KqoPMPjoLXmAg&ip=160.39.40.250&id=o-APw36X1VsFV7iCd2nAg2CdDnu3V9XTCfbU39d-v2_Ur5&source=youtube&requiressl=yes&xpc=EgVo2aDSNQ%3D%3D&met=1753839918%2C&mh=RE&mm=31%2C29&mn=sn-ab5l6nrs%2Csn-ab5sznzy&ms=au%2Crdu&mv=m&mvi=2&pl=16&rms=au%2Cau&initcwndbps=4555000&siu=1&spc=l3OVKfIWhPyFAtOZCpQr63bSrg8Xgm7E_rX79FYxWuEzccnuTjcv0xBsAQt1o-U9Sw&svpuc=1&ns=NBQIYZ5nJu7dgHXu0Lbe8SkQ&sabr=1&rqh=1&mt=1753839435&fvip=2&keepalive=yes&fexp=51355912&c=WEB&n=9bR4EJqKwvB5hQ&sparams=expire%2Cei%2Cip%2Cid%2Csource%2Crequiressl%2Cxpc%2Csiu%2Cspc%2Csvpuc%2Cns%2Csabr%2Crqh&sig=AJfQdSswRQIgAtLNS1-ZtFWI0qXPzHyAARLf5r21wamhq21Fglx3FwECIQCJrNbUlwN09WWpER2tcyfJxgq9-daBU7PRzXRkBhEAwg%3D%3D&lsparams=met%2Cmh%2Cmm%2Cmn%2Cms%2Cmv%2Cmvi%2Cpl%2Crms%2Cinitcwndbps&lsig=APaTxxMwRQIgLErhWHZJhCDM52RjSfNoO1DShDxhvUrCjV8vwuRARSoCIQDgHmC99QAgOXumB_4LB18jEd0pYRzAJZPV93c-ZFPquw%3D%3D&cpn=Eqgf5ggvEQVjBMoI&cver=2.20250728.08.00&rn=2&alr=yes",
        "city": "New York",
        "region": "New York",
        "country": "United States",
        "org": "Google LLC",
        "timezone": "America/New_York",
        "source": "ip-api.com"
      },
      "geometry": {
        "type": "Point",
        "coordinates": [
          -74.006,
          40.7128
        ]
      }
    },
    {
      "type": "Feature",
      "properties": {
        "ip": "74.125.172.103",
        "url": "https://rr2---sn-ab5l6nrs.googlevideo.com/videoplayback?expire=1753861518&ei=LnmJaLOwD9KqoPMPjoLXmAg&ip=160.39.40.250&id=o-APw36X1VsFV7iCd2nAg2CdDnu3V9XTCfbU39d-v2_Ur5&source=youtube&requiressl=yes&xpc=EgVo2aDSNQ%3D%3D&met=1753839918%2C&mh=RE&mm=31%2C29&mn=sn-ab5l6nrs%2Csn-ab5sznzy&ms=au%2Crdu&mv=m&mvi=2&pl=16&rms=au%2Cau&initcwndbps=4555000&siu=1&spc=l3OVKfIWhPyFAtOZCpQr63bSrg8Xgm7E_rX79FYxWuEzccnuTjcv0xBsAQt1o-U9Sw&svpuc=1&ns=NBQIYZ5nJu7dgHXu0Lbe8SkQ&sabr=1&rqh=1&mt=1753839435&fvip=2&keepalive=yes&fexp=51355912&c=WEB&n=9bR4EJqKwvB5hQ&sparams=expire%2Cei%2Cip%2Cid%2Csource%2Crequiressl%2Cxpc%2Csiu%2Cspc%2Csvpuc%2Cns%2Csabr%2Crqh&sig=AJfQdSswRQIgAtLNS1-ZtFWI0qXPzHyAARLf5r21wamhq21Fglx3FwECIQCJrNbUlwN09WWpER2tcyfJxgq9-daBU7PRzXRkBhEAwg%3D%3D&lsparams=met%2Cmh%2Cmm%2Cmn%2Cms%2Cmv%2Cmvi%2Cpl%2Crms%2Cinitcwndbps&lsig=APaTxxMwRQIgLErhWHZJhCDM52RjSfNoO1DShDxhvUrCjV8vwuRARSoCIQDgHmC99QAgOXumB_4LB18jEd0pYRzAJZPV93c-ZFPquw%3D%3D&cpn=Eqgf5ggvEQVjBMoI&cver=2.20250728.08.00&rn=1&alr=yes",
        "city": "New York",
        "region": "New York",
        "country": "United States",
        "org": "Google LLC",
        "timezone": "America/New_York",
        "source": "ip-api.com"
      },
      "geometry": {
        "type": "Point",
        "coordinates": [
          -74.006,
          40.7128
        ]
      }
    },
    {
      "type": "Feature",
      "properties": {
        "ip": "74.125.172.136",
        "url": "https://rr3---sn-ab5l6nrz.googlevideo.com/videoplayback?expire=1753861620&ei=lHmJaKG1A43HkucPr_Hn6AU&ip=160.39.40.250&id=o-AKtTkIkk9loLzAVf07AOmBliwOiybJBOpkdiaXYJ2U--&source=youtube&requiressl=yes&xpc=EgVo2aDSNQ%3D%3D&met=1753840020%2C&mh=MB&mm=31%2C29&mn=sn-ab5l6nrz%2Csn-ab5sznzk&ms=au%2Crdu&mv=m&mvi=3&pl=16&rms=au%2Cau&ctier=SH&initcwndbps=4555000&siu=1&spc=l3OVKZ2mVbUEId8Nmu_KJlegYLL_S55yF765l__uBza8tb3KhdW8Ovy9Q18984HeAw&svpuc=1&ns=NMmt59Qm0HseSb-PUKDgXKgQ&sabr=1&rqh=1&mt=1753839435&fvip=2&keepalive=yes&fexp=51355912&c=WEB&n=FgjaXjQZKsLsfw&sparams=expire%2Cei%2Cip%2Cid%2Csource%2Crequiressl%2Cxpc%2Cctier%2Csiu%2Cspc%2Csvpuc%2Cns%2Csabr%2Crqh&sig=AJfQdSswRQIhAKPfiCfaFyA_x8LrfSQDTrwW5sOKJrPDjIofeGfAF4FxAiBH1nVzaUa6vRE2WaAbtZ7-8bOPqmpcoKL2ZFM1PEOcCA%3D%3D&lsparams=met%2Cmh%2Cmm%2Cmn%2Cms%2Cmv%2Cmvi%2Cpl%2Crms%2Cinitcwndbps&lsig=APaTxxMwRQIgfBE0at3DmbieD8d18U42XEkazQcP7thAFCi70sU64P4CIQDrcSEkXNMfiCIwsxIILSlTslPBCoKEwI5pCImBusEFAw%3D%3D&cpn=H0SwRGHF9KTml3K4&cver=2.20250728.08.00&rn=54&alr=yes",
        "city": "New York",
        "region": "New York",
        "country": "United States",
        "org": "Google LLC",
        "timezone": "America/New_York",
        "source": "ip-api.com"
      },
      "geometry": {
        "type": "Point",
        "coordinates": [
          -74.006,
          40.7128
        ]
      }
    },
    {
      "type": "Feature",
      "properties": {
        "ip": "74.125.172.7",
        "url": "https://rr2---sn-ab5l6nrr.googlevideo.com/videoplayback?expire=1753861564&ei=XHmJaOC_E4aqoPMPtLv9oAE&ip=160.39.40.250&id=o-ACccIpcJawqlTNRK06IETStpFQAclhvPr-rdCNxMij6C&source=youtube&requiressl=yes&xpc=EgVo2aDSNQ%3D%3D&met=1753839964%2C&mh=6S&mm=31%2C26&mn=sn-ab5l6nrr%2Csn-p5qddn7k&ms=au%2Conr&mv=m&mvi=2&pl=16&rms=au%2Cau&initcwndbps=5153750&siu=1&spc=l3OVKTVJiFkA1b-6ps64OqnrMw0Dq7umauHZPofbdHg30aYtTUC1BLFCpZowcRAbqQ&svpuc=1&ns=wg2rnp9ryvUrdQ_DyU0ACpwQ&sabr=1&rqh=1&mt=1753839435&fvip=4&keepalive=yes&fexp=51355912&c=WEB&n=GmbhVwcXKF8bFg&sparams=expire%2Cei%2Cip%2Cid%2Csource%2Crequiressl%2Cxpc%2Csiu%2Cspc%2Csvpuc%2Cns%2Csabr%2Crqh&sig=AJfQdSswRAIgPEfqVToxm_otYK4nAMBnFHG_HDwzt9FcDSx6emTWnnICIFIAXWT9lP-XhHevXv8to1DGdkX3ZbkJhxZGDYUFA3oQ&lsparams=met%2Cmh%2Cmm%2Cmn%2Cms%2Cmv%2Cmvi%2Cpl%2Crms%2Cinitcwndbps&lsig=APaTxxMwRQIgcpEf-EW69UHDK-59T-WeYGcetPzurfO2kdpuDiDXhQcCIQDPZjT1qvLeKWV3FSa3bcEYjJuSZY9dBGL-94o9i8gc0Q%3D%3D&cpn=PyJkOFKHNQ0xMl95&cver=2.20250728.08.00&rn=62&alr=yes",
        "city": "New York",
        "region": "New York",
        "country": "United States",
        "org": "Google LLC",
        "timezone": "America/New_York",
        "source": "ip-api.com"
      },
      "geometry": {
        "type": "Point",
        "coordinates": [
          -74.006,
          40.7128
        ]
      }
    },
    {
      "type": "Feature",
      "properties": {
        "ip": "74.125.172.7",
        "url": "https://rr2---sn-ab5l6nrr.googlevideo.com/videoplayback?expire=1753861564&ei=XHmJaOC_E4aqoPMPtLv9oAE&ip=160.39.40.250&id=o-ACccIpcJawqlTNRK06IETStpFQAclhvPr-rdCNxMij6C&source=youtube&requiressl=yes&xpc=EgVo2aDSNQ%3D%3D&met=1753839964%2C&mh=6S&mm=31%2C26&mn=sn-ab5l6nrr%2Csn-p5qddn7k&ms=au%2Conr&mv=m&mvi=2&pl=16&rms=au%2Cau&initcwndbps=5153750&siu=1&spc=l3OVKTVJiFkA1b-6ps64OqnrMw0Dq7umauHZPofbdHg30aYtTUC1BLFCpZowcRAbqQ&svpuc=1&ns=wg2rnp9ryvUrdQ_DyU0ACpwQ&sabr=1&rqh=1&mt=1753839435&fvip=4&keepalive=yes&fexp=51355912&c=WEB&n=GmbhVwcXKF8bFg&sparams=expire%2Cei%2Cip%2Cid%2Csource%2Crequiressl%2Cxpc%2Csiu%2Cspc%2Csvpuc%2Cns%2Csabr%2Crqh&sig=AJfQdSswRAIgPEfqVToxm_otYK4nAMBnFHG_HDwzt9FcDSx6emTWnnICIFIAXWT9lP-XhHevXv8to1DGdkX3ZbkJhxZGDYUFA3oQ&lsparams=met%2Cmh%2Cmm%2Cmn%2Cms%2Cmv%2Cmvi%2Cpl%2Crms%2Cinitcwndbps&lsig=APaTxxMwRQIgcpEf-EW69UHDK-59T-WeYGcetPzurfO2kdpuDiDXhQcCIQDPZjT1qvLeKWV3FSa3bcEYjJuSZY9dBGL-94o9i8gc0Q%3D%3D&cpn=WKXIDGw7-PaALgiY&cver=2.20250728.08.00&rn=40&alr=yes",
        "city": "New York",
        "region": "New York",
        "country": "United States",
        "org": "Google LLC",
        "timezone": "America/New_York",
        "source": "ip-api.com"
      },
      "geometry": {
        "type": "Point",
        "coordinates": [
          -74.006,
          40.7128
        ]
      }
    },
    {
      "type": "Feature",
      "properties": {
        "ip": "74.125.172.7",
        "url": "https://rr2---sn-ab5l6nrr.googlevideo.com/videoplayback?expire=1753861564&ei=XHmJaOC_E4aqoPMPtLv9oAE&ip=160.39.40.250&id=o-ACccIpcJawqlTNRK06IETStpFQAclhvPr-rdCNxMij6C&source=youtube&requiressl=yes&xpc=EgVo2aDSNQ%3D%3D&met=1753839964%2C&mh=6S&mm=31%2C26&mn=sn-ab5l6nrr%2Csn-p5qddn7k&ms=au%2Conr&mv=m&mvi=2&pl=16&rms=au%2Cau&initcwndbps=5153750&siu=1&spc=l3OVKTVJiFkA1b-6ps64OqnrMw0Dq7umauHZPofbdHg30aYtTUC1BLFCpZowcRAbqQ&svpuc=1&ns=wg2rnp9ryvUrdQ_DyU0ACpwQ&sabr=1&rqh=1&mt=1753839435&fvip=4&keepalive=yes&fexp=51355912&c=WEB&n=GmbhVwcXKF8bFg&sparams=expire%2Cei%2Cip%2Cid%2Csource%2Crequiressl%2Cxpc%2Csiu%2Cspc%2Csvpuc%2Cns%2Csabr%2Crqh&sig=AJfQdSswRAIgPEfqVToxm_otYK4nAMBnFHG_HDwzt9FcDSx6emTWnnICIFIAXWT9lP-XhHevXv8to1DGdkX3ZbkJhxZGDYUFA3oQ&lsparams=met%2Cmh%2Cmm%2Cmn%2Cms%2Cmv%2Cmvi%2Cpl%2Crms%2Cinitcwndbps&lsig=APaTxxMwRQIgcpEf-EW69UHDK-59T-WeYGcetPzurfO2kdpuDiDXhQcCIQDPZjT1qvLeKWV3FSa3bcEYjJuSZY9dBGL-94o9i8gc0Q%3D%3D&cpn=aUHYyMWyQ-evkcR2&cver=2.20250728.08.00&rn=35&alr=yes",
        "city": "New York",
        "region": "New York",
        "country": "United States",
        "org": "Google LLC",
        "timezone": "America/New_York",
        "source": "ip-api.com"
      },
      "geometry": {
        "type": "Point",
        "coordinates": [
          -74.006,
          40.7128
        ]
      }
    },
    {
      "type": "Feature",
      "properties": {
        "ip": "74.125.172.7",
        "url": "https://rr2---sn-ab5l6nrr.googlevideo.com/videoplayback?expire=1753861564&ei=XHmJaOC_E4aqoPMPtLv9oAE&ip=160.39.40.250&id=o-ACccIpcJawqlTNRK06IETStpFQAclhvPr-rdCNxMij6C&source=youtube&requiressl=yes&xpc=EgVo2aDSNQ%3D%3D&met=1753839964%2C&mh=6S&mm=31%2C26&mn=sn-ab5l6nrr%2Csn-p5qddn7k&ms=au%2Conr&mv=m&mvi=2&pl=16&rms=au%2Cau&initcwndbps=5153750&siu=1&spc=l3OVKTVJiFkA1b-6ps64OqnrMw0Dq7umauHZPofbdHg30aYtTUC1BLFCpZowcRAbqQ&svpuc=1&ns=wg2rnp9ryvUrdQ_DyU0ACpwQ&sabr=1&rqh=1&mt=1753839435&fvip=4&keepalive=yes&fexp=51355912&c=WEB&n=GmbhVwcXKF8bFg&sparams=expire%2Cei%2Cip%2Cid%2Csource%2Crequiressl%2Cxpc%2Csiu%2Cspc%2Csvpuc%2Cns%2Csabr%2Crqh&sig=AJfQdSswRAIgPEfqVToxm_otYK4nAMBnFHG_HDwzt9FcDSx6emTWnnICIFIAXWT9lP-XhHevXv8to1DGdkX3ZbkJhxZGDYUFA3oQ&lsparams=met%2Cmh%2Cmm%2Cmn%2Cms%2Cmv%2Cmvi%2Cpl%2Crms%2Cinitcwndbps&lsig=APaTxxMwRQIgcpEf-EW69UHDK-59T-WeYGcetPzurfO2kdpuDiDXhQcCIQDPZjT1qvLeKWV3FSa3bcEYjJuSZY9dBGL-94o9i8gc0Q%3D%3D&cpn=WKXIDGw7-PaALgiY&cver=2.20250728.08.00&rn=41&alr=yes",
        "city": "New York",
        "region": "New York",
        "country": "United States",
        "org": "Google LLC",
        "timezone": "America/New_York",
        "source": "ip-api.com"
      },
      "geometry": {
        "type": "Point",
        "coordinates": [
          -74.006,
          40.7128
        ]
      }
    },
    {
      "type": "Feature",
      "properties": {
        "ip": "74.125.172.7",
        "url": "https://rr2---sn-ab5l6nrr.googlevideo.com/videoplayback?expire=1753861564&ei=XHmJaOC_E4aqoPMPtLv9oAE&ip=160.39.40.250&id=o-ACccIpcJawqlTNRK06IETStpFQAclhvPr-rdCNxMij6C&source=youtube&requiressl=yes&xpc=EgVo2aDSNQ%3D%3D&met=1753839964%2C&mh=6S&mm=31%2C26&mn=sn-ab5l6nrr%2Csn-p5qddn7k&ms=au%2Conr&mv=m&mvi=2&pl=16&rms=au%2Cau&initcwndbps=5153750&siu=1&spc=l3OVKTVJiFkA1b-6ps64OqnrMw0Dq7umauHZPofbdHg30aYtTUC1BLFCpZowcRAbqQ&svpuc=1&ns=wg2rnp9ryvUrdQ_DyU0ACpwQ&sabr=1&rqh=1&mt=1753839435&fvip=4&keepalive=yes&fexp=51355912&c=WEB&n=GmbhVwcXKF8bFg&sparams=expire%2Cei%2Cip%2Cid%2Csource%2Crequiressl%2Cxpc%2Csiu%2Cspc%2Csvpuc%2Cns%2Csabr%2Crqh&sig=AJfQdSswRAIgPEfqVToxm_otYK4nAMBnFHG_HDwzt9FcDSx6emTWnnICIFIAXWT9lP-XhHevXv8to1DGdkX3ZbkJhxZGDYUFA3oQ&lsparams=met%2Cmh%2Cmm%2Cmn%2Cms%2Cmv%2Cmvi%2Cpl%2Crms%2Cinitcwndbps&lsig=APaTxxMwRQIgcpEf-EW69UHDK-59T-WeYGcetPzurfO2kdpuDiDXhQcCIQDPZjT1qvLeKWV3FSa3bcEYjJuSZY9dBGL-94o9i8gc0Q%3D%3D&cpn=aUHYyMWyQ-evkcR2&cver=2.20250728.08.00&rn=36&alr=yes",
        "city": "New York",
        "region": "New York",
        "country": "United States",
        "org": "Google LLC",
        "timezone": "America/New_York",
        "source": "ip-api.com"
      },
      "geometry": {
        "type": "Point",
        "coordinates": [
          -74.006,
          40.7128
        ]
      }
    },
    {
      "type": "Feature",
      "properties": {
        "ip": "172.217.165.130",
        "url": "https://googleads.g.doubleclick.net/pagead/viewthroughconversion/962985656/?backend=innertube&cname=1&cver=2_20250728&foc_id=PWN4x5XTF-bx1B-4DTI4cA&label=followon_view&ptype=no_rmkt&random=1042270795&cv_attributed=0",
        "city": "New York",
        "region": "New York",
        "country": "United States",
        "org": "Google LLC",
        "timezone": "America/New_York",
        "source": "ip-api.com"
      },
      "geometry": {
        "type": "Point",
        "coordinates": [
          -74.006,
          40.7128
        ]
      }
    },
    {
      "type": "Feature",
      "properties": {
        "ip": "172.217.165.130",
        "url": "https://googleads.g.doubleclick.net/pagead/id",
        "city": "New York",
        "region": "New York",
        "country": "United States",
        "org": "Google LLC",
        "timezone": "America/New_York",
        "source": "ip-api.com"
      },
      "geometry": {
        "type": "Point",
        "coordinates": [
          -74.006,
          40.7128
        ]
      }
    },
    {
      "type": "Feature",
      "properties": {
        "ip": "142.250.72.106",
        "url": "https://fonts.googleapis.com/css?family=Roboto:300italic,400italic,500italic,700italic",
        "city": "New York",
        "region": "New York",
        "country": "United States",
        "org": "Google LLC",
        "timezone": "America/New_York",
        "source": "ip-api.com"
      },
      "geometry": {
        "type": "Point",
        "coordinates": [
          -74.006,
          40.7128
        ]
      }
    },
    {
      "type": "Feature",
      "properties": {
        "ip": "142.250.72.106",
        "url": "https://fonts.googleapis.com/css?family=Roboto+Mono:400",
        "city": "New York",
        "region": "New York",
        "country": "United States",
        "org": "Google LLC",
        "timezone": "America/New_York",
        "source": "ip-api.com"
      },
      "geometry": {
        "type": "Point",
        "coordinates": [
          -74.006,
          40.7128
        ]
      }
    },
    {
      "type": "Feature",
      "properties": {
        "ip": "142.250.72.106",
        "url": "https://fonts.googleapis.com/css2?family=Roboto:wght@300;400;500;700&family=YouTube+Sans:wght@300..900&display=swap",
        "city": "New York",
        "region": "New York",
        "country": "United States",
        "org": "Google LLC",
        "timezone": "America/New_York",
        "source": "ip-api.com"
      },
      "geometry": {
        "type": "Point",
        "coordinates": [
          -74.006,
          40.7128
        ]
      }
    },
    {
      "type": "Feature",
      "properties": {
        "ip": "74.125.0.166",
        "url": "https://rr1---sn-ab5l6nkd.googlevideo.com/videoplayback?expire=1753861615&ei=j3mJaJDyI5m-kucPjO68kQg&ip=160.39.40.250&id=o-AHt3mhJh-PMgGG7mIrf5dRkk1LtW0YMd0jJU6D8Vt8Mw&source=youtube&requiressl=yes&xpc=EgVo2aDSNQ%3D%3D&met=1753840015%2C&mh=yi&mm=31%2C29&mn=sn-ab5l6nkd%2Csn-ab5sznzk&ms=au%2Crdu&mv=m&mvi=1&pl=16&rms=au%2Cau&ctier=SH&initcwndbps=4555000&siu=1&spc=l3OVKZ76HQUKExUyrHt4YS2jbMhP9PNTpJqBSZ6L0xy_14k2O5pVmLYTZyAag6ZwDQ&svpuc=1&ns=9bMUW8Pt5Pd1Zn51c6-pYskQ&sabr=1&rqh=1&mt=1753839435&fvip=2&keepalive=yes&fexp=51355912&c=WEB&n=5N6fYaUoaE5_iQ&sparams=expire%2Cei%2Cip%2Cid%2Csource%2Crequiressl%2Cxpc%2Cctier%2Csiu%2Cspc%2Csvpuc%2Cns%2Csabr%2Crqh&sig=AJfQdSswRQIhAJKM6s_2LvZS5mxaVc0xfMgSKl6I8RvOAgxKFJ3ZAK3hAiBirWtprufwG1_i_XbycFvS8M26Z-RxcFFaUjhg1XNhJw%3D%3D&lsparams=met%2Cmh%2Cmm%2Cmn%2Cms%2Cmv%2Cmvi%2Cpl%2Crms%2Cinitcwndbps&lsig=APaTxxMwRAIgRMkZUESPCiNHxCcEdsBABPyQ9wwkktv1hU71JaoSSEACIGGv5vLrHQcrHDHJtk4RkUFRxpuCjqKI_WJGRZIECAr4&cpn=M9UqSPjRiF2gSgNJ&cver=2.20250728.08.00&rn=48&alr=yes",
        "city": "New York",
        "region": "New York",
        "country": "United States",
        "org": "Google LLC",
        "timezone": "America/New_York",
        "source": "ip-api.com"
      },
      "geometry": {
        "type": "Point",
        "coordinates": [
          -74.006,
          40.7128
        ]
      }
    },
    {
      "type": "Feature",
      "properties": {
        "ip": "74.125.0.166",
        "url": "https://rr1---sn-ab5l6nkd.googlevideo.com/videoplayback?expire=1753861615&ei=j3mJaJDyI5m-kucPjO68kQg&ip=160.39.40.250&id=o-AHt3mhJh-PMgGG7mIrf5dRkk1LtW0YMd0jJU6D8Vt8Mw&source=youtube&requiressl=yes&xpc=EgVo2aDSNQ%3D%3D&met=1753840015%2C&mh=yi&mm=31%2C29&mn=sn-ab5l6nkd%2Csn-ab5sznzk&ms=au%2Crdu&mv=m&mvi=1&pl=16&rms=au%2Cau&ctier=SH&initcwndbps=4555000&siu=1&spc=l3OVKZ76HQUKExUyrHt4YS2jbMhP9PNTpJqBSZ6L0xy_14k2O5pVmLYTZyAag6ZwDQ&svpuc=1&ns=9bMUW8Pt5Pd1Zn51c6-pYskQ&sabr=1&rqh=1&mt=1753839435&fvip=2&keepalive=yes&fexp=51355912&c=WEB&n=5N6fYaUoaE5_iQ&sparams=expire%2Cei%2Cip%2Cid%2Csource%2Crequiressl%2Cxpc%2Cctier%2Csiu%2Cspc%2Csvpuc%2Cns%2Csabr%2Crqh&sig=AJfQdSswRQIhAJKM6s_2LvZS5mxaVc0xfMgSKl6I8RvOAgxKFJ3ZAK3hAiBirWtprufwG1_i_XbycFvS8M26Z-RxcFFaUjhg1XNhJw%3D%3D&lsparams=met%2Cmh%2Cmm%2Cmn%2Cms%2Cmv%2Cmvi%2Cpl%2Crms%2Cinitcwndbps&lsig=APaTxxMwRAIgRMkZUESPCiNHxCcEdsBABPyQ9wwkktv1hU71JaoSSEACIGGv5vLrHQcrHDHJtk4RkUFRxpuCjqKI_WJGRZIECAr4&cpn=M9UqSPjRiF2gSgNJ&cver=2.20250728.08.00&rn=49&alr=yes",
        "city": "New York",
        "region": "New York",
        "country": "United States",
        "org": "Google LLC",
        "timezone": "America/New_York",
        "source": "ip-api.com"
      },
      "geometry": {
        "type": "Point",
        "coordinates": [
          -74.006,
          40.7128
        ]
      }
    },
    {
      "type": "Feature",
      "properties": {
        "ip": "74.125.0.199",
        "url": "https://rr2---sn-ab5sznly.googlevideo.com/videoplayback?expire=1753861523&ei=M3mJaNGCCqiGoPMPq9WVyAM&ip=160.39.40.250&id=o-AJmmhawcMVYewHnsiQZ7D6Lb8ip0nsikYShQZy4ffuID&source=youtube&requiressl=yes&xpc=EgVo2aDSNQ%3D%3D&met=1753839923%2C&mh=AE&mm=31%2C26&mn=sn-ab5sznly%2Csn-p5qddn76&ms=au%2Conr&mv=m&mvi=2&pl=16&rms=au%2Cau&ctier=SH&initcwndbps=5153750&siu=1&spc=l3OVKbHn24S-qPE-HzGeEhqAihaddgIccooo9gKFYShYrwgxyZFeIHt8nGV_M4HnNw&svpuc=1&ns=LEU8RzmJv1neCjQubhxniUUQ&sabr=1&rqh=1&mt=1753839435&fvip=3&keepalive=yes&fexp=51355912&c=WEB&n=jD7Dbb9gYDxGBA&sparams=expire%2Cei%2Cip%2Cid%2Csource%2Crequiressl%2Cxpc%2Cctier%2Csiu%2Cspc%2Csvpuc%2Cns%2Csabr%2Crqh&sig=AJfQdSswRQIgNcXVgepU2D_KzsT8VdGM3mz0RMYEF_QPH0LT7gGMEHsCIQDuGDs9-e6Eb4g00CvFE6HJla6htvZoyOy8aE_dvQI-CA%3D%3D&lsparams=met%2Cmh%2Cmm%2Cmn%2Cms%2Cmv%2Cmvi%2Cpl%2Crms%2Cinitcwndbps&lsig=APaTxxMwRQIhAKK5McCf5eTeWO0Ke7BBf_nYdYyDhUxvx89drlE39XZZAiBqoyIVMVrQaOZs8tFXqw_l5vzELmFWDzh80LUzcHm16A%3D%3D&cpn=fMDjmaNK9Zee260q&cver=2.20250728.08.00&rn=3&alr=yes",
        "city": "New York",
        "region": "New York",
        "country": "United States",
        "org": "Google LLC",
        "timezone": "America/New_York",
        "source": "ip-api.com"
      },
      "geometry": {
        "type": "Point",
        "coordinates": [
          -74.006,
          40.7128
        ]
      }
    },
    {
      "type": "Feature",
      "properties": {
        "ip": "74.125.0.199",
        "url": "https://rr2---sn-ab5sznly.googlevideo.com/videoplayback?expire=1753861523&ei=M3mJaNGCCqiGoPMPq9WVyAM&ip=160.39.40.250&id=o-AJmmhawcMVYewHnsiQZ7D6Lb8ip0nsikYShQZy4ffuID&source=youtube&requiressl=yes&xpc=EgVo2aDSNQ%3D%3D&met=1753839923%2C&mh=AE&mm=31%2C26&mn=sn-ab5sznly%2Csn-p5qddn76&ms=au%2Conr&mv=m&mvi=2&pl=16&rms=au%2Cau&ctier=SH&initcwndbps=5153750&siu=1&spc=l3OVKbHn24S-qPE-HzGeEhqAihaddgIccooo9gKFYShYrwgxyZFeIHt8nGV_M4HnNw&svpuc=1&ns=LEU8RzmJv1neCjQubhxniUUQ&sabr=1&rqh=1&mt=1753839435&fvip=3&keepalive=yes&fexp=51355912&c=WEB&n=jD7Dbb9gYDxGBA&sparams=expire%2Cei%2Cip%2Cid%2Csource%2Crequiressl%2Cxpc%2Cctier%2Csiu%2Cspc%2Csvpuc%2Cns%2Csabr%2Crqh&sig=AJfQdSswRQIgNcXVgepU2D_KzsT8VdGM3mz0RMYEF_QPH0LT7gGMEHsCIQDuGDs9-e6Eb4g00CvFE6HJla6htvZoyOy8aE_dvQI-CA%3D%3D&lsparams=met%2Cmh%2Cmm%2Cmn%2Cms%2Cmv%2Cmvi%2Cpl%2Crms%2Cinitcwndbps&lsig=APaTxxMwRQIhAKK5McCf5eTeWO0Ke7BBf_nYdYyDhUxvx89drlE39XZZAiBqoyIVMVrQaOZs8tFXqw_l5vzELmFWDzh80LUzcHm16A%3D%3D&cpn=nvAuY9p_mrkgmGD_&cver=2.20250728.08.00&rn=6&alr=yes",
        "city": "New York",
        "region": "New York",
        "country": "United States",
        "org": "Google LLC",
        "timezone": "America/New_York",
        "source": "ip-api.com"
      },
      "geometry": {
        "type": "Point",
        "coordinates": [
          -74.006,
          40.7128
        ]
      }
    },
    {
      "type": "Feature",
      "properties": {
        "ip": "74.125.0.199",
        "url": "https://rr2---sn-ab5sznly.googlevideo.com/videoplayback?expire=1753861523&ei=M3mJaNGCCqiGoPMPq9WVyAM&ip=160.39.40.250&id=o-AJmmhawcMVYewHnsiQZ7D6Lb8ip0nsikYShQZy4ffuID&source=youtube&requiressl=yes&xpc=EgVo2aDSNQ%3D%3D&met=1753839923%2C&mh=AE&mm=31%2C26&mn=sn-ab5sznly%2Csn-p5qddn76&ms=au%2Conr&mv=m&mvi=2&pl=16&rms=au%2Cau&ctier=SH&initcwndbps=5153750&siu=1&spc=l3OVKbHn24S-qPE-HzGeEhqAihaddgIccooo9gKFYShYrwgxyZFeIHt8nGV_M4HnNw&svpuc=1&ns=LEU8RzmJv1neCjQubhxniUUQ&sabr=1&rqh=1&mt=1753839435&fvip=3&keepalive=yes&fexp=51355912&c=WEB&n=jD7Dbb9gYDxGBA&sparams=expire%2Cei%2Cip%2Cid%2Csource%2Crequiressl%2Cxpc%2Cctier%2Csiu%2Cspc%2Csvpuc%2Cns%2Csabr%2Crqh&sig=AJfQdSswRQIgNcXVgepU2D_KzsT8VdGM3mz0RMYEF_QPH0LT7gGMEHsCIQDuGDs9-e6Eb4g00CvFE6HJla6htvZoyOy8aE_dvQI-CA%3D%3D&lsparams=met%2Cmh%2Cmm%2Cmn%2Cms%2Cmv%2Cmvi%2Cpl%2Crms%2Cinitcwndbps&lsig=APaTxxMwRQIhAKK5McCf5eTeWO0Ke7BBf_nYdYyDhUxvx89drlE39XZZAiBqoyIVMVrQaOZs8tFXqw_l5vzELmFWDzh80LUzcHm16A%3D%3D&cpn=Mb-B6HKdw_6CJYKJ&cver=2.20250728.08.00&rn=39&alr=yes",
        "city": "New York",
        "region": "New York",
        "country": "United States",
        "org": "Google LLC",
        "timezone": "America/New_York",
        "source": "ip-api.com"
      },
      "geometry": {
        "type": "Point",
        "coordinates": [
          -74.006,
          40.7128
        ]
      }
    },
    {
      "type": "Feature",
      "properties": {
        "ip": "74.125.0.199",
        "url": "https://rr2---sn-ab5sznly.googlevideo.com/videoplayback?expire=1753861523&ei=M3mJaNGCCqiGoPMPq9WVyAM&ip=160.39.40.250&id=o-AJmmhawcMVYewHnsiQZ7D6Lb8ip0nsikYShQZy4ffuID&source=youtube&requiressl=yes&xpc=EgVo2aDSNQ%3D%3D&met=1753839923%2C&mh=AE&mm=31%2C26&mn=sn-ab5sznly%2Csn-p5qddn76&ms=au%2Conr&mv=m&mvi=2&pl=16&rms=au%2Cau&ctier=SH&initcwndbps=5153750&siu=1&spc=l3OVKbHn24S-qPE-HzGeEhqAihaddgIccooo9gKFYShYrwgxyZFeIHt8nGV_M4HnNw&svpuc=1&ns=LEU8RzmJv1neCjQubhxniUUQ&sabr=1&rqh=1&mt=1753839435&fvip=3&keepalive=yes&fexp=51355912&c=WEB&n=jD7Dbb9gYDxGBA&sparams=expire%2Cei%2Cip%2Cid%2Csource%2Crequiressl%2Cxpc%2Cctier%2Csiu%2Cspc%2Csvpuc%2Cns%2Csabr%2Crqh&sig=AJfQdSswRQIgNcXVgepU2D_KzsT8VdGM3mz0RMYEF_QPH0LT7gGMEHsCIQDuGDs9-e6Eb4g00CvFE6HJla6htvZoyOy8aE_dvQI-CA%3D%3D&lsparams=met%2Cmh%2Cmm%2Cmn%2Cms%2Cmv%2Cmvi%2Cpl%2Crms%2Cinitcwndbps&lsig=APaTxxMwRQIhAKK5McCf5eTeWO0Ke7BBf_nYdYyDhUxvx89drlE39XZZAiBqoyIVMVrQaOZs8tFXqw_l5vzELmFWDzh80LUzcHm16A%3D%3D&cpn=fMDjmaNK9Zee260q&cver=2.20250728.08.00&rn=4&alr=yes",
        "city": "New York",
        "region": "New York",
        "country": "United States",
        "org": "Google LLC",
        "timezone": "America/New_York",
        "source": "ip-api.com"
      },
      "geometry": {
        "type": "Point",
        "coordinates": [
          -74.006,
          40.7128
        ]
      }
    },
    {
      "type": "Feature",
      "properties": {
        "ip": "74.125.0.199",
        "url": "https://rr2---sn-ab5sznly.googlevideo.com/videoplayback?expire=1753861523&ei=M3mJaNGCCqiGoPMPq9WVyAM&ip=160.39.40.250&id=o-AJmmhawcMVYewHnsiQZ7D6Lb8ip0nsikYShQZy4ffuID&source=youtube&requiressl=yes&xpc=EgVo2aDSNQ%3D%3D&met=1753839923%2C&mh=AE&mm=31%2C26&mn=sn-ab5sznly%2Csn-p5qddn76&ms=au%2Conr&mv=m&mvi=2&pl=16&rms=au%2Cau&ctier=SH&initcwndbps=5153750&siu=1&spc=l3OVKbHn24S-qPE-HzGeEhqAihaddgIccooo9gKFYShYrwgxyZFeIHt8nGV_M4HnNw&svpuc=1&ns=LEU8RzmJv1neCjQubhxniUUQ&sabr=1&rqh=1&mt=1753839435&fvip=3&keepalive=yes&fexp=51355912&c=WEB&n=jD7Dbb9gYDxGBA&sparams=expire%2Cei%2Cip%2Cid%2Csource%2Crequiressl%2Cxpc%2Cctier%2Csiu%2Cspc%2Csvpuc%2Cns%2Csabr%2Crqh&sig=AJfQdSswRQIgNcXVgepU2D_KzsT8VdGM3mz0RMYEF_QPH0LT7gGMEHsCIQDuGDs9-e6Eb4g00CvFE6HJla6htvZoyOy8aE_dvQI-CA%3D%3D&lsparams=met%2Cmh%2Cmm%2Cmn%2Cms%2Cmv%2Cmvi%2Cpl%2Crms%2Cinitcwndbps&lsig=APaTxxMwRQIhAKK5McCf5eTeWO0Ke7BBf_nYdYyDhUxvx89drlE39XZZAiBqoyIVMVrQaOZs8tFXqw_l5vzELmFWDzh80LUzcHm16A%3D%3D&cpn=Mb-B6HKdw_6CJYKJ&cver=2.20250728.08.00&rn=38&alr=yes",
        "city": "New York",
        "region": "New York",
        "country": "United States",
        "org": "Google LLC",
        "timezone": "America/New_York",
        "source": "ip-api.com"
      },
      "geometry": {
        "type": "Point",
        "coordinates": [
          -74.006,
          40.7128
        ]
      }
    },
    {
      "type": "Feature",
      "properties": {
        "ip": "74.125.0.199",
        "url": "https://rr2---sn-ab5sznly.googlevideo.com/videoplayback?expire=1753861523&ei=M3mJaNGCCqiGoPMPq9WVyAM&ip=160.39.40.250&id=o-AJmmhawcMVYewHnsiQZ7D6Lb8ip0nsikYShQZy4ffuID&source=youtube&requiressl=yes&xpc=EgVo2aDSNQ%3D%3D&met=1753839923%2C&mh=AE&mm=31%2C26&mn=sn-ab5sznly%2Csn-p5qddn76&ms=au%2Conr&mv=m&mvi=2&pl=16&rms=au%2Cau&ctier=SH&initcwndbps=5153750&siu=1&spc=l3OVKbHn24S-qPE-HzGeEhqAihaddgIccooo9gKFYShYrwgxyZFeIHt8nGV_M4HnNw&svpuc=1&ns=LEU8RzmJv1neCjQubhxniUUQ&sabr=1&rqh=1&mt=1753839435&fvip=3&keepalive=yes&fexp=51355912&c=WEB&n=jD7Dbb9gYDxGBA&sparams=expire%2Cei%2Cip%2Cid%2Csource%2Crequiressl%2Cxpc%2Cctier%2Csiu%2Cspc%2Csvpuc%2Cns%2Csabr%2Crqh&sig=AJfQdSswRQIgNcXVgepU2D_KzsT8VdGM3mz0RMYEF_QPH0LT7gGMEHsCIQDuGDs9-e6Eb4g00CvFE6HJla6htvZoyOy8aE_dvQI-CA%3D%3D&lsparams=met%2Cmh%2Cmm%2Cmn%2Cms%2Cmv%2Cmvi%2Cpl%2Crms%2Cinitcwndbps&lsig=APaTxxMwRQIhAKK5McCf5eTeWO0Ke7BBf_nYdYyDhUxvx89drlE39XZZAiBqoyIVMVrQaOZs8tFXqw_l5vzELmFWDzh80LUzcHm16A%3D%3D&cpn=Mb-B6HKdw_6CJYKJ&cver=2.20250728.08.00&rn=37&alr=yes",
        "city": "New York",
        "region": "New York",
        "country": "United States",
        "org": "Google LLC",
        "timezone": "America/New_York",
        "source": "ip-api.com"
      },
      "geometry": {
        "type": "Point",
        "coordinates": [
          -74.006,
          40.7128
        ]
      }
    },
    {
      "type": "Feature",
      "properties": {
        "ip": "142.250.80.99",
        "url": "https://fonts.gstatic.com/s/i/youtube_outline/thumb_down/v23/24px.svg",
        "city": "New York",
        "region": "New York",
        "country": "United States",
        "org": "Google LLC",
        "timezone": "America/New_York",
        "source": "ip-api.com"
      },
      "geometry": {
        "type": "Point",
        "coordinates": [
          -74.006,
          40.7128
        ]
      }
    },
    {
      "type": "Feature",
      "properties": {
        "ip": "142.250.80.99",
        "url": "https://fonts.gstatic.com/s/roboto/v48/KFO7CnqEu92Fr1ME7kSn66aGLdTylUAMa3KUBHMdazTgWw.woff2",
        "city": "New York",
        "region": "New York",
        "country": "United States",
        "org": "Google LLC",
        "timezone": "America/New_York",
        "source": "ip-api.com"
      },
      "geometry": {
        "type": "Point",
        "coordinates": [
          -74.006,
          40.7128
        ]
      }
    },
    {
      "type": "Feature",
      "properties": {
        "ip": "142.250.80.99",
        "url": "https://fonts.gstatic.com/s/i/youtube_fill/star/v5/24px.svg",
        "city": "New York",
        "region": "New York",
        "country": "United States",
        "org": "Google LLC",
        "timezone": "America/New_York",
        "source": "ip-api.com"
      },
      "geometry": {
        "type": "Point",
        "coordinates": [
          -74.006,
          40.7128
        ]
      }
    },
    {
      "type": "Feature",
      "properties": {
        "ip": "142.250.80.99",
        "url": "https://fonts.gstatic.com/s/i/youtube_fill/volume_down/v2/24px.svg",
        "city": "New York",
        "region": "New York",
        "country": "United States",
        "org": "Google LLC",
        "timezone": "America/New_York",
        "source": "ip-api.com"
      },
      "geometry": {
        "type": "Point",
        "coordinates": [
          -74.006,
          40.7128
        ]
      }
    },
    {
      "type": "Feature",
      "properties": {
        "ip": "142.250.80.99",
        "url": "https://fonts.gstatic.com/s/roboto/v48/KFO7CnqEu92Fr1ME7kSn66aGLdTylUAMawCUBHMdazTgWw.woff2",
        "city": "New York",
        "region": "New York",
        "country": "United States",
        "org": "Google LLC",
        "timezone": "America/New_York",
        "source": "ip-api.com"
      },
      "geometry": {
        "type": "Point",
        "coordinates": [
          -74.006,
          40.7128
        ]
      }
    },
    {
      "type": "Feature",
      "properties": {
        "ip": "142.250.80.99",
        "url": "https://fonts.gstatic.com/s/i/youtube_fill/clock_cairo/v2/24px.svg",
        "city": "New York",
        "region": "New York",
        "country": "United States",
        "org": "Google LLC",
        "timezone": "America/New_York",
        "source": "ip-api.com"
      },
      "geometry": {
        "type": "Point",
        "coordinates": [
          -74.006,
          40.7128
        ]
      }
    },
    {
      "type": "Feature",
      "properties": {
        "ip": "142.250.80.99",
        "url": "https://fonts.gstatic.com/s/i/youtube_outline/lock/v13/16px.svg",
        "city": "New York",
        "region": "New York",
        "country": "United States",
        "org": "Google LLC",
        "timezone": "America/New_York",
        "source": "ip-api.com"
      },
      "geometry": {
        "type": "Point",
        "coordinates": [
          -74.006,
          40.7128
        ]
      }
    },
    {
      "type": "Feature",
      "properties": {
        "ip": "142.250.80.99",
        "url": "https://fonts.gstatic.com/s/youtubesans/v31/Qw38ZQNGEDjaO2m6tqIqX5E-AVS5_rSejo46_PCTRspJ0OosolrBEJL3HO_T7fHoCVHx.woff2",
        "city": "New York",
        "region": "New York",
        "country": "United States",
        "org": "Google LLC",
        "timezone": "America/New_York",
        "source": "ip-api.com"
      },
      "geometry": {
        "type": "Point",
        "coordinates": [
          -74.006,
          40.7128
        ]
      }
    },
    {
      "type": "Feature",
      "properties": {
        "ip": "142.250.80.99",
        "url": "https://fonts.gstatic.com/s/i/youtube_outline/bars_2/v9/24px.svg",
        "city": "New York",
        "region": "New York",
        "country": "United States",
        "org": "Google LLC",
        "timezone": "America/New_York",
        "source": "ip-api.com"
      },
      "geometry": {
        "type": "Point",
        "coordinates": [
          -74.006,
          40.7128
        ]
      }
    },
    {
      "type": "Feature",
      "properties": {
        "ip": "142.250.80.99",
        "url": "https://fonts.gstatic.com/s/i/youtube_outline/arrow_shuffle/v5/24px.svg",
        "city": "New York",
        "region": "New York",
        "country": "United States",
        "org": "Google LLC",
        "timezone": "America/New_York",
        "source": "ip-api.com"
      },
      "geometry": {
        "type": "Point",
        "coordinates": [
          -74.006,
          40.7128
        ]
      }
    },
    {
      "type": "Feature",
      "properties": {
        "ip": "142.250.80.99",
        "url": "https://fonts.gstatic.com/s/i/youtube_fill/list_play_arrow_cairo/v2/24px.svg",
        "city": "New York",
        "region": "New York",
        "country": "United States",
        "org": "Google LLC",
        "timezone": "America/New_York",
        "source": "ip-api.com"
      },
      "geometry": {
        "type": "Point",
        "coordinates": [
          -74.006,
          40.7128
        ]
      }
    },
    {
      "type": "Feature",
      "properties": {
        "ip": "142.250.80.99",
        "url": "https://www.gstatic.com/youtube/img/icons/web/youtube_outline/music/v1/24px.svg",
        "city": "New York",
        "region": "New York",
        "country": "United States",
        "org": "Google LLC",
        "timezone": "America/New_York",
        "source": "ip-api.com"
      },
      "geometry": {
        "type": "Point",
        "coordinates": [
          -74.006,
          40.7128
        ]
      }
    },
    {
      "type": "Feature",
      "properties": {
        "ip": "142.251.40.225",
        "url": "https://yt3.ggpht.com/yti/ANjgQV-gVML7Xhz0MwUQ2pprmpwKI1izC5hUt3UtrAvDb2s=s88-c-k-c0x00ffffff-no-rj",
        "city": "New York",
        "region": "New York",
        "country": "United States",
        "org": "Google LLC",
        "timezone": "America/New_York",
        "source": "ip-api.com"
      },
      "geometry": {
        "type": "Point",
        "coordinates": [
          -74.006,
          40.7128
        ]
      }
    },
    {
      "type": "Feature",
      "properties": {
        "ip": "142.250.176.196",
        "url": "https://www.gstatic.com/eureka/clank/138/cast_sender.js",
        "city": "New York",
        "region": "New York",
        "country": "United States",
        "org": "Google LLC",
        "timezone": "America/New_York",
        "source": "ip-api.com"
      },
      "geometry": {
        "type": "Point",
        "coordinates": [
          -74.006,
          40.7128
        ]
      }
    },
    {
      "type": "Feature",
      "properties": {
        "ip": "74.125.174.196",
        "url": "https://rr4---sn-ajab55-55.googlevideo.com/videoplayback?expire=1753861522&ei=MnmJaMjME7CAy_sP7fqniQc&ip=160.39.40.250&id=o-APdqwDp4EbkKH5KDYMyiY-bNWqCAqCx8hFoEtT66c9UN&source=youtube&requiressl=yes&xpc=EgVo2aDSNQ%3D%3D&met=1753839922%2C&mh=43&mm=31%2C26&mn=sn-ajab55-55%2Csn-p5qlsn7d&ms=au%2Conr&mv=m&mvi=4&pl=16&rms=au%2Cau&ctier=SH&initcwndbps=3761250&siu=1&spc=l3OVKYYYFtYNKUbZJ1anHF_68FBobA_g8-G7zFm8CJMbJBOKmzoKqfss6Rpbo8xFVw&svpuc=1&ns=1wznppeyHXwWWy8-5iAdcl8Q&sabr=1&rqh=1&mt=1753839678&fvip=3&keepalive=yes&fexp=51355912&c=WEB&n=v05C61YfgcJ59g&sparams=expire%2Cei%2Cip%2Cid%2Csource%2Crequiressl%2Cxpc%2Cctier%2Csiu%2Cspc%2Csvpuc%2Cns%2Csabr%2Crqh&sig=AJfQdSswRQIgPimK_HKcjggqb68pA-mlOiaA10sXtB0yINrBVH05ecMCIQCQdFARkOA2WEEGBEOkgLR3pghF2MmNPadVIi1xSN4AHQ%3D%3D&lsparams=met%2Cmh%2Cmm%2Cmn%2Cms%2Cmv%2Cmvi%2Cpl%2Crms%2Cinitcwndbps&lsig=APaTxxMwRgIhAMUn6gz-eS-TDS3qweR_7DvGEywx-ibDjWZ6mQm2COkxAiEAnGK_jbD12Fq1HyLSB4OlWTXRnmIR8FJ2wM338sVlCB0%3D&cpn=5m7xa9A0xZ9cQu-J&cver=2.20250728.08.00&rn=15&alr=yes",
        "city": "Mountain View",
        "region": "California",
        "country": "United States",
        "org": "Google LLC",
        "timezone": "America/Los_Angeles",
        "source": "ip-api.com"
      },
      "geometry": {
        "type": "Point",
        "coordinates": [
          -122.085,
          37.4225
        ]
      }
    },
    {
      "type": "Feature",
      "properties": {
        "ip": "74.125.174.196",
        "url": "https://rr4---sn-ajab55-55.googlevideo.com/videoplayback?expire=1753861522&ei=MnmJaMjME7CAy_sP7fqniQc&ip=160.39.40.250&id=o-APdqwDp4EbkKH5KDYMyiY-bNWqCAqCx8hFoEtT66c9UN&source=youtube&requiressl=yes&xpc=EgVo2aDSNQ%3D%3D&met=1753839922%2C&mh=43&mm=31%2C26&mn=sn-ajab55-55%2Csn-p5qlsn7d&ms=au%2Conr&mv=m&mvi=4&pl=16&rms=au%2Cau&ctier=SH&initcwndbps=3761250&siu=1&spc=l3OVKYYYFtYNKUbZJ1anHF_68FBobA_g8-G7zFm8CJMbJBOKmzoKqfss6Rpbo8xFVw&svpuc=1&ns=1wznppeyHXwWWy8-5iAdcl8Q&sabr=1&rqh=1&mt=1753839678&fvip=3&keepalive=yes&fexp=51355912&c=WEB&n=v05C61YfgcJ59g&sparams=expire%2Cei%2Cip%2Cid%2Csource%2Crequiressl%2Cxpc%2Cctier%2Csiu%2Cspc%2Csvpuc%2Cns%2Csabr%2Crqh&sig=AJfQdSswRQIgPimK_HKcjggqb68pA-mlOiaA10sXtB0yINrBVH05ecMCIQCQdFARkOA2WEEGBEOkgLR3pghF2MmNPadVIi1xSN4AHQ%3D%3D&lsparams=met%2Cmh%2Cmm%2Cmn%2Cms%2Cmv%2Cmvi%2Cpl%2Crms%2Cinitcwndbps&lsig=APaTxxMwRgIhAMUn6gz-eS-TDS3qweR_7DvGEywx-ibDjWZ6mQm2COkxAiEAnGK_jbD12Fq1HyLSB4OlWTXRnmIR8FJ2wM338sVlCB0%3D&cpn=5m7xa9A0xZ9cQu-J&cver=2.20250728.08.00&rn=16&alr=yes",
        "city": "Mountain View",
        "region": "California",
        "country": "United States",
        "org": "Google LLC",
        "timezone": "America/Los_Angeles",
        "source": "ip-api.com"
      },
      "geometry": {
        "type": "Point",
        "coordinates": [
          -122.085,
          37.4225
        ]
      }
    },
    {
      "type": "Feature",
      "properties": {
        "ip": "142.250.80.68",
        "url": "https://www.google.com/js/th/zmIq31voDSWI8AGyiRJe9t7MieBaDmAxmnftlUj7E58.js",
        "city": "New York",
        "region": "New York",
        "country": "United States",
        "org": "Google LLC",
        "timezone": "America/New_York",
        "source": "ip-api.com"
      },
      "geometry": {
        "type": "Point",
        "coordinates": [
          -74.006,
          40.7128
        ]
      }
    },
    {
      "type": "Feature",
      "properties": {
        "ip": "142.250.80.68",
        "url": "https://www.google.com/pagead/lvz?evtid=ACd6KtyoHI7y5RnF2_aLapYHLJ7RWceaRfN8Qv6E2bi_06X1rFKSVCCAHwCvXAD9FW6aFQi0lWLaiFITgTCpI9st5Od3SjufaQ&req_ts=1753839916&pg=MainAppBootstrap%3AHome&az=1&sigh=AB9vU42xdo33334uH1ph_vVoOkLUW_ahIg",
        "city": "New York",
        "region": "New York",
        "country": "United States",
        "org": "Google LLC",
        "timezone": "America/New_York",
        "source": "ip-api.com"
      },
      "geometry": {
        "type": "Point",
        "coordinates": [
          -74.006,
          40.7128
        ]
      }
    },
    {
      "type": "Feature",
      "properties": {
        "ip": "142.250.80.68",
        "url": "https://www.google.com/pagead/1p-user-list/962985656/?backend=innertube&cname=1&cver=2_20250728&data=backend%3Dinnertube%3Bcname%3D1%3Bcver%3D2_20250728%3Bptype%3Df_view%3Btype%3Dview%3Butuid%3DQnMw9GGDS3xO6fN5oae-4w%3Butvid%3D0wBfICuWl7M&is_vtc=0&ptype=f_view&random=602881701&utuid=QnMw9GGDS3xO6fN5oae-4w",
        "city": "New York",
        "region": "New York",
        "country": "United States",
        "org": "Google LLC",
        "timezone": "America/New_York",
        "source": "ip-api.com"
      },
      "geometry": {
        "type": "Point",
        "coordinates": [
          -74.006,
          40.7128
        ]
      }
    },
    {
      "type": "Feature",
      "properties": {
        "ip": "173.194.31.38",
        "url": "https://rr1---sn-ab5l6nrk.googlevideo.com/videoplayback?expire=1753861618&ei=knmJaNWnK-Xcut0Ph7uhyQY&ip=160.39.40.250&id=o-AJUbBugbFEYE53aSYdmDFwP_yH2EXoCqT5x1Yg6ukF1k&source=youtube&requiressl=yes&xpc=EgVo2aDSNQ%3D%3D&met=1753840018%2C&mh=sl&mm=31%2C26&mn=sn-ab5l6nrk%2Csn-p5qs7nzr&ms=au%2Conr&mv=m&mvi=1&pl=16&rms=au%2Cau&ctier=SH&initcwndbps=4310000&siu=1&spc=l3OVKfghtGGcWafj1vEyo-ok6Sxi3asjLa9Sqe84bw_R0Rb1zHYM1EGSMFVR61V0WQ&svpuc=1&ns=HBNLvL22m0qjY_a78LQi-ncQ&sabr=1&rqh=1&mt=1753839678&fvip=4&keepalive=yes&fexp=51355912&c=WEB&n=mfCX5kYhy9v1Zw&sparams=expire%2Cei%2Cip%2Cid%2Csource%2Crequiressl%2Cxpc%2Cctier%2Csiu%2Cspc%2Csvpuc%2Cns%2Csabr%2Crqh&sig=AJfQdSswRQIhAOGmObSRXsb_WilZmc1owsdLgSIQ_zWRZR0LdQ7dbRAZAiA_5qb7RMr8LWY9EBzTnOEm_GRbN_12eCLigRn5MGR7og%3D%3D&lsparams=met%2Cmh%2Cmm%2Cmn%2Cms%2Cmv%2Cmvi%2Cpl%2Crms%2Cinitcwndbps&lsig=APaTxxMwRAIgfpiMvEBB0B5Bv4nksZ_H20G6pxJz1d3eW7ERynEEBWcCIEWCxhU61icvcobovFE4oVgCrz0xGLp22KN9kOlR9BVR&cpn=ed_AH0kKHedq7BBl&cver=2.20250728.08.00&rn=52&alr=yes",
        "city": "New York",
        "region": "New York",
        "country": "United States",
        "org": "Google LLC",
        "timezone": "America/New_York",
        "source": "ip-api.com"
      },
      "geometry": {
        "type": "Point",
        "coordinates": [
          -74.006,
          40.7128
        ]
      }
    },
    {
      "type": "Feature",
      "properties": {
        "ip": "142.250.72.97",
        "url": "https://lh3.googleusercontent.com/zTUhi7OS6T_9n4RiZTor0VRVwZnIkdsO9JO-2Sm2INFOb4yaQVQ1IY29PTSIZ_ZqGfML-YmpEvmc1o8",
        "city": "New York",
        "region": "New York",
        "country": "United States",
        "org": "Google LLC",
        "timezone": "America/New_York",
        "source": "ip-api.com"
      },
      "geometry": {
        "type": "Point",
        "coordinates": [
          -74.006,
          40.7128
        ]
      }
    },
    {
      "type": "Feature",
      "properties": {
        "ip": "142.250.72.97",
        "url": "https://lh3.googleusercontent.com/9WPWlw76wxCv_woizsE84X7q-SdF_Q3iwRH4atC1Q3Jf-sEzg9X6WukIOrKnDuUkGGzRPds=s240-c-k-c0x00ffffff-no-rj",
        "city": "New York",
        "region": "New York",
        "country": "United States",
        "org": "Google LLC",
        "timezone": "America/New_York",
        "source": "ip-api.com"
      },
      "geometry": {
        "type": "Point",
        "coordinates": [
          -74.006,
          40.7128
        ]
      }
    },
    {
      "type": "Feature",
      "properties": {
        "ip": "142.250.72.97",
        "url": "https://lh3.googleusercontent.com/RfrdAvAn2TdsXa5c6eXE8ZW6yDCwmEzfbjz-afaPKfFaQm08qIOXLUQq7k_VbPxzDh9YgDoENLBrT6wb",
        "city": "New York",
        "region": "New York",
        "country": "United States",
        "org": "Google LLC",
        "timezone": "America/New_York",
        "source": "ip-api.com"
      },
      "geometry": {
        "type": "Point",
        "coordinates": [
          -74.006,
          40.7128
        ]
      }
    },
    {
      "type": "Feature",
      "properties": {
        "ip": "74.125.174.195",
        "url": "https://rr3---sn-ajab55-55.googlevideo.com/videoplayback?expire=1753861621&ei=lXmJaPqrMI21kucP9o6AkAM&ip=160.39.40.250&id=o-ALuBsA3wmjgm7VoUYjiEc2ZkOXieXW1uAduDig6D796l&source=youtube&requiressl=yes&xpc=EgVo2aDSNQ%3D%3D&met=1753840021%2C&mh=4k&mm=31%2C26&mn=sn-ajab55-55%2Csn-p5qddn7r&ms=au%2Conr&mv=m&mvi=3&pl=16&rms=au%2Cau&ctier=SH&initcwndbps=5153750&siu=1&spc=l3OVKWVlKg-AST6ZaOFx1GCKLArKSIs3hT18Y1R0FYnGrYAizpAqzC99pKKDda-TKw&svpuc=1&ns=aHwFZ2x6jNzg5gv0izeam2wQ&sabr=1&rqh=1&mt=1753839435&fvip=5&keepalive=yes&fexp=51355912&c=WEB&n=yFV28aLaHJTSWQ&sparams=expire%2Cei%2Cip%2Cid%2Csource%2Crequiressl%2Cxpc%2Cctier%2Csiu%2Cspc%2Csvpuc%2Cns%2Csabr%2Crqh&sig=AJfQdSswRgIhAOXqhuHMQ0coLtp31js_eTAgWaYG9V65seTUpSZbL0AXAiEAltg9VoS7j4aTprd2dogph-Yde6FkN5-rnSNchuA9ZC4%3D&lsparams=met%2Cmh%2Cmm%2Cmn%2Cms%2Cmv%2Cmvi%2Cpl%2Crms%2Cinitcwndbps&lsig=APaTxxMwRAIgeXgjPmMfmX2n5xZIkUIoty7UaXW0sZnFNHvsesNo87ECIAKXT3cIr1WfYns4KlMIPedKQftX3cFbKOkn7EhS6q-f&cpn=u8Lbh3rzNZJmLMSx&cver=2.20250728.08.00&rn=57&alr=yes",
        "city": "Mountain View",
        "region": "California",
        "country": "United States",
        "org": "Google LLC",
        "timezone": "America/Los_Angeles",
        "source": "ip-api.com"
      },
      "geometry": {
        "type": "Point",
        "coordinates": [
          -122.085,
          37.4225
        ]
      }
    },
    {
      "type": "Feature",
      "properties": {
        "ip": "74.125.174.195",
        "url": "https://rr3---sn-ajab55-55.googlevideo.com/videoplayback?expire=1753861621&ei=lXmJaMGNEq6pkucP2Lu2iQw&ip=160.39.40.250&id=o-ADv3GKgxMQqfsWWqSqnEhcoLq0xJE0WvHvpg63m3omZ8&source=youtube&requiressl=yes&xpc=EgVo2aDSNQ%3D%3D&met=1753840021%2C&mh=RE&mm=31%2C26&mn=sn-ajab55-55%2Csn-p5qs7nzr&ms=au%2Conr&mv=m&mvi=3&pl=16&rms=au%2Cau&ctier=SH&initcwndbps=4555000&siu=1&spc=l3OVKX7LvpiyjB_aJEDM1wOFuxeODvyJmNc4W4aGz4z78h7vTeUvaGm03P0GfydQ4A&svpuc=1&ns=IjX1vXMfg5mbVF9VhNViQ6MQ&sabr=1&rqh=1&mt=1753839435&fvip=5&keepalive=yes&fexp=51355912&c=WEB&n=zn6PBHCUk9MGoA&sparams=expire%2Cei%2Cip%2Cid%2Csource%2Crequiressl%2Cxpc%2Cctier%2Csiu%2Cspc%2Csvpuc%2Cns%2Csabr%2Crqh&sig=AJfQdSswRAIgPOupaEcPjL8NTNieKMZKvX8h6JQMNORIzKKz_xBUfMMCIFY6hfyuW5M2KrJ78WsIDCLc2NYwCZBsOyY_EBfYP15d&lsparams=met%2Cmh%2Cmm%2Cmn%2Cms%2Cmv%2Cmvi%2Cpl%2Crms%2Cinitcwndbps&lsig=APaTxxMwRQIgVQVhEBzzxoScOCdYnBUpJULFq4jSo4XvBVPzXjBYxLwCIQCx7niBEIhv4Yva_n52jft62iZwJTP0loprItLoHgkecw%3D%3D&cpn=An_V4zjTSbzGuH1A&cver=2.20250728.08.00&rn=56&alr=yes",
        "city": "Mountain View",
        "region": "California",
        "country": "United States",
        "org": "Google LLC",
        "timezone": "America/Los_Angeles",
        "source": "ip-api.com"
      },
      "geometry": {
        "type": "Point",
        "coordinates": [
          -122.085,
          37.4225
        ]
      }
    },
    {
      "type": "Feature",
      "properties": {
        "ip": "74.125.172.134",
        "url": "https://rr1---sn-ab5l6nrz.googlevideo.com/videoplayback?expire=1753861623&ei=l3mJaN2mOteJkucPsOqc4AU&ip=160.39.40.250&id=o-ADIuvjr-YYoybqGyCaU4SZSNVSdmH3ilJt7NuYP0VRxW&source=youtube&requiressl=yes&xpc=EgVo2aDSNQ%3D%3D&met=1753840023%2C&mh=am&mm=31%2C29&mn=sn-ab5l6nrz%2Csn-ab5sznzz&ms=au%2Crdu&mv=m&mvi=1&pl=16&rms=au%2Cau&ctier=SH&initcwndbps=4310000&siu=1&spc=l3OVKddu3E9Z-hCoBMY82We7Vy1uEH4KMH17g4aFZ0i1NmJeywIgHgkp0DwrB_83kw&svpuc=1&ns=aJ0iwfK6knBFVez9TcmQEZsQ&sabr=1&rqh=1&mt=1753839678&fvip=1&keepalive=yes&fexp=51355912&c=WEB&n=eKNp5hZPPLAXHQ&sparams=expire%2Cei%2Cip%2Cid%2Csource%2Crequiressl%2Cxpc%2Cctier%2Csiu%2Cspc%2Csvpuc%2Cns%2Csabr%2Crqh&sig=AJfQdSswRAIgCzOSih9sVfbIa-PAz2vwJOXNFRtCCd-Uytc9RVQWPhYCICb0gF4ZHm0jr6QW5lGYzgYDGa72nmv4iDysQy27_H_N&lsparams=met%2Cmh%2Cmm%2Cmn%2Cms%2Cmv%2Cmvi%2Cpl%2Crms%2Cinitcwndbps&lsig=APaTxxMwRgIhAM7fFpISkCoGl7U7nNHhQ48WiLNamMSsmVxUw3c5Cc1cAiEA0BjXPD9zlwL7qvwWB1_36QqkeYSO2uTEFP6EApaAlnU%3D&cpn=7NyH9ZrQbWG9jb8W&cver=2.20250728.08.00&rn=60&alr=yes",
        "city": "New York",
        "region": "New York",
        "country": "United States",
        "org": "Google LLC",
        "timezone": "America/New_York",
        "source": "ip-api.com"
      },
      "geometry": {
        "type": "Point",
        "coordinates": [
          -74.006,
          40.7128
        ]
      }
    },
    {
      "type": "Feature",
      "properties": {
        "ip": "142.250.176.195",
        "url": "https://www.gstatic.com/youtube/img/lottie/animated_like_icon/animated_like_icon_dark_v4.json",
        "city": "New York",
        "region": "New York",
        "country": "United States",
        "org": "Google LLC",
        "timezone": "America/New_York",
        "source": "ip-api.com"
      },
      "geometry": {
        "type": "Point",
        "coordinates": [
          -74.006,
          40.7128
        ]
      }
    },
    {
      "type": "Feature",
      "properties": {
        "ip": "142.250.176.195",
        "url": "https://www.gstatic.com/_/mss/boq-identity/_/js/k=boq-identity.IdentityRotateCookiesHttp.en_US.iwDq4GXGM4Y.2018.O/am=AMA/d=1/rs=AOaEmlH0HZ1Xi4JhI8WKb7Q8j-pusxr_fw/m=hfcr",
        "city": "New York",
        "region": "New York",
        "country": "United States",
        "org": "Google LLC",
        "timezone": "America/New_York",
        "source": "ip-api.com"
      },
      "geometry": {
        "type": "Point",
        "coordinates": [
          -74.006,
          40.7128
        ]
      }
    },
    {
      "type": "Feature",
      "properties": {
        "ip": "74.125.172.6",
        "url": "https://rr1---sn-ab5l6nrr.googlevideo.com/videoplayback?expire=1753861544&ei=SHmJaJPHNLPLoPMP9saPgAE&ip=160.39.40.250&id=o-AJUpIke3_5ijo9cnocDqdc2mlA_ab09UTeKmijy-S4u5&source=youtube&requiressl=yes&xpc=EgVo2aDSNQ%3D%3D&met=1753839944%2C&mh=fA&mm=31%2C29&mn=sn-ab5l6nrr%2Csn-ab5sznzd&ms=au%2Crdu&mv=m&mvi=1&pl=16&rms=au%2Cau&initcwndbps=4555000&siu=1&spc=l3OVKeKdkAjEA3UE7_4l7X5OF68u284tHJ99ObWE9R7dQRBYcLtNe5dDr5yeUuKnDw&svpuc=1&ns=lB8i4sy04pe2mq4ivfyBmCoQ&sabr=1&rqh=1&mt=1753839435&fvip=2&keepalive=yes&fexp=51355912&c=WEB&n=F9Rr-eVtp8M9bQ&sparams=expire%2Cei%2Cip%2Cid%2Csource%2Crequiressl%2Cxpc%2Csiu%2Cspc%2Csvpuc%2Cns%2Csabr%2Crqh&sig=AJfQdSswRgIhAIHw0xx7sBigr_8xxKy9Oy1xVaBGGKSRpjHgIYRXt48PAiEAqjC4QObmXZlksQVvPWGstIDLLn6F9BI7JhpXmQdAOn8%3D&lsparams=met%2Cmh%2Cmm%2Cmn%2Cms%2Cmv%2Cmvi%2Cpl%2Crms%2Cinitcwndbps&lsig=APaTxxMwRAIgOOWG8DBLuKpueTpa2Xuir5y9Mj9aSBKDs9BO0kMBvqsCIG_SJICr3MVaKM_8xVlK_SSn5A20h_jGtMVGzbfcrcBz&cpn=sU6UFpQj_Eh9OdhG&cver=2.20250728.08.00&rn=23&alr=yes",
        "city": "New York",
        "region": "New York",
        "country": "United States",
        "org": "Google LLC",
        "timezone": "America/New_York",
        "source": "ip-api.com"
      },
      "geometry": {
        "type": "Point",
        "coordinates": [
          -74.006,
          40.7128
        ]
      }
    },
    {
      "type": "Feature",
      "properties": {
        "ip": "74.125.172.6",
        "url": "https://rr1---sn-ab5l6nrr.googlevideo.com/videoplayback?expire=1753861544&ei=SHmJaJPHNLPLoPMP9saPgAE&ip=160.39.40.250&id=o-AJUpIke3_5ijo9cnocDqdc2mlA_ab09UTeKmijy-S4u5&source=youtube&requiressl=yes&xpc=EgVo2aDSNQ%3D%3D&met=1753839944%2C&mh=fA&mm=31%2C29&mn=sn-ab5l6nrr%2Csn-ab5sznzd&ms=au%2Crdu&mv=m&mvi=1&pl=16&rms=au%2Cau&initcwndbps=4555000&siu=1&spc=l3OVKeKdkAjEA3UE7_4l7X5OF68u284tHJ99ObWE9R7dQRBYcLtNe5dDr5yeUuKnDw&svpuc=1&ns=lB8i4sy04pe2mq4ivfyBmCoQ&sabr=1&rqh=1&mt=1753839435&fvip=2&keepalive=yes&fexp=51355912&c=WEB&n=F9Rr-eVtp8M9bQ&sparams=expire%2Cei%2Cip%2Cid%2Csource%2Crequiressl%2Cxpc%2Csiu%2Cspc%2Csvpuc%2Cns%2Csabr%2Crqh&sig=AJfQdSswRgIhAIHw0xx7sBigr_8xxKy9Oy1xVaBGGKSRpjHgIYRXt48PAiEAqjC4QObmXZlksQVvPWGstIDLLn6F9BI7JhpXmQdAOn8%3D&lsparams=met%2Cmh%2Cmm%2Cmn%2Cms%2Cmv%2Cmvi%2Cpl%2Crms%2Cinitcwndbps&lsig=APaTxxMwRAIgOOWG8DBLuKpueTpa2Xuir5y9Mj9aSBKDs9BO0kMBvqsCIG_SJICr3MVaKM_8xVlK_SSn5A20h_jGtMVGzbfcrcBz&cpn=sU6UFpQj_Eh9OdhG&cver=2.20250728.08.00&rn=22&alr=yes",
        "city": "New York",
        "region": "New York",
        "country": "United States",
        "org": "Google LLC",
        "timezone": "America/New_York",
        "source": "ip-api.com"
      },
      "geometry": {
        "type": "Point",
        "coordinates": [
          -74.006,
          40.7128
        ]
      }
    },
    {
      "type": "Feature",
      "properties": {
        "ip": "173.194.31.40",
        "url": "https://rr3---sn-ab5l6nrk.googlevideo.com/videoplayback?expire=1753861616&ei=kHmJaMmFOOO3kucPwcf_qAI&ip=160.39.40.250&id=o-AOOsYYlT0FG3bWyXDezCGn4RU2LpH4WCeDSm1FbTgu_w&source=youtube&requiressl=yes&xpc=EgVo2aDSNQ%3D%3D&met=1753840016%2C&mh=Xp&mm=31%2C29&mn=sn-ab5l6nrk%2Csn-ab5sznly&ms=au%2Crdu&mv=m&mvi=3&pl=16&rms=au%2Cau&ctier=SH&gcr=us&initcwndbps=4555000&siu=1&spc=l3OVKXFuDex_cgFTVbcJvHBYvupt9PCZoIMOYMIUka2cL6-RR_MmLj3cBE8ZclEowg&svpuc=1&ns=E673rj6WIQSIyD8eLasVC2kQ&sabr=1&rqh=1&mt=1753839435&fvip=5&keepalive=yes&fexp=51355912&c=WEB&n=B0IzCSzbO6ixBQ&sparams=expire%2Cei%2Cip%2Cid%2Csource%2Crequiressl%2Cxpc%2Cctier%2Cgcr%2Csiu%2Cspc%2Csvpuc%2Cns%2Csabr%2Crqh&sig=AJfQdSswRQIhAMzuU5wYLPM1WTRVBt2VlvInugFHHp67O5vCduCat4HJAiACZ214q1kaJtDb-zuCTSBWUqKyWbULE4oX7QgQlnaFWQ%3D%3D&lsparams=met%2Cmh%2Cmm%2Cmn%2Cms%2Cmv%2Cmvi%2Cpl%2Crms%2Cinitcwndbps&lsig=APaTxxMwRAIgcaq4cwCIgd8evQSnm5-lx4TMySaUwRH-UPyT2E90CLgCIHsqgmIbVK8giK5V_-q5tN9C8mKmrcDOoPXWzDsCrCP7&cpn=W4dcoRT_QP7neJH4&cver=2.20250728.08.00&rn=50&alr=yes",
        "city": "New York",
        "region": "New York",
        "country": "United States",
        "org": "Google LLC",
        "timezone": "America/New_York",
        "source": "ip-api.com"
      },
      "geometry": {
        "type": "Point",
        "coordinates": [
          -74.006,
          40.7128
        ]
      }
    },
    {
      "type": "Feature",
      "properties": {
        "ip": "74.125.174.138",
        "url": "https://rr5---sn-ab5sznzy.googlevideo.com/videoplayback?expire=1753861542&ei=RnmJaP2LI5PNoPMPtP7cyA8&ip=160.39.40.250&id=o-AHAMyKbutdlaeqB-PXUMIGaNf_4EijYTKg0XAjGzmtdh&source=youtube&requiressl=yes&xpc=EgVo2aDSNQ%3D%3D&met=1753839942%2C&mh=-J&mm=31%2C26&mn=sn-ab5sznzy%2Csn-p5qlsn76&ms=au%2Conr&mv=m&mvi=5&pl=16&rms=au%2Cau&initcwndbps=5153750&siu=1&spc=l3OVKU23SLElvdth_QXy3CCD1b8U0k-YWJ6keg3yOe04E323_P6C-1oturV_GgWgUA&svpuc=1&ns=qDN5Fm4vnr0wHqXKg-Vt6YUQ&sabr=1&rqh=1&mt=1753839435&fvip=4&keepalive=yes&fexp=51355912&c=WEB&n=YegDNvTJlUPFkw&sparams=expire%2Cei%2Cip%2Cid%2Csource%2Crequiressl%2Cxpc%2Csiu%2Cspc%2Csvpuc%2Cns%2Csabr%2Crqh&sig=AJfQdSswRQIgCe3uxbaXZSiuRjA1tSLdWry8cIjZH13yw8W1wRhyw3ACIQCdqQZVFzm8UPcB0L_R8OOzjZijw0RiUkD4Kmgw10FuzA%3D%3D&lsparams=met%2Cmh%2Cmm%2Cmn%2Cms%2Cmv%2Cmvi%2Cpl%2Crms%2Cinitcwndbps&lsig=APaTxxMwRQIgSqN6aBMANmP1X_Luiv2zvfNXtPR29aYQdw0BEu25iWcCIQDajuSV16tqXg8Ti0ejZzQlBs3L4Yzq4l6BxfPSluFNvw%3D%3D&cpn=G4pFAwLvDqtQgcbE&cver=2.20250728.08.00&rn=19&alr=yes",
        "city": "New York",
        "region": "New York",
        "country": "United States",
        "org": "Google LLC",
        "timezone": "America/New_York",
        "source": "ip-api.com"
      },
      "geometry": {
        "type": "Point",
        "coordinates": [
          -74.006,
          40.7128
        ]
      }
    },
    {
      "type": "Feature",
      "properties": {
        "ip": "74.125.174.106",
        "url": "https://rr5---sn-ab5sznzd.googlevideo.com/videoplayback?expire=1753861623&ei=l3mJaPXnFsWVkucP5f2D4AU&ip=160.39.40.250&id=o-AIxEgOeMaDZRBkI73bx3IISTwZVO2DWL9iQCkjrsPWEC&source=youtube&requiressl=yes&xpc=EgVo2aDSNQ%3D%3D&met=1753840023%2C&mh=g8&mm=31%2C29&mn=sn-ab5sznzd%2Csn-ab5l6nrk&ms=au%2Crdu&mv=m&mvi=5&pl=16&rms=au%2Cau&ctier=SH&initcwndbps=5153750&siu=1&spc=l3OVKTqtB5haVJeR_qGhWw6BteeI5kQG4vW5n2cdpZZNwRLUiWtm8loR5qHqFhU0ig&svpuc=1&ns=hOrGNIjQ_cjs_k3F5e09XUMQ&sabr=1&rqh=1&mt=1753839435&fvip=1&keepalive=yes&fexp=51355912&c=WEB&n=m-P40RfcVlNCYw&sparams=expire%2Cei%2Cip%2Cid%2Csource%2Crequiressl%2Cxpc%2Cctier%2Csiu%2Cspc%2Csvpuc%2Cns%2Csabr%2Crqh&sig=AJfQdSswRAIgeijwkAcFXr4ewgsXAcdY9tmL3qW_Qznh1V5YIQ2BfiYCIAecU_nRvxasFrds_xIT1c5hwWZge1A0F3p-edT6BoCK&lsparams=met%2Cmh%2Cmm%2Cmn%2Cms%2Cmv%2Cmvi%2Cpl%2Crms%2Cinitcwndbps&lsig=APaTxxMwRAIgQ-DKzeYqXLVDEehz2UHMFoSN0GNfb5ZC_o-JREHX8JACIAsZy2qPJthEO4m9rgs6nxXsgWaMpjO9IrkqxZuXOt3P&cpn=dL0jEbaRvVHtsl66&cver=2.20250728.08.00&rn=59&alr=yes",
        "city": "New York",
        "region": "New York",
        "country": "United States",
        "org": "Google LLC",
        "timezone": "America/New_York",
        "source": "ip-api.com"
      },
      "geometry": {
        "type": "Point",
        "coordinates": [
          -74.006,
          40.7128
        ]
      }
    },
    {
      "type": "Feature",
      "properties": {
        "ip": "173.194.31.41",
        "url": "https://rr4---sn-ab5l6nrk.googlevideo.com/videoplayback?expire=1753861625&ei=mXmJaKeeF_7Cy_sPmYri6Q8&ip=160.39.40.250&id=o-AB_8dJzgC2r4_RLAF7kqOg-DwrpR3fb9KhbF7NUFr0IE&source=youtube&requiressl=yes&xpc=EgVo2aDSNQ%3D%3D&met=1753840025%2C&mh=Jf&mm=31%2C26&mn=sn-ab5l6nrk%2Csn-p5qddn7k&ms=au%2Conr&mv=m&mvi=4&pl=16&rms=au%2Cau&ctier=SH&initcwndbps=3761250&siu=1&spc=l3OVKYqoZ9qyQrcXZvCsXRVbWkL9Jng4WfL9BVAvEiZFOF9_NSM6EOmiYYJGftJXNw&svpuc=1&ns=fd4aZKDyzkXzSHBgT4PM0eYQ&sabr=1&rqh=1&mt=1753839678&fvip=2&keepalive=yes&fexp=51355912&c=WEB&n=DaARTJ_gIbHc-w&sparams=expire%2Cei%2Cip%2Cid%2Csource%2Crequiressl%2Cxpc%2Cctier%2Csiu%2Cspc%2Csvpuc%2Cns%2Csabr%2Crqh&sig=AJfQdSswRQIgCpT7ZF4Mq14zyfWwWPVEBDEqobbirPvto9nQGVNGgjMCIQD5sx9DHwZ8L1TqYLwvkqJ5zDCmjhdnZvH1v0jBbZJqrQ%3D%3D&lsparams=met%2Cmh%2Cmm%2Cmn%2Cms%2Cmv%2Cmvi%2Cpl%2Crms%2Cinitcwndbps&lsig=APaTxxMwRAIgWlRS1VWxxuYCy1hsBjptqMoMvKPHRP-hIY6WASXbbEECIETFVfyXuTege1jY8paiWJlc5WH_ghjbkKOxzLz6QWH1&cpn=FCxKUpeOZbJURbpq&cver=2.20250728.08.00&rn=61&alr=yes",
        "city": "New York",
        "region": "New York",
        "country": "United States",
        "org": "Google LLC",
        "timezone": "America/New_York",
        "source": "ip-api.com"
      },
      "geometry": {
        "type": "Point",
        "coordinates": [
          -74.006,
          40.7128
        ]
      }
    },
    {
      "type": "Feature",
      "properties": {
        "ip": "74.125.172.168",
        "url": "https://rr3---sn-ab5l6nr6.googlevideo.com/generate_204",
        "city": "New York",
        "region": "New York",
        "country": "United States",
        "org": "Google LLC",
        "timezone": "America/New_York",
        "source": "ip-api.com"
      },
      "geometry": {
        "type": "Point",
        "coordinates": [
          -74.006,
          40.7128
        ]
      }
    },
    {
      "type": "Feature",
      "properties": {
        "ip": "173.194.31.10",
        "url": "https://rr5---sn-ab5l6nrd.googlevideo.com/videoplayback?expire=1753861529&ei=OXmJaJiuF4yGkucPq6OjgQg&ip=160.39.40.250&id=o-APV3H9XwoSAtgmsK9BsoyOxPjoHoZ4wP6bAEmjHMQx0F&source=youtube&requiressl=yes&xpc=EgVo2aDSNQ%3D%3D&met=1753839929%2C&mh=wq&mm=31%2C29&mn=sn-ab5l6nrd%2Csn-ab5sznze&ms=au%2Crdu&mv=m&mvi=5&pl=16&rms=au%2Cau&initcwndbps=5153750&siu=1&spc=l3OVKXsA4vXxvHVfhmkvO9RZ4Tj2Wm9Tfn5DZeEBWofstJBF5zwoxubrBioqvFGPXw&svpuc=1&ns=3ERZlBuiP2UB6CbGti17OwgQ&sabr=1&rqh=1&mt=1753839435&fvip=2&keepalive=yes&fexp=51355912&c=WEB&n=0CQgrjFPHZEFrA&sparams=expire%2Cei%2Cip%2Cid%2Csource%2Crequiressl%2Cxpc%2Csiu%2Cspc%2Csvpuc%2Cns%2Csabr%2Crqh&sig=AJfQdSswRgIhAMToh2CBvndvknJvn3pVFxUBupiafKzxLKIDt8b40e3CAiEAyFZ5RVupwEoZ1FaD2_i-0jlqW1bSAQb_1P2EQfBhD_s%3D&lsparams=met%2Cmh%2Cmm%2Cmn%2Cms%2Cmv%2Cmvi%2Cpl%2Crms%2Cinitcwndbps&lsig=APaTxxMwRQIgbU3am1r1ZMArGbCMWnmKNDTvOaYohsEYLeeg2Cj9SMICIQDHTCGXfFuirmzn2XzGNRwCz7T-MJaJWf42ZaNKKaLsRg%3D%3D&cpn=QE1U2zoVLx-UKxob&cver=2.20250728.08.00&rn=11&alr=yes",
        "city": "New York",
        "region": "New York",
        "country": "United States",
        "org": "Google LLC",
        "timezone": "America/New_York",
        "source": "ip-api.com"
      },
      "geometry": {
        "type": "Point",
        "coordinates": [
          -74.006,
          40.7128
        ]
      }
    },
    {
      "type": "Feature",
      "properties": {
        "ip": "173.194.31.10",
        "url": "https://rr5---sn-ab5l6nrd.googlevideo.com/videoplayback?expire=1753861529&ei=OXmJaJiuF4yGkucPq6OjgQg&ip=160.39.40.250&id=o-APV3H9XwoSAtgmsK9BsoyOxPjoHoZ4wP6bAEmjHMQx0F&source=youtube&requiressl=yes&xpc=EgVo2aDSNQ%3D%3D&met=1753839929%2C&mh=wq&mm=31%2C29&mn=sn-ab5l6nrd%2Csn-ab5sznze&ms=au%2Crdu&mv=m&mvi=5&pl=16&rms=au%2Cau&initcwndbps=5153750&siu=1&spc=l3OVKXsA4vXxvHVfhmkvO9RZ4Tj2Wm9Tfn5DZeEBWofstJBF5zwoxubrBioqvFGPXw&svpuc=1&ns=3ERZlBuiP2UB6CbGti17OwgQ&sabr=1&rqh=1&mt=1753839435&fvip=2&keepalive=yes&fexp=51355912&c=WEB&n=0CQgrjFPHZEFrA&sparams=expire%2Cei%2Cip%2Cid%2Csource%2Crequiressl%2Cxpc%2Csiu%2Cspc%2Csvpuc%2Cns%2Csabr%2Crqh&sig=AJfQdSswRgIhAMToh2CBvndvknJvn3pVFxUBupiafKzxLKIDt8b40e3CAiEAyFZ5RVupwEoZ1FaD2_i-0jlqW1bSAQb_1P2EQfBhD_s%3D&lsparams=met%2Cmh%2Cmm%2Cmn%2Cms%2Cmv%2Cmvi%2Cpl%2Crms%2Cinitcwndbps&lsig=APaTxxMwRQIgbU3am1r1ZMArGbCMWnmKNDTvOaYohsEYLeeg2Cj9SMICIQDHTCGXfFuirmzn2XzGNRwCz7T-MJaJWf42ZaNKKaLsRg%3D%3D&cpn=TzjODNMc-skX1fHp&cver=2.20250728.08.00&rn=13&alr=yes",
        "city": "New York",
        "region": "New York",
        "country": "United States",
        "org": "Google LLC",
        "timezone": "America/New_York",
        "source": "ip-api.com"
      },
      "geometry": {
        "type": "Point",
        "coordinates": [
          -74.006,
          40.7128
        ]
      }
    },
    {
      "type": "Feature",
      "properties": {
        "ip": "173.194.31.10",
        "url": "https://rr5---sn-ab5l6nrd.googlevideo.com/videoplayback?expire=1753861529&ei=OXmJaJiuF4yGkucPq6OjgQg&ip=160.39.40.250&id=o-APV3H9XwoSAtgmsK9BsoyOxPjoHoZ4wP6bAEmjHMQx0F&source=youtube&requiressl=yes&xpc=EgVo2aDSNQ%3D%3D&met=1753839929%2C&mh=wq&mm=31%2C29&mn=sn-ab5l6nrd%2Csn-ab5sznze&ms=au%2Crdu&mv=m&mvi=5&pl=16&rms=au%2Cau&initcwndbps=5153750&siu=1&spc=l3OVKXsA4vXxvHVfhmkvO9RZ4Tj2Wm9Tfn5DZeEBWofstJBF5zwoxubrBioqvFGPXw&svpuc=1&ns=3ERZlBuiP2UB6CbGti17OwgQ&sabr=1&rqh=1&mt=1753839435&fvip=2&keepalive=yes&fexp=51355912&c=WEB&n=0CQgrjFPHZEFrA&sparams=expire%2Cei%2Cip%2Cid%2Csource%2Crequiressl%2Cxpc%2Csiu%2Cspc%2Csvpuc%2Cns%2Csabr%2Crqh&sig=AJfQdSswRgIhAMToh2CBvndvknJvn3pVFxUBupiafKzxLKIDt8b40e3CAiEAyFZ5RVupwEoZ1FaD2_i-0jlqW1bSAQb_1P2EQfBhD_s%3D&lsparams=met%2Cmh%2Cmm%2Cmn%2Cms%2Cmv%2Cmvi%2Cpl%2Crms%2Cinitcwndbps&lsig=APaTxxMwRQIgbU3am1r1ZMArGbCMWnmKNDTvOaYohsEYLeeg2Cj9SMICIQDHTCGXfFuirmzn2XzGNRwCz7T-MJaJWf42ZaNKKaLsRg%3D%3D&cpn=TzjODNMc-skX1fHp&cver=2.20250728.08.00&rn=12&alr=yes",
        "city": "New York",
        "region": "New York",
        "country": "United States",
        "org": "Google LLC",
        "timezone": "America/New_York",
        "source": "ip-api.com"
      },
      "geometry": {
        "type": "Point",
        "coordinates": [
          -74.006,
          40.7128
        ]
      }
    },
    {
      "type": "Feature",
      "properties": {
        "ip": "173.194.31.10",
        "url": "https://rr5---sn-ab5l6nrd.googlevideo.com/videoplayback?expire=1753861529&ei=OXmJaJiuF4yGkucPq6OjgQg&ip=160.39.40.250&id=o-APV3H9XwoSAtgmsK9BsoyOxPjoHoZ4wP6bAEmjHMQx0F&source=youtube&requiressl=yes&xpc=EgVo2aDSNQ%3D%3D&met=1753839929%2C&mh=wq&mm=31%2C29&mn=sn-ab5l6nrd%2Csn-ab5sznze&ms=au%2Crdu&mv=m&mvi=5&pl=16&rms=au%2Cau&initcwndbps=5153750&siu=1&spc=l3OVKXsA4vXxvHVfhmkvO9RZ4Tj2Wm9Tfn5DZeEBWofstJBF5zwoxubrBioqvFGPXw&svpuc=1&ns=3ERZlBuiP2UB6CbGti17OwgQ&sabr=1&rqh=1&mt=1753839435&fvip=2&keepalive=yes&fexp=51355912&c=WEB&n=0CQgrjFPHZEFrA&sparams=expire%2Cei%2Cip%2Cid%2Csource%2Crequiressl%2Cxpc%2Csiu%2Cspc%2Csvpuc%2Cns%2Csabr%2Crqh&sig=AJfQdSswRgIhAMToh2CBvndvknJvn3pVFxUBupiafKzxLKIDt8b40e3CAiEAyFZ5RVupwEoZ1FaD2_i-0jlqW1bSAQb_1P2EQfBhD_s%3D&lsparams=met%2Cmh%2Cmm%2Cmn%2Cms%2Cmv%2Cmvi%2Cpl%2Crms%2Cinitcwndbps&lsig=APaTxxMwRQIgbU3am1r1ZMArGbCMWnmKNDTvOaYohsEYLeeg2Cj9SMICIQDHTCGXfFuirmzn2XzGNRwCz7T-MJaJWf42ZaNKKaLsRg%3D%3D&cpn=QE1U2zoVLx-UKxob&cver=2.20250728.08.00&rn=9&alr=yes",
        "city": "New York",
        "region": "New York",
        "country": "United States",
        "org": "Google LLC",
        "timezone": "America/New_York",
        "source": "ip-api.com"
      },
      "geometry": {
        "type": "Point",
        "coordinates": [
          -74.006,
          40.7128
        ]
      }
    },
    {
      "type": "Feature",
      "properties": {
        "ip": "173.194.31.10",
        "url": "https://rr5---sn-ab5l6nrd.googlevideo.com/videoplayback?expire=1753861529&ei=OXmJaJiuF4yGkucPq6OjgQg&ip=160.39.40.250&id=o-APV3H9XwoSAtgmsK9BsoyOxPjoHoZ4wP6bAEmjHMQx0F&source=youtube&requiressl=yes&xpc=EgVo2aDSNQ%3D%3D&met=1753839929%2C&mh=wq&mm=31%2C29&mn=sn-ab5l6nrd%2Csn-ab5sznze&ms=au%2Crdu&mv=m&mvi=5&pl=16&rms=au%2Cau&initcwndbps=5153750&siu=1&spc=l3OVKXsA4vXxvHVfhmkvO9RZ4Tj2Wm9Tfn5DZeEBWofstJBF5zwoxubrBioqvFGPXw&svpuc=1&ns=3ERZlBuiP2UB6CbGti17OwgQ&sabr=1&rqh=1&mt=1753839435&fvip=2&keepalive=yes&fexp=51355912&c=WEB&n=0CQgrjFPHZEFrA&sparams=expire%2Cei%2Cip%2Cid%2Csource%2Crequiressl%2Cxpc%2Csiu%2Cspc%2Csvpuc%2Cns%2Csabr%2Crqh&sig=AJfQdSswRgIhAMToh2CBvndvknJvn3pVFxUBupiafKzxLKIDt8b40e3CAiEAyFZ5RVupwEoZ1FaD2_i-0jlqW1bSAQb_1P2EQfBhD_s%3D&lsparams=met%2Cmh%2Cmm%2Cmn%2Cms%2Cmv%2Cmvi%2Cpl%2Crms%2Cinitcwndbps&lsig=APaTxxMwRQIgbU3am1r1ZMArGbCMWnmKNDTvOaYohsEYLeeg2Cj9SMICIQDHTCGXfFuirmzn2XzGNRwCz7T-MJaJWf42ZaNKKaLsRg%3D%3D&cpn=QE1U2zoVLx-UKxob&cver=2.20250728.08.00&rn=10&alr=yes",
        "city": "New York",
        "region": "New York",
        "country": "United States",
        "org": "Google LLC",
        "timezone": "America/New_York",
        "source": "ip-api.com"
      },
      "geometry": {
        "type": "Point",
        "coordinates": [
          -74.006,
          40.7128
        ]
      }
    },
    {
      "type": "Feature",
      "properties": {
        "ip": "173.194.31.10",
        "url": "https://rr5---sn-ab5l6nrd.googlevideo.com/videoplayback?expire=1753861529&ei=OXmJaJiuF4yGkucPq6OjgQg&ip=160.39.40.250&id=o-APV3H9XwoSAtgmsK9BsoyOxPjoHoZ4wP6bAEmjHMQx0F&source=youtube&requiressl=yes&xpc=EgVo2aDSNQ%3D%3D&met=1753839929%2C&mh=wq&mm=31%2C29&mn=sn-ab5l6nrd%2Csn-ab5sznze&ms=au%2Crdu&mv=m&mvi=5&pl=16&rms=au%2Cau&initcwndbps=5153750&siu=1&spc=l3OVKXsA4vXxvHVfhmkvO9RZ4Tj2Wm9Tfn5DZeEBWofstJBF5zwoxubrBioqvFGPXw&svpuc=1&ns=3ERZlBuiP2UB6CbGti17OwgQ&sabr=1&rqh=1&mt=1753839435&fvip=2&keepalive=yes&fexp=51355912&c=WEB&n=0CQgrjFPHZEFrA&sparams=expire%2Cei%2Cip%2Cid%2Csource%2Crequiressl%2Cxpc%2Csiu%2Cspc%2Csvpuc%2Cns%2Csabr%2Crqh&sig=AJfQdSswRgIhAMToh2CBvndvknJvn3pVFxUBupiafKzxLKIDt8b40e3CAiEAyFZ5RVupwEoZ1FaD2_i-0jlqW1bSAQb_1P2EQfBhD_s%3D&lsparams=met%2Cmh%2Cmm%2Cmn%2Cms%2Cmv%2Cmvi%2Cpl%2Crms%2Cinitcwndbps&lsig=APaTxxMwRQIgbU3am1r1ZMArGbCMWnmKNDTvOaYohsEYLeeg2Cj9SMICIQDHTCGXfFuirmzn2XzGNRwCz7T-MJaJWf42ZaNKKaLsRg%3D%3D&cpn=TzjODNMc-skX1fHp&cver=2.20250728.08.00&rn=14&alr=yes",
        "city": "New York",
        "region": "New York",
        "country": "United States",
        "org": "Google LLC",
        "timezone": "America/New_York",
        "source": "ip-api.com"
      },
      "geometry": {
        "type": "Point",
        "coordinates": [
          -74.006,
          40.7128
        ]
      }
    },
    {
      "type": "Feature",
      "properties": {
        "ip": "74.125.172.102",
        "url": "https://rr1---sn-ab5l6nrs.googlevideo.com/videoplayback?expire=1753861617&ei=kXmJaJa7MbKBkucP7rHFoAs&ip=160.39.40.250&id=o-AIm6Vp0fJ-r0eQeqIEzHitJQZ-KSE32YclazPhFnERj6&source=youtube&requiressl=yes&xpc=EgVo2aDSNQ%3D%3D&met=1753840017%2C&mh=Of&mm=31%2C29&mn=sn-ab5l6nrs%2Csn-ab5sznzz&ms=au%2Crdu&mv=m&mvi=1&pl=16&rms=au%2Cau&ctier=SH&initcwndbps=4310000&siu=1&spc=l3OVKWPhzSiEEhwHmLxJhnCqfYAg1CKNc9-BIeS30o0lAqnZaraDXPvkbWXc3Dj_Yw&svpuc=1&ns=QIq5ktbYLNct2I_vdGVB88gQ&sabr=1&rqh=1&mt=1753839678&fvip=3&keepalive=yes&fexp=51355912&c=WEB&n=9-_QE6MKjYoB3Q&sparams=expire%2Cei%2Cip%2Cid%2Csource%2Crequiressl%2Cxpc%2Cctier%2Csiu%2Cspc%2Csvpuc%2Cns%2Csabr%2Crqh&sig=AJfQdSswRQIhANVfgQPo6iHrvALUvF50kOsYZ5xouxnsiHEuwQmGwOQUAiAV87RYPPsptUjMA1W6F_Pogj3_vnirBR2U66s7Ktqh9w%3D%3D&lsparams=met%2Cmh%2Cmm%2Cmn%2Cms%2Cmv%2Cmvi%2Cpl%2Crms%2Cinitcwndbps&lsig=APaTxxMwRQIhAO3M5I7JjvwO7_QLONoy5Gu3JHHSnVIR8_Jp3aEX1csGAiAdBp-eJ8BzBXWURbSBTyoDZljDKOfjj0J16Kq5KZOVDQ%3D%3D&cpn=lcwWPFW-CS-Maf10&cver=2.20250728.08.00&rn=51&alr=yes",
        "city": "New York",
        "region": "New York",
        "country": "United States",
        "org": "Google LLC",
        "timezone": "America/New_York",
        "source": "ip-api.com"
      },
      "geometry": {
        "type": "Point",
        "coordinates": [
          -74.006,
          40.7128
        ]
      }
    },
    {
      "type": "Feature",
      "properties": {
        "ip": "142.250.81.230",
        "url": "https://static.doubleclick.net/instream/ad_status.js",
        "city": "New York",
        "region": "New York",
        "country": "United States",
        "org": "Google LLC",
        "timezone": "America/New_York",
        "source": "ip-api.com"
      },
      "geometry": {
        "type": "Point",
        "coordinates": [
          -74.006,
          40.7128
        ]
      }
    },
    {
      "type": "Feature",
      "properties": {
        "ip": "142.251.40.227",
        "url": "https://fonts.gstatic.com/s/roboto/v48/KFO7CnqEu92Fr1ME7kSn66aGLdTylUAMaxKUBHMdazTgWw.woff2",
        "city": "New York",
        "region": "New York",
        "country": "United States",
        "org": "Google LLC",
        "timezone": "America/New_York",
        "source": "ip-api.com"
      },
      "geometry": {
        "type": "Point",
        "coordinates": [
          -74.006,
          40.7128
        ]
      }
    },
    {
      "type": "Feature",
      "properties": {
        "ip": "173.194.185.202",
        "url": "https://rr5---sn-ab5l6ndr.googlevideo.com/videoplayback?expire=1753861619&ei=k3mJaIXiF9Gk0_wP9sSnsQY&ip=160.39.40.250&id=o-AC9hossz0VMQXILmUBWRmfaLMcBG2c0A4Wv6iXxmM_8u&source=youtube&requiressl=yes&xpc=EgVo2aDSNQ%3D%3D&met=1753840019%2C&mh=hb&mm=31%2C26&mn=sn-ab5l6ndr%2Csn-p5qs7nzr&ms=au%2Conr&mv=m&mvi=5&pl=16&rms=au%2Cau&ctier=SH&initcwndbps=4555000&siu=1&spc=l3OVKTXKiwUHceANMmUuWli8sQRHIBdL8rsfgEUnRK2FaC2rTeg5JH3xJ82Ku6cyWA&svpuc=1&ns=0LTcafIVKpB08e8o7p9JrBgQ&sabr=1&rqh=1&mt=1753839435&fvip=5&keepalive=yes&fexp=51355912&c=WEB&n=f99azCMGRhqBwQ&sparams=expire%2Cei%2Cip%2Cid%2Csource%2Crequiressl%2Cxpc%2Cctier%2Csiu%2Cspc%2Csvpuc%2Cns%2Csabr%2Crqh&sig=AJfQdSswRgIhAPGNv0nIm-yCljpZgNnae7oGDJwDMOPeNzW4ZcK79ha3AiEAor_ZwMiCDoaHglulpHHvCDPqFA0_7H9rdlWDkpf-Ew4%3D&lsparams=met%2Cmh%2Cmm%2Cmn%2Cms%2Cmv%2Cmvi%2Cpl%2Crms%2Cinitcwndbps&lsig=APaTxxMwRgIhAMCy3RWSeZ93w_1ByQfQPcSv330EAW71IV84QAX2E2boAiEAswWslgVEn8WpNPrxHOcx8w8GmjPm9UZasE4NRx40Z1c%3D&cpn=s-ZuRnfTG5Fd5T-e&cver=2.20250728.08.00&rn=53&alr=yes",
        "city": "New York",
        "region": "New York",
        "country": "United States",
        "org": "Google LLC",
        "timezone": "America/New_York",
        "source": "ip-api.com"
      },
      "geometry": {
        "type": "Point",
        "coordinates": [
          -74.006,
          40.7128
        ]
      }
    }
  ]
}