{
  "type": "FeatureCollection",
  "features": [
    {
      "type": "Feature",
      "properties": {
        "ip": "104.18.37.127",
        "url": "https://pbs.twimg.com/media/Gw_3_M2XsAAi0zS?format=jpg&name=medium",
        "city": "Toronto",
        "region": "Ontario",
        "country": "Canada",
        "org": "Cloudflare, Inc.",
        "timezone": "America/Toronto",
        "source": "ip-api.com"
      },
      "geometry": {
        "type": "Point",
        "coordinates": [
          -79.3832,
          43.6532
        ]
      }
    },
    {
      "type": "Feature",
      "properties": {
        "ip": "104.18.37.127",
        "url": "https://pbs.twimg.com/media/GxAF11_bUAEdoSe?format=jpg&name=900x900",
        "city": "Toronto",
        "region": "Ontario",
        "country": "Canada",
        "org": "Cloudflare, Inc.",
        "timezone": "America/Toronto",
        "source": "ip-api.com"
      },
      "geometry": {
        "type": "Point",
        "coordinates": [
          -79.3832,
          43.6532
        ]
      }
    },
    {
      "type": "Feature",
      "properties": {
        "ip": "104.18.37.127",
        "url": "https://pbs.twimg.com/profile_images/1847280770743750656/0DkLNOPG_normal.jpg",
        "city": "Toronto",
        "region": "Ontario",
        "country": "Canada",
        "org": "Cloudflare, Inc.",
        "timezone": "America/Toronto",
        "source": "ip-api.com"
      },
      "geometry": {
        "type": "Point",
        "coordinates": [
          -79.3832,
          43.6532
        ]
      }
    },
    {
      "type": "Feature",
      "properties": {
        "ip": "104.18.37.127",
        "url": "https://pbs.twimg.com/profile_images/1669136747874377728/4MRN0Kwg_x96.jpg",
        "city": "Toronto",
        "region": "Ontario",
        "country": "Canada",
        "org": "Cloudflare, Inc.",
        "timezone": "America/Toronto",
        "source": "ip-api.com"
      },
      "geometry": {
        "type": "Point",
        "coordinates": [
          -79.3832,
          43.6532
        ]
      }
    },
    {
      "type": "Feature",
      "properties": {
        "ip": "104.18.37.127",
        "url": "https://pbs.twimg.com/profile_images/1838802536888963072/WH6KegYZ_x96.jpg",
        "city": "Toronto",
        "region": "Ontario",
        "country": "Canada",
        "org": "Cloudflare, Inc.",
        "timezone": "America/Toronto",
        "source": "ip-api.com"
      },
      "geometry": {
        "type": "Point",
        "coordinates": [
          -79.3832,
          43.6532
        ]
      }
    },
    {
      "type": "Feature",
      "properties": {
        "ip": "104.18.37.127",
        "url": "https://pbs.twimg.com/profile_images/1581508796845019137/iNF3fAIe_x96.jpg",
        "city": "Toronto",
        "region": "Ontario",
        "country": "Canada",
        "org": "Cloudflare, Inc.",
        "timezone": "America/Toronto",
        "source": "ip-api.com"
      },
      "geometry": {
        "type": "Point",
        "coordinates": [
          -79.3832,
          43.6532
        ]
      }
    },
    {
      "type": "Feature",
      "properties": {
        "ip": "104.18.37.127",
        "url": "https://pbs.twimg.com/profile_images/1745798634275565568/UCXoyPr4_x96.jpg",
        "city": "Toronto",
        "region": "Ontario",
        "country": "Canada",
        "org": "Cloudflare, Inc.",
        "timezone": "America/Toronto",
        "source": "ip-api.com"
      },
      "geometry": {
        "type": "Point",
        "coordinates": [
          -79.3832,
          43.6532
        ]
      }
    },
    {
      "type": "Feature",
      "properties": {
        "ip": "104.18.37.127",
        "url": "https://pbs.twimg.com/media/Gw_HvBjXQAANEqu?format=jpg&name=small",
        "city": "Toronto",
        "region": "Ontario",
        "country": "Canada",
        "org": "Cloudflare, Inc.",
        "timezone": "America/Toronto",
        "source": "ip-api.com"
      },
      "geometry": {
        "type": "Point",
        "coordinates": [
          -79.3832,
          43.6532
        ]
      }
    },
    {
      "type": "Feature",
      "properties": {
        "ip": "104.18.37.127",
        "url": "https://pbs.twimg.com/amplify_video_thumb/1940263379702075392/img/-XmtI_-Xv3OO_nUi.jpg",
        "city": "Toronto",
        "region": "Ontario",
        "country": "Canada",
        "org": "Cloudflare, Inc.",
        "timezone": "America/Toronto",
        "source": "ip-api.com"
      },
      "geometry": {
        "type": "Point",
        "coordinates": [
          -79.3832,
          43.6532
        ]
      }
    },
    {
      "type": "Feature",
      "properties": {
        "ip": "104.18.37.127",
        "url": "https://pbs.twimg.com/media/GxCcLpcaQAABxiI?format=jpg&name=medium",
        "city": "Toronto",
        "region": "Ontario",
        "country": "Canada",
        "org": "Cloudflare, Inc.",
        "timezone": "America/Toronto",
        "source": "ip-api.com"
      },
      "geometry": {
        "type": "Point",
        "coordinates": [
          -79.3832,
          43.6532
        ]
      }
    },
    {
      "type": "Feature",
      "properties": {
        "ip": "104.18.37.127",
        "url": "https://pbs.twimg.com/profile_images/1811503344822972416/-PFj1Qe3_x96.jpg",
        "city": "Toronto",
        "region": "Ontario",
        "country": "Canada",
        "org": "Cloudflare, Inc.",
        "timezone": "America/Toronto",
        "source": "ip-api.com"
      },
      "geometry": {
        "type": "Point",
        "coordinates": [
          -79.3832,
          43.6532
        ]
      }
    },
    {
      "type": "Feature",
      "properties": {
        "ip": "104.18.37.127",
        "url": "https://pbs.twimg.com/profile_images/1711355689128386561/C9YCdpmX_x96.jpg",
        "city": "Toronto",
        "region": "Ontario",
        "country": "Canada",
        "org": "Cloudflare, Inc.",
        "timezone": "America/Toronto",
        "source": "ip-api.com"
      },
      "geometry": {
        "type": "Point",
        "coordinates": [
          -79.3832,
          43.6532
        ]
      }
    },
    {
      "type": "Feature",
      "properties": {
        "ip": "104.18.37.127",
        "url": "https://pbs.twimg.com/profile_images/1903293756218150914/owi6evDf_x96.jpg",
        "city": "Toronto",
        "region": "Ontario",
        "country": "Canada",
        "org": "Cloudflare, Inc.",
        "timezone": "America/Toronto",
        "source": "ip-api.com"
      },
      "geometry": {
        "type": "Point",
        "coordinates": [
          -79.3832,
          43.6532
        ]
      }
    },
    {
      "type": "Feature",
      "properties": {
        "ip": "104.18.37.127",
        "url": "https://pbs.twimg.com/profile_images/863584001/e2d285f194dae083a50f52a3_1__x96.jpg",
        "city": "Toronto",
        "region": "Ontario",
        "country": "Canada",
        "org": "Cloudflare, Inc.",
        "timezone": "America/Toronto",
        "source": "ip-api.com"
      },
      "geometry": {
        "type": "Point",
        "coordinates": [
          -79.3832,
          43.6532
        ]
      }
    },
    {
      "type": "Feature",
      "properties": {
        "ip": "104.18.37.127",
        "url": "https://pbs.twimg.com/profile_images/1651470623175213057/pXxCdS5q_x96.jpg",
        "city": "Toronto",
        "region": "Ontario",
        "country": "Canada",
        "org": "Cloudflare, Inc.",
        "timezone": "America/Toronto",
        "source": "ip-api.com"
      },
      "geometry": {
        "type": "Point",
        "coordinates": [
          -79.3832,
          43.6532
        ]
      }
    },
    {
      "type": "Feature",
      "properties": {
        "ip": "104.18.37.127",
        "url": "https://pbs.twimg.com/profile_images/1560681206056103936/6g8862HZ_x96.jpg",
        "city": "Toronto",
        "region": "Ontario",
        "country": "Canada",
        "org": "Cloudflare, Inc.",
        "timezone": "America/Toronto",
        "source": "ip-api.com"
      },
      "geometry": {
        "type": "Point",
        "coordinates": [
          -79.3832,
          43.6532
        ]
      }
    },
    {
      "type": "Feature",
      "properties": {
        "ip": "104.18.37.127",
        "url": "https://pbs.twimg.com/profile_images/1928315711509909505/4ESwmsxf_x96.jpg",
        "city": "Toronto",
        "region": "Ontario",
        "country": "Canada",
        "org": "Cloudflare, Inc.",
        "timezone": "America/Toronto",
        "source": "ip-api.com"
      },
      "geometry": {
        "type": "Point",
        "coordinates": [
          -79.3832,
          43.6532
        ]
      }
    },
    {
      "type": "Feature",
      "properties": {
        "ip": "104.18.37.127",
        "url": "https://pbs.twimg.com/profile_images/1789484330638561280/t4Js9UFO_x96.jpg",
        "city": "Toronto",
        "region": "Ontario",
        "country": "Canada",
        "org": "Cloudflare, Inc.",
        "timezone": "America/Toronto",
        "source": "ip-api.com"
      },
      "geometry": {
        "type": "Point",
        "coordinates": [
          -79.3832,
          43.6532
        ]
      }
    },
    {
      "type": "Feature",
      "properties": {
        "ip": "104.18.37.127",
        "url": "https://pbs.twimg.com/media/GwvfknTWEAAGJ_y.jpg",
        "city": "Toronto",
        "region": "Ontario",
        "country": "Canada",
        "org": "Cloudflare, Inc.",
        "timezone": "America/Toronto",
        "source": "ip-api.com"
      },
      "geometry": {
        "type": "Point",
        "coordinates": [
          -79.3832,
          43.6532
        ]
      }
    },
    {
      "type": "Feature",
      "properties": {
        "ip": "104.18.37.127",
        "url": "https://pbs.twimg.com/profile_images/444603428/1248506437_x96.gif",
        "city": "Toronto",
        "region": "Ontario",
        "country": "Canada",
        "org": "Cloudflare, Inc.",
        "timezone": "America/Toronto",
        "source": "ip-api.com"
      },
      "geometry": {
        "type": "Point",
        "coordinates": [
          -79.3832,
          43.6532
        ]
      }
    },
    {
      "type": "Feature",
      "properties": {
        "ip": "104.18.37.127",
        "url": "https://pbs.twimg.com/profile_images/1772826334999502848/ZdX2uBog_x96.jpg",
        "city": "Toronto",
        "region": "Ontario",
        "country": "Canada",
        "org": "Cloudflare, Inc.",
        "timezone": "America/Toronto",
        "source": "ip-api.com"
      },
      "geometry": {
        "type": "Point",
        "coordinates": [
          -79.3832,
          43.6532
        ]
      }
    },
    {
      "type": "Feature",
      "properties": {
        "ip": "104.18.37.127",
        "url": "https://pbs.twimg.com/profile_images/1761871172596363264/M-dDBDN8_x96.jpg",
        "city": "Toronto",
        "region": "Ontario",
        "country": "Canada",
        "org": "Cloudflare, Inc.",
        "timezone": "America/Toronto",
        "source": "ip-api.com"
      },
      "geometry": {
        "type": "Point",
        "coordinates": [
          -79.3832,
          43.6532
        ]
      }
    },
    {
      "type": "Feature",
      "properties": {
        "ip": "104.18.37.127",
        "url": "https://pbs.twimg.com/profile_images/1912733546407686145/-TA4wnE9_x96.jpg",
        "city": "Toronto",
        "region": "Ontario",
        "country": "Canada",
        "org": "Cloudflare, Inc.",
        "timezone": "America/Toronto",
        "source": "ip-api.com"
      },
      "geometry": {
        "type": "Point",
        "coordinates": [
          -79.3832,
          43.6532
        ]
      }
    },
    {
      "type": "Feature",
      "properties": {
        "ip": "104.18.37.127",
        "url": "https://pbs.twimg.com/profile_images/1906409839145963520/QLnX600a_x96.jpg",
        "city": "Toronto",
        "region": "Ontario",
        "country": "Canada",
        "org": "Cloudflare, Inc.",
        "timezone": "America/Toronto",
        "source": "ip-api.com"
      },
      "geometry": {
        "type": "Point",
        "coordinates": [
          -79.3832,
          43.6532
        ]
      }
    },
    {
      "type": "Feature",
      "properties": {
        "ip": "104.18.37.127",
        "url": "https://pbs.twimg.com/profile_images/1717629573062643712/dchCwXfL_x96.jpg",
        "city": "Toronto",
        "region": "Ontario",
        "country": "Canada",
        "org": "Cloudflare, Inc.",
        "timezone": "America/Toronto",
        "source": "ip-api.com"
      },
      "geometry": {
        "type": "Point",
        "coordinates": [
          -79.3832,
          43.6532
        ]
      }
    },
    {
      "type": "Feature",
      "properties": {
        "ip": "104.18.37.127",
        "url": "https://pbs.twimg.com/profile_images/1884989147204775936/IP8yYNDU_x96.jpg",
        "city": "Toronto",
        "region": "Ontario",
        "country": "Canada",
        "org": "Cloudflare, Inc.",
        "timezone": "America/Toronto",
        "source": "ip-api.com"
      },
      "geometry": {
        "type": "Point",
        "coordinates": [
          -79.3832,
          43.6532
        ]
      }
    },
    {
      "type": "Feature",
      "properties": {
        "ip": "104.18.37.127",
        "url": "https://pbs.twimg.com/media/GPKJwLGXoAA28XA?format=jpg&name=120x120",
        "city": "Toronto",
        "region": "Ontario",
        "country": "Canada",
        "org": "Cloudflare, Inc.",
        "timezone": "America/Toronto",
        "source": "ip-api.com"
      },
      "geometry": {
        "type": "Point",
        "coordinates": [
          -79.3832,
          43.6532
        ]
      }
    },
    {
      "type": "Feature",
      "properties": {
        "ip": "104.18.37.127",
        "url": "https://pbs.twimg.com/profile_images/1739343941722611712/K2DgT6Cw_x96.jpg",
        "city": "Toronto",
        "region": "Ontario",
        "country": "Canada",
        "org": "Cloudflare, Inc.",
        "timezone": "America/Toronto",
        "source": "ip-api.com"
      },
      "geometry": {
        "type": "Point",
        "coordinates": [
          -79.3832,
          43.6532
        ]
      }
    },
    {
      "type": "Feature",
      "properties": {
        "ip": "104.18.37.127",
        "url": "https://pbs.twimg.com/profile_images/1884442231576354818/ThRA6qlL_x96.jpg",
        "city": "Toronto",
        "region": "Ontario",
        "country": "Canada",
        "org": "Cloudflare, Inc.",
        "timezone": "America/Toronto",
        "source": "ip-api.com"
      },
      "geometry": {
        "type": "Point",
        "coordinates": [
          -79.3832,
          43.6532
        ]
      }
    },
    {
      "type": "Feature",
      "properties": {
        "ip": "104.18.37.127",
        "url": "https://pbs.twimg.com/profile_images/1683899100922511378/5lY42eHs_bigger.jpg",
        "city": "Toronto",
        "region": "Ontario",
        "country": "Canada",
        "org": "Cloudflare, Inc.",
        "timezone": "America/Toronto",
        "source": "ip-api.com"
      },
      "geometry": {
        "type": "Point",
        "coordinates": [
          -79.3832,
          43.6532
        ]
      }
    },
    {
      "type": "Feature",
      "properties": {
        "ip": "104.18.37.127",
        "url": "https://pbs.twimg.com/media/GxEHiseaIAAGH00?format=jpg&name=900x900",
        "city": "Toronto",
        "region": "Ontario",
        "country": "Canada",
        "org": "Cloudflare, Inc.",
        "timezone": "America/Toronto",
        "source": "ip-api.com"
      },
      "geometry": {
        "type": "Point",
        "coordinates": [
          -79.3832,
          43.6532
        ]
      }
    },
    {
      "type": "Feature",
      "properties": {
        "ip": "104.18.37.127",
        "url": "https://pbs.twimg.com/profile_images/1741385714158473216/9DK2MsmR_x96.jpg",
        "city": "Toronto",
        "region": "Ontario",
        "country": "Canada",
        "org": "Cloudflare, Inc.",
        "timezone": "America/Toronto",
        "source": "ip-api.com"
      },
      "geometry": {
        "type": "Point",
        "coordinates": [
          -79.3832,
          43.6532
        ]
      }
    },
    {
      "type": "Feature",
      "properties": {
        "ip": "104.18.37.127",
        "url": "https://pbs.twimg.com/media/Gw_HvBvWUAA4H6d?format=jpg&name=small",
        "city": "Toronto",
        "region": "Ontario",
        "country": "Canada",
        "org": "Cloudflare, Inc.",
        "timezone": "America/Toronto",
        "source": "ip-api.com"
      },
      "geometry": {
        "type": "Point",
        "coordinates": [
          -79.3832,
          43.6532
        ]
      }
    },
    {
      "type": "Feature",
      "properties": {
        "ip": "104.18.37.127",
        "url": "https://pbs.twimg.com/profile_images/1722896469626355712/WFXtNDwc_x96.jpg",
        "city": "Toronto",
        "region": "Ontario",
        "country": "Canada",
        "org": "Cloudflare, Inc.",
        "timezone": "America/Toronto",
        "source": "ip-api.com"
      },
      "geometry": {
        "type": "Point",
        "coordinates": [
          -79.3832,
          43.6532
        ]
      }
    },
    {
      "type": "Feature",
      "properties": {
        "ip": "104.18.37.127",
        "url": "https://pbs.twimg.com/media/Gw_1tsKW4AAWjta?format=jpg&name=small",
        "city": "Toronto",
        "region": "Ontario",
        "country": "Canada",
        "org": "Cloudflare, Inc.",
        "timezone": "America/Toronto",
        "source": "ip-api.com"
      },
      "geometry": {
        "type": "Point",
        "coordinates": [
          -79.3832,
          43.6532
        ]
      }
    },
    {
      "type": "Feature",
      "properties": {
        "ip": "104.18.37.127",
        "url": "https://pbs.twimg.com/profile_images/1194990365335535623/3LB31i2b_x96.jpg",
        "city": "Toronto",
        "region": "Ontario",
        "country": "Canada",
        "org": "Cloudflare, Inc.",
        "timezone": "America/Toronto",
        "source": "ip-api.com"
      },
      "geometry": {
        "type": "Point",
        "coordinates": [
          -79.3832,
          43.6532
        ]
      }
    },
    {
      "type": "Feature",
      "properties": {
        "ip": "104.18.37.127",
        "url": "https://pbs.twimg.com/profile_images/1888963903343771648/8IlDKurj_bigger.jpg",
        "city": "Toronto",
        "region": "Ontario",
        "country": "Canada",
        "org": "Cloudflare, Inc.",
        "timezone": "America/Toronto",
        "source": "ip-api.com"
      },
      "geometry": {
        "type": "Point",
        "coordinates": [
          -79.3832,
          43.6532
        ]
      }
    },
    {
      "type": "Feature",
      "properties": {
        "ip": "104.18.37.127",
        "url": "https://pbs.twimg.com/media/GxCmD5waYAAosPE?format=jpg&name=360x360",
        "city": "Toronto",
        "region": "Ontario",
        "country": "Canada",
        "org": "Cloudflare, Inc.",
        "timezone": "America/Toronto",
        "source": "ip-api.com"
      },
      "geometry": {
        "type": "Point",
        "coordinates": [
          -79.3832,
          43.6532
        ]
      }
    },
    {
      "type": "Feature",
      "properties": {
        "ip": "104.18.37.127",
        "url": "https://pbs.twimg.com/profile_images/1244193822952714240/lmj1HZ8V_x96.jpg",
        "city": "Toronto",
        "region": "Ontario",
        "country": "Canada",
        "org": "Cloudflare, Inc.",
        "timezone": "America/Toronto",
        "source": "ip-api.com"
      },
      "geometry": {
        "type": "Point",
        "coordinates": [
          -79.3832,
          43.6532
        ]
      }
    },
    {
      "type": "Feature",
      "properties": {
        "ip": "104.18.37.127",
        "url": "https://pbs.twimg.com/profile_images/1268193217566011392/L4Jc6cJT_x96.jpg",
        "city": "Toronto",
        "region": "Ontario",
        "country": "Canada",
        "org": "Cloudflare, Inc.",
        "timezone": "America/Toronto",
        "source": "ip-api.com"
      },
      "geometry": {
        "type": "Point",
        "coordinates": [
          -79.3832,
          43.6532
        ]
      }
    },
    {
      "type": "Feature",
      "properties": {
        "ip": "104.18.37.127",
        "url": "https://pbs.twimg.com/profile_images/1947674626772942848/tPbNkqAX_x96.jpg",
        "city": "Toronto",
        "region": "Ontario",
        "country": "Canada",
        "org": "Cloudflare, Inc.",
        "timezone": "America/Toronto",
        "source": "ip-api.com"
      },
      "geometry": {
        "type": "Point",
        "coordinates": [
          -79.3832,
          43.6532
        ]
      }
    },
    {
      "type": "Feature",
      "properties": {
        "ip": "104.18.37.127",
        "url": "https://pbs.twimg.com/profile_images/1128202729619255296/iOCNuPrY_x96.jpg",
        "city": "Toronto",
        "region": "Ontario",
        "country": "Canada",
        "org": "Cloudflare, Inc.",
        "timezone": "America/Toronto",
        "source": "ip-api.com"
      },
      "geometry": {
        "type": "Point",
        "coordinates": [
          -79.3832,
          43.6532
        ]
      }
    },
    {
      "type": "Feature",
      "properties": {
        "ip": "104.18.37.127",
        "url": "https://pbs.twimg.com/profile_images/1638472606381907969/Zg6Kg7m1_x96.jpg",
        "city": "Toronto",
        "region": "Ontario",
        "country": "Canada",
        "org": "Cloudflare, Inc.",
        "timezone": "America/Toronto",
        "source": "ip-api.com"
      },
      "geometry": {
        "type": "Point",
        "coordinates": [
          -79.3832,
          43.6532
        ]
      }
    },
    {
      "type": "Feature",
      "properties": {
        "ip": "104.18.37.127",
        "url": "https://pbs.twimg.com/profile_images/1761812987017572352/mbWI9cwm_x96.jpg",
        "city": "Toronto",
        "region": "Ontario",
        "country": "Canada",
        "org": "Cloudflare, Inc.",
        "timezone": "America/Toronto",
        "source": "ip-api.com"
      },
      "geometry": {
        "type": "Point",
        "coordinates": [
          -79.3832,
          43.6532
        ]
      }
    },
    {
      "type": "Feature",
      "properties": {
        "ip": "104.18.37.127",
        "url": "https://pbs.twimg.com/profile_images/1674781884830879750/9vYRLaoG_x96.jpg",
        "city": "Toronto",
        "region": "Ontario",
        "country": "Canada",
        "org": "Cloudflare, Inc.",
        "timezone": "America/Toronto",
        "source": "ip-api.com"
      },
      "geometry": {
        "type": "Point",
        "coordinates": [
          -79.3832,
          43.6532
        ]
      }
    },
    {
      "type": "Feature",
      "properties": {
        "ip": "104.18.37.127",
        "url": "https://pbs.twimg.com/media/GxBKu-zbUAEzijm?format=jpg&name=medium",
        "city": "Toronto",
        "region": "Ontario",
        "country": "Canada",
        "org": "Cloudflare, Inc.",
        "timezone": "America/Toronto",
        "source": "ip-api.com"
      },
      "geometry": {
        "type": "Point",
        "coordinates": [
          -79.3832,
          43.6532
        ]
      }
    },
    {
      "type": "Feature",
      "properties": {
        "ip": "104.18.37.127",
        "url": "https://pbs.twimg.com/profile_images/1486225688206376965/l5Ia85XQ_x96.jpg",
        "city": "Toronto",
        "region": "Ontario",
        "country": "Canada",
        "org": "Cloudflare, Inc.",
        "timezone": "America/Toronto",
        "source": "ip-api.com"
      },
      "geometry": {
        "type": "Point",
        "coordinates": [
          -79.3832,
          43.6532
        ]
      }
    },
    {
      "type": "Feature",
      "properties": {
        "ip": "104.18.37.127",
        "url": "https://pbs.twimg.com/media/GxB6DRybUAAZWmh?format=jpg&name=medium",
        "city": "Toronto",
        "region": "Ontario",
        "country": "Canada",
        "org": "Cloudflare, Inc.",
        "timezone": "America/Toronto",
        "source": "ip-api.com"
      },
      "geometry": {
        "type": "Point",
        "coordinates": [
          -79.3832,
          43.6532
        ]
      }
    },
    {
      "type": "Feature",
      "properties": {
        "ip": "104.18.37.127",
        "url": "https://pbs.twimg.com/profile_images/1950038293153767424/NWmZHjAf_x96.jpg",
        "city": "Toronto",
        "region": "Ontario",
        "country": "Canada",
        "org": "Cloudflare, Inc.",
        "timezone": "America/Toronto",
        "source": "ip-api.com"
      },
      "geometry": {
        "type": "Point",
        "coordinates": [
          -79.3832,
          43.6532
        ]
      }
    },
    {
      "type": "Feature",
      "properties": {
        "ip": "104.18.37.127",
        "url": "https://pbs.twimg.com/profile_images/1922395127168847872/ZyiMeVo1_x96.jpg",
        "city": "Toronto",
        "region": "Ontario",
        "country": "Canada",
        "org": "Cloudflare, Inc.",
        "timezone": "America/Toronto",
        "source": "ip-api.com"
      },
      "geometry": {
        "type": "Point",
        "coordinates": [
          -79.3832,
          43.6532
        ]
      }
    },
    {
      "type": "Feature",
      "properties": {
        "ip": "104.18.37.127",
        "url": "https://pbs.twimg.com/profile_images/1839337086136340480/Eigq4ygj_x96.jpg",
        "city": "Toronto",
        "region": "Ontario",
        "country": "Canada",
        "org": "Cloudflare, Inc.",
        "timezone": "America/Toronto",
        "source": "ip-api.com"
      },
      "geometry": {
        "type": "Point",
        "coordinates": [
          -79.3832,
          43.6532
        ]
      }
    },
    {
      "type": "Feature",
      "properties": {
        "ip": "104.18.37.127",
        "url": "https://pbs.twimg.com/media/Gw4kmCGXYAAlqMN?format=jpg&name=360x360",
        "city": "Toronto",
        "region": "Ontario",
        "country": "Canada",
        "org": "Cloudflare, Inc.",
        "timezone": "America/Toronto",
        "source": "ip-api.com"
      },
      "geometry": {
        "type": "Point",
        "coordinates": [
          -79.3832,
          43.6532
        ]
      }
    },
    {
      "type": "Feature",
      "properties": {
        "ip": "104.18.37.127",
        "url": "https://pbs.twimg.com/profile_images/1561349018952818690/f0BU8Qdu_x96.jpg",
        "city": "Toronto",
        "region": "Ontario",
        "country": "Canada",
        "org": "Cloudflare, Inc.",
        "timezone": "America/Toronto",
        "source": "ip-api.com"
      },
      "geometry": {
        "type": "Point",
        "coordinates": [
          -79.3832,
          43.6532
        ]
      }
    },
    {
      "type": "Feature",
      "properties": {
        "ip": "104.18.37.127",
        "url": "https://pbs.twimg.com/media/GxBiHM0bUAMDuku?format=jpg&name=medium",
        "city": "Toronto",
        "region": "Ontario",
        "country": "Canada",
        "org": "Cloudflare, Inc.",
        "timezone": "America/Toronto",
        "source": "ip-api.com"
      },
      "geometry": {
        "type": "Point",
        "coordinates": [
          -79.3832,
          43.6532
        ]
      }
    },
    {
      "type": "Feature",
      "properties": {
        "ip": "104.18.37.127",
        "url": "https://pbs.twimg.com/media/Gvcs2KrWkAAM3qZ?format=jpg&name=120x120",
        "city": "Toronto",
        "region": "Ontario",
        "country": "Canada",
        "org": "Cloudflare, Inc.",
        "timezone": "America/Toronto",
        "source": "ip-api.com"
      },
      "geometry": {
        "type": "Point",
        "coordinates": [
          -79.3832,
          43.6532
        ]
      }
    },
    {
      "type": "Feature",
      "properties": {
        "ip": "104.18.37.127",
        "url": "https://pbs.twimg.com/profile_images/1760955910665441281/4mJf7CiT_x96.jpg",
        "city": "Toronto",
        "region": "Ontario",
        "country": "Canada",
        "org": "Cloudflare, Inc.",
        "timezone": "America/Toronto",
        "source": "ip-api.com"
      },
      "geometry": {
        "type": "Point",
        "coordinates": [
          -79.3832,
          43.6532
        ]
      }
    },
    {
      "type": "Feature",
      "properties": {
        "ip": "104.18.37.127",
        "url": "https://pbs.twimg.com/profile_images/1496164623330193408/C8oaooZR_x96.jpg",
        "city": "Toronto",
        "region": "Ontario",
        "country": "Canada",
        "org": "Cloudflare, Inc.",
        "timezone": "America/Toronto",
        "source": "ip-api.com"
      },
      "geometry": {
        "type": "Point",
        "coordinates": [
          -79.3832,
          43.6532
        ]
      }
    },
    {
      "type": "Feature",
      "properties": {
        "ip": "104.18.37.127",
        "url": "https://pbs.twimg.com/profile_images/1711059774383763456/DOgO3vH2_x96.jpg",
        "city": "Toronto",
        "region": "Ontario",
        "country": "Canada",
        "org": "Cloudflare, Inc.",
        "timezone": "America/Toronto",
        "source": "ip-api.com"
      },
      "geometry": {
        "type": "Point",
        "coordinates": [
          -79.3832,
          43.6532
        ]
      }
    },
    {
      "type": "Feature",
      "properties": {
        "ip": "104.18.37.127",
        "url": "https://pbs.twimg.com/profile_images/1597759406800015362/aLRPPSoW_x96.jpg",
        "city": "Toronto",
        "region": "Ontario",
        "country": "Canada",
        "org": "Cloudflare, Inc.",
        "timezone": "America/Toronto",
        "source": "ip-api.com"
      },
      "geometry": {
        "type": "Point",
        "coordinates": [
          -79.3832,
          43.6532
        ]
      }
    },
    {
      "type": "Feature",
      "properties": {
        "ip": "104.18.37.127",
        "url": "https://pbs.twimg.com/media/Gw8cc0wbcAAmiVt?format=jpg&name=large",
        "city": "Toronto",
        "region": "Ontario",
        "country": "Canada",
        "org": "Cloudflare, Inc.",
        "timezone": "America/Toronto",
        "source": "ip-api.com"
      },
      "geometry": {
        "type": "Point",
        "coordinates": [
          -79.3832,
          43.6532
        ]
      }
    },
    {
      "type": "Feature",
      "properties": {
        "ip": "104.18.37.127",
        "url": "https://pbs.twimg.com/profile_images/1895277422309720064/L5cM2STb_x96.jpg",
        "city": "Toronto",
        "region": "Ontario",
        "country": "Canada",
        "org": "Cloudflare, Inc.",
        "timezone": "America/Toronto",
        "source": "ip-api.com"
      },
      "geometry": {
        "type": "Point",
        "coordinates": [
          -79.3832,
          43.6532
        ]
      }
    },
    {
      "type": "Feature",
      "properties": {
        "ip": "104.18.37.127",
        "url": "https://pbs.twimg.com/media/GxBKH8VXoAALyb2?format=jpg&name=medium",
        "city": "Toronto",
        "region": "Ontario",
        "country": "Canada",
        "org": "Cloudflare, Inc.",
        "timezone": "America/Toronto",
        "source": "ip-api.com"
      },
      "geometry": {
        "type": "Point",
        "coordinates": [
          -79.3832,
          43.6532
        ]
      }
    },
    {
      "type": "Feature",
      "properties": {
        "ip": "104.18.37.127",
        "url": "https://pbs.twimg.com/profile_images/1876865719087800320/7OBJ9rWV_x96.jpg",
        "city": "Toronto",
        "region": "Ontario",
        "country": "Canada",
        "org": "Cloudflare, Inc.",
        "timezone": "America/Toronto",
        "source": "ip-api.com"
      },
      "geometry": {
        "type": "Point",
        "coordinates": [
          -79.3832,
          43.6532
        ]
      }
    },
    {
      "type": "Feature",
      "properties": {
        "ip": "104.18.37.127",
        "url": "https://pbs.twimg.com/profile_images/1882056070241177600/_RvuoDku_x96.jpg",
        "city": "Toronto",
        "region": "Ontario",
        "country": "Canada",
        "org": "Cloudflare, Inc.",
        "timezone": "America/Toronto",
        "source": "ip-api.com"
      },
      "geometry": {
        "type": "Point",
        "coordinates": [
          -79.3832,
          43.6532
        ]
      }
    },
    {
      "type": "Feature",
      "properties": {
        "ip": "104.18.37.127",
        "url": "https://pbs.twimg.com/profile_images/1843115463741775872/1ZQo_d3A_x96.jpg",
        "city": "Toronto",
        "region": "Ontario",
        "country": "Canada",
        "org": "Cloudflare, Inc.",
        "timezone": "America/Toronto",
        "source": "ip-api.com"
      },
      "geometry": {
        "type": "Point",
        "coordinates": [
          -79.3832,
          43.6532
        ]
      }
    },
    {
      "type": "Feature",
      "properties": {
        "ip": "104.18.37.127",
        "url": "https://pbs.twimg.com/profile_images/1949533557975605249/n7NTZqaj_x96.jpg",
        "city": "Toronto",
        "region": "Ontario",
        "country": "Canada",
        "org": "Cloudflare, Inc.",
        "timezone": "America/Toronto",
        "source": "ip-api.com"
      },
      "geometry": {
        "type": "Point",
        "coordinates": [
          -79.3832,
          43.6532
        ]
      }
    },
    {
      "type": "Feature",
      "properties": {
        "ip": "104.18.37.127",
        "url": "https://pbs.twimg.com/media/Gw_1tsOXQAAF7xf?format=jpg&name=large",
        "city": "Toronto",
        "region": "Ontario",
        "country": "Canada",
        "org": "Cloudflare, Inc.",
        "timezone": "America/Toronto",
        "source": "ip-api.com"
      },
      "geometry": {
        "type": "Point",
        "coordinates": [
          -79.3832,
          43.6532
        ]
      }
    },
    {
      "type": "Feature",
      "properties": {
        "ip": "104.18.37.127",
        "url": "https://pbs.twimg.com/profile_images/1342117237814005761/E5te7yO9_x96.jpg",
        "city": "Toronto",
        "region": "Ontario",
        "country": "Canada",
        "org": "Cloudflare, Inc.",
        "timezone": "America/Toronto",
        "source": "ip-api.com"
      },
      "geometry": {
        "type": "Point",
        "coordinates": [
          -79.3832,
          43.6532
        ]
      }
    },
    {
      "type": "Feature",
      "properties": {
        "ip": "104.18.37.127",
        "url": "https://pbs.twimg.com/profile_images/1284508894878994432/g_N2vtNf_x96.jpg",
        "city": "Toronto",
        "region": "Ontario",
        "country": "Canada",
        "org": "Cloudflare, Inc.",
        "timezone": "America/Toronto",
        "source": "ip-api.com"
      },
      "geometry": {
        "type": "Point",
        "coordinates": [
          -79.3832,
          43.6532
        ]
      }
    },
    {
      "type": "Feature",
      "properties": {
        "ip": "104.18.37.127",
        "url": "https://pbs.twimg.com/profile_images/1920550980183064578/VaUXyyuv_x96.jpg",
        "city": "Toronto",
        "region": "Ontario",
        "country": "Canada",
        "org": "Cloudflare, Inc.",
        "timezone": "America/Toronto",
        "source": "ip-api.com"
      },
      "geometry": {
        "type": "Point",
        "coordinates": [
          -79.3832,
          43.6532
        ]
      }
    },
    {
      "type": "Feature",
      "properties": {
        "ip": "104.18.37.127",
        "url": "https://pbs.twimg.com/profile_images/1945035110572810241/CHuLuLEF_x96.jpg",
        "city": "Toronto",
        "region": "Ontario",
        "country": "Canada",
        "org": "Cloudflare, Inc.",
        "timezone": "America/Toronto",
        "source": "ip-api.com"
      },
      "geometry": {
        "type": "Point",
        "coordinates": [
          -79.3832,
          43.6532
        ]
      }
    },
    {
      "type": "Feature",
      "properties": {
        "ip": "104.18.37.127",
        "url": "https://pbs.twimg.com/profile_images/1587176262094626816/C2dyZYPs_x96.jpg",
        "city": "Toronto",
        "region": "Ontario",
        "country": "Canada",
        "org": "Cloudflare, Inc.",
        "timezone": "America/Toronto",
        "source": "ip-api.com"
      },
      "geometry": {
        "type": "Point",
        "coordinates": [
          -79.3832,
          43.6532
        ]
      }
    },
    {
      "type": "Feature",
      "properties": {
        "ip": "104.18.37.127",
        "url": "https://pbs.twimg.com/media/Gwn-OkAWIAAq_ah?format=jpg&name=360x360",
        "city": "Toronto",
        "region": "Ontario",
        "country": "Canada",
        "org": "Cloudflare, Inc.",
        "timezone": "America/Toronto",
        "source": "ip-api.com"
      },
      "geometry": {
        "type": "Point",
        "coordinates": [
          -79.3832,
          43.6532
        ]
      }
    },
    {
      "type": "Feature",
      "properties": {
        "ip": "104.18.37.127",
        "url": "https://pbs.twimg.com/profile_images/1913480201872510976/evQLRip1_x96.jpg",
        "city": "Toronto",
        "region": "Ontario",
        "country": "Canada",
        "org": "Cloudflare, Inc.",
        "timezone": "America/Toronto",
        "source": "ip-api.com"
      },
      "geometry": {
        "type": "Point",
        "coordinates": [
          -79.3832,
          43.6532
        ]
      }
    },
    {
      "type": "Feature",
      "properties": {
        "ip": "104.18.37.127",
        "url": "https://pbs.twimg.com/media/GPKJvUoWQAAhGJ3?format=jpg&name=120x120",
        "city": "Toronto",
        "region": "Ontario",
        "country": "Canada",
        "org": "Cloudflare, Inc.",
        "timezone": "America/Toronto",
        "source": "ip-api.com"
      },
      "geometry": {
        "type": "Point",
        "coordinates": [
          -79.3832,
          43.6532
        ]
      }
    },
    {
      "type": "Feature",
      "properties": {
        "ip": "104.18.37.127",
        "url": "https://pbs.twimg.com/profile_images/1742239844129210369/Y0waOB9T_x96.jpg",
        "city": "Toronto",
        "region": "Ontario",
        "country": "Canada",
        "org": "Cloudflare, Inc.",
        "timezone": "America/Toronto",
        "source": "ip-api.com"
      },
      "geometry": {
        "type": "Point",
        "coordinates": [
          -79.3832,
          43.6532
        ]
      }
    },
    {
      "type": "Feature",
      "properties": {
        "ip": "104.18.37.127",
        "url": "https://pbs.twimg.com/profile_images/1885410181409820672/ztsaR0JW_normal.jpg",
        "city": "Toronto",
        "region": "Ontario",
        "country": "Canada",
        "org": "Cloudflare, Inc.",
        "timezone": "America/Toronto",
        "source": "ip-api.com"
      },
      "geometry": {
        "type": "Point",
        "coordinates": [
          -79.3832,
          43.6532
        ]
      }
    },
    {
      "type": "Feature",
      "properties": {
        "ip": "104.18.37.127",
        "url": "https://pbs.twimg.com/profile_images/1384371275498328068/iTSZKcMG_x96.jpg",
        "city": "Toronto",
        "region": "Ontario",
        "country": "Canada",
        "org": "Cloudflare, Inc.",
        "timezone": "America/Toronto",
        "source": "ip-api.com"
      },
      "geometry": {
        "type": "Point",
        "coordinates": [
          -79.3832,
          43.6532
        ]
      }
    },
    {
      "type": "Feature",
      "properties": {
        "ip": "104.18.37.127",
        "url": "https://pbs.twimg.com/profile_images/1946619305245691904/3gmdnZ3C_x96.jpg",
        "city": "Toronto",
        "region": "Ontario",
        "country": "Canada",
        "org": "Cloudflare, Inc.",
        "timezone": "America/Toronto",
        "source": "ip-api.com"
      },
      "geometry": {
        "type": "Point",
        "coordinates": [
          -79.3832,
          43.6532
        ]
      }
    },
    {
      "type": "Feature",
      "properties": {
        "ip": "104.18.37.127",
        "url": "https://pbs.twimg.com/media/GxEWP_DbUAA0z-h?format=jpg&name=medium",
        "city": "Toronto",
        "region": "Ontario",
        "country": "Canada",
        "org": "Cloudflare, Inc.",
        "timezone": "America/Toronto",
        "source": "ip-api.com"
      },
      "geometry": {
        "type": "Point",
        "coordinates": [
          -79.3832,
          43.6532
        ]
      }
    },
    {
      "type": "Feature",
      "properties": {
        "ip": "104.18.37.127",
        "url": "https://pbs.twimg.com/profile_images/1385823810037768196/YeTeHYZp_x96.jpg",
        "city": "Toronto",
        "region": "Ontario",
        "country": "Canada",
        "org": "Cloudflare, Inc.",
        "timezone": "America/Toronto",
        "source": "ip-api.com"
      },
      "geometry": {
        "type": "Point",
        "coordinates": [
          -79.3832,
          43.6532
        ]
      }
    },
    {
      "type": "Feature",
      "properties": {
        "ip": "104.18.37.127",
        "url": "https://pbs.twimg.com/media/GxEBJE4bUAAXGs4?format=jpg&name=large",
        "city": "Toronto",
        "region": "Ontario",
        "country": "Canada",
        "org": "Cloudflare, Inc.",
        "timezone": "America/Toronto",
        "source": "ip-api.com"
      },
      "geometry": {
        "type": "Point",
        "coordinates": [
          -79.3832,
          43.6532
        ]
      }
    },
    {
      "type": "Feature",
      "properties": {
        "ip": "104.18.37.127",
        "url": "https://pbs.twimg.com/profile_images/1825593581933047810/ViAgDK1j_x96.jpg",
        "city": "Toronto",
        "region": "Ontario",
        "country": "Canada",
        "org": "Cloudflare, Inc.",
        "timezone": "America/Toronto",
        "source": "ip-api.com"
      },
      "geometry": {
        "type": "Point",
        "coordinates": [
          -79.3832,
          43.6532
        ]
      }
    },
    {
      "type": "Feature",
      "properties": {
        "ip": "104.18.37.127",
        "url": "https://pbs.twimg.com/profile_images/1919643547776819200/5vTNWamm_x96.jpg",
        "city": "Toronto",
        "region": "Ontario",
        "country": "Canada",
        "org": "Cloudflare, Inc.",
        "timezone": "America/Toronto",
        "source": "ip-api.com"
      },
      "geometry": {
        "type": "Point",
        "coordinates": [
          -79.3832,
          43.6532
        ]
      }
    },
    {
      "type": "Feature",
      "properties": {
        "ip": "104.18.37.127",
        "url": "https://pbs.twimg.com/profile_images/1779908549474459648/WxddBnOu_x96.jpg",
        "city": "Toronto",
        "region": "Ontario",
        "country": "Canada",
        "org": "Cloudflare, Inc.",
        "timezone": "America/Toronto",
        "source": "ip-api.com"
      },
      "geometry": {
        "type": "Point",
        "coordinates": [
          -79.3832,
          43.6532
        ]
      }
    },
    {
      "type": "Feature",
      "properties": {
        "ip": "104.18.37.127",
        "url": "https://pbs.twimg.com/profile_images/1948442059439775744/ScraW5rF_x96.jpg",
        "city": "Toronto",
        "region": "Ontario",
        "country": "Canada",
        "org": "Cloudflare, Inc.",
        "timezone": "America/Toronto",
        "source": "ip-api.com"
      },
      "geometry": {
        "type": "Point",
        "coordinates": [
          -79.3832,
          43.6532
        ]
      }
    },
    {
      "type": "Feature",
      "properties": {
        "ip": "104.18.37.127",
        "url": "https://pbs.twimg.com/media/GGKGurwXUAACJ_h?format=png&name=120x120",
        "city": "Toronto",
        "region": "Ontario",
        "country": "Canada",
        "org": "Cloudflare, Inc.",
        "timezone": "America/Toronto",
        "source": "ip-api.com"
      },
      "geometry": {
        "type": "Point",
        "coordinates": [
          -79.3832,
          43.6532
        ]
      }
    },
    {
      "type": "Feature",
      "properties": {
        "ip": "104.18.37.127",
        "url": "https://pbs.twimg.com/profile_images/1882364902154911744/WM4UrANp_x96.jpg",
        "city": "Toronto",
        "region": "Ontario",
        "country": "Canada",
        "org": "Cloudflare, Inc.",
        "timezone": "America/Toronto",
        "source": "ip-api.com"
      },
      "geometry": {
        "type": "Point",
        "coordinates": [
          -79.3832,
          43.6532
        ]
      }
    },
    {
      "type": "Feature",
      "properties": {
        "ip": "104.18.37.127",
        "url": "https://pbs.twimg.com/profile_images/1739044393053753344/fAch4A1w_x96.jpg",
        "city": "Toronto",
        "region": "Ontario",
        "country": "Canada",
        "org": "Cloudflare, Inc.",
        "timezone": "America/Toronto",
        "source": "ip-api.com"
      },
      "geometry": {
        "type": "Point",
        "coordinates": [
          -79.3832,
          43.6532
        ]
      }
    },
    {
      "type": "Feature",
      "properties": {
        "ip": "104.18.37.127",
        "url": "https://pbs.twimg.com/media/GxEF-45bUAE2J32?format=jpg&name=small",
        "city": "Toronto",
        "region": "Ontario",
        "country": "Canada",
        "org": "Cloudflare, Inc.",
        "timezone": "America/Toronto",
        "source": "ip-api.com"
      },
      "geometry": {
        "type": "Point",
        "coordinates": [
          -79.3832,
          43.6532
        ]
      }
    },
    {
      "type": "Feature",
      "properties": {
        "ip": "104.18.37.127",
        "url": "https://pbs.twimg.com/profile_images/1612433922733887489/7f5XFklA_normal.jpg",
        "city": "Toronto",
        "region": "Ontario",
        "country": "Canada",
        "org": "Cloudflare, Inc.",
        "timezone": "America/Toronto",
        "source": "ip-api.com"
      },
      "geometry": {
        "type": "Point",
        "coordinates": [
          -79.3832,
          43.6532
        ]
      }
    },
    {
      "type": "Feature",
      "properties": {
        "ip": "104.18.37.127",
        "url": "https://pbs.twimg.com/profile_images/1656912531057950721/5ZC8nDzf_x96.png",
        "city": "Toronto",
        "region": "Ontario",
        "country": "Canada",
        "org": "Cloudflare, Inc.",
        "timezone": "America/Toronto",
        "source": "ip-api.com"
      },
      "geometry": {
        "type": "Point",
        "coordinates": [
          -79.3832,
          43.6532
        ]
      }
    },
    {
      "type": "Feature",
      "properties": {
        "ip": "104.18.37.127",
        "url": "https://pbs.twimg.com/media/Gw74UPHXUAAc86x?format=jpg&name=medium",
        "city": "Toronto",
        "region": "Ontario",
        "country": "Canada",
        "org": "Cloudflare, Inc.",
        "timezone": "America/Toronto",
        "source": "ip-api.com"
      },
      "geometry": {
        "type": "Point",
        "coordinates": [
          -79.3832,
          43.6532
        ]
      }
    },
    {
      "type": "Feature",
      "properties": {
        "ip": "104.18.37.127",
        "url": "https://pbs.twimg.com/profile_images/1693317073865408513/KVXEE13__x96.jpg",
        "city": "Toronto",
        "region": "Ontario",
        "country": "Canada",
        "org": "Cloudflare, Inc.",
        "timezone": "America/Toronto",
        "source": "ip-api.com"
      },
      "geometry": {
        "type": "Point",
        "coordinates": [
          -79.3832,
          43.6532
        ]
      }
    },
    {
      "type": "Feature",
      "properties": {
        "ip": "104.18.37.127",
        "url": "https://pbs.twimg.com/profile_images/1907300025425932288/2V4BYe25_x96.png",
        "city": "Toronto",
        "region": "Ontario",
        "country": "Canada",
        "org": "Cloudflare, Inc.",
        "timezone": "America/Toronto",
        "source": "ip-api.com"
      },
      "geometry": {
        "type": "Point",
        "coordinates": [
          -79.3832,
          43.6532
        ]
      }
    },
    {
      "type": "Feature",
      "properties": {
        "ip": "104.18.37.127",
        "url": "https://pbs.twimg.com/profile_images/1796130948133924864/dhJAC8Gv_x96.jpg",
        "city": "Toronto",
        "region": "Ontario",
        "country": "Canada",
        "org": "Cloudflare, Inc.",
        "timezone": "America/Toronto",
        "source": "ip-api.com"
      },
      "geometry": {
        "type": "Point",
        "coordinates": [
          -79.3832,
          43.6532
        ]
      }
    },
    {
      "type": "Feature",
      "properties": {
        "ip": "104.18.37.127",
        "url": "https://pbs.twimg.com/profile_images/1254053167760723968/KlPcTnEc_x96.jpg",
        "city": "Toronto",
        "region": "Ontario",
        "country": "Canada",
        "org": "Cloudflare, Inc.",
        "timezone": "America/Toronto",
        "source": "ip-api.com"
      },
      "geometry": {
        "type": "Point",
        "coordinates": [
          -79.3832,
          43.6532
        ]
      }
    },
    {
      "type": "Feature",
      "properties": {
        "ip": "104.18.37.127",
        "url": "https://pbs.twimg.com/profile_images/1855559686176837632/ijVI3Uv-_x96.jpg",
        "city": "Toronto",
        "region": "Ontario",
        "country": "Canada",
        "org": "Cloudflare, Inc.",
        "timezone": "America/Toronto",
        "source": "ip-api.com"
      },
      "geometry": {
        "type": "Point",
        "coordinates": [
          -79.3832,
          43.6532
        ]
      }
    },
    {
      "type": "Feature",
      "properties": {
        "ip": "104.18.37.127",
        "url": "https://pbs.twimg.com/media/Gw_cCmpXAAASwAz?format=jpg&name=small",
        "city": "Toronto",
        "region": "Ontario",
        "country": "Canada",
        "org": "Cloudflare, Inc.",
        "timezone": "America/Toronto",
        "source": "ip-api.com"
      },
      "geometry": {
        "type": "Point",
        "coordinates": [
          -79.3832,
          43.6532
        ]
      }
    },
    {
      "type": "Feature",
      "properties": {
        "ip": "104.18.37.127",
        "url": "https://pbs.twimg.com/media/GxBYun5a4AAvW_J?format=jpg&name=medium",
        "city": "Toronto",
        "region": "Ontario",
        "country": "Canada",
        "org": "Cloudflare, Inc.",
        "timezone": "America/Toronto",
        "source": "ip-api.com"
      },
      "geometry": {
        "type": "Point",
        "coordinates": [
          -79.3832,
          43.6532
        ]
      }
    },
    {
      "type": "Feature",
      "properties": {
        "ip": "104.18.37.127",
        "url": "https://pbs.twimg.com/media/GxDgNNZXYAAf2RZ?format=jpg&name=medium",
        "city": "Toronto",
        "region": "Ontario",
        "country": "Canada",
        "org": "Cloudflare, Inc.",
        "timezone": "America/Toronto",
        "source": "ip-api.com"
      },
      "geometry": {
        "type": "Point",
        "coordinates": [
          -79.3832,
          43.6532
        ]
      }
    },
    {
      "type": "Feature",
      "properties": {
        "ip": "104.18.37.127",
        "url": "https://pbs.twimg.com/profile_images/1818942270877630464/YyAvk25m_x96.jpg",
        "city": "Toronto",
        "region": "Ontario",
        "country": "Canada",
        "org": "Cloudflare, Inc.",
        "timezone": "America/Toronto",
        "source": "ip-api.com"
      },
      "geometry": {
        "type": "Point",
        "coordinates": [
          -79.3832,
          43.6532
        ]
      }
    },
    {
      "type": "Feature",
      "properties": {
        "ip": "104.18.37.127",
        "url": "https://pbs.twimg.com/profile_images/1945302376736272384/EO2oH-8d_x96.jpg",
        "city": "Toronto",
        "region": "Ontario",
        "country": "Canada",
        "org": "Cloudflare, Inc.",
        "timezone": "America/Toronto",
        "source": "ip-api.com"
      },
      "geometry": {
        "type": "Point",
        "coordinates": [
          -79.3832,
          43.6532
        ]
      }
    },
    {
      "type": "Feature",
      "properties": {
        "ip": "104.18.37.127",
        "url": "https://pbs.twimg.com/profile_images/1828371124067147777/l9qXkOCz_x96.jpg",
        "city": "Toronto",
        "region": "Ontario",
        "country": "Canada",
        "org": "Cloudflare, Inc.",
        "timezone": "America/Toronto",
        "source": "ip-api.com"
      },
      "geometry": {
        "type": "Point",
        "coordinates": [
          -79.3832,
          43.6532
        ]
      }
    },
    {
      "type": "Feature",
      "properties": {
        "ip": "104.18.37.127",
        "url": "https://pbs.twimg.com/media/GxA1N2SXAAAwINK?format=jpg&name=large",
        "city": "Toronto",
        "region": "Ontario",
        "country": "Canada",
        "org": "Cloudflare, Inc.",
        "timezone": "America/Toronto",
        "source": "ip-api.com"
      },
      "geometry": {
        "type": "Point",
        "coordinates": [
          -79.3832,
          43.6532
        ]
      }
    },
    {
      "type": "Feature",
      "properties": {
        "ip": "104.18.37.127",
        "url": "https://pbs.twimg.com/media/GPKJtsmXsAAKJws?format=jpg&name=120x120",
        "city": "Toronto",
        "region": "Ontario",
        "country": "Canada",
        "org": "Cloudflare, Inc.",
        "timezone": "America/Toronto",
        "source": "ip-api.com"
      },
      "geometry": {
        "type": "Point",
        "coordinates": [
          -79.3832,
          43.6532
        ]
      }
    },
    {
      "type": "Feature",
      "properties": {
        "ip": "104.18.37.127",
        "url": "https://pbs.twimg.com/profile_images/1862079514844499969/pdHFRRQq_x96.jpg",
        "city": "Toronto",
        "region": "Ontario",
        "country": "Canada",
        "org": "Cloudflare, Inc.",
        "timezone": "America/Toronto",
        "source": "ip-api.com"
      },
      "geometry": {
        "type": "Point",
        "coordinates": [
          -79.3832,
          43.6532
        ]
      }
    },
    {
      "type": "Feature",
      "properties": {
        "ip": "104.18.37.127",
        "url": "https://pbs.twimg.com/profile_images/1945738025637646336/5fdaxaqK_x96.jpg",
        "city": "Toronto",
        "region": "Ontario",
        "country": "Canada",
        "org": "Cloudflare, Inc.",
        "timezone": "America/Toronto",
        "source": "ip-api.com"
      },
      "geometry": {
        "type": "Point",
        "coordinates": [
          -79.3832,
          43.6532
        ]
      }
    },
    {
      "type": "Feature",
      "properties": {
        "ip": "104.18.37.127",
        "url": "https://pbs.twimg.com/media/GxCYD95bUAEg2dX?format=jpg&name=medium",
        "city": "Toronto",
        "region": "Ontario",
        "country": "Canada",
        "org": "Cloudflare, Inc.",
        "timezone": "America/Toronto",
        "source": "ip-api.com"
      },
      "geometry": {
        "type": "Point",
        "coordinates": [
          -79.3832,
          43.6532
        ]
      }
    },
    {
      "type": "Feature",
      "properties": {
        "ip": "104.18.37.127",
        "url": "https://pbs.twimg.com/profile_images/1601248393979777024/b0E_6jrY_x96.jpg",
        "city": "Toronto",
        "region": "Ontario",
        "country": "Canada",
        "org": "Cloudflare, Inc.",
        "timezone": "America/Toronto",
        "source": "ip-api.com"
      },
      "geometry": {
        "type": "Point",
        "coordinates": [
          -79.3832,
          43.6532
        ]
      }
    },
    {
      "type": "Feature",
      "properties": {
        "ip": "104.18.37.127",
        "url": "https://pbs.twimg.com/profile_images/1938039077552472064/n14qP-Sg_x96.jpg",
        "city": "Toronto",
        "region": "Ontario",
        "country": "Canada",
        "org": "Cloudflare, Inc.",
        "timezone": "America/Toronto",
        "source": "ip-api.com"
      },
      "geometry": {
        "type": "Point",
        "coordinates": [
          -79.3832,
          43.6532
        ]
      }
    },
    {
      "type": "Feature",
      "properties": {
        "ip": "104.18.37.127",
        "url": "https://pbs.twimg.com/profile_images/1407563417204842496/Ju26EHDg_x96.jpg",
        "city": "Toronto",
        "region": "Ontario",
        "country": "Canada",
        "org": "Cloudflare, Inc.",
        "timezone": "America/Toronto",
        "source": "ip-api.com"
      },
      "geometry": {
        "type": "Point",
        "coordinates": [
          -79.3832,
          43.6532
        ]
      }
    },
    {
      "type": "Feature",
      "properties": {
        "ip": "104.18.37.127",
        "url": "https://pbs.twimg.com/media/GxDyzb5bUAAhDMa?format=jpg&name=medium",
        "city": "Toronto",
        "region": "Ontario",
        "country": "Canada",
        "org": "Cloudflare, Inc.",
        "timezone": "America/Toronto",
        "source": "ip-api.com"
      },
      "geometry": {
        "type": "Point",
        "coordinates": [
          -79.3832,
          43.6532
        ]
      }
    },
    {
      "type": "Feature",
      "properties": {
        "ip": "104.18.37.127",
        "url": "https://pbs.twimg.com/profile_images/1498520498036252676/4A0cWPIM_x96.jpg",
        "city": "Toronto",
        "region": "Ontario",
        "country": "Canada",
        "org": "Cloudflare, Inc.",
        "timezone": "America/Toronto",
        "source": "ip-api.com"
      },
      "geometry": {
        "type": "Point",
        "coordinates": [
          -79.3832,
          43.6532
        ]
      }
    },
    {
      "type": "Feature",
      "properties": {
        "ip": "104.18.37.127",
        "url": "https://pbs.twimg.com/media/Gw_1tsOXQAAF7xf?format=jpg&name=small",
        "city": "Toronto",
        "region": "Ontario",
        "country": "Canada",
        "org": "Cloudflare, Inc.",
        "timezone": "America/Toronto",
        "source": "ip-api.com"
      },
      "geometry": {
        "type": "Point",
        "coordinates": [
          -79.3832,
          43.6532
        ]
      }
    },
    {
      "type": "Feature",
      "properties": {
        "ip": "104.18.37.127",
        "url": "https://pbs.twimg.com/media/Gw_HvBgWcAAGmL5?format=jpg&name=900x900",
        "city": "Toronto",
        "region": "Ontario",
        "country": "Canada",
        "org": "Cloudflare, Inc.",
        "timezone": "America/Toronto",
        "source": "ip-api.com"
      },
      "geometry": {
        "type": "Point",
        "coordinates": [
          -79.3832,
          43.6532
        ]
      }
    },
    {
      "type": "Feature",
      "properties": {
        "ip": "104.18.37.127",
        "url": "https://pbs.twimg.com/profile_images/1703223325219045376/EqiHELPr_x96.jpg",
        "city": "Toronto",
        "region": "Ontario",
        "country": "Canada",
        "org": "Cloudflare, Inc.",
        "timezone": "America/Toronto",
        "source": "ip-api.com"
      },
      "geometry": {
        "type": "Point",
        "coordinates": [
          -79.3832,
          43.6532
        ]
      }
    },
    {
      "type": "Feature",
      "properties": {
        "ip": "104.18.37.127",
        "url": "https://pbs.twimg.com/profile_images/1512242838586597376/8qgeVBK9_x96.jpg",
        "city": "Toronto",
        "region": "Ontario",
        "country": "Canada",
        "org": "Cloudflare, Inc.",
        "timezone": "America/Toronto",
        "source": "ip-api.com"
      },
      "geometry": {
        "type": "Point",
        "coordinates": [
          -79.3832,
          43.6532
        ]
      }
    },
    {
      "type": "Feature",
      "properties": {
        "ip": "104.18.37.127",
        "url": "https://pbs.twimg.com/profile_images/573708483322773504/C38RzJoL_x96.jpeg",
        "city": "Toronto",
        "region": "Ontario",
        "country": "Canada",
        "org": "Cloudflare, Inc.",
        "timezone": "America/Toronto",
        "source": "ip-api.com"
      },
      "geometry": {
        "type": "Point",
        "coordinates": [
          -79.3832,
          43.6532
        ]
      }
    },
    {
      "type": "Feature",
      "properties": {
        "ip": "104.18.37.127",
        "url": "https://pbs.twimg.com/profile_images/1922042817934983168/H45Tt6ef_x96.jpg",
        "city": "Toronto",
        "region": "Ontario",
        "country": "Canada",
        "org": "Cloudflare, Inc.",
        "timezone": "America/Toronto",
        "source": "ip-api.com"
      },
      "geometry": {
        "type": "Point",
        "coordinates": [
          -79.3832,
          43.6532
        ]
      }
    },
    {
      "type": "Feature",
      "properties": {
        "ip": "104.18.37.127",
        "url": "https://pbs.twimg.com/profile_images/1910868758442168320/AAx3NXqc_x96.jpg",
        "city": "Toronto",
        "region": "Ontario",
        "country": "Canada",
        "org": "Cloudflare, Inc.",
        "timezone": "America/Toronto",
        "source": "ip-api.com"
      },
      "geometry": {
        "type": "Point",
        "coordinates": [
          -79.3832,
          43.6532
        ]
      }
    },
    {
      "type": "Feature",
      "properties": {
        "ip": "104.18.37.127",
        "url": "https://pbs.twimg.com/profile_images/1365330048421482497/2ZwGYg8P_x96.jpg",
        "city": "Toronto",
        "region": "Ontario",
        "country": "Canada",
        "org": "Cloudflare, Inc.",
        "timezone": "America/Toronto",
        "source": "ip-api.com"
      },
      "geometry": {
        "type": "Point",
        "coordinates": [
          -79.3832,
          43.6532
        ]
      }
    },
    {
      "type": "Feature",
      "properties": {
        "ip": "104.18.37.127",
        "url": "https://pbs.twimg.com/profile_images/1948409621716320256/YR3c8dHH_x96.jpg",
        "city": "Toronto",
        "region": "Ontario",
        "country": "Canada",
        "org": "Cloudflare, Inc.",
        "timezone": "America/Toronto",
        "source": "ip-api.com"
      },
      "geometry": {
        "type": "Point",
        "coordinates": [
          -79.3832,
          43.6532
        ]
      }
    },
    {
      "type": "Feature",
      "properties": {
        "ip": "104.18.37.127",
        "url": "https://pbs.twimg.com/profile_images/1855366222684270592/rIL17nSJ_x96.jpg",
        "city": "Toronto",
        "region": "Ontario",
        "country": "Canada",
        "org": "Cloudflare, Inc.",
        "timezone": "America/Toronto",
        "source": "ip-api.com"
      },
      "geometry": {
        "type": "Point",
        "coordinates": [
          -79.3832,
          43.6532
        ]
      }
    },
    {
      "type": "Feature",
      "properties": {
        "ip": "104.18.37.127",
        "url": "https://pbs.twimg.com/media/Gw_1tsKW4AAWjta?format=jpg&name=large",
        "city": "Toronto",
        "region": "Ontario",
        "country": "Canada",
        "org": "Cloudflare, Inc.",
        "timezone": "America/Toronto",
        "source": "ip-api.com"
      },
      "geometry": {
        "type": "Point",
        "coordinates": [
          -79.3832,
          43.6532
        ]
      }
    },
    {
      "type": "Feature",
      "properties": {
        "ip": "104.18.37.127",
        "url": "https://pbs.twimg.com/amplify_video_thumb/1945137582536273920/img/ZR8yK8LCLvVKPhHe.jpg",
        "city": "Toronto",
        "region": "Ontario",
        "country": "Canada",
        "org": "Cloudflare, Inc.",
        "timezone": "America/Toronto",
        "source": "ip-api.com"
      },
      "geometry": {
        "type": "Point",
        "coordinates": [
          -79.3832,
          43.6532
        ]
      }
    },
    {
      "type": "Feature",
      "properties": {
        "ip": "104.18.37.127",
        "url": "https://pbs.twimg.com/media/Gw_VU2ZbUAAx7w5?format=jpg&name=medium",
        "city": "Toronto",
        "region": "Ontario",
        "country": "Canada",
        "org": "Cloudflare, Inc.",
        "timezone": "America/Toronto",
        "source": "ip-api.com"
      },
      "geometry": {
        "type": "Point",
        "coordinates": [
          -79.3832,
          43.6532
        ]
      }
    },
    {
      "type": "Feature",
      "properties": {
        "ip": "104.18.37.127",
        "url": "https://pbs.twimg.com/profile_images/1813376900091482112/WNAnEEwK_x96.png",
        "city": "Toronto",
        "region": "Ontario",
        "country": "Canada",
        "org": "Cloudflare, Inc.",
        "timezone": "America/Toronto",
        "source": "ip-api.com"
      },
      "geometry": {
        "type": "Point",
        "coordinates": [
          -79.3832,
          43.6532
        ]
      }
    },
    {
      "type": "Feature",
      "properties": {
        "ip": "104.18.37.127",
        "url": "https://pbs.twimg.com/profile_images/1479035878505086978/ym9D7yOB_x96.jpg",
        "city": "Toronto",
        "region": "Ontario",
        "country": "Canada",
        "org": "Cloudflare, Inc.",
        "timezone": "America/Toronto",
        "source": "ip-api.com"
      },
      "geometry": {
        "type": "Point",
        "coordinates": [
          -79.3832,
          43.6532
        ]
      }
    },
    {
      "type": "Feature",
      "properties": {
        "ip": "104.18.37.127",
        "url": "https://pbs.twimg.com/profile_images/1646988004186288128/SsV0yi65_x96.jpg",
        "city": "Toronto",
        "region": "Ontario",
        "country": "Canada",
        "org": "Cloudflare, Inc.",
        "timezone": "America/Toronto",
        "source": "ip-api.com"
      },
      "geometry": {
        "type": "Point",
        "coordinates": [
          -79.3832,
          43.6532
        ]
      }
    },
    {
      "type": "Feature",
      "properties": {
        "ip": "104.18.37.127",
        "url": "https://pbs.twimg.com/profile_images/1859920379328016384/ElXa46cK_x96.jpg",
        "city": "Toronto",
        "region": "Ontario",
        "country": "Canada",
        "org": "Cloudflare, Inc.",
        "timezone": "America/Toronto",
        "source": "ip-api.com"
      },
      "geometry": {
        "type": "Point",
        "coordinates": [
          -79.3832,
          43.6532
        ]
      }
    },
    {
      "type": "Feature",
      "properties": {
        "ip": "104.18.37.127",
        "url": "https://pbs.twimg.com/media/GxAdpujWwAIBMnQ?format=jpg&name=900x900",
        "city": "Toronto",
        "region": "Ontario",
        "country": "Canada",
        "org": "Cloudflare, Inc.",
        "timezone": "America/Toronto",
        "source": "ip-api.com"
      },
      "geometry": {
        "type": "Point",
        "coordinates": [
          -79.3832,
          43.6532
        ]
      }
    },
    {
      "type": "Feature",
      "properties": {
        "ip": "104.18.37.127",
        "url": "https://pbs.twimg.com/media/Gw8cc0wbcAAmiVt?format=jpg&name=medium",
        "city": "Toronto",
        "region": "Ontario",
        "country": "Canada",
        "org": "Cloudflare, Inc.",
        "timezone": "America/Toronto",
        "source": "ip-api.com"
      },
      "geometry": {
        "type": "Point",
        "coordinates": [
          -79.3832,
          43.6532
        ]
      }
    },
    {
      "type": "Feature",
      "properties": {
        "ip": "104.18.37.127",
        "url": "https://pbs.twimg.com/profile_images/1947482968601264128/eUHFwjWN_x96.jpg",
        "city": "Toronto",
        "region": "Ontario",
        "country": "Canada",
        "org": "Cloudflare, Inc.",
        "timezone": "America/Toronto",
        "source": "ip-api.com"
      },
      "geometry": {
        "type": "Point",
        "coordinates": [
          -79.3832,
          43.6532
        ]
      }
    },
    {
      "type": "Feature",
      "properties": {
        "ip": "104.18.37.127",
        "url": "https://pbs.twimg.com/profile_images/1704520753234997248/PDgI_IYc_x96.png",
        "city": "Toronto",
        "region": "Ontario",
        "country": "Canada",
        "org": "Cloudflare, Inc.",
        "timezone": "America/Toronto",
        "source": "ip-api.com"
      },
      "geometry": {
        "type": "Point",
        "coordinates": [
          -79.3832,
          43.6532
        ]
      }
    },
    {
      "type": "Feature",
      "properties": {
        "ip": "104.18.37.127",
        "url": "https://pbs.twimg.com/profile_images/1843289812297826306/PXNDhhU5_x96.jpg",
        "city": "Toronto",
        "region": "Ontario",
        "country": "Canada",
        "org": "Cloudflare, Inc.",
        "timezone": "America/Toronto",
        "source": "ip-api.com"
      },
      "geometry": {
        "type": "Point",
        "coordinates": [
          -79.3832,
          43.6532
        ]
      }
    },
    {
      "type": "Feature",
      "properties": {
        "ip": "104.18.37.127",
        "url": "https://pbs.twimg.com/profile_images/1782584353215889408/qmTclDHe_x96.jpg",
        "city": "Toronto",
        "region": "Ontario",
        "country": "Canada",
        "org": "Cloudflare, Inc.",
        "timezone": "America/Toronto",
        "source": "ip-api.com"
      },
      "geometry": {
        "type": "Point",
        "coordinates": [
          -79.3832,
          43.6532
        ]
      }
    },
    {
      "type": "Feature",
      "properties": {
        "ip": "104.18.37.127",
        "url": "https://pbs.twimg.com/media/Gw_cC4rWsAASWMk?format=jpg&name=medium",
        "city": "Toronto",
        "region": "Ontario",
        "country": "Canada",
        "org": "Cloudflare, Inc.",
        "timezone": "America/Toronto",
        "source": "ip-api.com"
      },
      "geometry": {
        "type": "Point",
        "coordinates": [
          -79.3832,
          43.6532
        ]
      }
    },
    {
      "type": "Feature",
      "properties": {
        "ip": "104.18.37.127",
        "url": "https://pbs.twimg.com/profile_images/1352320175928963078/QTmZuwpO_x96.jpg",
        "city": "Toronto",
        "region": "Ontario",
        "country": "Canada",
        "org": "Cloudflare, Inc.",
        "timezone": "America/Toronto",
        "source": "ip-api.com"
      },
      "geometry": {
        "type": "Point",
        "coordinates": [
          -79.3832,
          43.6532
        ]
      }
    },
    {
      "type": "Feature",
      "properties": {
        "ip": "104.18.37.127",
        "url": "https://pbs.twimg.com/profile_images/1765279498550079488/sFioMdye_x96.jpg",
        "city": "Toronto",
        "region": "Ontario",
        "country": "Canada",
        "org": "Cloudflare, Inc.",
        "timezone": "America/Toronto",
        "source": "ip-api.com"
      },
      "geometry": {
        "type": "Point",
        "coordinates": [
          -79.3832,
          43.6532
        ]
      }
    },
    {
      "type": "Feature",
      "properties": {
        "ip": "104.18.37.127",
        "url": "https://pbs.twimg.com/media/Gw-q9dGW8AAM0wM?format=jpg&name=medium",
        "city": "Toronto",
        "region": "Ontario",
        "country": "Canada",
        "org": "Cloudflare, Inc.",
        "timezone": "America/Toronto",
        "source": "ip-api.com"
      },
      "geometry": {
        "type": "Point",
        "coordinates": [
          -79.3832,
          43.6532
        ]
      }
    },
    {
      "type": "Feature",
      "properties": {
        "ip": "104.18.37.127",
        "url": "https://pbs.twimg.com/profile_images/1938882355143548929/XSUgEvlC_x96.png",
        "city": "Toronto",
        "region": "Ontario",
        "country": "Canada",
        "org": "Cloudflare, Inc.",
        "timezone": "America/Toronto",
        "source": "ip-api.com"
      },
      "geometry": {
        "type": "Point",
        "coordinates": [
          -79.3832,
          43.6532
        ]
      }
    },
    {
      "type": "Feature",
      "properties": {
        "ip": "104.18.37.127",
        "url": "https://pbs.twimg.com/profile_images/1920638173173936128/IFyHaMVk_x96.jpg",
        "city": "Toronto",
        "region": "Ontario",
        "country": "Canada",
        "org": "Cloudflare, Inc.",
        "timezone": "America/Toronto",
        "source": "ip-api.com"
      },
      "geometry": {
        "type": "Point",
        "coordinates": [
          -79.3832,
          43.6532
        ]
      }
    },
    {
      "type": "Feature",
      "properties": {
        "ip": "104.18.37.127",
        "url": "https://pbs.twimg.com/profile_images/1931562086599163904/f8Ur3IEI_x96.jpg",
        "city": "Toronto",
        "region": "Ontario",
        "country": "Canada",
        "org": "Cloudflare, Inc.",
        "timezone": "America/Toronto",
        "source": "ip-api.com"
      },
      "geometry": {
        "type": "Point",
        "coordinates": [
          -79.3832,
          43.6532
        ]
      }
    },
    {
      "type": "Feature",
      "properties": {
        "ip": "104.18.37.127",
        "url": "https://pbs.twimg.com/profile_images/1906702061070110720/mm5zuSZ0_x96.jpg",
        "city": "Toronto",
        "region": "Ontario",
        "country": "Canada",
        "org": "Cloudflare, Inc.",
        "timezone": "America/Toronto",
        "source": "ip-api.com"
      },
      "geometry": {
        "type": "Point",
        "coordinates": [
          -79.3832,
          43.6532
        ]
      }
    },
    {
      "type": "Feature",
      "properties": {
        "ip": "104.18.37.127",
        "url": "https://pbs.twimg.com/profile_images/1437081403192078337/31BHA3OL_x96.jpg",
        "city": "Toronto",
        "region": "Ontario",
        "country": "Canada",
        "org": "Cloudflare, Inc.",
        "timezone": "America/Toronto",
        "source": "ip-api.com"
      },
      "geometry": {
        "type": "Point",
        "coordinates": [
          -79.3832,
          43.6532
        ]
      }
    },
    {
      "type": "Feature",
      "properties": {
        "ip": "104.18.37.127",
        "url": "https://pbs.twimg.com/media/GwueyE1W8AAvt0s?format=png&name=120x120",
        "city": "Toronto",
        "region": "Ontario",
        "country": "Canada",
        "org": "Cloudflare, Inc.",
        "timezone": "America/Toronto",
        "source": "ip-api.com"
      },
      "geometry": {
        "type": "Point",
        "coordinates": [
          -79.3832,
          43.6532
        ]
      }
    },
    {
      "type": "Feature",
      "properties": {
        "ip": "104.18.37.127",
        "url": "https://pbs.twimg.com/profile_images/1348749751785639936/XPTOCcdd_x96.jpg",
        "city": "Toronto",
        "region": "Ontario",
        "country": "Canada",
        "org": "Cloudflare, Inc.",
        "timezone": "America/Toronto",
        "source": "ip-api.com"
      },
      "geometry": {
        "type": "Point",
        "coordinates": [
          -79.3832,
          43.6532
        ]
      }
    },
    {
      "type": "Feature",
      "properties": {
        "ip": "104.18.37.127",
        "url": "https://pbs.twimg.com/profile_images/1508523236560027650/DA1UcGmv_x96.jpg",
        "city": "Toronto",
        "region": "Ontario",
        "country": "Canada",
        "org": "Cloudflare, Inc.",
        "timezone": "America/Toronto",
        "source": "ip-api.com"
      },
      "geometry": {
        "type": "Point",
        "coordinates": [
          -79.3832,
          43.6532
        ]
      }
    },
    {
      "type": "Feature",
      "properties": {
        "ip": "104.18.37.127",
        "url": "https://pbs.twimg.com/profile_images/1938842473997946880/kosVDMvW_x96.jpg",
        "city": "Toronto",
        "region": "Ontario",
        "country": "Canada",
        "org": "Cloudflare, Inc.",
        "timezone": "America/Toronto",
        "source": "ip-api.com"
      },
      "geometry": {
        "type": "Point",
        "coordinates": [
          -79.3832,
          43.6532
        ]
      }
    },
    {
      "type": "Feature",
      "properties": {
        "ip": "104.18.37.127",
        "url": "https://pbs.twimg.com/media/GxBKu-zbUAEzijm?format=jpg&name=900x900",
        "city": "Toronto",
        "region": "Ontario",
        "country": "Canada",
        "org": "Cloudflare, Inc.",
        "timezone": "America/Toronto",
        "source": "ip-api.com"
      },
      "geometry": {
        "type": "Point",
        "coordinates": [
          -79.3832,
          43.6532
        ]
      }
    },
    {
      "type": "Feature",
      "properties": {
        "ip": "104.18.37.127",
        "url": "https://pbs.twimg.com/profile_images/1939983090329227264/cwt9OqBB_x96.jpg",
        "city": "Toronto",
        "region": "Ontario",
        "country": "Canada",
        "org": "Cloudflare, Inc.",
        "timezone": "America/Toronto",
        "source": "ip-api.com"
      },
      "geometry": {
        "type": "Point",
        "coordinates": [
          -79.3832,
          43.6532
        ]
      }
    },
    {
      "type": "Feature",
      "properties": {
        "ip": "104.18.37.127",
        "url": "https://pbs.twimg.com/profile_images/1949939167258972161/SxU6E4xt_x96.jpg",
        "city": "Toronto",
        "region": "Ontario",
        "country": "Canada",
        "org": "Cloudflare, Inc.",
        "timezone": "America/Toronto",
        "source": "ip-api.com"
      },
      "geometry": {
        "type": "Point",
        "coordinates": [
          -79.3832,
          43.6532
        ]
      }
    },
    {
      "type": "Feature",
      "properties": {
        "ip": "104.18.37.127",
        "url": "https://pbs.twimg.com/profile_images/1894048156482260992/vrDK5X_A_x96.jpg",
        "city": "Toronto",
        "region": "Ontario",
        "country": "Canada",
        "org": "Cloudflare, Inc.",
        "timezone": "America/Toronto",
        "source": "ip-api.com"
      },
      "geometry": {
        "type": "Point",
        "coordinates": [
          -79.3832,
          43.6532
        ]
      }
    },
    {
      "type": "Feature",
      "properties": {
        "ip": "104.18.37.127",
        "url": "https://pbs.twimg.com/profile_images/1799019346704080896/RyOiFbUm_x96.jpg",
        "city": "Toronto",
        "region": "Ontario",
        "country": "Canada",
        "org": "Cloudflare, Inc.",
        "timezone": "America/Toronto",
        "source": "ip-api.com"
      },
      "geometry": {
        "type": "Point",
        "coordinates": [
          -79.3832,
          43.6532
        ]
      }
    },
    {
      "type": "Feature",
      "properties": {
        "ip": "104.18.37.127",
        "url": "https://pbs.twimg.com/profile_images/1269197501799620609/qG1L0Xrk_x96.jpg",
        "city": "Toronto",
        "region": "Ontario",
        "country": "Canada",
        "org": "Cloudflare, Inc.",
        "timezone": "America/Toronto",
        "source": "ip-api.com"
      },
      "geometry": {
        "type": "Point",
        "coordinates": [
          -79.3832,
          43.6532
        ]
      }
    },
    {
      "type": "Feature",
      "properties": {
        "ip": "104.18.37.127",
        "url": "https://pbs.twimg.com/media/GxCumejbUAAY2g5?format=jpg&name=large",
        "city": "Toronto",
        "region": "Ontario",
        "country": "Canada",
        "org": "Cloudflare, Inc.",
        "timezone": "America/Toronto",
        "source": "ip-api.com"
      },
      "geometry": {
        "type": "Point",
        "coordinates": [
          -79.3832,
          43.6532
        ]
      }
    },
    {
      "type": "Feature",
      "properties": {
        "ip": "104.18.37.127",
        "url": "https://pbs.twimg.com/profile_images/1911557742570987520/3ViAKUmc_x96.jpg",
        "city": "Toronto",
        "region": "Ontario",
        "country": "Canada",
        "org": "Cloudflare, Inc.",
        "timezone": "America/Toronto",
        "source": "ip-api.com"
      },
      "geometry": {
        "type": "Point",
        "coordinates": [
          -79.3832,
          43.6532
        ]
      }
    },
    {
      "type": "Feature",
      "properties": {
        "ip": "104.18.37.127",
        "url": "https://pbs.twimg.com/profile_images/1937043737147838464/5CntI6px_x96.jpg",
        "city": "Toronto",
        "region": "Ontario",
        "country": "Canada",
        "org": "Cloudflare, Inc.",
        "timezone": "America/Toronto",
        "source": "ip-api.com"
      },
      "geometry": {
        "type": "Point",
        "coordinates": [
          -79.3832,
          43.6532
        ]
      }
    },
    {
      "type": "Feature",
      "properties": {
        "ip": "104.18.37.127",
        "url": "https://pbs.twimg.com/media/Gw_1tsGXQAAkwrt?format=jpg&name=large",
        "city": "Toronto",
        "region": "Ontario",
        "country": "Canada",
        "org": "Cloudflare, Inc.",
        "timezone": "America/Toronto",
        "source": "ip-api.com"
      },
      "geometry": {
        "type": "Point",
        "coordinates": [
          -79.3832,
          43.6532
        ]
      }
    },
    {
      "type": "Feature",
      "properties": {
        "ip": "104.18.37.127",
        "url": "https://pbs.twimg.com/media/GxBwNQLbUAERChv?format=jpg&name=large",
        "city": "Toronto",
        "region": "Ontario",
        "country": "Canada",
        "org": "Cloudflare, Inc.",
        "timezone": "America/Toronto",
        "source": "ip-api.com"
      },
      "geometry": {
        "type": "Point",
        "coordinates": [
          -79.3832,
          43.6532
        ]
      }
    },
    {
      "type": "Feature",
      "properties": {
        "ip": "104.18.37.127",
        "url": "https://pbs.twimg.com/profile_images/1770626410606141440/HFy0Ibg3_x96.jpg",
        "city": "Toronto",
        "region": "Ontario",
        "country": "Canada",
        "org": "Cloudflare, Inc.",
        "timezone": "America/Toronto",
        "source": "ip-api.com"
      },
      "geometry": {
        "type": "Point",
        "coordinates": [
          -79.3832,
          43.6532
        ]
      }
    },
    {
      "type": "Feature",
      "properties": {
        "ip": "104.18.37.127",
        "url": "https://pbs.twimg.com/profile_images/1719920936432861184/cd_Awbnl_x96.png",
        "city": "Toronto",
        "region": "Ontario",
        "country": "Canada",
        "org": "Cloudflare, Inc.",
        "timezone": "America/Toronto",
        "source": "ip-api.com"
      },
      "geometry": {
        "type": "Point",
        "coordinates": [
          -79.3832,
          43.6532
        ]
      }
    },
    {
      "type": "Feature",
      "properties": {
        "ip": "104.18.37.127",
        "url": "https://pbs.twimg.com/tweet_video_thumb/GxCyGkOaQAA_f65.jpg",
        "city": "Toronto",
        "region": "Ontario",
        "country": "Canada",
        "org": "Cloudflare, Inc.",
        "timezone": "America/Toronto",
        "source": "ip-api.com"
      },
      "geometry": {
        "type": "Point",
        "coordinates": [
          -79.3832,
          43.6532
        ]
      }
    },
    {
      "type": "Feature",
      "properties": {
        "ip": "104.18.37.127",
        "url": "https://pbs.twimg.com/profile_images/1290953925764558848/J6rhBr0A_x96.jpg",
        "city": "Toronto",
        "region": "Ontario",
        "country": "Canada",
        "org": "Cloudflare, Inc.",
        "timezone": "America/Toronto",
        "source": "ip-api.com"
      },
      "geometry": {
        "type": "Point",
        "coordinates": [
          -79.3832,
          43.6532
        ]
      }
    },
    {
      "type": "Feature",
      "properties": {
        "ip": "104.18.37.127",
        "url": "https://pbs.twimg.com/profile_images/1944332731569045505/D72nQQtH_x96.jpg",
        "city": "Toronto",
        "region": "Ontario",
        "country": "Canada",
        "org": "Cloudflare, Inc.",
        "timezone": "America/Toronto",
        "source": "ip-api.com"
      },
      "geometry": {
        "type": "Point",
        "coordinates": [
          -79.3832,
          43.6532
        ]
      }
    },
    {
      "type": "Feature",
      "properties": {
        "ip": "104.18.37.127",
        "url": "https://pbs.twimg.com/media/GPKJw2sWMAA3IOI?format=jpg&name=120x120",
        "city": "Toronto",
        "region": "Ontario",
        "country": "Canada",
        "org": "Cloudflare, Inc.",
        "timezone": "America/Toronto",
        "source": "ip-api.com"
      },
      "geometry": {
        "type": "Point",
        "coordinates": [
          -79.3832,
          43.6532
        ]
      }
    },
    {
      "type": "Feature",
      "properties": {
        "ip": "104.18.37.127",
        "url": "https://pbs.twimg.com/media/Gw6bMT3WoAAnmId?format=jpg&name=small",
        "city": "Toronto",
        "region": "Ontario",
        "country": "Canada",
        "org": "Cloudflare, Inc.",
        "timezone": "America/Toronto",
        "source": "ip-api.com"
      },
      "geometry": {
        "type": "Point",
        "coordinates": [
          -79.3832,
          43.6532
        ]
      }
    },
    {
      "type": "Feature",
      "properties": {
        "ip": "104.18.37.127",
        "url": "https://pbs.twimg.com/profile_images/1871317558110093312/woTnDuH7_x96.jpg",
        "city": "Toronto",
        "region": "Ontario",
        "country": "Canada",
        "org": "Cloudflare, Inc.",
        "timezone": "America/Toronto",
        "source": "ip-api.com"
      },
      "geometry": {
        "type": "Point",
        "coordinates": [
          -79.3832,
          43.6532
        ]
      }
    },
    {
      "type": "Feature",
      "properties": {
        "ip": "104.18.37.127",
        "url": "https://pbs.twimg.com/media/Gw_1tsWW8AADa5i?format=jpg&name=900x900",
        "city": "Toronto",
        "region": "Ontario",
        "country": "Canada",
        "org": "Cloudflare, Inc.",
        "timezone": "America/Toronto",
        "source": "ip-api.com"
      },
      "geometry": {
        "type": "Point",
        "coordinates": [
          -79.3832,
          43.6532
        ]
      }
    },
    {
      "type": "Feature",
      "properties": {
        "ip": "104.18.37.127",
        "url": "https://pbs.twimg.com/profile_images/1885356432641433600/p_HN-5TR_x96.jpg",
        "city": "Toronto",
        "region": "Ontario",
        "country": "Canada",
        "org": "Cloudflare, Inc.",
        "timezone": "America/Toronto",
        "source": "ip-api.com"
      },
      "geometry": {
        "type": "Point",
        "coordinates": [
          -79.3832,
          43.6532
        ]
      }
    },
    {
      "type": "Feature",
      "properties": {
        "ip": "104.18.37.127",
        "url": "https://pbs.twimg.com/profile_images/1253148156600205313/APSBci3r_mini.jpg",
        "city": "Toronto",
        "region": "Ontario",
        "country": "Canada",
        "org": "Cloudflare, Inc.",
        "timezone": "America/Toronto",
        "source": "ip-api.com"
      },
      "geometry": {
        "type": "Point",
        "coordinates": [
          -79.3832,
          43.6532
        ]
      }
    },
    {
      "type": "Feature",
      "properties": {
        "ip": "104.18.37.127",
        "url": "https://pbs.twimg.com/profile_images/1887194872970436609/EYLq2TYB_x96.png",
        "city": "Toronto",
        "region": "Ontario",
        "country": "Canada",
        "org": "Cloudflare, Inc.",
        "timezone": "America/Toronto",
        "source": "ip-api.com"
      },
      "geometry": {
        "type": "Point",
        "coordinates": [
          -79.3832,
          43.6532
        ]
      }
    },
    {
      "type": "Feature",
      "properties": {
        "ip": "104.18.37.127",
        "url": "https://pbs.twimg.com/media/Gw_gzD5boAAIEHu?format=jpg&name=large",
        "city": "Toronto",
        "region": "Ontario",
        "country": "Canada",
        "org": "Cloudflare, Inc.",
        "timezone": "America/Toronto",
        "source": "ip-api.com"
      },
      "geometry": {
        "type": "Point",
        "coordinates": [
          -79.3832,
          43.6532
        ]
      }
    },
    {
      "type": "Feature",
      "properties": {
        "ip": "104.18.37.127",
        "url": "https://pbs.twimg.com/profile_images/1496539737884135430/l0WRZPgP_x96.jpg",
        "city": "Toronto",
        "region": "Ontario",
        "country": "Canada",
        "org": "Cloudflare, Inc.",
        "timezone": "America/Toronto",
        "source": "ip-api.com"
      },
      "geometry": {
        "type": "Point",
        "coordinates": [
          -79.3832,
          43.6532
        ]
      }
    },
    {
      "type": "Feature",
      "properties": {
        "ip": "104.18.37.127",
        "url": "https://pbs.twimg.com/media/Gw_2zP1bUAEO6O2?format=jpg&name=small",
        "city": "Toronto",
        "region": "Ontario",
        "country": "Canada",
        "org": "Cloudflare, Inc.",
        "timezone": "America/Toronto",
        "source": "ip-api.com"
      },
      "geometry": {
        "type": "Point",
        "coordinates": [
          -79.3832,
          43.6532
        ]
      }
    },
    {
      "type": "Feature",
      "properties": {
        "ip": "104.18.37.127",
        "url": "https://pbs.twimg.com/profile_images/1524995174274834436/iVnvTbPR_x96.jpg",
        "city": "Toronto",
        "region": "Ontario",
        "country": "Canada",
        "org": "Cloudflare, Inc.",
        "timezone": "America/Toronto",
        "source": "ip-api.com"
      },
      "geometry": {
        "type": "Point",
        "coordinates": [
          -79.3832,
          43.6532
        ]
      }
    },
    {
      "type": "Feature",
      "properties": {
        "ip": "104.18.37.127",
        "url": "https://pbs.twimg.com/profile_images/1936021612509208576/bL_zYbvZ_x96.jpg",
        "city": "Toronto",
        "region": "Ontario",
        "country": "Canada",
        "org": "Cloudflare, Inc.",
        "timezone": "America/Toronto",
        "source": "ip-api.com"
      },
      "geometry": {
        "type": "Point",
        "coordinates": [
          -79.3832,
          43.6532
        ]
      }
    },
    {
      "type": "Feature",
      "properties": {
        "ip": "104.18.37.127",
        "url": "https://pbs.twimg.com/media/Gw--Am8XIAEDJsn?format=jpg&name=medium",
        "city": "Toronto",
        "region": "Ontario",
        "country": "Canada",
        "org": "Cloudflare, Inc.",
        "timezone": "America/Toronto",
        "source": "ip-api.com"
      },
      "geometry": {
        "type": "Point",
        "coordinates": [
          -79.3832,
          43.6532
        ]
      }
    },
    {
      "type": "Feature",
      "properties": {
        "ip": "104.18.37.127",
        "url": "https://pbs.twimg.com/media/Gw7J3qea0AAQJpP?format=jpg&name=medium",
        "city": "Toronto",
        "region": "Ontario",
        "country": "Canada",
        "org": "Cloudflare, Inc.",
        "timezone": "America/Toronto",
        "source": "ip-api.com"
      },
      "geometry": {
        "type": "Point",
        "coordinates": [
          -79.3832,
          43.6532
        ]
      }
    },
    {
      "type": "Feature",
      "properties": {
        "ip": "104.18.37.127",
        "url": "https://pbs.twimg.com/profile_images/1732334080380018688/ngBxoI-C_x96.jpg",
        "city": "Toronto",
        "region": "Ontario",
        "country": "Canada",
        "org": "Cloudflare, Inc.",
        "timezone": "America/Toronto",
        "source": "ip-api.com"
      },
      "geometry": {
        "type": "Point",
        "coordinates": [
          -79.3832,
          43.6532
        ]
      }
    },
    {
      "type": "Feature",
      "properties": {
        "ip": "104.18.37.127",
        "url": "https://pbs.twimg.com/profile_images/1484358279170248708/sgj9IC2D_x96.jpg",
        "city": "Toronto",
        "region": "Ontario",
        "country": "Canada",
        "org": "Cloudflare, Inc.",
        "timezone": "America/Toronto",
        "source": "ip-api.com"
      },
      "geometry": {
        "type": "Point",
        "coordinates": [
          -79.3832,
          43.6532
        ]
      }
    },
    {
      "type": "Feature",
      "properties": {
        "ip": "104.18.37.127",
        "url": "https://pbs.twimg.com/profile_images/1446767704308785154/ApvQHo0t_x96.png",
        "city": "Toronto",
        "region": "Ontario",
        "country": "Canada",
        "org": "Cloudflare, Inc.",
        "timezone": "America/Toronto",
        "source": "ip-api.com"
      },
      "geometry": {
        "type": "Point",
        "coordinates": [
          -79.3832,
          43.6532
        ]
      }
    },
    {
      "type": "Feature",
      "properties": {
        "ip": "104.18.37.127",
        "url": "https://pbs.twimg.com/profile_images/1912567701144297473/xRcH_PI-_x96.jpg",
        "city": "Toronto",
        "region": "Ontario",
        "country": "Canada",
        "org": "Cloudflare, Inc.",
        "timezone": "America/Toronto",
        "source": "ip-api.com"
      },
      "geometry": {
        "type": "Point",
        "coordinates": [
          -79.3832,
          43.6532
        ]
      }
    },
    {
      "type": "Feature",
      "properties": {
        "ip": "104.18.37.127",
        "url": "https://pbs.twimg.com/profile_images/1907749318343405572/8jfC67oG_x96.jpg",
        "city": "Toronto",
        "region": "Ontario",
        "country": "Canada",
        "org": "Cloudflare, Inc.",
        "timezone": "America/Toronto",
        "source": "ip-api.com"
      },
      "geometry": {
        "type": "Point",
        "coordinates": [
          -79.3832,
          43.6532
        ]
      }
    },
    {
      "type": "Feature",
      "properties": {
        "ip": "104.18.37.127",
        "url": "https://pbs.twimg.com/profile_images/1825528947423195136/upJ2qP4p_x96.jpg",
        "city": "Toronto",
        "region": "Ontario",
        "country": "Canada",
        "org": "Cloudflare, Inc.",
        "timezone": "America/Toronto",
        "source": "ip-api.com"
      },
      "geometry": {
        "type": "Point",
        "coordinates": [
          -79.3832,
          43.6532
        ]
      }
    },
    {
      "type": "Feature",
      "properties": {
        "ip": "104.18.37.127",
        "url": "https://pbs.twimg.com/media/Gku429nbAAAObBI?format=jpg&name=120x120",
        "city": "Toronto",
        "region": "Ontario",
        "country": "Canada",
        "org": "Cloudflare, Inc.",
        "timezone": "America/Toronto",
        "source": "ip-api.com"
      },
      "geometry": {
        "type": "Point",
        "coordinates": [
          -79.3832,
          43.6532
        ]
      }
    },
    {
      "type": "Feature",
      "properties": {
        "ip": "104.18.37.127",
        "url": "https://pbs.twimg.com/profile_images/1587792423786143744/P6Bg5Akm_x96.jpg",
        "city": "Toronto",
        "region": "Ontario",
        "country": "Canada",
        "org": "Cloudflare, Inc.",
        "timezone": "America/Toronto",
        "source": "ip-api.com"
      },
      "geometry": {
        "type": "Point",
        "coordinates": [
          -79.3832,
          43.6532
        ]
      }
    },
    {
      "type": "Feature",
      "properties": {
        "ip": "104.18.37.127",
        "url": "https://pbs.twimg.com/profile_images/985403677350346752/tw6tRCVW_x96.jpg",
        "city": "Toronto",
        "region": "Ontario",
        "country": "Canada",
        "org": "Cloudflare, Inc.",
        "timezone": "America/Toronto",
        "source": "ip-api.com"
      },
      "geometry": {
        "type": "Point",
        "coordinates": [
          -79.3832,
          43.6532
        ]
      }
    },
    {
      "type": "Feature",
      "properties": {
        "ip": "104.18.37.127",
        "url": "https://pbs.twimg.com/profile_images/1911401507452235776/fmm3_WuG_x96.jpg",
        "city": "Toronto",
        "region": "Ontario",
        "country": "Canada",
        "org": "Cloudflare, Inc.",
        "timezone": "America/Toronto",
        "source": "ip-api.com"
      },
      "geometry": {
        "type": "Point",
        "coordinates": [
          -79.3832,
          43.6532
        ]
      }
    },
    {
      "type": "Feature",
      "properties": {
        "ip": "104.18.37.127",
        "url": "https://pbs.twimg.com/profile_images/1721049826845208576/-DCCIbep_x96.jpg",
        "city": "Toronto",
        "region": "Ontario",
        "country": "Canada",
        "org": "Cloudflare, Inc.",
        "timezone": "America/Toronto",
        "source": "ip-api.com"
      },
      "geometry": {
        "type": "Point",
        "coordinates": [
          -79.3832,
          43.6532
        ]
      }
    },
    {
      "type": "Feature",
      "properties": {
        "ip": "104.18.37.127",
        "url": "https://pbs.twimg.com/profile_images/911372713050198016/P_GDqc1H_x96.jpg",
        "city": "Toronto",
        "region": "Ontario",
        "country": "Canada",
        "org": "Cloudflare, Inc.",
        "timezone": "America/Toronto",
        "source": "ip-api.com"
      },
      "geometry": {
        "type": "Point",
        "coordinates": [
          -79.3832,
          43.6532
        ]
      }
    },
    {
      "type": "Feature",
      "properties": {
        "ip": "104.18.37.127",
        "url": "https://pbs.twimg.com/profile_images/1880228183875940353/ydF3AxoA_x96.jpg",
        "city": "Toronto",
        "region": "Ontario",
        "country": "Canada",
        "org": "Cloudflare, Inc.",
        "timezone": "America/Toronto",
        "source": "ip-api.com"
      },
      "geometry": {
        "type": "Point",
        "coordinates": [
          -79.3832,
          43.6532
        ]
      }
    },
    {
      "type": "Feature",
      "properties": {
        "ip": "104.18.37.127",
        "url": "https://pbs.twimg.com/profile_images/1699679567143968768/Six19y-A_x96.jpg",
        "city": "Toronto",
        "region": "Ontario",
        "country": "Canada",
        "org": "Cloudflare, Inc.",
        "timezone": "America/Toronto",
        "source": "ip-api.com"
      },
      "geometry": {
        "type": "Point",
        "coordinates": [
          -79.3832,
          43.6532
        ]
      }
    },
    {
      "type": "Feature",
      "properties": {
        "ip": "104.18.37.127",
        "url": "https://pbs.twimg.com/media/Gw_1tsGXQAAkwrt?format=jpg&name=small",
        "city": "Toronto",
        "region": "Ontario",
        "country": "Canada",
        "org": "Cloudflare, Inc.",
        "timezone": "America/Toronto",
        "source": "ip-api.com"
      },
      "geometry": {
        "type": "Point",
        "coordinates": [
          -79.3832,
          43.6532
        ]
      }
    },
    {
      "type": "Feature",
      "properties": {
        "ip": "104.18.37.127",
        "url": "https://pbs.twimg.com/profile_images/1253148156600205313/APSBci3r_x96.jpg",
        "city": "Toronto",
        "region": "Ontario",
        "country": "Canada",
        "org": "Cloudflare, Inc.",
        "timezone": "America/Toronto",
        "source": "ip-api.com"
      },
      "geometry": {
        "type": "Point",
        "coordinates": [
          -79.3832,
          43.6532
        ]
      }
    },
    {
      "type": "Feature",
      "properties": {
        "ip": "104.18.37.127",
        "url": "https://pbs.twimg.com/profile_images/1714568412289204224/63Bgfg1j_x96.jpg",
        "city": "Toronto",
        "region": "Ontario",
        "country": "Canada",
        "org": "Cloudflare, Inc.",
        "timezone": "America/Toronto",
        "source": "ip-api.com"
      },
      "geometry": {
        "type": "Point",
        "coordinates": [
          -79.3832,
          43.6532
        ]
      }
    },
    {
      "type": "Feature",
      "properties": {
        "ip": "104.18.37.127",
        "url": "https://pbs.twimg.com/media/Gw_1tsWW8AADa5i?format=jpg&name=large",
        "city": "Toronto",
        "region": "Ontario",
        "country": "Canada",
        "org": "Cloudflare, Inc.",
        "timezone": "America/Toronto",
        "source": "ip-api.com"
      },
      "geometry": {
        "type": "Point",
        "coordinates": [
          -79.3832,
          43.6532
        ]
      }
    },
    {
      "type": "Feature",
      "properties": {
        "ip": "104.18.37.127",
        "url": "https://pbs.twimg.com/media/Gw74OecaAAAaE4O?format=jpg&name=large",
        "city": "Toronto",
        "region": "Ontario",
        "country": "Canada",
        "org": "Cloudflare, Inc.",
        "timezone": "America/Toronto",
        "source": "ip-api.com"
      },
      "geometry": {
        "type": "Point",
        "coordinates": [
          -79.3832,
          43.6532
        ]
      }
    },
    {
      "type": "Feature",
      "properties": {
        "ip": "104.18.37.127",
        "url": "https://pbs.twimg.com/profile_images/1525287875876913152/ToCxWImL_x96.jpg",
        "city": "Toronto",
        "region": "Ontario",
        "country": "Canada",
        "org": "Cloudflare, Inc.",
        "timezone": "America/Toronto",
        "source": "ip-api.com"
      },
      "geometry": {
        "type": "Point",
        "coordinates": [
          -79.3832,
          43.6532
        ]
      }
    },
    {
      "type": "Feature",
      "properties": {
        "ip": "104.18.37.127",
        "url": "https://pbs.twimg.com/profile_images/999627195264847874/OIC20YSf_x96.jpg",
        "city": "Toronto",
        "region": "Ontario",
        "country": "Canada",
        "org": "Cloudflare, Inc.",
        "timezone": "America/Toronto",
        "source": "ip-api.com"
      },
      "geometry": {
        "type": "Point",
        "coordinates": [
          -79.3832,
          43.6532
        ]
      }
    },
    {
      "type": "Feature",
      "properties": {
        "ip": "104.18.37.127",
        "url": "https://pbs.twimg.com/profile_images/1897601834170404864/XYWOnn7f_x96.jpg",
        "city": "Toronto",
        "region": "Ontario",
        "country": "Canada",
        "org": "Cloudflare, Inc.",
        "timezone": "America/Toronto",
        "source": "ip-api.com"
      },
      "geometry": {
        "type": "Point",
        "coordinates": [
          -79.3832,
          43.6532
        ]
      }
    },
    {
      "type": "Feature",
      "properties": {
        "ip": "104.18.37.127",
        "url": "https://pbs.twimg.com/profile_images/1946540978199801856/25uo-5Vr_x96.jpg",
        "city": "Toronto",
        "region": "Ontario",
        "country": "Canada",
        "org": "Cloudflare, Inc.",
        "timezone": "America/Toronto",
        "source": "ip-api.com"
      },
      "geometry": {
        "type": "Point",
        "coordinates": [
          -79.3832,
          43.6532
        ]
      }
    },
    {
      "type": "Feature",
      "properties": {
        "ip": "104.18.37.127",
        "url": "https://pbs.twimg.com/media/GvcsnMkWIAAlALA?format=jpg&name=120x120",
        "city": "Toronto",
        "region": "Ontario",
        "country": "Canada",
        "org": "Cloudflare, Inc.",
        "timezone": "America/Toronto",
        "source": "ip-api.com"
      },
      "geometry": {
        "type": "Point",
        "coordinates": [
          -79.3832,
          43.6532
        ]
      }
    },
    {
      "type": "Feature",
      "properties": {
        "ip": "104.18.37.127",
        "url": "https://pbs.twimg.com/profile_images/1848590589438107648/PBRNtSf__x96.jpg",
        "city": "Toronto",
        "region": "Ontario",
        "country": "Canada",
        "org": "Cloudflare, Inc.",
        "timezone": "America/Toronto",
        "source": "ip-api.com"
      },
      "geometry": {
        "type": "Point",
        "coordinates": [
          -79.3832,
          43.6532
        ]
      }
    },
    {
      "type": "Feature",
      "properties": {
        "ip": "104.18.37.127",
        "url": "https://pbs.twimg.com/media/Gw_hOgoXoAAH8Mq?format=jpg&name=medium",
        "city": "Toronto",
        "region": "Ontario",
        "country": "Canada",
        "org": "Cloudflare, Inc.",
        "timezone": "America/Toronto",
        "source": "ip-api.com"
      },
      "geometry": {
        "type": "Point",
        "coordinates": [
          -79.3832,
          43.6532
        ]
      }
    },
    {
      "type": "Feature",
      "properties": {
        "ip": "104.18.37.127",
        "url": "https://pbs.twimg.com/profile_images/1678309369900048384/GF99-14w_x96.jpg",
        "city": "Toronto",
        "region": "Ontario",
        "country": "Canada",
        "org": "Cloudflare, Inc.",
        "timezone": "America/Toronto",
        "source": "ip-api.com"
      },
      "geometry": {
        "type": "Point",
        "coordinates": [
          -79.3832,
          43.6532
        ]
      }
    },
    {
      "type": "Feature",
      "properties": {
        "ip": "104.18.37.127",
        "url": "https://pbs.twimg.com/profile_images/1787855071893762048/6u_ueKgk_x96.jpg",
        "city": "Toronto",
        "region": "Ontario",
        "country": "Canada",
        "org": "Cloudflare, Inc.",
        "timezone": "America/Toronto",
        "source": "ip-api.com"
      },
      "geometry": {
        "type": "Point",
        "coordinates": [
          -79.3832,
          43.6532
        ]
      }
    },
    {
      "type": "Feature",
      "properties": {
        "ip": "104.18.37.127",
        "url": "https://pbs.twimg.com/profile_images/1675314941966925824/0Sl6rg69_x96.jpg",
        "city": "Toronto",
        "region": "Ontario",
        "country": "Canada",
        "org": "Cloudflare, Inc.",
        "timezone": "America/Toronto",
        "source": "ip-api.com"
      },
      "geometry": {
        "type": "Point",
        "coordinates": [
          -79.3832,
          43.6532
        ]
      }
    },
    {
      "type": "Feature",
      "properties": {
        "ip": "104.18.37.127",
        "url": "https://pbs.twimg.com/media/GPKI5xFXwAAU6nI?format=jpg&name=120x120",
        "city": "Toronto",
        "region": "Ontario",
        "country": "Canada",
        "org": "Cloudflare, Inc.",
        "timezone": "America/Toronto",
        "source": "ip-api.com"
      },
      "geometry": {
        "type": "Point",
        "coordinates": [
          -79.3832,
          43.6532
        ]
      }
    },
    {
      "type": "Feature",
      "properties": {
        "ip": "104.18.37.127",
        "url": "https://pbs.twimg.com/profile_images/1847239795749318656/16ixquNs_x96.jpg",
        "city": "Toronto",
        "region": "Ontario",
        "country": "Canada",
        "org": "Cloudflare, Inc.",
        "timezone": "America/Toronto",
        "source": "ip-api.com"
      },
      "geometry": {
        "type": "Point",
        "coordinates": [
          -79.3832,
          43.6532
        ]
      }
    },
    {
      "type": "Feature",
      "properties": {
        "ip": "104.18.37.127",
        "url": "https://pbs.twimg.com/profile_images/1798814431750799360/kqTQJU4F_x96.jpg",
        "city": "Toronto",
        "region": "Ontario",
        "country": "Canada",
        "org": "Cloudflare, Inc.",
        "timezone": "America/Toronto",
        "source": "ip-api.com"
      },
      "geometry": {
        "type": "Point",
        "coordinates": [
          -79.3832,
          43.6532
        ]
      }
    },
    {
      "type": "Feature",
      "properties": {
        "ip": "104.18.37.127",
        "url": "https://pbs.twimg.com/profile_images/1912018256430346240/9Ms1XbYR_x96.jpg",
        "city": "Toronto",
        "region": "Ontario",
        "country": "Canada",
        "org": "Cloudflare, Inc.",
        "timezone": "America/Toronto",
        "source": "ip-api.com"
      },
      "geometry": {
        "type": "Point",
        "coordinates": [
          -79.3832,
          43.6532
        ]
      }
    },
    {
      "type": "Feature",
      "properties": {
        "ip": "104.18.37.127",
        "url": "https://pbs.twimg.com/amplify_video_thumb/1947666608471539712/img/aesjDmpaOw97P36k.jpg",
        "city": "Toronto",
        "region": "Ontario",
        "country": "Canada",
        "org": "Cloudflare, Inc.",
        "timezone": "America/Toronto",
        "source": "ip-api.com"
      },
      "geometry": {
        "type": "Point",
        "coordinates": [
          -79.3832,
          43.6532
        ]
      }
    },
    {
      "type": "Feature",
      "properties": {
        "ip": "104.18.37.127",
        "url": "https://pbs.twimg.com/profile_images/1417909184302047241/aUe32npn_x96.jpg",
        "city": "Toronto",
        "region": "Ontario",
        "country": "Canada",
        "org": "Cloudflare, Inc.",
        "timezone": "America/Toronto",
        "source": "ip-api.com"
      },
      "geometry": {
        "type": "Point",
        "coordinates": [
          -79.3832,
          43.6532
        ]
      }
    },
    {
      "type": "Feature",
      "properties": {
        "ip": "104.18.37.127",
        "url": "https://pbs.twimg.com/profile_images/1877027093483237380/dH33kIep_x96.jpg",
        "city": "Toronto",
        "region": "Ontario",
        "country": "Canada",
        "org": "Cloudflare, Inc.",
        "timezone": "America/Toronto",
        "source": "ip-api.com"
      },
      "geometry": {
        "type": "Point",
        "coordinates": [
          -79.3832,
          43.6532
        ]
      }
    },
    {
      "type": "Feature",
      "properties": {
        "ip": "104.18.37.127",
        "url": "https://pbs.twimg.com/profile_images/1936002956333080576/kqqe2iWO_x96.jpg",
        "city": "Toronto",
        "region": "Ontario",
        "country": "Canada",
        "org": "Cloudflare, Inc.",
        "timezone": "America/Toronto",
        "source": "ip-api.com"
      },
      "geometry": {
        "type": "Point",
        "coordinates": [
          -79.3832,
          43.6532
        ]
      }
    },
    {
      "type": "Feature",
      "properties": {
        "ip": "104.18.37.127",
        "url": "https://pbs.twimg.com/profile_images/1647233790857842691/XLn44snU_x96.jpg",
        "city": "Toronto",
        "region": "Ontario",
        "country": "Canada",
        "org": "Cloudflare, Inc.",
        "timezone": "America/Toronto",
        "source": "ip-api.com"
      },
      "geometry": {
        "type": "Point",
        "coordinates": [
          -79.3832,
          43.6532
        ]
      }
    },
    {
      "type": "Feature",
      "properties": {
        "ip": "104.18.37.127",
        "url": "https://pbs.twimg.com/profile_images/1943696635474972672/qDxUBN2-_x96.jpg",
        "city": "Toronto",
        "region": "Ontario",
        "country": "Canada",
        "org": "Cloudflare, Inc.",
        "timezone": "America/Toronto",
        "source": "ip-api.com"
      },
      "geometry": {
        "type": "Point",
        "coordinates": [
          -79.3832,
          43.6532
        ]
      }
    },
    {
      "type": "Feature",
      "properties": {
        "ip": "104.18.37.127",
        "url": "https://pbs.twimg.com/profile_images/1718288359737745408/A4mgipt9_x96.jpg",
        "city": "Toronto",
        "region": "Ontario",
        "country": "Canada",
        "org": "Cloudflare, Inc.",
        "timezone": "America/Toronto",
        "source": "ip-api.com"
      },
      "geometry": {
        "type": "Point",
        "coordinates": [
          -79.3832,
          43.6532
        ]
      }
    },
    {
      "type": "Feature",
      "properties": {
        "ip": "104.18.37.127",
        "url": "https://pbs.twimg.com/profile_images/1927717842335490048/i0NlIP7W_x96.jpg",
        "city": "Toronto",
        "region": "Ontario",
        "country": "Canada",
        "org": "Cloudflare, Inc.",
        "timezone": "America/Toronto",
        "source": "ip-api.com"
      },
      "geometry": {
        "type": "Point",
        "coordinates": [
          -79.3832,
          43.6532
        ]
      }
    },
    {
      "type": "Feature",
      "properties": {
        "ip": "104.18.37.127",
        "url": "https://pbs.twimg.com/media/Gw6bMnKWwAAp5wM?format=jpg&name=small",
        "city": "Toronto",
        "region": "Ontario",
        "country": "Canada",
        "org": "Cloudflare, Inc.",
        "timezone": "America/Toronto",
        "source": "ip-api.com"
      },
      "geometry": {
        "type": "Point",
        "coordinates": [
          -79.3832,
          43.6532
        ]
      }
    },
    {
      "type": "Feature",
      "properties": {
        "ip": "104.18.37.127",
        "url": "https://pbs.twimg.com/media/Gw-THdgWwAAGvLP?format=jpg&name=medium",
        "city": "Toronto",
        "region": "Ontario",
        "country": "Canada",
        "org": "Cloudflare, Inc.",
        "timezone": "America/Toronto",
        "source": "ip-api.com"
      },
      "geometry": {
        "type": "Point",
        "coordinates": [
          -79.3832,
          43.6532
        ]
      }
    },
    {
      "type": "Feature",
      "properties": {
        "ip": "104.18.37.127",
        "url": "https://pbs.twimg.com/profile_images/1913529297802756096/Zhm8-Qqy_x96.jpg",
        "city": "Toronto",
        "region": "Ontario",
        "country": "Canada",
        "org": "Cloudflare, Inc.",
        "timezone": "America/Toronto",
        "source": "ip-api.com"
      },
      "geometry": {
        "type": "Point",
        "coordinates": [
          -79.3832,
          43.6532
        ]
      }
    },
    {
      "type": "Feature",
      "properties": {
        "ip": "104.18.37.127",
        "url": "https://pbs.twimg.com/profile_images/1355354651395313665/ut0cY5mW_x96.jpg",
        "city": "Toronto",
        "region": "Ontario",
        "country": "Canada",
        "org": "Cloudflare, Inc.",
        "timezone": "America/Toronto",
        "source": "ip-api.com"
      },
      "geometry": {
        "type": "Point",
        "coordinates": [
          -79.3832,
          43.6532
        ]
      }
    },
    {
      "type": "Feature",
      "properties": {
        "ip": "104.18.37.127",
        "url": "https://pbs.twimg.com/profile_images/1935394005333774336/xL7PgEd3_x96.jpg",
        "city": "Toronto",
        "region": "Ontario",
        "country": "Canada",
        "org": "Cloudflare, Inc.",
        "timezone": "America/Toronto",
        "source": "ip-api.com"
      },
      "geometry": {
        "type": "Point",
        "coordinates": [
          -79.3832,
          43.6532
        ]
      }
    },
    {
      "type": "Feature",
      "properties": {
        "ip": "104.18.37.127",
        "url": "https://pbs.twimg.com/profile_images/1912321798185553921/_l5m2uW6_x96.jpg",
        "city": "Toronto",
        "region": "Ontario",
        "country": "Canada",
        "org": "Cloudflare, Inc.",
        "timezone": "America/Toronto",
        "source": "ip-api.com"
      },
      "geometry": {
        "type": "Point",
        "coordinates": [
          -79.3832,
          43.6532
        ]
      }
    },
    {
      "type": "Feature",
      "properties": {
        "ip": "104.18.37.127",
        "url": "https://pbs.twimg.com/media/Gw6sp8cbQAEIDaQ?format=jpg&name=small",
        "city": "Toronto",
        "region": "Ontario",
        "country": "Canada",
        "org": "Cloudflare, Inc.",
        "timezone": "America/Toronto",
        "source": "ip-api.com"
      },
      "geometry": {
        "type": "Point",
        "coordinates": [
          -79.3832,
          43.6532
        ]
      }
    },
    {
      "type": "Feature",
      "properties": {
        "ip": "104.18.37.127",
        "url": "https://pbs.twimg.com/profile_images/1806599478394114048/0JF-eThB_x96.jpg",
        "city": "Toronto",
        "region": "Ontario",
        "country": "Canada",
        "org": "Cloudflare, Inc.",
        "timezone": "America/Toronto",
        "source": "ip-api.com"
      },
      "geometry": {
        "type": "Point",
        "coordinates": [
          -79.3832,
          43.6532
        ]
      }
    },
    {
      "type": "Feature",
      "properties": {
        "ip": "104.18.37.127",
        "url": "https://pbs.twimg.com/profile_images/1837476931362869248/_cjVTm1S_x96.jpg",
        "city": "Toronto",
        "region": "Ontario",
        "country": "Canada",
        "org": "Cloudflare, Inc.",
        "timezone": "America/Toronto",
        "source": "ip-api.com"
      },
      "geometry": {
        "type": "Point",
        "coordinates": [
          -79.3832,
          43.6532
        ]
      }
    },
    {
      "type": "Feature",
      "properties": {
        "ip": "104.18.37.127",
        "url": "https://pbs.twimg.com/profile_images/1837533564059242499/yQxLlDc8_x96.jpg",
        "city": "Toronto",
        "region": "Ontario",
        "country": "Canada",
        "org": "Cloudflare, Inc.",
        "timezone": "America/Toronto",
        "source": "ip-api.com"
      },
      "geometry": {
        "type": "Point",
        "coordinates": [
          -79.3832,
          43.6532
        ]
      }
    },
    {
      "type": "Feature",
      "properties": {
        "ip": "104.18.37.127",
        "url": "https://pbs.twimg.com/profile_images/1804003003722055680/JUpxsoIN_x96.jpg",
        "city": "Toronto",
        "region": "Ontario",
        "country": "Canada",
        "org": "Cloudflare, Inc.",
        "timezone": "America/Toronto",
        "source": "ip-api.com"
      },
      "geometry": {
        "type": "Point",
        "coordinates": [
          -79.3832,
          43.6532
        ]
      }
    },
    {
      "type": "Feature",
      "properties": {
        "ip": "104.18.37.127",
        "url": "https://pbs.twimg.com/profile_images/1661974679127465984/lnNl9_jV_x96.jpg",
        "city": "Toronto",
        "region": "Ontario",
        "country": "Canada",
        "org": "Cloudflare, Inc.",
        "timezone": "America/Toronto",
        "source": "ip-api.com"
      },
      "geometry": {
        "type": "Point",
        "coordinates": [
          -79.3832,
          43.6532
        ]
      }
    },
    {
      "type": "Feature",
      "properties": {
        "ip": "104.18.37.127",
        "url": "https://pbs.twimg.com/profile_images/1801821948407857152/_2_liFqm_x96.jpg",
        "city": "Toronto",
        "region": "Ontario",
        "country": "Canada",
        "org": "Cloudflare, Inc.",
        "timezone": "America/Toronto",
        "source": "ip-api.com"
      },
      "geometry": {
        "type": "Point",
        "coordinates": [
          -79.3832,
          43.6532
        ]
      }
    },
    {
      "type": "Feature",
      "properties": {
        "ip": "104.18.37.127",
        "url": "https://pbs.twimg.com/profile_images/1601038246833582080/bZmuNUn5_x96.jpg",
        "city": "Toronto",
        "region": "Ontario",
        "country": "Canada",
        "org": "Cloudflare, Inc.",
        "timezone": "America/Toronto",
        "source": "ip-api.com"
      },
      "geometry": {
        "type": "Point",
        "coordinates": [
          -79.3832,
          43.6532
        ]
      }
    },
    {
      "type": "Feature",
      "properties": {
        "ip": "104.18.37.127",
        "url": "https://pbs.twimg.com/profile_images/1693548269518082048/-3HbOW9g_x96.jpg",
        "city": "Toronto",
        "region": "Ontario",
        "country": "Canada",
        "org": "Cloudflare, Inc.",
        "timezone": "America/Toronto",
        "source": "ip-api.com"
      },
      "geometry": {
        "type": "Point",
        "coordinates": [
          -79.3832,
          43.6532
        ]
      }
    },
    {
      "type": "Feature",
      "properties": {
        "ip": "104.18.37.127",
        "url": "https://pbs.twimg.com/profile_images/1950301588616249344/UlJvJeOn_x96.jpg",
        "city": "Toronto",
        "region": "Ontario",
        "country": "Canada",
        "org": "Cloudflare, Inc.",
        "timezone": "America/Toronto",
        "source": "ip-api.com"
      },
      "geometry": {
        "type": "Point",
        "coordinates": [
          -79.3832,
          43.6532
        ]
      }
    },
    {
      "type": "Feature",
      "properties": {
        "ip": "104.18.37.127",
        "url": "https://pbs.twimg.com/profile_images/1865136592253325313/dmhHPlnY_x96.jpg",
        "city": "Toronto",
        "region": "Ontario",
        "country": "Canada",
        "org": "Cloudflare, Inc.",
        "timezone": "America/Toronto",
        "source": "ip-api.com"
      },
      "geometry": {
        "type": "Point",
        "coordinates": [
          -79.3832,
          43.6532
        ]
      }
    },
    {
      "type": "Feature",
      "properties": {
        "ip": "104.18.37.127",
        "url": "https://pbs.twimg.com/profile_images/1946468137207025664/7HfN50L0_x96.jpg",
        "city": "Toronto",
        "region": "Ontario",
        "country": "Canada",
        "org": "Cloudflare, Inc.",
        "timezone": "America/Toronto",
        "source": "ip-api.com"
      },
      "geometry": {
        "type": "Point",
        "coordinates": [
          -79.3832,
          43.6532
        ]
      }
    },
    {
      "type": "Feature",
      "properties": {
        "ip": "104.18.37.127",
        "url": "https://pbs.twimg.com/media/GxCYD-BaQAAj8aj?format=jpg&name=medium",
        "city": "Toronto",
        "region": "Ontario",
        "country": "Canada",
        "org": "Cloudflare, Inc.",
        "timezone": "America/Toronto",
        "source": "ip-api.com"
      },
      "geometry": {
        "type": "Point",
        "coordinates": [
          -79.3832,
          43.6532
        ]
      }
    },
    {
      "type": "Feature",
      "properties": {
        "ip": "162.159.140.229",
        "url": "https://x.com/manifest.json",
        "city": "Toronto",
        "region": "Ontario",
        "country": "Canada",
        "org": "Cloudflare, Inc.",
        "timezone": "America/Toronto",
        "source": "ip-api.com"
      },
      "geometry": {
        "type": "Point",
        "coordinates": [
          -79.3832,
          43.6532
        ]
      }
    },
    {
      "type": "Feature",
      "properties": {
        "ip": "162.159.140.229",
        "url": "https://x.com/i/api/graphql/jxMdsRX7ChXvG3bDZ0OZ2Q/PinnedTimelines?variables=%7B%7D&features=%7B%22payments_enabled%22%3Afalse%2C%22profile_label_improvements_pcf_label_in_post_enabled%22%3Atrue%2C%22rweb_tipjar_consumption_enabled%22%3Atrue%2C%22verified_phone_label_enabled%22%3Afalse%2C%22responsive_web_graphql_skip_user_profile_image_extensions_enabled%22%3Afalse%2C%22responsive_web_graphql_timeline_navigation_enabled%22%3Atrue%7D",
        "city": "Toronto",
        "region": "Ontario",
        "country": "Canada",
        "org": "Cloudflare, Inc.",
        "timezone": "America/Toronto",
        "source": "ip-api.com"
      },
      "geometry": {
        "type": "Point",
        "coordinates": [
          -79.3832,
          43.6532
        ]
      }
    },
    {
      "type": "Feature",
      "properties": {
        "ip": "162.159.140.229",
        "url": "https://x.com/sw.js",
        "city": "Toronto",
        "region": "Ontario",
        "country": "Canada",
        "org": "Cloudflare, Inc.",
        "timezone": "America/Toronto",
        "source": "ip-api.com"
      },
      "geometry": {
        "type": "Point",
        "coordinates": [
          -79.3832,
          43.6532
        ]
      }
    },
    {
      "type": "Feature",
      "properties": {
        "ip": "162.159.140.229",
        "url": "https://x.com/i/api/2/badge_count/badge_count.json?supports_ntab_urt=1",
        "city": "Toronto",
        "region": "Ontario",
        "country": "Canada",
        "org": "Cloudflare, Inc.",
        "timezone": "America/Toronto",
        "source": "ip-api.com"
      },
      "geometry": {
        "type": "Point",
        "coordinates": [
          -79.3832,
          43.6532
        ]
      }
    },
    {
      "type": "Feature",
      "properties": {
        "ip": "162.159.140.229",
        "url": "https://x.com/i/api/1.1/graphql/user_flow.json",
        "city": "Toronto",
        "region": "Ontario",
        "country": "Canada",
        "org": "Cloudflare, Inc.",
        "timezone": "America/Toronto",
        "source": "ip-api.com"
      },
      "geometry": {
        "type": "Point",
        "coordinates": [
          -79.3832,
          43.6532
        ]
      }
    },
    {
      "type": "Feature",
      "properties": {
        "ip": "162.159.140.229",
        "url": "https://x.com/i/api/graphql/_qrmuYLQl79WB9oFxfs1Sw/HomeTimeline?variables=%7B%22count%22%3A20%2C%22includePromotedContent%22%3Atrue%2C%22latestControlAvailable%22%3Atrue%2C%22requestContext%22%3A%22launch%22%2C%22withCommunity%22%3Atrue%7D&features=%7B%22rweb_video_screen_enabled%22%3Afalse%2C%22payments_enabled%22%3Afalse%2C%22profile_label_improvements_pcf_label_in_post_enabled%22%3Atrue%2C%22rweb_tipjar_consumption_enabled%22%3Atrue%2C%22verified_phone_label_enabled%22%3Afalse%2C%22creator_subscriptions_tweet_preview_api_enabled%22%3Atrue%2C%22responsive_web_graphql_timeline_navigation_enabled%22%3Atrue%2C%22responsive_web_graphql_skip_user_profile_image_extensions_enabled%22%3Afalse%2C%22premium_content_api_read_enabled%22%3Afalse%2C%22communities_web_enable_tweet_community_results_fetch%22%3Atrue%2C%22c9s_tweet_anatomy_moderator_badge_enabled%22%3Atrue%2C%22responsive_web_grok_analyze_button_fetch_trends_enabled%22%3Afalse%2C%22responsive_web_grok_analyze_post_followups_enabled%22%3Atrue%2C%22responsive_web_jetfuel_frame%22%3Atrue%2C%22responsive_web_grok_share_attachment_enabled%22%3Atrue%2C%22articles_preview_enabled%22%3Atrue%2C%22responsive_web_edit_tweet_api_enabled%22%3Atrue%2C%22graphql_is_translatable_rweb_tweet_is_translatable_enabled%22%3Atrue%2C%22view_counts_everywhere_api_enabled%22%3Atrue%2C%22longform_notetweets_consumption_enabled%22%3Atrue%2C%22responsive_web_twitter_article_tweet_consumption_enabled%22%3Atrue%2C%22tweet_awards_web_tipping_enabled%22%3Afalse%2C%22responsive_web_grok_show_grok_translated_post%22%3Afalse%2C%22responsive_web_grok_analysis_button_from_backend%22%3Afalse%2C%22creator_subscriptions_quote_tweet_preview_enabled%22%3Afalse%2C%22freedom_of_speech_not_reach_fetch_enabled%22%3Atrue%2C%22standardized_nudges_misinfo%22%3Atrue%2C%22tweet_with_visibility_results_prefer_gql_limited_actions_policy_enabled%22%3Atrue%2C%22longform_notetweets_rich_text_read_enabled%22%3Atrue%2C%22longform_notetweets_inline_media_enabled%22%3Atrue%2C%22responsive_web_grok_image_annotation_enabled%22%3Atrue%2C%22responsive_web_grok_community_note_auto_translation_is_enabled%22%3Afalse%2C%22responsive_web_enhance_cards_enabled%22%3Afalse%7D",
        "city": "Toronto",
        "region": "Ontario",
        "country": "Canada",
        "org": "Cloudflare, Inc.",
        "timezone": "America/Toronto",
        "source": "ip-api.com"
      },
      "geometry": {
        "type": "Point",
        "coordinates": [
          -79.3832,
          43.6532
        ]
      }
    },
    {
      "type": "Feature",
      "properties": {
        "ip": "162.159.140.229",
        "url": "https://x.com/i/api/graphql/xF6sXnKJfS2AOylzxRjf6A/DataSaverMode?variables=%7B%22device_id%22%3A%22Mac%2FChrome%22%7D",
        "city": "Toronto",
        "region": "Ontario",
        "country": "Canada",
        "org": "Cloudflare, Inc.",
        "timezone": "America/Toronto",
        "source": "ip-api.com"
      },
      "geometry": {
        "type": "Point",
        "coordinates": [
          -79.3832,
          43.6532
        ]
      }
    },
    {
      "type": "Feature",
      "properties": {
        "ip": "162.159.140.229",
        "url": "https://x.com/i/api/graphql/R9IzzyzQBV87-DOWpcvDmw/TweetDetail?variables=%7B%22focalTweetId%22%3A%221949685562635673659%22%2C%22referrer%22%3A%22home%22%2C%22controller_data%22%3A%22DAACDAABDAABCgABAAAAQgICAAEKAAKAAAAAAAAAAAoACe%2FekXWfZV3QCAALAAAAEQ8ADAMAAAAkAQACAkIAAAAAAAAAAAAAgAAAAAAAAAAAAAAAACAA4AFAAAACCgAOH5uozFJERIEKABC2JhkEr8RLsgAAAAA%3D%22%2C%22with_rux_injections%22%3Afalse%2C%22rankingMode%22%3A%22Relevance%22%2C%22includePromotedContent%22%3Atrue%2C%22withCommunity%22%3Atrue%2C%22withQuickPromoteEligibilityTweetFields%22%3Atrue%2C%22withBirdwatchNotes%22%3Atrue%2C%22withVoice%22%3Atrue%7D&features=%7B%22rweb_video_screen_enabled%22%3Afalse%2C%22payments_enabled%22%3Afalse%2C%22profile_label_improvements_pcf_label_in_post_enabled%22%3Atrue%2C%22rweb_tipjar_consumption_enabled%22%3Atrue%2C%22verified_phone_label_enabled%22%3Afalse%2C%22creator_subscriptions_tweet_preview_api_enabled%22%3Atrue%2C%22responsive_web_graphql_timeline_navigation_enabled%22%3Atrue%2C%22responsive_web_graphql_skip_user_profile_image_extensions_enabled%22%3Afalse%2C%22premium_content_api_read_enabled%22%3Afalse%2C%22communities_web_enable_tweet_community_results_fetch%22%3Atrue%2C%22c9s_tweet_anatomy_moderator_badge_enabled%22%3Atrue%2C%22responsive_web_grok_analyze_button_fetch_trends_enabled%22%3Afalse%2C%22responsive_web_grok_analyze_post_followups_enabled%22%3Atrue%2C%22responsive_web_jetfuel_frame%22%3Atrue%2C%22responsive_web_grok_share_attachment_enabled%22%3Atrue%2C%22articles_preview_enabled%22%3Atrue%2C%22responsive_web_edit_tweet_api_enabled%22%3Atrue%2C%22graphql_is_translatable_rweb_tweet_is_translatable_enabled%22%3Atrue%2C%22view_counts_everywhere_api_enabled%22%3Atrue%2C%22longform_notetweets_consumption_enabled%22%3Atrue%2C%22responsive_web_twitter_article_tweet_consumption_enabled%22%3Atrue%2C%22tweet_awards_web_tipping_enabled%22%3Afalse%2C%22responsive_web_grok_show_grok_translated_post%22%3Afalse%2C%22responsive_web_grok_analysis_button_from_backend%22%3Afalse%2C%22creator_subscriptions_quote_tweet_preview_enabled%22%3Afalse%2C%22freedom_of_speech_not_reach_fetch_enabled%22%3Atrue%2C%22standardized_nudges_misinfo%22%3Atrue%2C%22tweet_with_visibility_results_prefer_gql_limited_actions_policy_enabled%22%3Atrue%2C%22longform_notetweets_rich_text_read_enabled%22%3Atrue%2C%22longform_notetweets_inline_media_enabled%22%3Atrue%2C%22responsive_web_grok_image_annotation_enabled%22%3Atrue%2C%22responsive_web_grok_community_note_auto_translation_is_enabled%22%3Afalse%2C%22responsive_web_enhance_cards_enabled%22%3Afalse%7D&fieldToggles=%7B%22withArticleRichContentState%22%3Atrue%2C%22withArticlePlainText%22%3Afalse%2C%22withGrokAnalyze%22%3Afalse%2C%22withDisallowedReplyControls%22%3Afalse%7D",
        "city": "Toronto",
        "region": "Ontario",
        "country": "Canada",
        "org": "Cloudflare, Inc.",
        "timezone": "America/Toronto",
        "source": "ip-api.com"
      },
      "geometry": {
        "type": "Point",
        "coordinates": [
          -79.3832,
          43.6532
        ]
      }
    },
    {
      "type": "Feature",
      "properties": {
        "ip": "162.159.140.229",
        "url": "https://x.com/i/api/graphql/Iv0sFFnvIpdYCm_uEqd1-Q/CommunitiesFetchOneQuery?variables=%7B%22communityId%22%3A%221723286568683913463%22%2C%22withDmMuting%22%3Afalse%7D&features=%7B%22payments_enabled%22%3Afalse%2C%22profile_label_improvements_pcf_label_in_post_enabled%22%3Atrue%2C%22responsive_web_graphql_skip_user_profile_image_extensions_enabled%22%3Afalse%2C%22responsive_web_graphql_timeline_navigation_enabled%22%3Atrue%2C%22rweb_tipjar_consumption_enabled%22%3Atrue%2C%22verified_phone_label_enabled%22%3Afalse%7D",
        "city": "Toronto",
        "region": "Ontario",
        "country": "Canada",
        "org": "Cloudflare, Inc.",
        "timezone": "America/Toronto",
        "source": "ip-api.com"
      },
      "geometry": {
        "type": "Point",
        "coordinates": [
          -79.3832,
          43.6532
        ]
      }
    },
    {
      "type": "Feature",
      "properties": {
        "ip": "162.159.140.229",
        "url": "https://x.com/",
        "city": "Toronto",
        "region": "Ontario",
        "country": "Canada",
        "org": "Cloudflare, Inc.",
        "timezone": "America/Toronto",
        "source": "ip-api.com"
      },
      "geometry": {
        "type": "Point",
        "coordinates": [
          -79.3832,
          43.6532
        ]
      }
    },
    {
      "type": "Feature",
      "properties": {
        "ip": "162.159.140.229",
        "url": "https://x.com/i/api/graphql/PFIxTk8owMoZgiMccP0r4g/getAltTextPromptPreference?variables=%7B%7D",
        "city": "Toronto",
        "region": "Ontario",
        "country": "Canada",
        "org": "Cloudflare, Inc.",
        "timezone": "America/Toronto",
        "source": "ip-api.com"
      },
      "geometry": {
        "type": "Point",
        "coordinates": [
          -79.3832,
          43.6532
        ]
      }
    },
    {
      "type": "Feature",
      "properties": {
        "ip": "162.159.140.229",
        "url": "https://x.com/i/api/graphql/I_tJ_DO6WLqG0em8EQsVVg/isEligibleForAnalyticsUpsellQuery?variables=%7B%7D",
        "city": "Toronto",
        "region": "Ontario",
        "country": "Canada",
        "org": "Cloudflare, Inc.",
        "timezone": "America/Toronto",
        "source": "ip-api.com"
      },
      "geometry": {
        "type": "Point",
        "coordinates": [
          -79.3832,
          43.6532
        ]
      }
    },
    {
      "type": "Feature",
      "properties": {
        "ip": "162.159.140.229",
        "url": "https://x.com/i/api/graphql/R9IzzyzQBV87-DOWpcvDmw/TweetDetail?variables=%7B%22focalTweetId%22%3A%221950250624366629371%22%2C%22rankingMode%22%3A%22Relevance%22%2C%22includePromotedContent%22%3Atrue%2C%22withCommunity%22%3Atrue%2C%22withQuickPromoteEligibilityTweetFields%22%3Atrue%2C%22withBirdwatchNotes%22%3Atrue%2C%22withVoice%22%3Atrue%7D&features=%7B%22rweb_video_screen_enabled%22%3Afalse%2C%22payments_enabled%22%3Afalse%2C%22profile_label_improvements_pcf_label_in_post_enabled%22%3Atrue%2C%22rweb_tipjar_consumption_enabled%22%3Atrue%2C%22verified_phone_label_enabled%22%3Afalse%2C%22creator_subscriptions_tweet_preview_api_enabled%22%3Atrue%2C%22responsive_web_graphql_timeline_navigation_enabled%22%3Atrue%2C%22responsive_web_graphql_skip_user_profile_image_extensions_enabled%22%3Afalse%2C%22premium_content_api_read_enabled%22%3Afalse%2C%22communities_web_enable_tweet_community_results_fetch%22%3Atrue%2C%22c9s_tweet_anatomy_moderator_badge_enabled%22%3Atrue%2C%22responsive_web_grok_analyze_button_fetch_trends_enabled%22%3Afalse%2C%22responsive_web_grok_analyze_post_followups_enabled%22%3Atrue%2C%22responsive_web_jetfuel_frame%22%3Atrue%2C%22responsive_web_grok_share_attachment_enabled%22%3Atrue%2C%22articles_preview_enabled%22%3Atrue%2C%22responsive_web_edit_tweet_api_enabled%22%3Atrue%2C%22graphql_is_translatable_rweb_tweet_is_translatable_enabled%22%3Atrue%2C%22view_counts_everywhere_api_enabled%22%3Atrue%2C%22longform_notetweets_consumption_enabled%22%3Atrue%2C%22responsive_web_twitter_article_tweet_consumption_enabled%22%3Atrue%2C%22tweet_awards_web_tipping_enabled%22%3Afalse%2C%22responsive_web_grok_show_grok_translated_post%22%3Afalse%2C%22responsive_web_grok_analysis_button_from_backend%22%3Afalse%2C%22creator_subscriptions_quote_tweet_preview_enabled%22%3Afalse%2C%22freedom_of_speech_not_reach_fetch_enabled%22%3Atrue%2C%22standardized_nudges_misinfo%22%3Atrue%2C%22tweet_with_visibility_results_prefer_gql_limited_actions_policy_enabled%22%3Atrue%2C%22longform_notetweets_rich_text_read_enabled%22%3Atrue%2C%22longform_notetweets_inline_media_enabled%22%3Atrue%2C%22responsive_web_grok_image_annotation_enabled%22%3Atrue%2C%22responsive_web_grok_community_note_auto_translation_is_enabled%22%3Afalse%2C%22responsive_web_enhance_cards_enabled%22%3Afalse%7D&fieldToggles=%7B%22withArticleRichContentState%22%3Atrue%2C%22withArticlePlainText%22%3Afalse%2C%22withGrokAnalyze%22%3Afalse%2C%22withDisallowedReplyControls%22%3Afalse%7D",
        "city": "Toronto",
        "region": "Ontario",
        "country": "Canada",
        "org": "Cloudflare, Inc.",
        "timezone": "America/Toronto",
        "source": "ip-api.com"
      },
      "geometry": {
        "type": "Point",
        "coordinates": [
          -79.3832,
          43.6532
        ]
      }
    },
    {
      "type": "Feature",
      "properties": {
        "ip": "162.159.140.229",
        "url": "https://x.com/i/api/graphql/R9IzzyzQBV87-DOWpcvDmw/TweetDetail?variables=%7B%22focalTweetId%22%3A%221950250624366629371%22%2C%22referrer%22%3A%22home%22%2C%22controller_data%22%3A%22DAACDAABDAABCgABBAAAQtICAAEKAAKAAAAAAABACAoACe%2FekXWfZV3QCAALAAAAAw8ADAMAAAAgAQAC0kIAAAQIQAAAAAAAgAAAAAAAAAAAAAAAAAAA4AEKAA4fm6jMUkREgQAAAAA%3D%22%2C%22with_rux_injections%22%3Afalse%2C%22rankingMode%22%3A%22Relevance%22%2C%22includePromotedContent%22%3Atrue%2C%22withCommunity%22%3Atrue%2C%22withQuickPromoteEligibilityTweetFields%22%3Atrue%2C%22withBirdwatchNotes%22%3Atrue%2C%22withVoice%22%3Atrue%7D&features=%7B%22rweb_video_screen_enabled%22%3Afalse%2C%22payments_enabled%22%3Afalse%2C%22profile_label_improvements_pcf_label_in_post_enabled%22%3Atrue%2C%22rweb_tipjar_consumption_enabled%22%3Atrue%2C%22verified_phone_label_enabled%22%3Afalse%2C%22creator_subscriptions_tweet_preview_api_enabled%22%3Atrue%2C%22responsive_web_graphql_timeline_navigation_enabled%22%3Atrue%2C%22responsive_web_graphql_skip_user_profile_image_extensions_enabled%22%3Afalse%2C%22premium_content_api_read_enabled%22%3Afalse%2C%22communities_web_enable_tweet_community_results_fetch%22%3Atrue%2C%22c9s_tweet_anatomy_moderator_badge_enabled%22%3Atrue%2C%22responsive_web_grok_analyze_button_fetch_trends_enabled%22%3Afalse%2C%22responsive_web_grok_analyze_post_followups_enabled%22%3Atrue%2C%22responsive_web_jetfuel_frame%22%3Atrue%2C%22responsive_web_grok_share_attachment_enabled%22%3Atrue%2C%22articles_preview_enabled%22%3Atrue%2C%22responsive_web_edit_tweet_api_enabled%22%3Atrue%2C%22graphql_is_translatable_rweb_tweet_is_translatable_enabled%22%3Atrue%2C%22view_counts_everywhere_api_enabled%22%3Atrue%2C%22longform_notetweets_consumption_enabled%22%3Atrue%2C%22responsive_web_twitter_article_tweet_consumption_enabled%22%3Atrue%2C%22tweet_awards_web_tipping_enabled%22%3Afalse%2C%22responsive_web_grok_show_grok_translated_post%22%3Afalse%2C%22responsive_web_grok_analysis_button_from_backend%22%3Afalse%2C%22creator_subscriptions_quote_tweet_preview_enabled%22%3Afalse%2C%22freedom_of_speech_not_reach_fetch_enabled%22%3Atrue%2C%22standardized_nudges_misinfo%22%3Atrue%2C%22tweet_with_visibility_results_prefer_gql_limited_actions_policy_enabled%22%3Atrue%2C%22longform_notetweets_rich_text_read_enabled%22%3Atrue%2C%22longform_notetweets_inline_media_enabled%22%3Atrue%2C%22responsive_web_grok_image_annotation_enabled%22%3Atrue%2C%22responsive_web_grok_community_note_auto_translation_is_enabled%22%3Afalse%2C%22responsive_web_enhance_cards_enabled%22%3Afalse%7D&fieldToggles=%7B%22withArticleRichContentState%22%3Atrue%2C%22withArticlePlainText%22%3Afalse%2C%22withGrokAnalyze%22%3Afalse%2C%22withDisallowedReplyControls%22%3Afalse%7D",
        "city": "Toronto",
        "region": "Ontario",
        "country": "Canada",
        "org": "Cloudflare, Inc.",
        "timezone": "America/Toronto",
        "source": "ip-api.com"
      },
      "geometry": {
        "type": "Point",
        "coordinates": [
          -79.3832,
          43.6532
        ]
      }
    },
    {
      "type": "Feature",
      "properties": {
        "ip": "162.159.140.229",
        "url": "https://x.com/i/api/1.1/jot/ces/p2",
        "city": "Toronto",
        "region": "Ontario",
        "country": "Canada",
        "org": "Cloudflare, Inc.",
        "timezone": "America/Toronto",
        "source": "ip-api.com"
      },
      "geometry": {
        "type": "Point",
        "coordinates": [
          -79.3832,
          43.6532
        ]
      }
    },
    {
      "type": "Feature",
      "properties": {
        "ip": "162.159.140.229",
        "url": "https://api.x.com/1.1/live_pipeline/update_subscriptions",
        "city": "Toronto",
        "region": "Ontario",
        "country": "Canada",
        "org": "Cloudflare, Inc.",
        "timezone": "America/Toronto",
        "source": "ip-api.com"
      },
      "geometry": {
        "type": "Point",
        "coordinates": [
          -79.3832,
          43.6532
        ]
      }
    },
    {
      "type": "Feature",
      "properties": {
        "ip": "162.159.140.229",
        "url": "https://x.com/i/api/graphql/_qrmuYLQl79WB9oFxfs1Sw/HomeTimeline",
        "city": "Toronto",
        "region": "Ontario",
        "country": "Canada",
        "org": "Cloudflare, Inc.",
        "timezone": "America/Toronto",
        "source": "ip-api.com"
      },
      "geometry": {
        "type": "Point",
        "coordinates": [
          -79.3832,
          43.6532
        ]
      }
    },
    {
      "type": "Feature",
      "properties": {
        "ip": "162.159.140.229",
        "url": "https://x.com/i/api/graphql/R9IzzyzQBV87-DOWpcvDmw/TweetDetail?variables=%7B%22focalTweetId%22%3A%221950049834041225467%22%2C%22referrer%22%3A%22home%22%2C%22controller_data%22%3A%22DAACDAABDAABCgABAAAAQgICAAEKAAKAAAAAAAAgAAoACe%2FekXWfZV3QCAALAAAADg8ADAMAAAAgAQACAkIAAAAAIAAAAAAAgAAAAAAAAAAAAAAQACAA4IEKAA4fm6jMUkREgQoAELYmGQSvxEuyAAAAAA%3D%3D%22%2C%22with_rux_injections%22%3Afalse%2C%22rankingMode%22%3A%22Relevance%22%2C%22includePromotedContent%22%3Atrue%2C%22withCommunity%22%3Atrue%2C%22withQuickPromoteEligibilityTweetFields%22%3Atrue%2C%22withBirdwatchNotes%22%3Atrue%2C%22withVoice%22%3Atrue%7D&features=%7B%22rweb_video_screen_enabled%22%3Afalse%2C%22payments_enabled%22%3Afalse%2C%22profile_label_improvements_pcf_label_in_post_enabled%22%3Atrue%2C%22rweb_tipjar_consumption_enabled%22%3Atrue%2C%22verified_phone_label_enabled%22%3Afalse%2C%22creator_subscriptions_tweet_preview_api_enabled%22%3Atrue%2C%22responsive_web_graphql_timeline_navigation_enabled%22%3Atrue%2C%22responsive_web_graphql_skip_user_profile_image_extensions_enabled%22%3Afalse%2C%22premium_content_api_read_enabled%22%3Afalse%2C%22communities_web_enable_tweet_community_results_fetch%22%3Atrue%2C%22c9s_tweet_anatomy_moderator_badge_enabled%22%3Atrue%2C%22responsive_web_grok_analyze_button_fetch_trends_enabled%22%3Afalse%2C%22responsive_web_grok_analyze_post_followups_enabled%22%3Atrue%2C%22responsive_web_jetfuel_frame%22%3Atrue%2C%22responsive_web_grok_share_attachment_enabled%22%3Atrue%2C%22articles_preview_enabled%22%3Atrue%2C%22responsive_web_edit_tweet_api_enabled%22%3Atrue%2C%22graphql_is_translatable_rweb_tweet_is_translatable_enabled%22%3Atrue%2C%22view_counts_everywhere_api_enabled%22%3Atrue%2C%22longform_notetweets_consumption_enabled%22%3Atrue%2C%22responsive_web_twitter_article_tweet_consumption_enabled%22%3Atrue%2C%22tweet_awards_web_tipping_enabled%22%3Afalse%2C%22responsive_web_grok_show_grok_translated_post%22%3Afalse%2C%22responsive_web_grok_analysis_button_from_backend%22%3Afalse%2C%22creator_subscriptions_quote_tweet_preview_enabled%22%3Afalse%2C%22freedom_of_speech_not_reach_fetch_enabled%22%3Atrue%2C%22standardized_nudges_misinfo%22%3Atrue%2C%22tweet_with_visibility_results_prefer_gql_limited_actions_policy_enabled%22%3Atrue%2C%22longform_notetweets_rich_text_read_enabled%22%3Atrue%2C%22longform_notetweets_inline_media_enabled%22%3Atrue%2C%22responsive_web_grok_image_annotation_enabled%22%3Atrue%2C%22responsive_web_grok_community_note_auto_translation_is_enabled%22%3Afalse%2C%22responsive_web_enhance_cards_enabled%22%3Afalse%7D&fieldToggles=%7B%22withArticleRichContentState%22%3Atrue%2C%22withArticlePlainText%22%3Afalse%2C%22withGrokAnalyze%22%3Afalse%2C%22withDisallowedReplyControls%22%3Afalse%7D",
        "city": "Toronto",
        "region": "Ontario",
        "country": "Canada",
        "org": "Cloudflare, Inc.",
        "timezone": "America/Toronto",
        "source": "ip-api.com"
      },
      "geometry": {
        "type": "Point",
        "coordinates": [
          -79.3832,
          43.6532
        ]
      }
    },
    {
      "type": "Feature",
      "properties": {
        "ip": "162.159.140.229",
        "url": "https://x.com/i/api/graphql/R9IzzyzQBV87-DOWpcvDmw/TweetDetail?variables=%7B%22focalTweetId%22%3A%221950047334236131575%22%2C%22rankingMode%22%3A%22Relevance%22%2C%22includePromotedContent%22%3Atrue%2C%22withCommunity%22%3Atrue%2C%22withQuickPromoteEligibilityTweetFields%22%3Atrue%2C%22withBirdwatchNotes%22%3Atrue%2C%22withVoice%22%3Atrue%7D&features=%7B%22rweb_video_screen_enabled%22%3Afalse%2C%22payments_enabled%22%3Afalse%2C%22profile_label_improvements_pcf_label_in_post_enabled%22%3Atrue%2C%22rweb_tipjar_consumption_enabled%22%3Atrue%2C%22verified_phone_label_enabled%22%3Afalse%2C%22creator_subscriptions_tweet_preview_api_enabled%22%3Atrue%2C%22responsive_web_graphql_timeline_navigation_enabled%22%3Atrue%2C%22responsive_web_graphql_skip_user_profile_image_extensions_enabled%22%3Afalse%2C%22premium_content_api_read_enabled%22%3Afalse%2C%22communities_web_enable_tweet_community_results_fetch%22%3Atrue%2C%22c9s_tweet_anatomy_moderator_badge_enabled%22%3Atrue%2C%22responsive_web_grok_analyze_button_fetch_trends_enabled%22%3Afalse%2C%22responsive_web_grok_analyze_post_followups_enabled%22%3Atrue%2C%22responsive_web_jetfuel_frame%22%3Atrue%2C%22responsive_web_grok_share_attachment_enabled%22%3Atrue%2C%22articles_preview_enabled%22%3Atrue%2C%22responsive_web_edit_tweet_api_enabled%22%3Atrue%2C%22graphql_is_translatable_rweb_tweet_is_translatable_enabled%22%3Atrue%2C%22view_counts_everywhere_api_enabled%22%3Atrue%2C%22longform_notetweets_consumption_enabled%22%3Atrue%2C%22responsive_web_twitter_article_tweet_consumption_enabled%22%3Atrue%2C%22tweet_awards_web_tipping_enabled%22%3Afalse%2C%22responsive_web_grok_show_grok_translated_post%22%3Afalse%2C%22responsive_web_grok_analysis_button_from_backend%22%3Afalse%2C%22creator_subscriptions_quote_tweet_preview_enabled%22%3Afalse%2C%22freedom_of_speech_not_reach_fetch_enabled%22%3Atrue%2C%22standardized_nudges_misinfo%22%3Atrue%2C%22tweet_with_visibility_results_prefer_gql_limited_actions_policy_enabled%22%3Atrue%2C%22longform_notetweets_rich_text_read_enabled%22%3Atrue%2C%22longform_notetweets_inline_media_enabled%22%3Atrue%2C%22responsive_web_grok_image_annotation_enabled%22%3Atrue%2C%22responsive_web_grok_community_note_auto_translation_is_enabled%22%3Afalse%2C%22responsive_web_enhance_cards_enabled%22%3Afalse%7D&fieldToggles=%7B%22withArticleRichContentState%22%3Atrue%2C%22withArticlePlainText%22%3Afalse%2C%22withGrokAnalyze%22%3Afalse%2C%22withDisallowedReplyControls%22%3Afalse%7D",
        "city": "Toronto",
        "region": "Ontario",
        "country": "Canada",
        "org": "Cloudflare, Inc.",
        "timezone": "America/Toronto",
        "source": "ip-api.com"
      },
      "geometry": {
        "type": "Point",
        "coordinates": [
          -79.3832,
          43.6532
        ]
      }
    },
    {
      "type": "Feature",
      "properties": {
        "ip": "162.159.140.229",
        "url": "https://ads-api.x.com/12/measurement/dcm_local_id",
        "city": "Toronto",
        "region": "Ontario",
        "country": "Canada",
        "org": "Cloudflare, Inc.",
        "timezone": "America/Toronto",
        "source": "ip-api.com"
      },
      "geometry": {
        "type": "Point",
        "coordinates": [
          -79.3832,
          43.6532
        ]
      }
    },
    {
      "type": "Feature",
      "properties": {
        "ip": "162.159.140.229",
        "url": "https://x.com/i/api/graphql/R9IzzyzQBV87-DOWpcvDmw/TweetDetail?variables=%7B%22focalTweetId%22%3A%221950112803999633439%22%2C%22referrer%22%3A%22tweet%22%2C%22controller_data%22%3A%22DAACDAAEDAABCgABAAAAAAAAAAEKAAIAAAAAAAAAAAAAAAA%3D%22%2C%22with_rux_injections%22%3Afalse%2C%22rankingMode%22%3A%22Relevance%22%2C%22includePromotedContent%22%3Atrue%2C%22withCommunity%22%3Atrue%2C%22withQuickPromoteEligibilityTweetFields%22%3Atrue%2C%22withBirdwatchNotes%22%3Atrue%2C%22withVoice%22%3Atrue%7D&features=%7B%22rweb_video_screen_enabled%22%3Afalse%2C%22payments_enabled%22%3Afalse%2C%22profile_label_improvements_pcf_label_in_post_enabled%22%3Atrue%2C%22rweb_tipjar_consumption_enabled%22%3Atrue%2C%22verified_phone_label_enabled%22%3Afalse%2C%22creator_subscriptions_tweet_preview_api_enabled%22%3Atrue%2C%22responsive_web_graphql_timeline_navigation_enabled%22%3Atrue%2C%22responsive_web_graphql_skip_user_profile_image_extensions_enabled%22%3Afalse%2C%22premium_content_api_read_enabled%22%3Afalse%2C%22communities_web_enable_tweet_community_results_fetch%22%3Atrue%2C%22c9s_tweet_anatomy_moderator_badge_enabled%22%3Atrue%2C%22responsive_web_grok_analyze_button_fetch_trends_enabled%22%3Afalse%2C%22responsive_web_grok_analyze_post_followups_enabled%22%3Atrue%2C%22responsive_web_jetfuel_frame%22%3Atrue%2C%22responsive_web_grok_share_attachment_enabled%22%3Atrue%2C%22articles_preview_enabled%22%3Atrue%2C%22responsive_web_edit_tweet_api_enabled%22%3Atrue%2C%22graphql_is_translatable_rweb_tweet_is_translatable_enabled%22%3Atrue%2C%22view_counts_everywhere_api_enabled%22%3Atrue%2C%22longform_notetweets_consumption_enabled%22%3Atrue%2C%22responsive_web_twitter_article_tweet_consumption_enabled%22%3Atrue%2C%22tweet_awards_web_tipping_enabled%22%3Afalse%2C%22responsive_web_grok_show_grok_translated_post%22%3Afalse%2C%22responsive_web_grok_analysis_button_from_backend%22%3Afalse%2C%22creator_subscriptions_quote_tweet_preview_enabled%22%3Afalse%2C%22freedom_of_speech_not_reach_fetch_enabled%22%3Atrue%2C%22standardized_nudges_misinfo%22%3Atrue%2C%22tweet_with_visibility_results_prefer_gql_limited_actions_policy_enabled%22%3Atrue%2C%22longform_notetweets_rich_text_read_enabled%22%3Atrue%2C%22longform_notetweets_inline_media_enabled%22%3Atrue%2C%22responsive_web_grok_image_annotation_enabled%22%3Atrue%2C%22responsive_web_grok_community_note_auto_translation_is_enabled%22%3Afalse%2C%22responsive_web_enhance_cards_enabled%22%3Afalse%7D&fieldToggles=%7B%22withArticleRichContentState%22%3Atrue%2C%22withArticlePlainText%22%3Afalse%2C%22withGrokAnalyze%22%3Afalse%2C%22withDisallowedReplyControls%22%3Afalse%7D",
        "city": "Toronto",
        "region": "Ontario",
        "country": "Canada",
        "org": "Cloudflare, Inc.",
        "timezone": "America/Toronto",
        "source": "ip-api.com"
      },
      "geometry": {
        "type": "Point",
        "coordinates": [
          -79.3832,
          43.6532
        ]
      }
    },
    {
      "type": "Feature",
      "properties": {
        "ip": "162.159.140.229",
        "url": "https://x.com/i/api/1.1/strato/column/None/1717629207206129664,Mac%2FChrome,pushNotifications/clients/permissionsState",
        "city": "Toronto",
        "region": "Ontario",
        "country": "Canada",
        "org": "Cloudflare, Inc.",
        "timezone": "America/Toronto",
        "source": "ip-api.com"
      },
      "geometry": {
        "type": "Point",
        "coordinates": [
          -79.3832,
          43.6532
        ]
      }
    },
    {
      "type": "Feature",
      "properties": {
        "ip": "162.159.140.229",
        "url": "https://x.com/i/api/graphql/UtDUBQrevIwphY7mzPj3IQ/FetchScheduledTweets?variables=%7B%22ascending%22%3Atrue%7D",
        "city": "Toronto",
        "region": "Ontario",
        "country": "Canada",
        "org": "Cloudflare, Inc.",
        "timezone": "America/Toronto",
        "source": "ip-api.com"
      },
      "geometry": {
        "type": "Point",
        "coordinates": [
          -79.3832,
          43.6532
        ]
      }
    },
    {
      "type": "Feature",
      "properties": {
        "ip": "162.159.140.229",
        "url": "https://x.com/i/api/graphql/R9IzzyzQBV87-DOWpcvDmw/TweetDetail?variables=%7B%22focalTweetId%22%3A%221950342789683958205%22%2C%22referrer%22%3A%22tweet%22%2C%22controller_data%22%3A%22DAACDAAEDAABCgABAAAAAAAAAAEKAAIAAAAAAAAAAAAAAAA%3D%22%2C%22with_rux_injections%22%3Afalse%2C%22rankingMode%22%3A%22Relevance%22%2C%22includePromotedContent%22%3Atrue%2C%22withCommunity%22%3Atrue%2C%22withQuickPromoteEligibilityTweetFields%22%3Atrue%2C%22withBirdwatchNotes%22%3Atrue%2C%22withVoice%22%3Atrue%7D&features=%7B%22rweb_video_screen_enabled%22%3Afalse%2C%22payments_enabled%22%3Afalse%2C%22profile_label_improvements_pcf_label_in_post_enabled%22%3Atrue%2C%22rweb_tipjar_consumption_enabled%22%3Atrue%2C%22verified_phone_label_enabled%22%3Afalse%2C%22creator_subscriptions_tweet_preview_api_enabled%22%3Atrue%2C%22responsive_web_graphql_timeline_navigation_enabled%22%3Atrue%2C%22responsive_web_graphql_skip_user_profile_image_extensions_enabled%22%3Afalse%2C%22premium_content_api_read_enabled%22%3Afalse%2C%22communities_web_enable_tweet_community_results_fetch%22%3Atrue%2C%22c9s_tweet_anatomy_moderator_badge_enabled%22%3Atrue%2C%22responsive_web_grok_analyze_button_fetch_trends_enabled%22%3Afalse%2C%22responsive_web_grok_analyze_post_followups_enabled%22%3Atrue%2C%22responsive_web_jetfuel_frame%22%3Atrue%2C%22responsive_web_grok_share_attachment_enabled%22%3Atrue%2C%22articles_preview_enabled%22%3Atrue%2C%22responsive_web_edit_tweet_api_enabled%22%3Atrue%2C%22graphql_is_translatable_rweb_tweet_is_translatable_enabled%22%3Atrue%2C%22view_counts_everywhere_api_enabled%22%3Atrue%2C%22longform_notetweets_consumption_enabled%22%3Atrue%2C%22responsive_web_twitter_article_tweet_consumption_enabled%22%3Atrue%2C%22tweet_awards_web_tipping_enabled%22%3Afalse%2C%22responsive_web_grok_show_grok_translated_post%22%3Afalse%2C%22responsive_web_grok_analysis_button_from_backend%22%3Afalse%2C%22creator_subscriptions_quote_tweet_preview_enabled%22%3Afalse%2C%22freedom_of_speech_not_reach_fetch_enabled%22%3Atrue%2C%22standardized_nudges_misinfo%22%3Atrue%2C%22tweet_with_visibility_results_prefer_gql_limited_actions_policy_enabled%22%3Atrue%2C%22longform_notetweets_rich_text_read_enabled%22%3Atrue%2C%22longform_notetweets_inline_media_enabled%22%3Atrue%2C%22responsive_web_grok_image_annotation_enabled%22%3Atrue%2C%22responsive_web_grok_community_note_auto_translation_is_enabled%22%3Afalse%2C%22responsive_web_enhance_cards_enabled%22%3Afalse%7D&fieldToggles=%7B%22withArticleRichContentState%22%3Atrue%2C%22withArticlePlainText%22%3Afalse%2C%22withGrokAnalyze%22%3Afalse%2C%22withDisallowedReplyControls%22%3Afalse%7D",
        "city": "Toronto",
        "region": "Ontario",
        "country": "Canada",
        "org": "Cloudflare, Inc.",
        "timezone": "America/Toronto",
        "source": "ip-api.com"
      },
      "geometry": {
        "type": "Point",
        "coordinates": [
          -79.3832,
          43.6532
        ]
      }
    },
    {
      "type": "Feature",
      "properties": {
        "ip": "162.159.140.229",
        "url": "https://x.com/i/api/1.1/hashflags.json",
        "city": "Toronto",
        "region": "Ontario",
        "country": "Canada",
        "org": "Cloudflare, Inc.",
        "timezone": "America/Toronto",
        "source": "ip-api.com"
      },
      "geometry": {
        "type": "Point",
        "coordinates": [
          -79.3832,
          43.6532
        ]
      }
    },
    {
      "type": "Feature",
      "properties": {
        "ip": "162.159.140.229",
        "url": "https://x.com/i/api/graphql/lI07N6Otwv1PhnEgXILM7A/FavoriteTweet",
        "city": "Toronto",
        "region": "Ontario",
        "country": "Canada",
        "org": "Cloudflare, Inc.",
        "timezone": "America/Toronto",
        "source": "ip-api.com"
      },
      "geometry": {
        "type": "Point",
        "coordinates": [
          -79.3832,
          43.6532
        ]
      }
    },
    {
      "type": "Feature",
      "properties": {
        "ip": "162.159.140.229",
        "url": "https://x.com/i/api/graphql/88Bu08U2ddaVVjKmmXjVYg/articleNudgeDomains?variables=%7B%7D",
        "city": "Toronto",
        "region": "Ontario",
        "country": "Canada",
        "org": "Cloudflare, Inc.",
        "timezone": "America/Toronto",
        "source": "ip-api.com"
      },
      "geometry": {
        "type": "Point",
        "coordinates": [
          -79.3832,
          43.6532
        ]
      }
    },
    {
      "type": "Feature",
      "properties": {
        "ip": "162.159.140.229",
        "url": "https://analytics.twitter.com/tpm",
        "city": "Toronto",
        "region": "Ontario",
        "country": "Canada",
        "org": "Cloudflare, Inc.",
        "timezone": "America/Toronto",
        "source": "ip-api.com"
      },
      "geometry": {
        "type": "Point",
        "coordinates": [
          -79.3832,
          43.6532
        ]
      }
    },
    {
      "type": "Feature",
      "properties": {
        "ip": "162.159.140.229",
        "url": "https://x.com/i/csp_report?a=O5RXE%3D%3D%3D&ro=false",
        "city": "Toronto",
        "region": "Ontario",
        "country": "Canada",
        "org": "Cloudflare, Inc.",
        "timezone": "America/Toronto",
        "source": "ip-api.com"
      },
      "geometry": {
        "type": "Point",
        "coordinates": [
          -79.3832,
          43.6532
        ]
      }
    },
    {
      "type": "Feature",
      "properties": {
        "ip": "162.159.140.229",
        "url": "https://x.com/home?precache=1",
        "city": "Toronto",
        "region": "Ontario",
        "country": "Canada",
        "org": "Cloudflare, Inc.",
        "timezone": "America/Toronto",
        "source": "ip-api.com"
      },
      "geometry": {
        "type": "Point",
        "coordinates": [
          -79.3832,
          43.6532
        ]
      }
    },
    {
      "type": "Feature",
      "properties": {
        "ip": "162.159.140.229",
        "url": "https://api.x.com/1.1/account/settings.json?include_ext_sharing_audiospaces_listening_data_with_followers=true&include_mention_filter=true&include_nsfw_user_flag=true&include_nsfw_admin_flag=true&include_ranked_timeline=true&include_alt_text_compose=true&ext=ssoConnections&include_country_code=true&include_ext_dm_nsfw_media_filter=true",
        "city": "Toronto",
        "region": "Ontario",
        "country": "Canada",
        "org": "Cloudflare, Inc.",
        "timezone": "America/Toronto",
        "source": "ip-api.com"
      },
      "geometry": {
        "type": "Point",
        "coordinates": [
          -79.3832,
          43.6532
        ]
      }
    },
    {
      "type": "Feature",
      "properties": {
        "ip": "162.159.140.229",
        "url": "https://x.com/i/api/graphql/R9IzzyzQBV87-DOWpcvDmw/TweetDetail?variables=%7B%22focalTweetId%22%3A%221949808527536804049%22%2C%22referrer%22%3A%22home%22%2C%22controller_data%22%3A%22DAACDAABDAABCgABAAAAQgICAAEKAAKAAAAAAAAgAAoACe%2FekXWfZV3QCAALAAAACA8ADAMAAAAkAQACAkIAAAAAIAAAAAAAgAAAAAAAAAAAgAAAACAA4IEAAAAICgAOH5uozFJERIEKABC2JhkEr8RLsgAAAAA%3D%22%2C%22with_rux_injections%22%3Afalse%2C%22rankingMode%22%3A%22Relevance%22%2C%22includePromotedContent%22%3Atrue%2C%22withCommunity%22%3Atrue%2C%22withQuickPromoteEligibilityTweetFields%22%3Atrue%2C%22withBirdwatchNotes%22%3Atrue%2C%22withVoice%22%3Atrue%7D&features=%7B%22rweb_video_screen_enabled%22%3Afalse%2C%22payments_enabled%22%3Afalse%2C%22profile_label_improvements_pcf_label_in_post_enabled%22%3Atrue%2C%22rweb_tipjar_consumption_enabled%22%3Atrue%2C%22verified_phone_label_enabled%22%3Afalse%2C%22creator_subscriptions_tweet_preview_api_enabled%22%3Atrue%2C%22responsive_web_graphql_timeline_navigation_enabled%22%3Atrue%2C%22responsive_web_graphql_skip_user_profile_image_extensions_enabled%22%3Afalse%2C%22premium_content_api_read_enabled%22%3Afalse%2C%22communities_web_enable_tweet_community_results_fetch%22%3Atrue%2C%22c9s_tweet_anatomy_moderator_badge_enabled%22%3Atrue%2C%22responsive_web_grok_analyze_button_fetch_trends_enabled%22%3Afalse%2C%22responsive_web_grok_analyze_post_followups_enabled%22%3Atrue%2C%22responsive_web_jetfuel_frame%22%3Atrue%2C%22responsive_web_grok_share_attachment_enabled%22%3Atrue%2C%22articles_preview_enabled%22%3Atrue%2C%22responsive_web_edit_tweet_api_enabled%22%3Atrue%2C%22graphql_is_translatable_rweb_tweet_is_translatable_enabled%22%3Atrue%2C%22view_counts_everywhere_api_enabled%22%3Atrue%2C%22longform_notetweets_consumption_enabled%22%3Atrue%2C%22responsive_web_twitter_article_tweet_consumption_enabled%22%3Atrue%2C%22tweet_awards_web_tipping_enabled%22%3Afalse%2C%22responsive_web_grok_show_grok_translated_post%22%3Afalse%2C%22responsive_web_grok_analysis_button_from_backend%22%3Afalse%2C%22creator_subscriptions_quote_tweet_preview_enabled%22%3Afalse%2C%22freedom_of_speech_not_reach_fetch_enabled%22%3Atrue%2C%22standardized_nudges_misinfo%22%3Atrue%2C%22tweet_with_visibility_results_prefer_gql_limited_actions_policy_enabled%22%3Atrue%2C%22longform_notetweets_rich_text_read_enabled%22%3Atrue%2C%22longform_notetweets_inline_media_enabled%22%3Atrue%2C%22responsive_web_grok_image_annotation_enabled%22%3Atrue%2C%22responsive_web_grok_community_note_auto_translation_is_enabled%22%3Afalse%2C%22responsive_web_enhance_cards_enabled%22%3Afalse%7D&fieldToggles=%7B%22withArticleRichContentState%22%3Atrue%2C%22withArticlePlainText%22%3Afalse%2C%22withGrokAnalyze%22%3Afalse%2C%22withDisallowedReplyControls%22%3Afalse%7D",
        "city": "Toronto",
        "region": "Ontario",
        "country": "Canada",
        "org": "Cloudflare, Inc.",
        "timezone": "America/Toronto",
        "source": "ip-api.com"
      },
      "geometry": {
        "type": "Point",
        "coordinates": [
          -79.3832,
          43.6532
        ]
      }
    },
    {
      "type": "Feature",
      "properties": {
        "ip": "162.159.140.229",
        "url": "https://x.com/i/api/graphql/wMeA2oqn69Qjto1AX6pIIQ/FetchDraftTweets?variables=%7B%22ascending%22%3Afalse%7D",
        "city": "Toronto",
        "region": "Ontario",
        "country": "Canada",
        "org": "Cloudflare, Inc.",
        "timezone": "America/Toronto",
        "source": "ip-api.com"
      },
      "geometry": {
        "type": "Point",
        "coordinates": [
          -79.3832,
          43.6532
        ]
      }
    },
    {
      "type": "Feature",
      "properties": {
        "ip": "199.232.36.159",
        "url": "https://abs.twimg.com/responsive-web/client-web/bundle.Collection.0602c9aa.js",
        "city": "New York",
        "region": "New York",
        "country": "United States",
        "org": "Fastly, Inc.",
        "timezone": "America/New_York",
        "source": "ip-api.com"
      },
      "geometry": {
        "type": "Point",
        "coordinates": [
          -74.0066,
          40.7126
        ]
      }
    },
    {
      "type": "Feature",
      "properties": {
        "ip": "199.232.36.159",
        "url": "https://abs.twimg.com/responsive-web/client-web/bundle.TwitterBlue-bc6ccf4c.8b714cda.js",
        "city": "New York",
        "region": "New York",
        "country": "United States",
        "org": "Fastly, Inc.",
        "timezone": "America/New_York",
        "source": "ip-api.com"
      },
      "geometry": {
        "type": "Point",
        "coordinates": [
          -74.0066,
          40.7126
        ]
      }
    },
    {
      "type": "Feature",
      "properties": {
        "ip": "199.232.36.159",
        "url": "https://abs.twimg.com/responsive-web/client-web/shared~loader.DashMenu~loader.SideNav~loader.SideNavRedesign~loader.AppModules~loader.DMDrawer~bundl-6cce8a9f.0d3ee81a.js",
        "city": "New York",
        "region": "New York",
        "country": "United States",
        "org": "Fastly, Inc.",
        "timezone": "America/New_York",
        "source": "ip-api.com"
      },
      "geometry": {
        "type": "Point",
        "coordinates": [
          -74.0066,
          40.7126
        ]
      }
    },
    {
      "type": "Feature",
      "properties": {
        "ip": "199.232.36.159",
        "url": "https://abs.twimg.com/responsive-web/client-web/bundle.GifSearch.8e0639da.js",
        "city": "New York",
        "region": "New York",
        "country": "United States",
        "org": "Fastly, Inc.",
        "timezone": "America/New_York",
        "source": "ip-api.com"
      },
      "geometry": {
        "type": "Point",
        "coordinates": [
          -74.0066,
          40.7126
        ]
      }
    },
    {
      "type": "Feature",
      "properties": {
        "ip": "199.232.36.159",
        "url": "https://abs.twimg.com/responsive-web/client-web/bundle.TwitterBlue-4436cc51.915be8ca.js",
        "city": "New York",
        "region": "New York",
        "country": "United States",
        "org": "Fastly, Inc.",
        "timezone": "America/New_York",
        "source": "ip-api.com"
      },
      "geometry": {
        "type": "Point",
        "coordinates": [
          -74.0066,
          40.7126
        ]
      }
    },
    {
      "type": "Feature",
      "properties": {
        "ip": "199.232.36.159",
        "url": "https://abs.twimg.com/responsive-web/client-web/loader.ExploreNews.37c6339a.js",
        "city": "New York",
        "region": "New York",
        "country": "United States",
        "org": "Fastly, Inc.",
        "timezone": "America/New_York",
        "source": "ip-api.com"
      },
      "geometry": {
        "type": "Point",
        "coordinates": [
          -74.0066,
          40.7126
        ]
      }
    },
    {
      "type": "Feature",
      "properties": {
        "ip": "199.232.36.159",
        "url": "https://abs.twimg.com/responsive-web/client-web/loader.ListHandler.4ad6471a.js",
        "city": "New York",
        "region": "New York",
        "country": "United States",
        "org": "Fastly, Inc.",
        "timezone": "America/New_York",
        "source": "ip-api.com"
      },
      "geometry": {
        "type": "Point",
        "coordinates": [
          -74.0066,
          40.7126
        ]
      }
    },
    {
      "type": "Feature",
      "properties": {
        "ip": "199.232.36.159",
        "url": "https://abs.twimg.com/responsive-web/client-web/bundle.NotABot.6ca4fc4a.js",
        "city": "New York",
        "region": "New York",
        "country": "United States",
        "org": "Fastly, Inc.",
        "timezone": "America/New_York",
        "source": "ip-api.com"
      },
      "geometry": {
        "type": "Point",
        "coordinates": [
          -74.0066,
          40.7126
        ]
      }
    },
    {
      "type": "Feature",
      "properties": {
        "ip": "199.232.36.159",
        "url": "https://abs.twimg.com/responsive-web/client-web/shared~bundle.QuoteTweetActivity~bundle.TweetActivity.72c31a0a.js",
        "city": "New York",
        "region": "New York",
        "country": "United States",
        "org": "Fastly, Inc.",
        "timezone": "America/New_York",
        "source": "ip-api.com"
      },
      "geometry": {
        "type": "Point",
        "coordinates": [
          -74.0066,
          40.7126
        ]
      }
    },
    {
      "type": "Feature",
      "properties": {
        "ip": "199.232.36.159",
        "url": "https://abs.twimg.com/responsive-web/client-web/bundle.TwitterBlue-f1d71fd7.ca18e78a.js",
        "city": "New York",
        "region": "New York",
        "country": "United States",
        "org": "Fastly, Inc.",
        "timezone": "America/New_York",
        "source": "ip-api.com"
      },
      "geometry": {
        "type": "Point",
        "coordinates": [
          -74.0066,
          40.7126
        ]
      }
    },
    {
      "type": "Feature",
      "properties": {
        "ip": "199.232.36.159",
        "url": "https://abs.twimg.com/responsive-web/client-web/bundle.MultiAccount.38b73e4a.js",
        "city": "New York",
        "region": "New York",
        "country": "United States",
        "org": "Fastly, Inc.",
        "timezone": "America/New_York",
        "source": "ip-api.com"
      },
      "geometry": {
        "type": "Point",
        "coordinates": [
          -74.0066,
          40.7126
        ]
      }
    },
    {
      "type": "Feature",
      "properties": {
        "ip": "199.232.36.159",
        "url": "https://abs.twimg.com/responsive-web/client-web/shared~loader.AudioDock~loader.DashMenu~loader.DashModal~loader.DMDrawer~ondemand.InlinePlayer~ondem-2d219c28.c5a36afa.js",
        "city": "New York",
        "region": "New York",
        "country": "United States",
        "org": "Fastly, Inc.",
        "timezone": "America/New_York",
        "source": "ip-api.com"
      },
      "geometry": {
        "type": "Point",
        "coordinates": [
          -74.0066,
          40.7126
        ]
      }
    },
    {
      "type": "Feature",
      "properties": {
        "ip": "199.232.36.159",
        "url": "https://abs.twimg.com/responsive-web/client-web/bundle.LoggedOutHome.8cccc12a.js",
        "city": "New York",
        "region": "New York",
        "country": "United States",
        "org": "Fastly, Inc.",
        "timezone": "America/New_York",
        "source": "ip-api.com"
      },
      "geometry": {
        "type": "Point",
        "coordinates": [
          -74.0066,
          40.7126
        ]
      }
    },
    {
      "type": "Feature",
      "properties": {
        "ip": "199.232.36.159",
        "url": "https://abs.twimg.com/responsive-web/client-web/node_modules_x-clients_features_messages_no_json.cb15534a.js",
        "city": "New York",
        "region": "New York",
        "country": "United States",
        "org": "Fastly, Inc.",
        "timezone": "America/New_York",
        "source": "ip-api.com"
      },
      "geometry": {
        "type": "Point",
        "coordinates": [
          -74.0066,
          40.7126
        ]
      }
    },
    {
      "type": "Feature",
      "properties": {
        "ip": "199.232.36.159",
        "url": "https://abs.twimg.com/responsive-web/client-web/node_modules_x-clients_features_messages_ar_json.3549563a.js",
        "city": "New York",
        "region": "New York",
        "country": "United States",
        "org": "Fastly, Inc.",
        "timezone": "America/New_York",
        "source": "ip-api.com"
      },
      "geometry": {
        "type": "Point",
        "coordinates": [
          -74.0066,
          40.7126
        ]
      }
    },
    {
      "type": "Feature",
      "properties": {
        "ip": "199.232.36.159",
        "url": "https://abs.twimg.com/responsive-web/client-web/loader.AbsolutePower.46b42dba.js",
        "city": "New York",
        "region": "New York",
        "country": "United States",
        "org": "Fastly, Inc.",
        "timezone": "America/New_York",
        "source": "ip-api.com"
      },
      "geometry": {
        "type": "Point",
        "coordinates": [
          -74.0066,
          40.7126
        ]
      }
    },
    {
      "type": "Feature",
      "properties": {
        "ip": "199.232.36.159",
        "url": "https://abs.twimg.com/responsive-web/client-web/loader.GetVerifiedSidebar.e2cdb53a.js",
        "city": "New York",
        "region": "New York",
        "country": "United States",
        "org": "Fastly, Inc.",
        "timezone": "America/New_York",
        "source": "ip-api.com"
      },
      "geometry": {
        "type": "Point",
        "coordinates": [
          -74.0066,
          40.7126
        ]
      }
    },
    {
      "type": "Feature",
      "properties": {
        "ip": "199.232.36.159",
        "url": "https://abs.twimg.com/responsive-web/client-web/node_modules_x-clients_features_messages_hu_json.04eef5aa.js",
        "city": "New York",
        "region": "New York",
        "country": "United States",
        "org": "Fastly, Inc.",
        "timezone": "America/New_York",
        "source": "ip-api.com"
      },
      "geometry": {
        "type": "Point",
        "coordinates": [
          -74.0066,
          40.7126
        ]
      }
    },
    {
      "type": "Feature",
      "properties": {
        "ip": "199.232.36.159",
        "url": "https://abs.twimg.com/responsive-web/client-web/shared~bundle.Communities~loader.ListHandler.bd00bfda.js",
        "city": "New York",
        "region": "New York",
        "country": "United States",
        "org": "Fastly, Inc.",
        "timezone": "America/New_York",
        "source": "ip-api.com"
      },
      "geometry": {
        "type": "Point",
        "coordinates": [
          -74.0066,
          40.7126
        ]
      }
    },
    {
      "type": "Feature",
      "properties": {
        "ip": "199.232.36.159",
        "url": "https://abs.twimg.com/responsive-web/client-web/bundle.Ocf-14131f0c.5dc84e4a.js",
        "city": "New York",
        "region": "New York",
        "country": "United States",
        "org": "Fastly, Inc.",
        "timezone": "America/New_York",
        "source": "ip-api.com"
      },
      "geometry": {
        "type": "Point",
        "coordinates": [
          -74.0066,
          40.7126
        ]
      }
    },
    {
      "type": "Feature",
      "properties": {
        "ip": "199.232.36.159",
        "url": "https://abs.twimg.com/responsive-web/client-web/shared~loader.Dock~bundle.DockPeek~bundle.LiveEvent~loader.TimelineFrameHandler~loader.JetfuelFrame--a44521c3.97505b8a.js",
        "city": "New York",
        "region": "New York",
        "country": "United States",
        "org": "Fastly, Inc.",
        "timezone": "America/New_York",
        "source": "ip-api.com"
      },
      "geometry": {
        "type": "Point",
        "coordinates": [
          -74.0066,
          40.7126
        ]
      }
    },
    {
      "type": "Feature",
      "properties": {
        "ip": "199.232.36.159",
        "url": "https://abs.twimg.com/responsive-web/client-web/loader.richScribeAction.372d383a.js",
        "city": "New York",
        "region": "New York",
        "country": "United States",
        "org": "Fastly, Inc.",
        "timezone": "America/New_York",
        "source": "ip-api.com"
      },
      "geometry": {
        "type": "Point",
        "coordinates": [
          -74.0066,
          40.7126
        ]
      }
    },
    {
      "type": "Feature",
      "properties": {
        "ip": "199.232.36.159",
        "url": "https://abs.twimg.com/responsive-web/client-web/modules.audio-c6fe4ea4.8ce1849a.js",
        "city": "New York",
        "region": "New York",
        "country": "United States",
        "org": "Fastly, Inc.",
        "timezone": "America/New_York",
        "source": "ip-api.com"
      },
      "geometry": {
        "type": "Point",
        "coordinates": [
          -74.0066,
          40.7126
        ]
      }
    },
    {
      "type": "Feature",
      "properties": {
        "ip": "199.232.36.159",
        "url": "https://abs.twimg.com/responsive-web/client-web/bundle.HomeTimeline.91bb6faa.js",
        "city": "New York",
        "region": "New York",
        "country": "United States",
        "org": "Fastly, Inc.",
        "timezone": "America/New_York",
        "source": "ip-api.com"
      },
      "geometry": {
        "type": "Point",
        "coordinates": [
          -74.0066,
          40.7126
        ]
      }
    },
    {
      "type": "Feature",
      "properties": {
        "ip": "199.232.36.159",
        "url": "https://abs.twimg.com/responsive-web/client-web/node_modules_x-clients_features_messages_da_json.ffa9918a.js",
        "city": "New York",
        "region": "New York",
        "country": "United States",
        "org": "Fastly, Inc.",
        "timezone": "America/New_York",
        "source": "ip-api.com"
      },
      "geometry": {
        "type": "Point",
        "coordinates": [
          -74.0066,
          40.7126
        ]
      }
    },
    {
      "type": "Feature",
      "properties": {
        "ip": "199.232.36.159",
        "url": "https://abs.twimg.com/responsive-web/client-web/bundle.Grok-3c20ad5c.51e5000a.js",
        "city": "New York",
        "region": "New York",
        "country": "United States",
        "org": "Fastly, Inc.",
        "timezone": "America/New_York",
        "source": "ip-api.com"
      },
      "geometry": {
        "type": "Point",
        "coordinates": [
          -74.0066,
          40.7126
        ]
      }
    },
    {
      "type": "Feature",
      "properties": {
        "ip": "199.232.36.159",
        "url": "https://abs.twimg.com/responsive-web/client-web/bundle.TV-e019dbda.6452aa0a.js",
        "city": "New York",
        "region": "New York",
        "country": "United States",
        "org": "Fastly, Inc.",
        "timezone": "America/New_York",
        "source": "ip-api.com"
      },
      "geometry": {
        "type": "Point",
        "coordinates": [
          -74.0066,
          40.7126
        ]
      }
    },
    {
      "type": "Feature",
      "properties": {
        "ip": "199.232.36.159",
        "url": "https://abs.twimg.com/responsive-web/client-web/bundle.ConversationWithRelay-a7d46b56.f16b77ca.js",
        "city": "New York",
        "region": "New York",
        "country": "United States",
        "org": "Fastly, Inc.",
        "timezone": "America/New_York",
        "source": "ip-api.com"
      },
      "geometry": {
        "type": "Point",
        "coordinates": [
          -74.0066,
          40.7126
        ]
      }
    },
    {
      "type": "Feature",
      "properties": {
        "ip": "199.232.36.159",
        "url": "https://abs.twimg.com/responsive-web/client-web/loader.Dock-e019dbda.6a49724a.js",
        "city": "New York",
        "region": "New York",
        "country": "United States",
        "org": "Fastly, Inc.",
        "timezone": "America/New_York",
        "source": "ip-api.com"
      },
      "geometry": {
        "type": "Point",
        "coordinates": [
          -74.0066,
          40.7126
        ]
      }
    },
    {
      "type": "Feature",
      "properties": {
        "ip": "199.232.36.159",
        "url": "https://abs.twimg.com/responsive-web/client-web/bundle.TwitterBlue-a0a7bb72.ca6fcd6a.js",
        "city": "New York",
        "region": "New York",
        "country": "United States",
        "org": "Fastly, Inc.",
        "timezone": "America/New_York",
        "source": "ip-api.com"
      },
      "geometry": {
        "type": "Point",
        "coordinates": [
          -74.0066,
          40.7126
        ]
      }
    },
    {
      "type": "Feature",
      "properties": {
        "ip": "199.232.36.159",
        "url": "https://abs.twimg.com/responsive-web/client-web/parody-mask.92274f0a.svg",
        "city": "New York",
        "region": "New York",
        "country": "United States",
        "org": "Fastly, Inc.",
        "timezone": "America/New_York",
        "source": "ip-api.com"
      },
      "geometry": {
        "type": "Point",
        "coordinates": [
          -74.0066,
          40.7126
        ]
      }
    },
    {
      "type": "Feature",
      "properties": {
        "ip": "199.232.36.159",
        "url": "https://abs.twimg.com/responsive-web/client-web/bundle.Payments-c2af4acc.62f0250a.js",
        "city": "New York",
        "region": "New York",
        "country": "United States",
        "org": "Fastly, Inc.",
        "timezone": "America/New_York",
        "source": "ip-api.com"
      },
      "geometry": {
        "type": "Point",
        "coordinates": [
          -74.0066,
          40.7126
        ]
      }
    },
    {
      "type": "Feature",
      "properties": {
        "ip": "199.232.36.159",
        "url": "https://abs.twimg.com/responsive-web/client-web/bundle.Ocf-e96e9bea.75d8929a.js",
        "city": "New York",
        "region": "New York",
        "country": "United States",
        "org": "Fastly, Inc.",
        "timezone": "America/New_York",
        "source": "ip-api.com"
      },
      "geometry": {
        "type": "Point",
        "coordinates": [
          -74.0066,
          40.7126
        ]
      }
    },
    {
      "type": "Feature",
      "properties": {
        "ip": "199.232.36.159",
        "url": "https://abs.twimg.com/responsive-web/client-web/bundle.JobSearch-55a71481.b4e5419a.js",
        "city": "New York",
        "region": "New York",
        "country": "United States",
        "org": "Fastly, Inc.",
        "timezone": "America/New_York",
        "source": "ip-api.com"
      },
      "geometry": {
        "type": "Point",
        "coordinates": [
          -74.0066,
          40.7126
        ]
      }
    },
    {
      "type": "Feature",
      "properties": {
        "ip": "199.232.36.159",
        "url": "https://abs.twimg.com/responsive-web/client-web/node_modules_x-clients_features_messages_ru_json.e9e1677a.js",
        "city": "New York",
        "region": "New York",
        "country": "United States",
        "org": "Fastly, Inc.",
        "timezone": "America/New_York",
        "source": "ip-api.com"
      },
      "geometry": {
        "type": "Point",
        "coordinates": [
          -74.0066,
          40.7126
        ]
      }
    },
    {
      "type": "Feature",
      "properties": {
        "ip": "199.232.36.159",
        "url": "https://abs.twimg.com/responsive-web/client-web/bundle.WorkHistory-63cb1cc4.824c449a.js",
        "city": "New York",
        "region": "New York",
        "country": "United States",
        "org": "Fastly, Inc.",
        "timezone": "America/New_York",
        "source": "ip-api.com"
      },
      "geometry": {
        "type": "Point",
        "coordinates": [
          -74.0066,
          40.7126
        ]
      }
    },
    {
      "type": "Feature",
      "properties": {
        "ip": "199.232.36.159",
        "url": "https://abs.twimg.com/responsive-web/client-web/shared~loader.DMDrawer~bundle.Compose~bundle.DirectMessages~bundle.DMRichTextCompose~loader.HWCard~l-0a1983f3.7790762a.js",
        "city": "New York",
        "region": "New York",
        "country": "United States",
        "org": "Fastly, Inc.",
        "timezone": "America/New_York",
        "source": "ip-api.com"
      },
      "geometry": {
        "type": "Point",
        "coordinates": [
          -74.0066,
          40.7126
        ]
      }
    },
    {
      "type": "Feature",
      "properties": {
        "ip": "199.232.36.159",
        "url": "https://abs.twimg.com/responsive-web/client-web/bundle.Ocf-657ccee8.60cd2e4a.js",
        "city": "New York",
        "region": "New York",
        "country": "United States",
        "org": "Fastly, Inc.",
        "timezone": "America/New_York",
        "source": "ip-api.com"
      },
      "geometry": {
        "type": "Point",
        "coordinates": [
          -74.0066,
          40.7126
        ]
      }
    },
    {
      "type": "Feature",
      "properties": {
        "ip": "199.232.36.159",
        "url": "https://abs.twimg.com/responsive-web/client-web/loader.JetfuelFrame.e78a731a.js",
        "city": "New York",
        "region": "New York",
        "country": "United States",
        "org": "Fastly, Inc.",
        "timezone": "America/New_York",
        "source": "ip-api.com"
      },
      "geometry": {
        "type": "Point",
        "coordinates": [
          -74.0066,
          40.7126
        ]
      }
    },
    {
      "type": "Feature",
      "properties": {
        "ip": "199.232.36.159",
        "url": "https://abs.twimg.com/responsive-web/client-web/vendor-49d0a293.b1a6b16a.js",
        "city": "New York",
        "region": "New York",
        "country": "United States",
        "org": "Fastly, Inc.",
        "timezone": "America/New_York",
        "source": "ip-api.com"
      },
      "geometry": {
        "type": "Point",
        "coordinates": [
          -74.0066,
          40.7126
        ]
      }
    },
    {
      "type": "Feature",
      "properties": {
        "ip": "199.232.36.159",
        "url": "https://abs.twimg.com/responsive-web/client-web/modules.audio-76583d6c.62a4aada.js",
        "city": "New York",
        "region": "New York",
        "country": "United States",
        "org": "Fastly, Inc.",
        "timezone": "America/New_York",
        "source": "ip-api.com"
      },
      "geometry": {
        "type": "Point",
        "coordinates": [
          -74.0066,
          40.7126
        ]
      }
    },
    {
      "type": "Feature",
      "properties": {
        "ip": "199.232.36.159",
        "url": "https://abs.twimg.com/responsive-web/client-web/loader.AppModules-63cb1cc4.1f8f1cca.js",
        "city": "New York",
        "region": "New York",
        "country": "United States",
        "org": "Fastly, Inc.",
        "timezone": "America/New_York",
        "source": "ip-api.com"
      },
      "geometry": {
        "type": "Point",
        "coordinates": [
          -74.0066,
          40.7126
        ]
      }
    },
    {
      "type": "Feature",
      "properties": {
        "ip": "199.232.36.159",
        "url": "https://abs.twimg.com/responsive-web/client-web/vendor-91c40cd8.e33ef86a.js",
        "city": "New York",
        "region": "New York",
        "country": "United States",
        "org": "Fastly, Inc.",
        "timezone": "America/New_York",
        "source": "ip-api.com"
      },
      "geometry": {
        "type": "Point",
        "coordinates": [
          -74.0066,
          40.7126
        ]
      }
    },
    {
      "type": "Feature",
      "properties": {
        "ip": "199.232.36.159",
        "url": "https://abs.twimg.com/responsive-web/client-web/bundle.Communities-1c2d1ef4.c8318a7a.js",
        "city": "New York",
        "region": "New York",
        "country": "United States",
        "org": "Fastly, Inc.",
        "timezone": "America/New_York",
        "source": "ip-api.com"
      },
      "geometry": {
        "type": "Point",
        "coordinates": [
          -74.0066,
          40.7126
        ]
      }
    },
    {
      "type": "Feature",
      "properties": {
        "ip": "199.232.36.159",
        "url": "https://abs.twimg.com/responsive-web/client-web/shared~loader.DMDrawer~bundle.Birdwatch~bundle.Compose~bundle.DirectMessages~bundle.DMRichTextCompos-a7fd62bb.88da0a2a.js",
        "city": "New York",
        "region": "New York",
        "country": "United States",
        "org": "Fastly, Inc.",
        "timezone": "America/New_York",
        "source": "ip-api.com"
      },
      "geometry": {
        "type": "Point",
        "coordinates": [
          -74.0066,
          40.7126
        ]
      }
    },
    {
      "type": "Feature",
      "properties": {
        "ip": "199.232.36.159",
        "url": "https://abs.twimg.com/responsive-web/client-web/bundle.Grok-16d5f187.522a9b7a.js",
        "city": "New York",
        "region": "New York",
        "country": "United States",
        "org": "Fastly, Inc.",
        "timezone": "America/New_York",
        "source": "ip-api.com"
      },
      "geometry": {
        "type": "Point",
        "coordinates": [
          -74.0066,
          40.7126
        ]
      }
    },
    {
      "type": "Feature",
      "properties": {
        "ip": "199.232.36.159",
        "url": "https://abs.twimg.com/responsive-web/client-web/bundle.Payments-c8a28da9.ca46cfca.js",
        "city": "New York",
        "region": "New York",
        "country": "United States",
        "org": "Fastly, Inc.",
        "timezone": "America/New_York",
        "source": "ip-api.com"
      },
      "geometry": {
        "type": "Point",
        "coordinates": [
          -74.0066,
          40.7126
        ]
      }
    },
    {
      "type": "Feature",
      "properties": {
        "ip": "199.232.36.159",
        "url": "https://abs.twimg.com/responsive-web/client-web/bundle.TwitterArticles-9012a7cd.3965479a.js",
        "city": "New York",
        "region": "New York",
        "country": "United States",
        "org": "Fastly, Inc.",
        "timezone": "America/New_York",
        "source": "ip-api.com"
      },
      "geometry": {
        "type": "Point",
        "coordinates": [
          -74.0066,
          40.7126
        ]
      }
    },
    {
      "type": "Feature",
      "properties": {
        "ip": "199.232.36.159",
        "url": "https://abs.twimg.com/responsive-web/client-web/bundle.BrandedLikesPreview-6107ac1a.a8749b9a.js",
        "city": "New York",
        "region": "New York",
        "country": "United States",
        "org": "Fastly, Inc.",
        "timezone": "America/New_York",
        "source": "ip-api.com"
      },
      "geometry": {
        "type": "Point",
        "coordinates": [
          -74.0066,
          40.7126
        ]
      }
    },
    {
      "type": "Feature",
      "properties": {
        "ip": "199.232.36.159",
        "url": "https://abs.twimg.com/responsive-web/client-web/loader.SidebarSpacebar.f8bf14da.js",
        "city": "New York",
        "region": "New York",
        "country": "United States",
        "org": "Fastly, Inc.",
        "timezone": "America/New_York",
        "source": "ip-api.com"
      },
      "geometry": {
        "type": "Point",
        "coordinates": [
          -74.0066,
          40.7126
        ]
      }
    },
    {
      "type": "Feature",
      "properties": {
        "ip": "199.232.36.159",
        "url": "https://abs.twimg.com/responsive-web/client-web/loader.PushNotificationsPrompt.e4b9916a.js",
        "city": "New York",
        "region": "New York",
        "country": "United States",
        "org": "Fastly, Inc.",
        "timezone": "America/New_York",
        "source": "ip-api.com"
      },
      "geometry": {
        "type": "Point",
        "coordinates": [
          -74.0066,
          40.7126
        ]
      }
    },
    {
      "type": "Feature",
      "properties": {
        "ip": "199.232.36.159",
        "url": "https://abs.twimg.com/responsive-web/client-web/bundle.Communities-1aa9970f.e7e5a91a.js",
        "city": "New York",
        "region": "New York",
        "country": "United States",
        "org": "Fastly, Inc.",
        "timezone": "America/New_York",
        "source": "ip-api.com"
      },
      "geometry": {
        "type": "Point",
        "coordinates": [
          -74.0066,
          40.7126
        ]
      }
    },
    {
      "type": "Feature",
      "properties": {
        "ip": "199.232.36.159",
        "url": "https://abs.twimg.com/responsive-web/client-web/bundle.Notifications.b20aa47a.js",
        "city": "New York",
        "region": "New York",
        "country": "United States",
        "org": "Fastly, Inc.",
        "timezone": "America/New_York",
        "source": "ip-api.com"
      },
      "geometry": {
        "type": "Point",
        "coordinates": [
          -74.0066,
          40.7126
        ]
      }
    },
    {
      "type": "Feature",
      "properties": {
        "ip": "199.232.36.159",
        "url": "https://abs.twimg.com/responsive-web/client-web/vendor-ec4c1ee7.89c8b22a.js",
        "city": "New York",
        "region": "New York",
        "country": "United States",
        "org": "Fastly, Inc.",
        "timezone": "America/New_York",
        "source": "ip-api.com"
      },
      "geometry": {
        "type": "Point",
        "coordinates": [
          -74.0066,
          40.7126
        ]
      }
    },
    {
      "type": "Feature",
      "properties": {
        "ip": "199.232.36.159",
        "url": "https://abs.twimg.com/responsive-web/client-web/modules.audio-b953418a.c15d88da.js",
        "city": "New York",
        "region": "New York",
        "country": "United States",
        "org": "Fastly, Inc.",
        "timezone": "America/New_York",
        "source": "ip-api.com"
      },
      "geometry": {
        "type": "Point",
        "coordinates": [
          -74.0066,
          40.7126
        ]
      }
    },
    {
      "type": "Feature",
      "properties": {
        "ip": "199.232.36.159",
        "url": "https://abs.twimg.com/responsive-web/client-web/bundle.LiveEvent-55a71481.7363f4fa.js",
        "city": "New York",
        "region": "New York",
        "country": "United States",
        "org": "Fastly, Inc.",
        "timezone": "America/New_York",
        "source": "ip-api.com"
      },
      "geometry": {
        "type": "Point",
        "coordinates": [
          -74.0066,
          40.7126
        ]
      }
    },
    {
      "type": "Feature",
      "properties": {
        "ip": "199.232.36.159",
        "url": "https://abs.twimg.com/responsive-web/client-web/bundle.Settings-bc6ccf4c.76dbfbba.js",
        "city": "New York",
        "region": "New York",
        "country": "United States",
        "org": "Fastly, Inc.",
        "timezone": "America/New_York",
        "source": "ip-api.com"
      },
      "geometry": {
        "type": "Point",
        "coordinates": [
          -74.0066,
          40.7126
        ]
      }
    },
    {
      "type": "Feature",
      "properties": {
        "ip": "199.232.36.159",
        "url": "https://abs.twimg.com/responsive-web/client-web/bundle.Communities-97a39920.88d4be6a.js",
        "city": "New York",
        "region": "New York",
        "country": "United States",
        "org": "Fastly, Inc.",
        "timezone": "America/New_York",
        "source": "ip-api.com"
      },
      "geometry": {
        "type": "Point",
        "coordinates": [
          -74.0066,
          40.7126
        ]
      }
    },
    {
      "type": "Feature",
      "properties": {
        "ip": "199.232.36.159",
        "url": "https://abs.twimg.com/responsive-web/client-web/vendor-dfe82965.8f17b49a.js",
        "city": "New York",
        "region": "New York",
        "country": "United States",
        "org": "Fastly, Inc.",
        "timezone": "America/New_York",
        "source": "ip-api.com"
      },
      "geometry": {
        "type": "Point",
        "coordinates": [
          -74.0066,
          40.7126
        ]
      }
    },
    {
      "type": "Feature",
      "properties": {
        "ip": "199.232.36.159",
        "url": "https://abs.twimg.com/responsive-web/client-web/bundle.ShareJob.3d88df9a.js",
        "city": "New York",
        "region": "New York",
        "country": "United States",
        "org": "Fastly, Inc.",
        "timezone": "America/New_York",
        "source": "ip-api.com"
      },
      "geometry": {
        "type": "Point",
        "coordinates": [
          -74.0066,
          40.7126
        ]
      }
    },
    {
      "type": "Feature",
      "properties": {
        "ip": "199.232.36.159",
        "url": "https://abs.twimg.com/responsive-web/client-web/loader.unsupportedHandler.0a66638a.js",
        "city": "New York",
        "region": "New York",
        "country": "United States",
        "org": "Fastly, Inc.",
        "timezone": "America/New_York",
        "source": "ip-api.com"
      },
      "geometry": {
        "type": "Point",
        "coordinates": [
          -74.0066,
          40.7126
        ]
      }
    },
    {
      "type": "Feature",
      "properties": {
        "ip": "199.232.36.159",
        "url": "https://abs.twimg.com/responsive-web/client-web/bundle.GoLive.15cf947a.js",
        "city": "New York",
        "region": "New York",
        "country": "United States",
        "org": "Fastly, Inc.",
        "timezone": "America/New_York",
        "source": "ip-api.com"
      },
      "geometry": {
        "type": "Point",
        "coordinates": [
          -74.0066,
          40.7126
        ]
      }
    },
    {
      "type": "Feature",
      "properties": {
        "ip": "199.232.36.159",
        "url": "https://abs.twimg.com/responsive-web/client-web/icons.21.b7852e8a.js",
        "city": "New York",
        "region": "New York",
        "country": "United States",
        "org": "Fastly, Inc.",
        "timezone": "America/New_York",
        "source": "ip-api.com"
      },
      "geometry": {
        "type": "Point",
        "coordinates": [
          -74.0066,
          40.7126
        ]
      }
    },
    {
      "type": "Feature",
      "properties": {
        "ip": "199.232.36.159",
        "url": "https://abs.twimg.com/responsive-web/client-web/shared~bundle.ReaderMode~bundle.Birdwatch~bundle.TwitterArticles~bundle.Compose~bundle.Settings~bund-db6b2e3a.fa07c9da.js",
        "city": "New York",
        "region": "New York",
        "country": "United States",
        "org": "Fastly, Inc.",
        "timezone": "America/New_York",
        "source": "ip-api.com"
      },
      "geometry": {
        "type": "Point",
        "coordinates": [
          -74.0066,
          40.7126
        ]
      }
    },
    {
      "type": "Feature",
      "properties": {
        "ip": "199.232.36.159",
        "url": "https://abs.twimg.com/responsive-web/client-web/bundle.SettingsProfessionalProfileLocationSpotlight-defe98a5.ff50632a.js",
        "city": "New York",
        "region": "New York",
        "country": "United States",
        "org": "Fastly, Inc.",
        "timezone": "America/New_York",
        "source": "ip-api.com"
      },
      "geometry": {
        "type": "Point",
        "coordinates": [
          -74.0066,
          40.7126
        ]
      }
    },
    {
      "type": "Feature",
      "properties": {
        "ip": "199.232.36.159",
        "url": "https://abs.twimg.com/responsive-web/client-web/loader.NotificationHandler.a8b1dc4a.js",
        "city": "New York",
        "region": "New York",
        "country": "United States",
        "org": "Fastly, Inc.",
        "timezone": "America/New_York",
        "source": "ip-api.com"
      },
      "geometry": {
        "type": "Point",
        "coordinates": [
          -74.0066,
          40.7126
        ]
      }
    },
    {
      "type": "Feature",
      "properties": {
        "ip": "199.232.36.159",
        "url": "https://abs.twimg.com/responsive-web/client-web/loader.SideNav.c0a7e7ca.js",
        "city": "New York",
        "region": "New York",
        "country": "United States",
        "org": "Fastly, Inc.",
        "timezone": "America/New_York",
        "source": "ip-api.com"
      },
      "geometry": {
        "type": "Point",
        "coordinates": [
          -74.0066,
          40.7126
        ]
      }
    },
    {
      "type": "Feature",
      "properties": {
        "ip": "199.232.36.159",
        "url": "https://abs.twimg.com/responsive-web/client-web/bundle.Payments-abbc2615.4246681a.js",
        "city": "New York",
        "region": "New York",
        "country": "United States",
        "org": "Fastly, Inc.",
        "timezone": "America/New_York",
        "source": "ip-api.com"
      },
      "geometry": {
        "type": "Point",
        "coordinates": [
          -74.0066,
          40.7126
        ]
      }
    },
    {
      "type": "Feature",
      "properties": {
        "ip": "199.232.36.159",
        "url": "https://abs.twimg.com/responsive-web/client-web/modules.audio-51f6e793.122e4eda.js",
        "city": "New York",
        "region": "New York",
        "country": "United States",
        "org": "Fastly, Inc.",
        "timezone": "America/New_York",
        "source": "ip-api.com"
      },
      "geometry": {
        "type": "Point",
        "coordinates": [
          -74.0066,
          40.7126
        ]
      }
    },
    {
      "type": "Feature",
      "properties": {
        "ip": "199.232.36.159",
        "url": "https://abs.twimg.com/responsive-web/client-web/bundle.LiveEvent-56ae26c1.b2b66c9a.js",
        "city": "New York",
        "region": "New York",
        "country": "United States",
        "org": "Fastly, Inc.",
        "timezone": "America/New_York",
        "source": "ip-api.com"
      },
      "geometry": {
        "type": "Point",
        "coordinates": [
          -74.0066,
          40.7126
        ]
      }
    },
    {
      "type": "Feature",
      "properties": {
        "ip": "199.232.36.159",
        "url": "https://abs.twimg.com/responsive-web/client-web/node_modules_x-clients_features_messages_mr_json.056af04a.js",
        "city": "New York",
        "region": "New York",
        "country": "United States",
        "org": "Fastly, Inc.",
        "timezone": "America/New_York",
        "source": "ip-api.com"
      },
      "geometry": {
        "type": "Point",
        "coordinates": [
          -74.0066,
          40.7126
        ]
      }
    },
    {
      "type": "Feature",
      "properties": {
        "ip": "199.232.36.159",
        "url": "https://abs.twimg.com/responsive-web/client-web/shared~bundle.AccountAnalytics~bundle.News~bundle.Grok~ondemand.News~ondemand.Insights~loader.Explor-b8a8a774.102315ba.js",
        "city": "New York",
        "region": "New York",
        "country": "United States",
        "org": "Fastly, Inc.",
        "timezone": "America/New_York",
        "source": "ip-api.com"
      },
      "geometry": {
        "type": "Point",
        "coordinates": [
          -74.0066,
          40.7126
        ]
      }
    },
    {
      "type": "Feature",
      "properties": {
        "ip": "199.232.36.159",
        "url": "https://abs.twimg.com/responsive-web/client-web/bundle.Ocf-e4e3d8bb.21127d3a.js",
        "city": "New York",
        "region": "New York",
        "country": "United States",
        "org": "Fastly, Inc.",
        "timezone": "America/New_York",
        "source": "ip-api.com"
      },
      "geometry": {
        "type": "Point",
        "coordinates": [
          -74.0066,
          40.7126
        ]
      }
    },
    {
      "type": "Feature",
      "properties": {
        "ip": "199.232.36.159",
        "url": "https://abs.twimg.com/responsive-web/client-web/loader.Dock-ae2c17a6.0417ffda.js",
        "city": "New York",
        "region": "New York",
        "country": "United States",
        "org": "Fastly, Inc.",
        "timezone": "America/New_York",
        "source": "ip-api.com"
      },
      "geometry": {
        "type": "Point",
        "coordinates": [
          -74.0066,
          40.7126
        ]
      }
    },
    {
      "type": "Feature",
      "properties": {
        "ip": "199.232.36.159",
        "url": "https://abs.twimg.com/responsive-web/client-web/bundle.Conversation-c0214baf.62baca5a.js",
        "city": "New York",
        "region": "New York",
        "country": "United States",
        "org": "Fastly, Inc.",
        "timezone": "America/New_York",
        "source": "ip-api.com"
      },
      "geometry": {
        "type": "Point",
        "coordinates": [
          -74.0066,
          40.7126
        ]
      }
    },
    {
      "type": "Feature",
      "properties": {
        "ip": "199.232.36.159",
        "url": "https://abs.twimg.com/responsive-web/client-web/loader.PivotLabelHandler.ed1ca59a.js",
        "city": "New York",
        "region": "New York",
        "country": "United States",
        "org": "Fastly, Inc.",
        "timezone": "America/New_York",
        "source": "ip-api.com"
      },
      "geometry": {
        "type": "Point",
        "coordinates": [
          -74.0066,
          40.7126
        ]
      }
    },
    {
      "type": "Feature",
      "properties": {
        "ip": "199.232.36.159",
        "url": "https://abs.twimg.com/responsive-web/client-web/shared~bundle.SettingsProfessionalProfileProfileSpotlight~bundle.SettingsProfessionalProfileLocationSpotlight.f3f9a8fa.js",
        "city": "New York",
        "region": "New York",
        "country": "United States",
        "org": "Fastly, Inc.",
        "timezone": "America/New_York",
        "source": "ip-api.com"
      },
      "geometry": {
        "type": "Point",
        "coordinates": [
          -74.0066,
          40.7126
        ]
      }
    },
    {
      "type": "Feature",
      "properties": {
        "ip": "199.232.36.159",
        "url": "https://abs.twimg.com/responsive-web/client-web/loader.spellingHandler.3bd4529a.js",
        "city": "New York",
        "region": "New York",
        "country": "United States",
        "org": "Fastly, Inc.",
        "timezone": "America/New_York",
        "source": "ip-api.com"
      },
      "geometry": {
        "type": "Point",
        "coordinates": [
          -74.0066,
          40.7126
        ]
      }
    },
    {
      "type": "Feature",
      "properties": {
        "ip": "199.232.36.159",
        "url": "https://abs.twimg.com/responsive-web/client-web/bundle.ConversationWithRelay-e96e9bea.9a754a9a.js",
        "city": "New York",
        "region": "New York",
        "country": "United States",
        "org": "Fastly, Inc.",
        "timezone": "America/New_York",
        "source": "ip-api.com"
      },
      "geometry": {
        "type": "Point",
        "coordinates": [
          -74.0066,
          40.7126
        ]
      }
    },
    {
      "type": "Feature",
      "properties": {
        "ip": "199.232.36.159",
        "url": "https://abs.twimg.com/responsive-web/client-web/loader.TileHandler.b7d92e8a.js",
        "city": "New York",
        "region": "New York",
        "country": "United States",
        "org": "Fastly, Inc.",
        "timezone": "America/New_York",
        "source": "ip-api.com"
      },
      "geometry": {
        "type": "Point",
        "coordinates": [
          -74.0066,
          40.7126
        ]
      }
    },
    {
      "type": "Feature",
      "properties": {
        "ip": "199.232.36.159",
        "url": "https://abs.twimg.com/responsive-web/client-web/shared~bundle.AccountAnalytics~ondemand.Insights-536eaa00.0e4f170a.js",
        "city": "New York",
        "region": "New York",
        "country": "United States",
        "org": "Fastly, Inc.",
        "timezone": "America/New_York",
        "source": "ip-api.com"
      },
      "geometry": {
        "type": "Point",
        "coordinates": [
          -74.0066,
          40.7126
        ]
      }
    },
    {
      "type": "Feature",
      "properties": {
        "ip": "199.232.36.159",
        "url": "https://abs.twimg.com/responsive-web/client-web/loader.AppModules-bc6ccf4c.bf230aaa.js",
        "city": "New York",
        "region": "New York",
        "country": "United States",
        "org": "Fastly, Inc.",
        "timezone": "America/New_York",
        "source": "ip-api.com"
      },
      "geometry": {
        "type": "Point",
        "coordinates": [
          -74.0066,
          40.7126
        ]
      }
    },
    {
      "type": "Feature",
      "properties": {
        "ip": "199.232.36.159",
        "url": "https://abs.twimg.com/responsive-web/client-web/bundle.GrokDrawer-9f4db315.daebaf2a.js",
        "city": "New York",
        "region": "New York",
        "country": "United States",
        "org": "Fastly, Inc.",
        "timezone": "America/New_York",
        "source": "ip-api.com"
      },
      "geometry": {
        "type": "Point",
        "coordinates": [
          -74.0066,
          40.7126
        ]
      }
    },
    {
      "type": "Feature",
      "properties": {
        "ip": "199.232.36.159",
        "url": "https://abs.twimg.com/responsive-web/client-web/shared~loader.AudioDock~loader.DashMenu~loader.DashModal~loader.DMDrawer~ondemand.InlinePlayer~ondem-9b361606.18cbaf2a.js",
        "city": "New York",
        "region": "New York",
        "country": "United States",
        "org": "Fastly, Inc.",
        "timezone": "America/New_York",
        "source": "ip-api.com"
      },
      "geometry": {
        "type": "Point",
        "coordinates": [
          -74.0066,
          40.7126
        ]
      }
    },
    {
      "type": "Feature",
      "properties": {
        "ip": "199.232.36.159",
        "url": "https://abs.twimg.com/responsive-web/client-web/shared~loader.inlineTombstoneHandler~loader.tweetHandler.1acbb56a.js",
        "city": "New York",
        "region": "New York",
        "country": "United States",
        "org": "Fastly, Inc.",
        "timezone": "America/New_York",
        "source": "ip-api.com"
      },
      "geometry": {
        "type": "Point",
        "coordinates": [
          -74.0066,
          40.7126
        ]
      }
    },
    {
      "type": "Feature",
      "properties": {
        "ip": "199.232.36.159",
        "url": "https://abs.twimg.com/responsive-web/client-web/shared~bundle.LiveEvent~bundle.Live.1f3ee6da.js",
        "city": "New York",
        "region": "New York",
        "country": "United States",
        "org": "Fastly, Inc.",
        "timezone": "America/New_York",
        "source": "ip-api.com"
      },
      "geometry": {
        "type": "Point",
        "coordinates": [
          -74.0066,
          40.7126
        ]
      }
    },
    {
      "type": "Feature",
      "properties": {
        "ip": "199.232.36.159",
        "url": "https://abs.twimg.com/responsive-web/client-web/bundle.Communities-ef6409a7.14b6936a.js",
        "city": "New York",
        "region": "New York",
        "country": "United States",
        "org": "Fastly, Inc.",
        "timezone": "America/New_York",
        "source": "ip-api.com"
      },
      "geometry": {
        "type": "Point",
        "coordinates": [
          -74.0066,
          40.7126
        ]
      }
    },
    {
      "type": "Feature",
      "properties": {
        "ip": "199.232.36.159",
        "url": "https://abs.twimg.com/responsive-web/client-web/vendor-98a766dd.9802f00a.js",
        "city": "New York",
        "region": "New York",
        "country": "United States",
        "org": "Fastly, Inc.",
        "timezone": "America/New_York",
        "source": "ip-api.com"
      },
      "geometry": {
        "type": "Point",
        "coordinates": [
          -74.0066,
          40.7126
        ]
      }
    },
    {
      "type": "Feature",
      "properties": {
        "ip": "199.232.36.159",
        "url": "https://abs.twimg.com/responsive-web/client-web/bundle.AudioSpaceAnalytics.55848eda.js",
        "city": "New York",
        "region": "New York",
        "country": "United States",
        "org": "Fastly, Inc.",
        "timezone": "America/New_York",
        "source": "ip-api.com"
      },
      "geometry": {
        "type": "Point",
        "coordinates": [
          -74.0066,
          40.7126
        ]
      }
    },
    {
      "type": "Feature",
      "properties": {
        "ip": "199.232.36.159",
        "url": "https://abs.twimg.com/responsive-web/client-web/shared~bundle.Compose~bundle.RichTextCompose-0fb8c86a.8b433aaa.js",
        "city": "New York",
        "region": "New York",
        "country": "United States",
        "org": "Fastly, Inc.",
        "timezone": "America/New_York",
        "source": "ip-api.com"
      },
      "geometry": {
        "type": "Point",
        "coordinates": [
          -74.0066,
          40.7126
        ]
      }
    },
    {
      "type": "Feature",
      "properties": {
        "ip": "199.232.36.159",
        "url": "https://abs.twimg.com/responsive-web/client-web/loader.DividerHandler.226d8e1a.js",
        "city": "New York",
        "region": "New York",
        "country": "United States",
        "org": "Fastly, Inc.",
        "timezone": "America/New_York",
        "source": "ip-api.com"
      },
      "geometry": {
        "type": "Point",
        "coordinates": [
          -74.0066,
          40.7126
        ]
      }
    },
    {
      "type": "Feature",
      "properties": {
        "ip": "199.232.36.159",
        "url": "https://abs.twimg.com/responsive-web/client-web/icons.0.3fd4284a.js",
        "city": "New York",
        "region": "New York",
        "country": "United States",
        "org": "Fastly, Inc.",
        "timezone": "America/New_York",
        "source": "ip-api.com"
      },
      "geometry": {
        "type": "Point",
        "coordinates": [
          -74.0066,
          40.7126
        ]
      }
    },
    {
      "type": "Feature",
      "properties": {
        "ip": "199.232.36.159",
        "url": "https://abs.twimg.com/responsive-web/client-web/bundle.SettingsProfessionalProfile-12b7bef9.2c9b096a.js",
        "city": "New York",
        "region": "New York",
        "country": "United States",
        "org": "Fastly, Inc.",
        "timezone": "America/New_York",
        "source": "ip-api.com"
      },
      "geometry": {
        "type": "Point",
        "coordinates": [
          -74.0066,
          40.7126
        ]
      }
    },
    {
      "type": "Feature",
      "properties": {
        "ip": "199.232.36.159",
        "url": "https://abs.twimg.com/responsive-web/client-web/bundle.Ocf-0564e869.bf8e572a.js",
        "city": "New York",
        "region": "New York",
        "country": "United States",
        "org": "Fastly, Inc.",
        "timezone": "America/New_York",
        "source": "ip-api.com"
      },
      "geometry": {
        "type": "Point",
        "coordinates": [
          -74.0066,
          40.7126
        ]
      }
    },
    {
      "type": "Feature",
      "properties": {
        "ip": "199.232.36.159",
        "url": "https://abs.twimg.com/responsive-web/client-web/loader.GapHandler.86b2743a.js",
        "city": "New York",
        "region": "New York",
        "country": "United States",
        "org": "Fastly, Inc.",
        "timezone": "America/New_York",
        "source": "ip-api.com"
      },
      "geometry": {
        "type": "Point",
        "coordinates": [
          -74.0066,
          40.7126
        ]
      }
    },
    {
      "type": "Feature",
      "properties": {
        "ip": "199.232.36.159",
        "url": "https://abs.twimg.com/responsive-web/client-web/bundle.SettingsProfile.e0de6bfa.js",
        "city": "New York",
        "region": "New York",
        "country": "United States",
        "org": "Fastly, Inc.",
        "timezone": "America/New_York",
        "source": "ip-api.com"
      },
      "geometry": {
        "type": "Point",
        "coordinates": [
          -74.0066,
          40.7126
        ]
      }
    },
    {
      "type": "Feature",
      "properties": {
        "ip": "199.232.36.159",
        "url": "https://abs.twimg.com/responsive-web/client-web/loader.disconnectedRepliesTombstoneHandler.772fd5fa.js",
        "city": "New York",
        "region": "New York",
        "country": "United States",
        "org": "Fastly, Inc.",
        "timezone": "America/New_York",
        "source": "ip-api.com"
      },
      "geometry": {
        "type": "Point",
        "coordinates": [
          -74.0066,
          40.7126
        ]
      }
    },
    {
      "type": "Feature",
      "properties": {
        "ip": "199.232.36.159",
        "url": "https://abs.twimg.com/responsive-web/client-web/bundle.AccountAnalytics-e4e3d8bb.7beba64a.js",
        "city": "New York",
        "region": "New York",
        "country": "United States",
        "org": "Fastly, Inc.",
        "timezone": "America/New_York",
        "source": "ip-api.com"
      },
      "geometry": {
        "type": "Point",
        "coordinates": [
          -74.0066,
          40.7126
        ]
      }
    },
    {
      "type": "Feature",
      "properties": {
        "ip": "199.232.36.159",
        "url": "https://abs.twimg.com/responsive-web/client-web/loader.NewsSingleSentimentSidebar.bb40169a.js",
        "city": "New York",
        "region": "New York",
        "country": "United States",
        "org": "Fastly, Inc.",
        "timezone": "America/New_York",
        "source": "ip-api.com"
      },
      "geometry": {
        "type": "Point",
        "coordinates": [
          -74.0066,
          40.7126
        ]
      }
    },
    {
      "type": "Feature",
      "properties": {
        "ip": "199.232.36.159",
        "url": "https://abs.twimg.com/responsive-web/client-web/bundle.NotificationDetail.aaa210ba.js",
        "city": "New York",
        "region": "New York",
        "country": "United States",
        "org": "Fastly, Inc.",
        "timezone": "America/New_York",
        "source": "ip-api.com"
      },
      "geometry": {
        "type": "Point",
        "coordinates": [
          -74.0066,
          40.7126
        ]
      }
    },
    {
      "type": "Feature",
      "properties": {
        "ip": "199.232.36.159",
        "url": "https://abs.twimg.com/responsive-web/client-web/bundle.AccountAnalytics-e7eb6d46.00146dca.js",
        "city": "New York",
        "region": "New York",
        "country": "United States",
        "org": "Fastly, Inc.",
        "timezone": "America/New_York",
        "source": "ip-api.com"
      },
      "geometry": {
        "type": "Point",
        "coordinates": [
          -74.0066,
          40.7126
        ]
      }
    },
    {
      "type": "Feature",
      "properties": {
        "ip": "199.232.36.159",
        "url": "https://abs.twimg.com/responsive-web/client-web/loader.Grok-8486177b.f1ef8a6a.js",
        "city": "New York",
        "region": "New York",
        "country": "United States",
        "org": "Fastly, Inc.",
        "timezone": "America/New_York",
        "source": "ip-api.com"
      },
      "geometry": {
        "type": "Point",
        "coordinates": [
          -74.0066,
          40.7126
        ]
      }
    },
    {
      "type": "Feature",
      "properties": {
        "ip": "199.232.36.159",
        "url": "https://abs.twimg.com/responsive-web/client-web/shared~bundle.AccountAnalytics~bundle.News~bundle.Grok~ondemand.News~ondemand.Insights~loader.Explor-68027d49.c6d6da9a.js",
        "city": "New York",
        "region": "New York",
        "country": "United States",
        "org": "Fastly, Inc.",
        "timezone": "America/New_York",
        "source": "ip-api.com"
      },
      "geometry": {
        "type": "Point",
        "coordinates": [
          -74.0066,
          40.7126
        ]
      }
    },
    {
      "type": "Feature",
      "properties": {
        "ip": "199.232.36.159",
        "url": "https://abs.twimg.com/responsive-web/client-web/bundle.SettingsProfessionalProfileProfileSpotlight-6107ac1a.61e803da.js",
        "city": "New York",
        "region": "New York",
        "country": "United States",
        "org": "Fastly, Inc.",
        "timezone": "America/New_York",
        "source": "ip-api.com"
      },
      "geometry": {
        "type": "Point",
        "coordinates": [
          -74.0066,
          40.7126
        ]
      }
    },
    {
      "type": "Feature",
      "properties": {
        "ip": "199.232.36.159",
        "url": "https://abs.twimg.com/responsive-web/client-web/vendor-cb2d071c.790f8aca.js",
        "city": "New York",
        "region": "New York",
        "country": "United States",
        "org": "Fastly, Inc.",
        "timezone": "America/New_York",
        "source": "ip-api.com"
      },
      "geometry": {
        "type": "Point",
        "coordinates": [
          -74.0066,
          40.7126
        ]
      }
    },
    {
      "type": "Feature",
      "properties": {
        "ip": "199.232.36.159",
        "url": "https://abs.twimg.com/responsive-web/client-web/bundle.UserProfile-e019dbda.2983e1ba.js",
        "city": "New York",
        "region": "New York",
        "country": "United States",
        "org": "Fastly, Inc.",
        "timezone": "America/New_York",
        "source": "ip-api.com"
      },
      "geometry": {
        "type": "Point",
        "coordinates": [
          -74.0066,
          40.7126
        ]
      }
    },
    {
      "type": "Feature",
      "properties": {
        "ip": "199.232.36.159",
        "url": "https://abs.twimg.com/responsive-web/client-web/bundle.JobSearch-a2dee9c7.f2e34d3a.js",
        "city": "New York",
        "region": "New York",
        "country": "United States",
        "org": "Fastly, Inc.",
        "timezone": "America/New_York",
        "source": "ip-api.com"
      },
      "geometry": {
        "type": "Point",
        "coordinates": [
          -74.0066,
          40.7126
        ]
      }
    },
    {
      "type": "Feature",
      "properties": {
        "ip": "199.232.36.159",
        "url": "https://abs.twimg.com/responsive-web/client-web/shared~ondemand.SettingsMonetization~ondemand.SettingsSuperFollows-e4e3d8bb.59c253da.js",
        "city": "New York",
        "region": "New York",
        "country": "United States",
        "org": "Fastly, Inc.",
        "timezone": "America/New_York",
        "source": "ip-api.com"
      },
      "geometry": {
        "type": "Point",
        "coordinates": [
          -74.0066,
          40.7126
        ]
      }
    },
    {
      "type": "Feature",
      "properties": {
        "ip": "199.232.36.159",
        "url": "https://abs.twimg.com/responsive-web/client-web/loader.Typeahead-a2dee9c7.d096009a.js",
        "city": "New York",
        "region": "New York",
        "country": "United States",
        "org": "Fastly, Inc.",
        "timezone": "America/New_York",
        "source": "ip-api.com"
      },
      "geometry": {
        "type": "Point",
        "coordinates": [
          -74.0066,
          40.7126
        ]
      }
    },
    {
      "type": "Feature",
      "properties": {
        "ip": "199.232.36.159",
        "url": "https://abs.twimg.com/responsive-web/client-web/shared~loader.AudioDock~loader.DashMenu~loader.DashModal~loader.DMDrawer~bundle.GrokDrawer~ondemand.-23859224.469e8eea.js",
        "city": "New York",
        "region": "New York",
        "country": "United States",
        "org": "Fastly, Inc.",
        "timezone": "America/New_York",
        "source": "ip-api.com"
      },
      "geometry": {
        "type": "Point",
        "coordinates": [
          -74.0066,
          40.7126
        ]
      }
    },
    {
      "type": "Feature",
      "properties": {
        "ip": "199.232.36.159",
        "url": "https://abs.twimg.com/responsive-web/client-web/icons.8.a17ba47a.js",
        "city": "New York",
        "region": "New York",
        "country": "United States",
        "org": "Fastly, Inc.",
        "timezone": "America/New_York",
        "source": "ip-api.com"
      },
      "geometry": {
        "type": "Point",
        "coordinates": [
          -74.0066,
          40.7126
        ]
      }
    },
    {
      "type": "Feature",
      "properties": {
        "ip": "199.232.36.159",
        "url": "https://abs.twimg.com/responsive-web/client-web/loader.ProfileClusterFollow.cc9f9b7a.js",
        "city": "New York",
        "region": "New York",
        "country": "United States",
        "org": "Fastly, Inc.",
        "timezone": "America/New_York",
        "source": "ip-api.com"
      },
      "geometry": {
        "type": "Point",
        "coordinates": [
          -74.0066,
          40.7126
        ]
      }
    },
    {
      "type": "Feature",
      "properties": {
        "ip": "199.232.36.159",
        "url": "https://abs.twimg.com/responsive-web/client-web/loader.ScoreEventSummaryHandler.3dfb6fda.js",
        "city": "New York",
        "region": "New York",
        "country": "United States",
        "org": "Fastly, Inc.",
        "timezone": "America/New_York",
        "source": "ip-api.com"
      },
      "geometry": {
        "type": "Point",
        "coordinates": [
          -74.0066,
          40.7126
        ]
      }
    },
    {
      "type": "Feature",
      "properties": {
        "ip": "199.232.36.159",
        "url": "https://abs.twimg.com/responsive-web/client-web/icons.22.ee88de6a.js",
        "city": "New York",
        "region": "New York",
        "country": "United States",
        "org": "Fastly, Inc.",
        "timezone": "America/New_York",
        "source": "ip-api.com"
      },
      "geometry": {
        "type": "Point",
        "coordinates": [
          -74.0066,
          40.7126
        ]
      }
    },
    {
      "type": "Feature",
      "properties": {
        "ip": "199.232.36.159",
        "url": "https://abs.twimg.com/responsive-web/client-web/node_modules_x-clients_features_messages_gl_json.13020bfa.js",
        "city": "New York",
        "region": "New York",
        "country": "United States",
        "org": "Fastly, Inc.",
        "timezone": "America/New_York",
        "source": "ip-api.com"
      },
      "geometry": {
        "type": "Point",
        "coordinates": [
          -74.0066,
          40.7126
        ]
      }
    },
    {
      "type": "Feature",
      "properties": {
        "ip": "199.232.36.159",
        "url": "https://abs.twimg.com/responsive-web/client-web/shared~bundle.PremiumJobs~ondemand.Verified-a094b331.bc8475ca.js",
        "city": "New York",
        "region": "New York",
        "country": "United States",
        "org": "Fastly, Inc.",
        "timezone": "America/New_York",
        "source": "ip-api.com"
      },
      "geometry": {
        "type": "Point",
        "coordinates": [
          -74.0066,
          40.7126
        ]
      }
    },
    {
      "type": "Feature",
      "properties": {
        "ip": "199.232.36.159",
        "url": "https://abs.twimg.com/responsive-web/client-web/shared~ondemand.InlinePlayer~loader.AudioOnlyVideoPlayer~loader.immersiveTweetHandler~bundle.TV~bund-44a55f38.97f6a3ca.js",
        "city": "New York",
        "region": "New York",
        "country": "United States",
        "org": "Fastly, Inc.",
        "timezone": "America/New_York",
        "source": "ip-api.com"
      },
      "geometry": {
        "type": "Point",
        "coordinates": [
          -74.0066,
          40.7126
        ]
      }
    },
    {
      "type": "Feature",
      "properties": {
        "ip": "199.232.36.159",
        "url": "https://abs.twimg.com/responsive-web/client-web/shared~loader.DMDrawer~bundle.DirectMessages-9f4db315.af69e29a.js",
        "city": "New York",
        "region": "New York",
        "country": "United States",
        "org": "Fastly, Inc.",
        "timezone": "America/New_York",
        "source": "ip-api.com"
      },
      "geometry": {
        "type": "Point",
        "coordinates": [
          -74.0066,
          40.7126
        ]
      }
    },
    {
      "type": "Feature",
      "properties": {
        "ip": "199.232.36.159",
        "url": "https://abs.twimg.com/responsive-web/client-web/bundle.AccountVerification-3ccae474.ce3842da.js",
        "city": "New York",
        "region": "New York",
        "country": "United States",
        "org": "Fastly, Inc.",
        "timezone": "America/New_York",
        "source": "ip-api.com"
      },
      "geometry": {
        "type": "Point",
        "coordinates": [
          -74.0066,
          40.7126
        ]
      }
    },
    {
      "type": "Feature",
      "properties": {
        "ip": "199.232.36.159",
        "url": "https://abs.twimg.com/responsive-web/client-web/shared~ondemand.InlinePlayer~loader.AudioOnlyVideoPlayer~loader.immersiveTweetHandler~bundle.TV~bund-9749c7d2.0525e45a.js",
        "city": "New York",
        "region": "New York",
        "country": "United States",
        "org": "Fastly, Inc.",
        "timezone": "America/New_York",
        "source": "ip-api.com"
      },
      "geometry": {
        "type": "Point",
        "coordinates": [
          -74.0066,
          40.7126
        ]
      }
    },
    {
      "type": "Feature",
      "properties": {
        "ip": "199.232.36.159",
        "url": "https://abs.twimg.com/responsive-web/client-web/loaders.video.VideoPlayerHashtagHighlightUI.a4192d9a.js",
        "city": "New York",
        "region": "New York",
        "country": "United States",
        "org": "Fastly, Inc.",
        "timezone": "America/New_York",
        "source": "ip-api.com"
      },
      "geometry": {
        "type": "Point",
        "coordinates": [
          -74.0066,
          40.7126
        ]
      }
    },
    {
      "type": "Feature",
      "properties": {
        "ip": "199.232.36.159",
        "url": "https://abs.twimg.com/responsive-web/client-web/shared~loader.DashMenu~loader.SideNav~loader.SideNavRedesign~loader.AppModules~loader.DMDrawer~bundl-bc43d9b3.192d60fa.js",
        "city": "New York",
        "region": "New York",
        "country": "United States",
        "org": "Fastly, Inc.",
        "timezone": "America/New_York",
        "source": "ip-api.com"
      },
      "geometry": {
        "type": "Point",
        "coordinates": [
          -74.0066,
          40.7126
        ]
      }
    },
    {
      "type": "Feature",
      "properties": {
        "ip": "199.232.36.159",
        "url": "https://abs.twimg.com/responsive-web/client-web/loader.RelatedSearchHandler.cc1acada.js",
        "city": "New York",
        "region": "New York",
        "country": "United States",
        "org": "Fastly, Inc.",
        "timezone": "America/New_York",
        "source": "ip-api.com"
      },
      "geometry": {
        "type": "Point",
        "coordinates": [
          -74.0066,
          40.7126
        ]
      }
    },
    {
      "type": "Feature",
      "properties": {
        "ip": "199.232.36.159",
        "url": "https://abs.twimg.com/responsive-web/client-web/loader.DashModal.c334c59a.js",
        "city": "New York",
        "region": "New York",
        "country": "United States",
        "org": "Fastly, Inc.",
        "timezone": "America/New_York",
        "source": "ip-api.com"
      },
      "geometry": {
        "type": "Point",
        "coordinates": [
          -74.0066,
          40.7126
        ]
      }
    },
    {
      "type": "Feature",
      "properties": {
        "ip": "199.232.36.159",
        "url": "https://abs.twimg.com/responsive-web/client-web/bundle.BrandedLikesPreview-2aa5c1ed.0ffdd40a.js",
        "city": "New York",
        "region": "New York",
        "country": "United States",
        "org": "Fastly, Inc.",
        "timezone": "America/New_York",
        "source": "ip-api.com"
      },
      "geometry": {
        "type": "Point",
        "coordinates": [
          -74.0066,
          40.7126
        ]
      }
    },
    {
      "type": "Feature",
      "properties": {
        "ip": "199.232.36.159",
        "url": "https://abs.twimg.com/responsive-web/client-web/bundle.Birdwatch-6107ac1a.cbb05a6a.js",
        "city": "New York",
        "region": "New York",
        "country": "United States",
        "org": "Fastly, Inc.",
        "timezone": "America/New_York",
        "source": "ip-api.com"
      },
      "geometry": {
        "type": "Point",
        "coordinates": [
          -74.0066,
          40.7126
        ]
      }
    },
    {
      "type": "Feature",
      "properties": {
        "ip": "199.232.36.159",
        "url": "https://abs.twimg.com/responsive-web/client-web/bundle.Payments-6cc66b21.1e6cb84a.js",
        "city": "New York",
        "region": "New York",
        "country": "United States",
        "org": "Fastly, Inc.",
        "timezone": "America/New_York",
        "source": "ip-api.com"
      },
      "geometry": {
        "type": "Point",
        "coordinates": [
          -74.0066,
          40.7126
        ]
      }
    },
    {
      "type": "Feature",
      "properties": {
        "ip": "199.232.36.159",
        "url": "https://abs.twimg.com/responsive-web/client-web/bundle.TwitterBlue-4d745f2d.ac8c6b9a.js",
        "city": "New York",
        "region": "New York",
        "country": "United States",
        "org": "Fastly, Inc.",
        "timezone": "America/New_York",
        "source": "ip-api.com"
      },
      "geometry": {
        "type": "Point",
        "coordinates": [
          -74.0066,
          40.7126
        ]
      }
    },
    {
      "type": "Feature",
      "properties": {
        "ip": "199.232.36.159",
        "url": "https://abs.twimg.com/responsive-web/client-web/bundle.TweetMediaTags-e96e9bea.a9afe30a.js",
        "city": "New York",
        "region": "New York",
        "country": "United States",
        "org": "Fastly, Inc.",
        "timezone": "America/New_York",
        "source": "ip-api.com"
      },
      "geometry": {
        "type": "Point",
        "coordinates": [
          -74.0066,
          40.7126
        ]
      }
    },
    {
      "type": "Feature",
      "properties": {
        "ip": "199.232.36.159",
        "url": "https://abs.twimg.com/responsive-web/client-web/loader.ShowMoreHandler.c9588c2a.js",
        "city": "New York",
        "region": "New York",
        "country": "United States",
        "org": "Fastly, Inc.",
        "timezone": "America/New_York",
        "source": "ip-api.com"
      },
      "geometry": {
        "type": "Point",
        "coordinates": [
          -74.0066,
          40.7126
        ]
      }
    },
    {
      "type": "Feature",
      "properties": {
        "ip": "199.232.36.159",
        "url": "https://abs.twimg.com/responsive-web/client-web/bundle.SuperFollowsSubscribe.9a0372fa.js",
        "city": "New York",
        "region": "New York",
        "country": "United States",
        "org": "Fastly, Inc.",
        "timezone": "America/New_York",
        "source": "ip-api.com"
      },
      "geometry": {
        "type": "Point",
        "coordinates": [
          -74.0066,
          40.7126
        ]
      }
    },
    {
      "type": "Feature",
      "properties": {
        "ip": "199.232.36.159",
        "url": "https://abs.twimg.com/responsive-web/client-web/bundle.UserAvatar-3c20ad5c.9f22b67a.js",
        "city": "New York",
        "region": "New York",
        "country": "United States",
        "org": "Fastly, Inc.",
        "timezone": "America/New_York",
        "source": "ip-api.com"
      },
      "geometry": {
        "type": "Point",
        "coordinates": [
          -74.0066,
          40.7126
        ]
      }
    },
    {
      "type": "Feature",
      "properties": {
        "ip": "199.232.36.159",
        "url": "https://abs.twimg.com/responsive-web/client-web/shared~bundle.ReaderMode~bundle.Birdwatch~bundle.TwitterArticles~bundle.Compose~bundle.Settings~bund-4d00f589.640c14ea.js",
        "city": "New York",
        "region": "New York",
        "country": "United States",
        "org": "Fastly, Inc.",
        "timezone": "America/New_York",
        "source": "ip-api.com"
      },
      "geometry": {
        "type": "Point",
        "coordinates": [
          -74.0066,
          40.7126
        ]
      }
    },
    {
      "type": "Feature",
      "properties": {
        "ip": "199.232.36.159",
        "url": "https://abs.twimg.com/responsive-web/client-web/bundle.AudioSpaceDiscovery.b9e1552a.js",
        "city": "New York",
        "region": "New York",
        "country": "United States",
        "org": "Fastly, Inc.",
        "timezone": "America/New_York",
        "source": "ip-api.com"
      },
      "geometry": {
        "type": "Point",
        "coordinates": [
          -74.0066,
          40.7126
        ]
      }
    },
    {
      "type": "Feature",
      "properties": {
        "ip": "199.232.36.159",
        "url": "https://abs.twimg.com/responsive-web/client-web/bundle.SettingsProfessionalProfile-6107ac1a.c1258ada.js",
        "city": "New York",
        "region": "New York",
        "country": "United States",
        "org": "Fastly, Inc.",
        "timezone": "America/New_York",
        "source": "ip-api.com"
      },
      "geometry": {
        "type": "Point",
        "coordinates": [
          -74.0066,
          40.7126
        ]
      }
    },
    {
      "type": "Feature",
      "properties": {
        "ip": "199.232.36.159",
        "url": "https://abs.twimg.com/responsive-web/client-web/loader.WideLayout-6107ac1a.93a9e34a.js",
        "city": "New York",
        "region": "New York",
        "country": "United States",
        "org": "Fastly, Inc.",
        "timezone": "America/New_York",
        "source": "ip-api.com"
      },
      "geometry": {
        "type": "Point",
        "coordinates": [
          -74.0066,
          40.7126
        ]
      }
    },
    {
      "type": "Feature",
      "properties": {
        "ip": "199.232.36.159",
        "url": "https://abs.twimg.com/responsive-web/client-web/bundle.Communities-23e54054.4f13d04a.js",
        "city": "New York",
        "region": "New York",
        "country": "United States",
        "org": "Fastly, Inc.",
        "timezone": "America/New_York",
        "source": "ip-api.com"
      },
      "geometry": {
        "type": "Point",
        "coordinates": [
          -74.0066,
          40.7126
        ]
      }
    },
    {
      "type": "Feature",
      "properties": {
        "ip": "199.232.36.159",
        "url": "https://abs.twimg.com/responsive-web/client-web/modules.audio-e019dbda.4d02d79a.js",
        "city": "New York",
        "region": "New York",
        "country": "United States",
        "org": "Fastly, Inc.",
        "timezone": "America/New_York",
        "source": "ip-api.com"
      },
      "geometry": {
        "type": "Point",
        "coordinates": [
          -74.0066,
          40.7126
        ]
      }
    },
    {
      "type": "Feature",
      "properties": {
        "ip": "199.232.36.159",
        "url": "https://abs.twimg.com/responsive-web/client-web/shared~loader.AudioDock~loader.DashMenu~loader.DashModal~loader.DMDrawer~bundle.GrokDrawer~ondemand.-d2034e67.3fb9116a.js",
        "city": "New York",
        "region": "New York",
        "country": "United States",
        "org": "Fastly, Inc.",
        "timezone": "America/New_York",
        "source": "ip-api.com"
      },
      "geometry": {
        "type": "Point",
        "coordinates": [
          -74.0066,
          40.7126
        ]
      }
    },
    {
      "type": "Feature",
      "properties": {
        "ip": "199.232.36.159",
        "url": "https://abs.twimg.com/responsive-web/client-web/vendor-821262ff.fc6cf03a.js",
        "city": "New York",
        "region": "New York",
        "country": "United States",
        "org": "Fastly, Inc.",
        "timezone": "America/New_York",
        "source": "ip-api.com"
      },
      "geometry": {
        "type": "Point",
        "coordinates": [
          -74.0066,
          40.7126
        ]
      }
    },
    {
      "type": "Feature",
      "properties": {
        "ip": "199.232.36.159",
        "url": "https://abs.twimg.com/responsive-web/client-web/loader.inlineTombstoneHandler.9bd9e84a.js",
        "city": "New York",
        "region": "New York",
        "country": "United States",
        "org": "Fastly, Inc.",
        "timezone": "America/New_York",
        "source": "ip-api.com"
      },
      "geometry": {
        "type": "Point",
        "coordinates": [
          -74.0066,
          40.7126
        ]
      }
    },
    {
      "type": "Feature",
      "properties": {
        "ip": "199.232.36.159",
        "url": "https://abs.twimg.com/responsive-web/client-web/Chirp-Bold.ebb56aba.woff2",
        "city": "New York",
        "region": "New York",
        "country": "United States",
        "org": "Fastly, Inc.",
        "timezone": "America/New_York",
        "source": "ip-api.com"
      },
      "geometry": {
        "type": "Point",
        "coordinates": [
          -74.0066,
          40.7126
        ]
      }
    },
    {
      "type": "Feature",
      "properties": {
        "ip": "199.232.36.159",
        "url": "https://abs.twimg.com/responsive-web/client-web/bundle.TwitterArticles-dee3c9bb.871f3a1a.js",
        "city": "New York",
        "region": "New York",
        "country": "United States",
        "org": "Fastly, Inc.",
        "timezone": "America/New_York",
        "source": "ip-api.com"
      },
      "geometry": {
        "type": "Point",
        "coordinates": [
          -74.0066,
          40.7126
        ]
      }
    },
    {
      "type": "Feature",
      "properties": {
        "ip": "199.232.36.159",
        "url": "https://abs.twimg.com/responsive-web/client-web/loader.topicLandingHeaderHandler.11fdab6a.js",
        "city": "New York",
        "region": "New York",
        "country": "United States",
        "org": "Fastly, Inc.",
        "timezone": "America/New_York",
        "source": "ip-api.com"
      },
      "geometry": {
        "type": "Point",
        "coordinates": [
          -74.0066,
          40.7126
        ]
      }
    },
    {
      "type": "Feature",
      "properties": {
        "ip": "199.232.36.159",
        "url": "https://abs.twimg.com/responsive-web/client-web/bundle.Conversation-e019dbda.1a0e63ca.js",
        "city": "New York",
        "region": "New York",
        "country": "United States",
        "org": "Fastly, Inc.",
        "timezone": "America/New_York",
        "source": "ip-api.com"
      },
      "geometry": {
        "type": "Point",
        "coordinates": [
          -74.0066,
          40.7126
        ]
      }
    },
    {
      "type": "Feature",
      "properties": {
        "ip": "199.232.36.159",
        "url": "https://abs.twimg.com/responsive-web/client-web/node_modules_juicebox-sdk_juicebox-sdk_js.d1f21d0a.js",
        "city": "New York",
        "region": "New York",
        "country": "United States",
        "org": "Fastly, Inc.",
        "timezone": "America/New_York",
        "source": "ip-api.com"
      },
      "geometry": {
        "type": "Point",
        "coordinates": [
          -74.0066,
          40.7126
        ]
      }
    },
    {
      "type": "Feature",
      "properties": {
        "ip": "199.232.36.159",
        "url": "https://abs.twimg.com/responsive-web/client-web/shared~bundle.ReaderMode~bundle.Birdwatch~bundle.TwitterArticles~bundle.Compose~bundle.Settings~bund-e75d887d.8d15fdaa.js",
        "city": "New York",
        "region": "New York",
        "country": "United States",
        "org": "Fastly, Inc.",
        "timezone": "America/New_York",
        "source": "ip-api.com"
      },
      "geometry": {
        "type": "Point",
        "coordinates": [
          -74.0066,
          40.7126
        ]
      }
    },
    {
      "type": "Feature",
      "properties": {
        "ip": "199.232.36.159",
        "url": "https://abs.twimg.com/responsive-web/client-web/bundle.UserProfile-0127dd92.3d53b6ba.js",
        "city": "New York",
        "region": "New York",
        "country": "United States",
        "org": "Fastly, Inc.",
        "timezone": "America/New_York",
        "source": "ip-api.com"
      },
      "geometry": {
        "type": "Point",
        "coordinates": [
          -74.0066,
          40.7126
        ]
      }
    },
    {
      "type": "Feature",
      "properties": {
        "ip": "199.232.36.159",
        "url": "https://abs.twimg.com/responsive-web/client-web/loader.TimelineRenderer.ba99d43a.js",
        "city": "New York",
        "region": "New York",
        "country": "United States",
        "org": "Fastly, Inc.",
        "timezone": "America/New_York",
        "source": "ip-api.com"
      },
      "geometry": {
        "type": "Point",
        "coordinates": [
          -74.0066,
          40.7126
        ]
      }
    },
    {
      "type": "Feature",
      "properties": {
        "ip": "199.232.36.159",
        "url": "https://abs.twimg.com/responsive-web/client-web/node_modules_x-clients_features_messages_ar-x-fm_json.7dda2d5a.js",
        "city": "New York",
        "region": "New York",
        "country": "United States",
        "org": "Fastly, Inc.",
        "timezone": "America/New_York",
        "source": "ip-api.com"
      },
      "geometry": {
        "type": "Point",
        "coordinates": [
          -74.0066,
          40.7126
        ]
      }
    },
    {
      "type": "Feature",
      "properties": {
        "ip": "199.232.36.159",
        "url": "https://abs.twimg.com/responsive-web/client-web/icons.28.8624c67a.js",
        "city": "New York",
        "region": "New York",
        "country": "United States",
        "org": "Fastly, Inc.",
        "timezone": "America/New_York",
        "source": "ip-api.com"
      },
      "geometry": {
        "type": "Point",
        "coordinates": [
          -74.0066,
          40.7126
        ]
      }
    },
    {
      "type": "Feature",
      "properties": {
        "ip": "199.232.36.159",
        "url": "https://abs.twimg.com/responsive-web/client-web/modules.common-e907d115.c2c208da.js",
        "city": "New York",
        "region": "New York",
        "country": "United States",
        "org": "Fastly, Inc.",
        "timezone": "America/New_York",
        "source": "ip-api.com"
      },
      "geometry": {
        "type": "Point",
        "coordinates": [
          -74.0066,
          40.7126
        ]
      }
    },
    {
      "type": "Feature",
      "properties": {
        "ip": "199.232.36.159",
        "url": "https://abs.twimg.com/responsive-web/client-web/shared~bundle.AccountAnalytics~bundle.News~bundle.Grok~ondemand.News~ondemand.Insights~loader.Explor-703d6ce2.57e1873a.js",
        "city": "New York",
        "region": "New York",
        "country": "United States",
        "org": "Fastly, Inc.",
        "timezone": "America/New_York",
        "source": "ip-api.com"
      },
      "geometry": {
        "type": "Point",
        "coordinates": [
          -74.0066,
          40.7126
        ]
      }
    },
    {
      "type": "Feature",
      "properties": {
        "ip": "199.232.36.159",
        "url": "https://abs.twimg.com/responsive-web/client-web/shared~loader.Dock~bundle.DockPeek~bundle.LiveEvent~loader.TimelineFrameHandler~loader.JetfuelFrame--0ac6436a.5ce6c28a.js",
        "city": "New York",
        "region": "New York",
        "country": "United States",
        "org": "Fastly, Inc.",
        "timezone": "America/New_York",
        "source": "ip-api.com"
      },
      "geometry": {
        "type": "Point",
        "coordinates": [
          -74.0066,
          40.7126
        ]
      }
    },
    {
      "type": "Feature",
      "properties": {
        "ip": "199.232.36.159",
        "url": "https://abs.twimg.com/responsive-web/client-web/loaders.video.PlayerHls1.5-dcf6fa52.55b4b94a.js",
        "city": "New York",
        "region": "New York",
        "country": "United States",
        "org": "Fastly, Inc.",
        "timezone": "America/New_York",
        "source": "ip-api.com"
      },
      "geometry": {
        "type": "Point",
        "coordinates": [
          -74.0066,
          40.7126
        ]
      }
    },
    {
      "type": "Feature",
      "properties": {
        "ip": "199.232.36.159",
        "url": "https://abs.twimg.com/responsive-web/client-web/loader.NewTweetsPill.c40632aa.js",
        "city": "New York",
        "region": "New York",
        "country": "United States",
        "org": "Fastly, Inc.",
        "timezone": "America/New_York",
        "source": "ip-api.com"
      },
      "geometry": {
        "type": "Point",
        "coordinates": [
          -74.0066,
          40.7126
        ]
      }
    },
    {
      "type": "Feature",
      "properties": {
        "ip": "199.232.36.159",
        "url": "https://abs.twimg.com/responsive-web/client-web/shared~loader.Dock~bundle.DockPeek~bundle.LiveEvent~loader.TimelineFrameHandler~loader.JetfuelFrame--d043c1bc.abd1e0da.js",
        "city": "New York",
        "region": "New York",
        "country": "United States",
        "org": "Fastly, Inc.",
        "timezone": "America/New_York",
        "source": "ip-api.com"
      },
      "geometry": {
        "type": "Point",
        "coordinates": [
          -74.0066,
          40.7126
        ]
      }
    },
    {
      "type": "Feature",
      "properties": {
        "ip": "199.232.36.159",
        "url": "https://abs.twimg.com/responsive-web/client-web/bundle.TweetEditHistory.cc6e736a.js",
        "city": "New York",
        "region": "New York",
        "country": "United States",
        "org": "Fastly, Inc.",
        "timezone": "America/New_York",
        "source": "ip-api.com"
      },
      "geometry": {
        "type": "Point",
        "coordinates": [
          -74.0066,
          40.7126
        ]
      }
    },
    {
      "type": "Feature",
      "properties": {
        "ip": "199.232.36.159",
        "url": "https://abs.twimg.com/responsive-web/client-web/shared~loader.AudioDock~loader.DashMenu~loader.DashModal~loader.DMDrawer~bundle.GrokDrawer~ondemand.-289382e4.ba71cf0a.js",
        "city": "New York",
        "region": "New York",
        "country": "United States",
        "org": "Fastly, Inc.",
        "timezone": "America/New_York",
        "source": "ip-api.com"
      },
      "geometry": {
        "type": "Point",
        "coordinates": [
          -74.0066,
          40.7126
        ]
      }
    },
    {
      "type": "Feature",
      "properties": {
        "ip": "199.232.36.159",
        "url": "https://abs.twimg.com/responsive-web/client-web/bundle.AccountVerification-9a517202.a291968a.js",
        "city": "New York",
        "region": "New York",
        "country": "United States",
        "org": "Fastly, Inc.",
        "timezone": "America/New_York",
        "source": "ip-api.com"
      },
      "geometry": {
        "type": "Point",
        "coordinates": [
          -74.0066,
          40.7126
        ]
      }
    },
    {
      "type": "Feature",
      "properties": {
        "ip": "199.232.36.159",
        "url": "https://abs.twimg.com/responsive-web/client-web/bundle.UserProfile-6107ac1a.8f8d2c9a.js",
        "city": "New York",
        "region": "New York",
        "country": "United States",
        "org": "Fastly, Inc.",
        "timezone": "America/New_York",
        "source": "ip-api.com"
      },
      "geometry": {
        "type": "Point",
        "coordinates": [
          -74.0066,
          40.7126
        ]
      }
    },
    {
      "type": "Feature",
      "properties": {
        "ip": "199.232.36.159",
        "url": "https://abs.twimg.com/responsive-web/client-web/shared~bundle.ReportCenter~bundle.SafetyCenter-2aa5c1ed.0d53ac5a.js",
        "city": "New York",
        "region": "New York",
        "country": "United States",
        "org": "Fastly, Inc.",
        "timezone": "America/New_York",
        "source": "ip-api.com"
      },
      "geometry": {
        "type": "Point",
        "coordinates": [
          -74.0066,
          40.7126
        ]
      }
    },
    {
      "type": "Feature",
      "properties": {
        "ip": "199.232.36.159",
        "url": "https://abs.twimg.com/responsive-web/client-web/bundle.GrokDrawer-38c57b44.82f3402a.js",
        "city": "New York",
        "region": "New York",
        "country": "United States",
        "org": "Fastly, Inc.",
        "timezone": "America/New_York",
        "source": "ip-api.com"
      },
      "geometry": {
        "type": "Point",
        "coordinates": [
          -74.0066,
          40.7126
        ]
      }
    },
    {
      "type": "Feature",
      "properties": {
        "ip": "199.232.36.159",
        "url": "https://abs.twimg.com/responsive-web/client-web/shared~bundle.SettingsProfessionalProfileProfileSpotlight~bundle.UserProfile.6b6c035a.js",
        "city": "New York",
        "region": "New York",
        "country": "United States",
        "org": "Fastly, Inc.",
        "timezone": "America/New_York",
        "source": "ip-api.com"
      },
      "geometry": {
        "type": "Point",
        "coordinates": [
          -74.0066,
          40.7126
        ]
      }
    },
    {
      "type": "Feature",
      "properties": {
        "ip": "199.232.36.159",
        "url": "https://abs.twimg.com/responsive-web/client-web/bundle.UserLists-e019dbda.1d577a3a.js",
        "city": "New York",
        "region": "New York",
        "country": "United States",
        "org": "Fastly, Inc.",
        "timezone": "America/New_York",
        "source": "ip-api.com"
      },
      "geometry": {
        "type": "Point",
        "coordinates": [
          -74.0066,
          40.7126
        ]
      }
    },
    {
      "type": "Feature",
      "properties": {
        "ip": "199.232.36.159",
        "url": "https://abs.twimg.com/responsive-web/client-web/node_modules_x-clients_features_messages_en-gb_json.0c14009a.js",
        "city": "New York",
        "region": "New York",
        "country": "United States",
        "org": "Fastly, Inc.",
        "timezone": "America/New_York",
        "source": "ip-api.com"
      },
      "geometry": {
        "type": "Point",
        "coordinates": [
          -74.0066,
          40.7126
        ]
      }
    },
    {
      "type": "Feature",
      "properties": {
        "ip": "199.232.36.159",
        "url": "https://abs.twimg.com/responsive-web/client-web/shared~bundle.GrokDrawer~bundle.Grok.0720af8a.js",
        "city": "New York",
        "region": "New York",
        "country": "United States",
        "org": "Fastly, Inc.",
        "timezone": "America/New_York",
        "source": "ip-api.com"
      },
      "geometry": {
        "type": "Point",
        "coordinates": [
          -74.0066,
          40.7126
        ]
      }
    },
    {
      "type": "Feature",
      "properties": {
        "ip": "199.232.36.159",
        "url": "https://abs.twimg.com/responsive-web/client-web/bundle.SettingsProfessionalProfileLocationSpotlight-bc6ccf4c.3ae5978a.js",
        "city": "New York",
        "region": "New York",
        "country": "United States",
        "org": "Fastly, Inc.",
        "timezone": "America/New_York",
        "source": "ip-api.com"
      },
      "geometry": {
        "type": "Point",
        "coordinates": [
          -74.0066,
          40.7126
        ]
      }
    },
    {
      "type": "Feature",
      "properties": {
        "ip": "199.232.36.159",
        "url": "https://abs.twimg.com/responsive-web/client-web/bundle.Communities-67fea8a6.7d5310ca.js",
        "city": "New York",
        "region": "New York",
        "country": "United States",
        "org": "Fastly, Inc.",
        "timezone": "America/New_York",
        "source": "ip-api.com"
      },
      "geometry": {
        "type": "Point",
        "coordinates": [
          -74.0066,
          40.7126
        ]
      }
    },
    {
      "type": "Feature",
      "properties": {
        "ip": "199.232.36.159",
        "url": "https://abs.twimg.com/responsive-web/client-web/shared~bundle.AccountAnalytics~bundle.News~bundle.Grok~ondemand.News~ondemand.Insights~loader.Explor-92ee7280.c975e0fa.js",
        "city": "New York",
        "region": "New York",
        "country": "United States",
        "org": "Fastly, Inc.",
        "timezone": "America/New_York",
        "source": "ip-api.com"
      },
      "geometry": {
        "type": "Point",
        "coordinates": [
          -74.0066,
          40.7126
        ]
      }
    },
    {
      "type": "Feature",
      "properties": {
        "ip": "199.232.36.159",
        "url": "https://abs.twimg.com/responsive-web/client-web/bundle.SafetyCenter-e019dbda.c272ed7a.js",
        "city": "New York",
        "region": "New York",
        "country": "United States",
        "org": "Fastly, Inc.",
        "timezone": "America/New_York",
        "source": "ip-api.com"
      },
      "geometry": {
        "type": "Point",
        "coordinates": [
          -74.0066,
          40.7126
        ]
      }
    },
    {
      "type": "Feature",
      "properties": {
        "ip": "199.232.36.159",
        "url": "https://abs.twimg.com/responsive-web/client-web/bundle.Conferences-6107ac1a.89ecd29a.js",
        "city": "New York",
        "region": "New York",
        "country": "United States",
        "org": "Fastly, Inc.",
        "timezone": "America/New_York",
        "source": "ip-api.com"
      },
      "geometry": {
        "type": "Point",
        "coordinates": [
          -74.0066,
          40.7126
        ]
      }
    },
    {
      "type": "Feature",
      "properties": {
        "ip": "199.232.36.159",
        "url": "https://abs.twimg.com/responsive-web/client-web/bundle.AudioSpaceDetail.e795002a.js",
        "city": "New York",
        "region": "New York",
        "country": "United States",
        "org": "Fastly, Inc.",
        "timezone": "America/New_York",
        "source": "ip-api.com"
      },
      "geometry": {
        "type": "Point",
        "coordinates": [
          -74.0066,
          40.7126
        ]
      }
    },
    {
      "type": "Feature",
      "properties": {
        "ip": "199.232.36.159",
        "url": "https://abs.twimg.com/responsive-web/client-web/shared~loader.DMDrawer~bundle.DirectMessages-d730961e.e21d16da.js",
        "city": "New York",
        "region": "New York",
        "country": "United States",
        "org": "Fastly, Inc.",
        "timezone": "America/New_York",
        "source": "ip-api.com"
      },
      "geometry": {
        "type": "Point",
        "coordinates": [
          -74.0066,
          40.7126
        ]
      }
    },
    {
      "type": "Feature",
      "properties": {
        "ip": "199.232.36.159",
        "url": "https://abs.twimg.com/responsive-web/client-web/node_modules_x-clients_features_messages_cs_json.b1d8044a.js",
        "city": "New York",
        "region": "New York",
        "country": "United States",
        "org": "Fastly, Inc.",
        "timezone": "America/New_York",
        "source": "ip-api.com"
      },
      "geometry": {
        "type": "Point",
        "coordinates": [
          -74.0066,
          40.7126
        ]
      }
    },
    {
      "type": "Feature",
      "properties": {
        "ip": "199.232.36.159",
        "url": "https://abs.twimg.com/sticky/default_profile_images/default_profile_x96.png",
        "city": "New York",
        "region": "New York",
        "country": "United States",
        "org": "Fastly, Inc.",
        "timezone": "America/New_York",
        "source": "ip-api.com"
      },
      "geometry": {
        "type": "Point",
        "coordinates": [
          -74.0066,
          40.7126
        ]
      }
    },
    {
      "type": "Feature",
      "properties": {
        "ip": "199.232.36.159",
        "url": "https://abs.twimg.com/responsive-web/client-web/loader.CommunityHandler.886f31fa.js",
        "city": "New York",
        "region": "New York",
        "country": "United States",
        "org": "Fastly, Inc.",
        "timezone": "America/New_York",
        "source": "ip-api.com"
      },
      "geometry": {
        "type": "Point",
        "coordinates": [
          -74.0066,
          40.7126
        ]
      }
    },
    {
      "type": "Feature",
      "properties": {
        "ip": "199.232.36.159",
        "url": "https://abs.twimg.com/responsive-web/client-web/loader.CodeBlock-e96e9bea.71ba6f7a.js",
        "city": "New York",
        "region": "New York",
        "country": "United States",
        "org": "Fastly, Inc.",
        "timezone": "America/New_York",
        "source": "ip-api.com"
      },
      "geometry": {
        "type": "Point",
        "coordinates": [
          -74.0066,
          40.7126
        ]
      }
    },
    {
      "type": "Feature",
      "properties": {
        "ip": "199.232.36.159",
        "url": "https://abs.twimg.com/responsive-web/client-web/bundle.LiveEvent-b308cbaf.e4b6ebaa.js",
        "city": "New York",
        "region": "New York",
        "country": "United States",
        "org": "Fastly, Inc.",
        "timezone": "America/New_York",
        "source": "ip-api.com"
      },
      "geometry": {
        "type": "Point",
        "coordinates": [
          -74.0066,
          40.7126
        ]
      }
    },
    {
      "type": "Feature",
      "properties": {
        "ip": "199.232.36.159",
        "url": "https://abs.twimg.com/responsive-web/client-web/bundle.Grok-bd027025.30a817da.js",
        "city": "New York",
        "region": "New York",
        "country": "United States",
        "org": "Fastly, Inc.",
        "timezone": "America/New_York",
        "source": "ip-api.com"
      },
      "geometry": {
        "type": "Point",
        "coordinates": [
          -74.0066,
          40.7126
        ]
      }
    },
    {
      "type": "Feature",
      "properties": {
        "ip": "199.232.36.159",
        "url": "https://abs.twimg.com/responsive-web/client-web/bundle.ConnectTab.2651b1ba.js",
        "city": "New York",
        "region": "New York",
        "country": "United States",
        "org": "Fastly, Inc.",
        "timezone": "America/New_York",
        "source": "ip-api.com"
      },
      "geometry": {
        "type": "Point",
        "coordinates": [
          -74.0066,
          40.7126
        ]
      }
    },
    {
      "type": "Feature",
      "properties": {
        "ip": "199.232.36.159",
        "url": "https://abs.twimg.com/responsive-web/client-web/loader.immersiveTweetHandler.6ea8b03a.js",
        "city": "New York",
        "region": "New York",
        "country": "United States",
        "org": "Fastly, Inc.",
        "timezone": "America/New_York",
        "source": "ip-api.com"
      },
      "geometry": {
        "type": "Point",
        "coordinates": [
          -74.0066,
          40.7126
        ]
      }
    },
    {
      "type": "Feature",
      "properties": {
        "ip": "199.232.36.159",
        "url": "https://abs.twimg.com/responsive-web/client-web/node_modules_x-clients_features_messages_ro_json.ccc837ca.js",
        "city": "New York",
        "region": "New York",
        "country": "United States",
        "org": "Fastly, Inc.",
        "timezone": "America/New_York",
        "source": "ip-api.com"
      },
      "geometry": {
        "type": "Point",
        "coordinates": [
          -74.0066,
          40.7126
        ]
      }
    },
    {
      "type": "Feature",
      "properties": {
        "ip": "199.232.36.159",
        "url": "https://abs.twimg.com/responsive-web/client-web/node_modules_x-clients_features_messages_he_json.e2c4c31a.js",
        "city": "New York",
        "region": "New York",
        "country": "United States",
        "org": "Fastly, Inc.",
        "timezone": "America/New_York",
        "source": "ip-api.com"
      },
      "geometry": {
        "type": "Point",
        "coordinates": [
          -74.0066,
          40.7126
        ]
      }
    },
    {
      "type": "Feature",
      "properties": {
        "ip": "199.232.36.159",
        "url": "https://abs.twimg.com/responsive-web/client-web/bundle.Payments-ca45176c.fdea4e9a.js",
        "city": "New York",
        "region": "New York",
        "country": "United States",
        "org": "Fastly, Inc.",
        "timezone": "America/New_York",
        "source": "ip-api.com"
      },
      "geometry": {
        "type": "Point",
        "coordinates": [
          -74.0066,
          40.7126
        ]
      }
    },
    {
      "type": "Feature",
      "properties": {
        "ip": "199.232.36.159",
        "url": "https://abs.twimg.com/responsive-web/client-web/bundle.AccountAnalytics-edbabb50.c472f56a.js",
        "city": "New York",
        "region": "New York",
        "country": "United States",
        "org": "Fastly, Inc.",
        "timezone": "America/New_York",
        "source": "ip-api.com"
      },
      "geometry": {
        "type": "Point",
        "coordinates": [
          -74.0066,
          40.7126
        ]
      }
    },
    {
      "type": "Feature",
      "properties": {
        "ip": "199.232.36.159",
        "url": "https://abs.twimg.com/responsive-web/client-web/shared~bundle.TV~bundle.Account-6107ac1a.738f913a.js",
        "city": "New York",
        "region": "New York",
        "country": "United States",
        "org": "Fastly, Inc.",
        "timezone": "America/New_York",
        "source": "ip-api.com"
      },
      "geometry": {
        "type": "Point",
        "coordinates": [
          -74.0066,
          40.7126
        ]
      }
    },
    {
      "type": "Feature",
      "properties": {
        "ip": "199.232.36.159",
        "url": "https://abs.twimg.com/responsive-web/client-web/bundle.TwitterBluePaymentFailureFix.98933f5a.js",
        "city": "New York",
        "region": "New York",
        "country": "United States",
        "org": "Fastly, Inc.",
        "timezone": "America/New_York",
        "source": "ip-api.com"
      },
      "geometry": {
        "type": "Point",
        "coordinates": [
          -74.0066,
          40.7126
        ]
      }
    },
    {
      "type": "Feature",
      "properties": {
        "ip": "199.232.36.159",
        "url": "https://abs.twimg.com/responsive-web/client-web/shared~bundle.Grok~loader.Markdown-6107ac1a.30b6836a.js",
        "city": "New York",
        "region": "New York",
        "country": "United States",
        "org": "Fastly, Inc.",
        "timezone": "America/New_York",
        "source": "ip-api.com"
      },
      "geometry": {
        "type": "Point",
        "coordinates": [
          -74.0066,
          40.7126
        ]
      }
    },
    {
      "type": "Feature",
      "properties": {
        "ip": "199.232.36.159",
        "url": "https://abs.twimg.com/responsive-web/client-web/loader.InlinePromptHandler.9022524a.js",
        "city": "New York",
        "region": "New York",
        "country": "United States",
        "org": "Fastly, Inc.",
        "timezone": "America/New_York",
        "source": "ip-api.com"
      },
      "geometry": {
        "type": "Point",
        "coordinates": [
          -74.0066,
          40.7126
        ]
      }
    },
    {
      "type": "Feature",
      "properties": {
        "ip": "199.232.36.159",
        "url": "https://abs.twimg.com/responsive-web/client-web/shared~bundle.Grok~loader.Markdown-3277c3ad.fcd1646a.js",
        "city": "New York",
        "region": "New York",
        "country": "United States",
        "org": "Fastly, Inc.",
        "timezone": "America/New_York",
        "source": "ip-api.com"
      },
      "geometry": {
        "type": "Point",
        "coordinates": [
          -74.0066,
          40.7126
        ]
      }
    },
    {
      "type": "Feature",
      "properties": {
        "ip": "199.232.36.159",
        "url": "https://abs.twimg.com/responsive-web/client-web/loader.Dock-6107ac1a.074ef0fa.js",
        "city": "New York",
        "region": "New York",
        "country": "United States",
        "org": "Fastly, Inc.",
        "timezone": "America/New_York",
        "source": "ip-api.com"
      },
      "geometry": {
        "type": "Point",
        "coordinates": [
          -74.0066,
          40.7126
        ]
      }
    },
    {
      "type": "Feature",
      "properties": {
        "ip": "199.232.36.159",
        "url": "https://abs.twimg.com/responsive-web/client-web/loader.FooterLoader.19ed865a.js",
        "city": "New York",
        "region": "New York",
        "country": "United States",
        "org": "Fastly, Inc.",
        "timezone": "America/New_York",
        "source": "ip-api.com"
      },
      "geometry": {
        "type": "Point",
        "coordinates": [
          -74.0066,
          40.7126
        ]
      }
    },
    {
      "type": "Feature",
      "properties": {
        "ip": "199.232.36.159",
        "url": "https://abs.twimg.com/responsive-web/client-web/bundle.Articles-6107ac1a.bf69881a.js",
        "city": "New York",
        "region": "New York",
        "country": "United States",
        "org": "Fastly, Inc.",
        "timezone": "America/New_York",
        "source": "ip-api.com"
      },
      "geometry": {
        "type": "Point",
        "coordinates": [
          -74.0066,
          40.7126
        ]
      }
    },
    {
      "type": "Feature",
      "properties": {
        "ip": "199.232.36.159",
        "url": "https://abs.twimg.com/responsive-web/client-web/bundle.Grok-f8a31592.1aa2722a.js",
        "city": "New York",
        "region": "New York",
        "country": "United States",
        "org": "Fastly, Inc.",
        "timezone": "America/New_York",
        "source": "ip-api.com"
      },
      "geometry": {
        "type": "Point",
        "coordinates": [
          -74.0066,
          40.7126
        ]
      }
    },
    {
      "type": "Feature",
      "properties": {
        "ip": "199.232.36.159",
        "url": "https://abs.twimg.com/responsive-web/client-web/bundle.TV-6107ac1a.2a0dbc6a.js",
        "city": "New York",
        "region": "New York",
        "country": "United States",
        "org": "Fastly, Inc.",
        "timezone": "America/New_York",
        "source": "ip-api.com"
      },
      "geometry": {
        "type": "Point",
        "coordinates": [
          -74.0066,
          40.7126
        ]
      }
    },
    {
      "type": "Feature",
      "properties": {
        "ip": "199.232.36.159",
        "url": "https://abs.twimg.com/responsive-web/client-web/bundle.Payments-c7951328.e81a663a.js",
        "city": "New York",
        "region": "New York",
        "country": "United States",
        "org": "Fastly, Inc.",
        "timezone": "America/New_York",
        "source": "ip-api.com"
      },
      "geometry": {
        "type": "Point",
        "coordinates": [
          -74.0066,
          40.7126
        ]
      }
    },
    {
      "type": "Feature",
      "properties": {
        "ip": "199.232.36.159",
        "url": "https://abs.twimg.com/responsive-web/client-web/bundle.TwitterArticles-6107ac1a.9fbf0c4a.js",
        "city": "New York",
        "region": "New York",
        "country": "United States",
        "org": "Fastly, Inc.",
        "timezone": "America/New_York",
        "source": "ip-api.com"
      },
      "geometry": {
        "type": "Point",
        "coordinates": [
          -74.0066,
          40.7126
        ]
      }
    },
    {
      "type": "Feature",
      "properties": {
        "ip": "199.232.36.159",
        "url": "https://abs.twimg.com/responsive-web/client-web/bundle.KeyboardShortcuts.a62f262a.js",
        "city": "New York",
        "region": "New York",
        "country": "United States",
        "org": "Fastly, Inc.",
        "timezone": "America/New_York",
        "source": "ip-api.com"
      },
      "geometry": {
        "type": "Point",
        "coordinates": [
          -74.0066,
          40.7126
        ]
      }
    },
    {
      "type": "Feature",
      "properties": {
        "ip": "199.232.36.159",
        "url": "https://abs.twimg.com/responsive-web/client-web/shared~loader.Dock~bundle.DockPeek~bundle.LiveEvent~loader.TimelineFrameHandler~loader.JetfuelFrame--8773fb3b.352ca96a.js",
        "city": "New York",
        "region": "New York",
        "country": "United States",
        "org": "Fastly, Inc.",
        "timezone": "America/New_York",
        "source": "ip-api.com"
      },
      "geometry": {
        "type": "Point",
        "coordinates": [
          -74.0066,
          40.7126
        ]
      }
    },
    {
      "type": "Feature",
      "properties": {
        "ip": "199.232.36.159",
        "url": "https://abs.twimg.com/responsive-web/client-web/bundle.Conversation-0d835cf1.0691eb7a.js",
        "city": "New York",
        "region": "New York",
        "country": "United States",
        "org": "Fastly, Inc.",
        "timezone": "America/New_York",
        "source": "ip-api.com"
      },
      "geometry": {
        "type": "Point",
        "coordinates": [
          -74.0066,
          40.7126
        ]
      }
    },
    {
      "type": "Feature",
      "properties": {
        "ip": "199.232.36.159",
        "url": "https://abs.twimg.com/responsive-web/client-web/shared~bundle.News~ondemand.News.dca63c5a.js",
        "city": "New York",
        "region": "New York",
        "country": "United States",
        "org": "Fastly, Inc.",
        "timezone": "America/New_York",
        "source": "ip-api.com"
      },
      "geometry": {
        "type": "Point",
        "coordinates": [
          -74.0066,
          40.7126
        ]
      }
    },
    {
      "type": "Feature",
      "properties": {
        "ip": "199.232.36.159",
        "url": "https://abs.twimg.com/responsive-web/client-web/bundle.Ocf-167ef047.25012f2a.js",
        "city": "New York",
        "region": "New York",
        "country": "United States",
        "org": "Fastly, Inc.",
        "timezone": "America/New_York",
        "source": "ip-api.com"
      },
      "geometry": {
        "type": "Point",
        "coordinates": [
          -74.0066,
          40.7126
        ]
      }
    },
    {
      "type": "Feature",
      "properties": {
        "ip": "199.232.36.159",
        "url": "https://abs.twimg.com/responsive-web/client-web/shared~loader.Typeahead~loader.DMDrawer~ondemand.HoverCard~bundle.ReaderMode~bundle.AudioSpacePeek~bundle.Bir.0e6a865a.js",
        "city": "New York",
        "region": "New York",
        "country": "United States",
        "org": "Fastly, Inc.",
        "timezone": "America/New_York",
        "source": "ip-api.com"
      },
      "geometry": {
        "type": "Point",
        "coordinates": [
          -74.0066,
          40.7126
        ]
      }
    },
    {
      "type": "Feature",
      "properties": {
        "ip": "199.232.36.159",
        "url": "https://abs.twimg.com/responsive-web/client-web/loader.DMDrawer.ac14459a.js",
        "city": "New York",
        "region": "New York",
        "country": "United States",
        "org": "Fastly, Inc.",
        "timezone": "America/New_York",
        "source": "ip-api.com"
      },
      "geometry": {
        "type": "Point",
        "coordinates": [
          -74.0066,
          40.7126
        ]
      }
    },
    {
      "type": "Feature",
      "properties": {
        "ip": "199.232.36.159",
        "url": "https://abs.twimg.com/responsive-web/client-web/shared~loader.DMDrawer~bundle.DirectMessages-d153da50.1ce0d29a.js",
        "city": "New York",
        "region": "New York",
        "country": "United States",
        "org": "Fastly, Inc.",
        "timezone": "America/New_York",
        "source": "ip-api.com"
      },
      "geometry": {
        "type": "Point",
        "coordinates": [
          -74.0066,
          40.7126
        ]
      }
    },
    {
      "type": "Feature",
      "properties": {
        "ip": "199.232.36.159",
        "url": "https://abs.twimg.com/responsive-web/client-web/bundle.Payments-a184eb04.7f1436fa.js",
        "city": "New York",
        "region": "New York",
        "country": "United States",
        "org": "Fastly, Inc.",
        "timezone": "America/New_York",
        "source": "ip-api.com"
      },
      "geometry": {
        "type": "Point",
        "coordinates": [
          -74.0066,
          40.7126
        ]
      }
    },
    {
      "type": "Feature",
      "properties": {
        "ip": "199.232.36.159",
        "url": "https://abs.twimg.com/responsive-web/client-web/node_modules_x-clients_features_messages_uk_json.70e2c60a.js",
        "city": "New York",
        "region": "New York",
        "country": "United States",
        "org": "Fastly, Inc.",
        "timezone": "America/New_York",
        "source": "ip-api.com"
      },
      "geometry": {
        "type": "Point",
        "coordinates": [
          -74.0066,
          40.7126
        ]
      }
    },
    {
      "type": "Feature",
      "properties": {
        "ip": "199.232.36.159",
        "url": "https://abs.twimg.com/responsive-web/client-web/loader.AppModules-a2dee9c7.6867a2ba.js",
        "city": "New York",
        "region": "New York",
        "country": "United States",
        "org": "Fastly, Inc.",
        "timezone": "America/New_York",
        "source": "ip-api.com"
      },
      "geometry": {
        "type": "Point",
        "coordinates": [
          -74.0066,
          40.7126
        ]
      }
    },
    {
      "type": "Feature",
      "properties": {
        "ip": "199.232.36.159",
        "url": "https://abs.twimg.com/responsive-web/client-web/loaders.video.VideoPlayerMiniUI.9757e75a.js",
        "city": "New York",
        "region": "New York",
        "country": "United States",
        "org": "Fastly, Inc.",
        "timezone": "America/New_York",
        "source": "ip-api.com"
      },
      "geometry": {
        "type": "Point",
        "coordinates": [
          -74.0066,
          40.7126
        ]
      }
    },
    {
      "type": "Feature",
      "properties": {
        "ip": "199.232.36.159",
        "url": "https://abs.twimg.com/responsive-web/client-web/icons.9.0811eeba.js",
        "city": "New York",
        "region": "New York",
        "country": "United States",
        "org": "Fastly, Inc.",
        "timezone": "America/New_York",
        "source": "ip-api.com"
      },
      "geometry": {
        "type": "Point",
        "coordinates": [
          -74.0066,
          40.7126
        ]
      }
    },
    {
      "type": "Feature",
      "properties": {
        "ip": "199.232.36.159",
        "url": "https://abs.twimg.com/responsive-web/client-web/icons.13.eaca55da.js",
        "city": "New York",
        "region": "New York",
        "country": "United States",
        "org": "Fastly, Inc.",
        "timezone": "America/New_York",
        "source": "ip-api.com"
      },
      "geometry": {
        "type": "Point",
        "coordinates": [
          -74.0066,
          40.7126
        ]
      }
    },
    {
      "type": "Feature",
      "properties": {
        "ip": "199.232.36.159",
        "url": "https://abs.twimg.com/responsive-web/client-web/shared~bundle.BookmarkFolders~bundle.Bookmarks.f8141bba.js",
        "city": "New York",
        "region": "New York",
        "country": "United States",
        "org": "Fastly, Inc.",
        "timezone": "America/New_York",
        "source": "ip-api.com"
      },
      "geometry": {
        "type": "Point",
        "coordinates": [
          -74.0066,
          40.7126
        ]
      }
    },
    {
      "type": "Feature",
      "properties": {
        "ip": "199.232.36.159",
        "url": "https://abs.twimg.com/responsive-web/client-web/bundle.Twitterversary.b36bd89a.js",
        "city": "New York",
        "region": "New York",
        "country": "United States",
        "org": "Fastly, Inc.",
        "timezone": "America/New_York",
        "source": "ip-api.com"
      },
      "geometry": {
        "type": "Point",
        "coordinates": [
          -74.0066,
          40.7126
        ]
      }
    },
    {
      "type": "Feature",
      "properties": {
        "ip": "199.232.36.159",
        "url": "https://abs.twimg.com/responsive-web/client-web/bundle.Grok-7bc92c09.ddf0321a.js",
        "city": "New York",
        "region": "New York",
        "country": "United States",
        "org": "Fastly, Inc.",
        "timezone": "America/New_York",
        "source": "ip-api.com"
      },
      "geometry": {
        "type": "Point",
        "coordinates": [
          -74.0066,
          40.7126
        ]
      }
    },
    {
      "type": "Feature",
      "properties": {
        "ip": "199.232.36.159",
        "url": "https://abs.twimg.com/responsive-web/client-web/icons.6.8c8894aa.js",
        "city": "New York",
        "region": "New York",
        "country": "United States",
        "org": "Fastly, Inc.",
        "timezone": "America/New_York",
        "source": "ip-api.com"
      },
      "geometry": {
        "type": "Point",
        "coordinates": [
          -74.0066,
          40.7126
        ]
      }
    },
    {
      "type": "Feature",
      "properties": {
        "ip": "199.232.36.159",
        "url": "https://abs.twimg.com/responsive-web/client-web/shared~bundle.TV~bundle.Account-63393a95.ae36f7aa.js",
        "city": "New York",
        "region": "New York",
        "country": "United States",
        "org": "Fastly, Inc.",
        "timezone": "America/New_York",
        "source": "ip-api.com"
      },
      "geometry": {
        "type": "Point",
        "coordinates": [
          -74.0066,
          40.7126
        ]
      }
    },
    {
      "type": "Feature",
      "properties": {
        "ip": "199.232.36.159",
        "url": "https://abs.twimg.com/responsive-web/client-web/icons.14.1b209f8a.js",
        "city": "New York",
        "region": "New York",
        "country": "United States",
        "org": "Fastly, Inc.",
        "timezone": "America/New_York",
        "source": "ip-api.com"
      },
      "geometry": {
        "type": "Point",
        "coordinates": [
          -74.0066,
          40.7126
        ]
      }
    },
    {
      "type": "Feature",
      "properties": {
        "ip": "199.232.36.159",
        "url": "https://abs.twimg.com/responsive-web/client-web/shared~bundle.AccountAnalytics~bundle.News~bundle.Grok~bundle.Payments~ondemand.News~ondemand.Insights~loader.0c47bb4a.js",
        "city": "New York",
        "region": "New York",
        "country": "United States",
        "org": "Fastly, Inc.",
        "timezone": "America/New_York",
        "source": "ip-api.com"
      },
      "geometry": {
        "type": "Point",
        "coordinates": [
          -74.0066,
          40.7126
        ]
      }
    },
    {
      "type": "Feature",
      "properties": {
        "ip": "199.232.36.159",
        "url": "https://abs.twimg.com/responsive-web/client-web/vendor-7940b00b.aafae34a.js",
        "city": "New York",
        "region": "New York",
        "country": "United States",
        "org": "Fastly, Inc.",
        "timezone": "America/New_York",
        "source": "ip-api.com"
      },
      "geometry": {
        "type": "Point",
        "coordinates": [
          -74.0066,
          40.7126
        ]
      }
    },
    {
      "type": "Feature",
      "properties": {
        "ip": "199.232.36.159",
        "url": "https://abs.twimg.com/responsive-web/client-web/shared~loader.AudioDock~loader.DashMenu~loader.DashModal~loader.DMDrawer~bundle.GrokDrawer~ondemand.-2ff6f611.26ea890a.js",
        "city": "New York",
        "region": "New York",
        "country": "United States",
        "org": "Fastly, Inc.",
        "timezone": "America/New_York",
        "source": "ip-api.com"
      },
      "geometry": {
        "type": "Point",
        "coordinates": [
          -74.0066,
          40.7126
        ]
      }
    },
    {
      "type": "Feature",
      "properties": {
        "ip": "199.232.36.159",
        "url": "https://abs.twimg.com/responsive-web/client-web/vendor-38c57b44.7266e9ba.js",
        "city": "New York",
        "region": "New York",
        "country": "United States",
        "org": "Fastly, Inc.",
        "timezone": "America/New_York",
        "source": "ip-api.com"
      },
      "geometry": {
        "type": "Point",
        "coordinates": [
          -74.0066,
          40.7126
        ]
      }
    },
    {
      "type": "Feature",
      "properties": {
        "ip": "199.232.36.159",
        "url": "https://abs.twimg.com/responsive-web/client-web/bundle.ReaderMode-6107ac1a.cf320bca.js",
        "city": "New York",
        "region": "New York",
        "country": "United States",
        "org": "Fastly, Inc.",
        "timezone": "America/New_York",
        "source": "ip-api.com"
      },
      "geometry": {
        "type": "Point",
        "coordinates": [
          -74.0066,
          40.7126
        ]
      }
    },
    {
      "type": "Feature",
      "properties": {
        "ip": "199.232.36.159",
        "url": "https://abs.twimg.com/responsive-web/client-web/shared~bundle.Compose~bundle.RichTextCompose-bc6ccf4c.66c021ca.js",
        "city": "New York",
        "region": "New York",
        "country": "United States",
        "org": "Fastly, Inc.",
        "timezone": "America/New_York",
        "source": "ip-api.com"
      },
      "geometry": {
        "type": "Point",
        "coordinates": [
          -74.0066,
          40.7126
        ]
      }
    },
    {
      "type": "Feature",
      "properties": {
        "ip": "199.232.36.159",
        "url": "https://abs.twimg.com/responsive-web/client-web/bundle.TwitterCoinsManagement.8a3f870a.js",
        "city": "New York",
        "region": "New York",
        "country": "United States",
        "org": "Fastly, Inc.",
        "timezone": "America/New_York",
        "source": "ip-api.com"
      },
      "geometry": {
        "type": "Point",
        "coordinates": [
          -74.0066,
          40.7126
        ]
      }
    },
    {
      "type": "Feature",
      "properties": {
        "ip": "199.232.36.159",
        "url": "https://abs.twimg.com/responsive-web/client-web/loader.MessageHandler.e5e5c96a.js",
        "city": "New York",
        "region": "New York",
        "country": "United States",
        "org": "Fastly, Inc.",
        "timezone": "America/New_York",
        "source": "ip-api.com"
      },
      "geometry": {
        "type": "Point",
        "coordinates": [
          -74.0066,
          40.7126
        ]
      }
    },
    {
      "type": "Feature",
      "properties": {
        "ip": "199.232.36.159",
        "url": "https://abs.twimg.com/responsive-web/client-web/vendor-49ceb22a.1a89ac1a.js",
        "city": "New York",
        "region": "New York",
        "country": "United States",
        "org": "Fastly, Inc.",
        "timezone": "America/New_York",
        "source": "ip-api.com"
      },
      "geometry": {
        "type": "Point",
        "coordinates": [
          -74.0066,
          40.7126
        ]
      }
    },
    {
      "type": "Feature",
      "properties": {
        "ip": "199.232.36.159",
        "url": "https://abs.twimg.com/responsive-web/client-web/modules.audio-04db59e9.6ccc768a.js",
        "city": "New York",
        "region": "New York",
        "country": "United States",
        "org": "Fastly, Inc.",
        "timezone": "America/New_York",
        "source": "ip-api.com"
      },
      "geometry": {
        "type": "Point",
        "coordinates": [
          -74.0066,
          40.7126
        ]
      }
    },
    {
      "type": "Feature",
      "properties": {
        "ip": "199.232.36.159",
        "url": "https://abs.twimg.com/responsive-web/client-web/shared~bundle.ReaderMode~bundle.Birdwatch~bundle.TwitterArticles~bundle.Compose~bundle.Settings~bund-f2a58eac.54122d1a.js",
        "city": "New York",
        "region": "New York",
        "country": "United States",
        "org": "Fastly, Inc.",
        "timezone": "America/New_York",
        "source": "ip-api.com"
      },
      "geometry": {
        "type": "Point",
        "coordinates": [
          -74.0066,
          40.7126
        ]
      }
    },
    {
      "type": "Feature",
      "properties": {
        "ip": "199.232.36.159",
        "url": "https://abs.twimg.com/responsive-web/client-web/shared~loader.Dock~bundle.DockPeek~bundle.LiveEvent~loader.TimelineFrameHandler~loader.JetfuelFrame--ba3e194f.e825c3fa.js",
        "city": "New York",
        "region": "New York",
        "country": "United States",
        "org": "Fastly, Inc.",
        "timezone": "America/New_York",
        "source": "ip-api.com"
      },
      "geometry": {
        "type": "Point",
        "coordinates": [
          -74.0066,
          40.7126
        ]
      }
    },
    {
      "type": "Feature",
      "properties": {
        "ip": "199.232.36.159",
        "url": "https://abs.twimg.com/responsive-web/client-web/shared~bundle.TwitterArticles~bundle.Compose~bundle.RichTextCompose.1120606a.js",
        "city": "New York",
        "region": "New York",
        "country": "United States",
        "org": "Fastly, Inc.",
        "timezone": "America/New_York",
        "source": "ip-api.com"
      },
      "geometry": {
        "type": "Point",
        "coordinates": [
          -74.0066,
          40.7126
        ]
      }
    },
    {
      "type": "Feature",
      "properties": {
        "ip": "199.232.36.159",
        "url": "https://abs.twimg.com/responsive-web/client-web/shared~loader.SideNav~loader.SideNavRedesign-6107ac1a.13a4974a.js",
        "city": "New York",
        "region": "New York",
        "country": "United States",
        "org": "Fastly, Inc.",
        "timezone": "America/New_York",
        "source": "ip-api.com"
      },
      "geometry": {
        "type": "Point",
        "coordinates": [
          -74.0066,
          40.7126
        ]
      }
    },
    {
      "type": "Feature",
      "properties": {
        "ip": "199.232.36.159",
        "url": "https://abs.twimg.com/responsive-web/client-web/loader.CarouselTimelineHandler.ad643f2a.js",
        "city": "New York",
        "region": "New York",
        "country": "United States",
        "org": "Fastly, Inc.",
        "timezone": "America/New_York",
        "source": "ip-api.com"
      },
      "geometry": {
        "type": "Point",
        "coordinates": [
          -74.0066,
          40.7126
        ]
      }
    },
    {
      "type": "Feature",
      "properties": {
        "ip": "199.232.36.159",
        "url": "https://abs.twimg.com/favicons/twitter-pip.3.ico",
        "city": "New York",
        "region": "New York",
        "country": "United States",
        "org": "Fastly, Inc.",
        "timezone": "America/New_York",
        "source": "ip-api.com"
      },
      "geometry": {
        "type": "Point",
        "coordinates": [
          -74.0066,
          40.7126
        ]
      }
    },
    {
      "type": "Feature",
      "properties": {
        "ip": "199.232.36.159",
        "url": "https://abs.twimg.com/responsive-web/client-web/bundle.GraduatedAccess.6ece10ea.js",
        "city": "New York",
        "region": "New York",
        "country": "United States",
        "org": "Fastly, Inc.",
        "timezone": "America/New_York",
        "source": "ip-api.com"
      },
      "geometry": {
        "type": "Point",
        "coordinates": [
          -74.0066,
          40.7126
        ]
      }
    },
    {
      "type": "Feature",
      "properties": {
        "ip": "199.232.36.159",
        "url": "https://abs.twimg.com/responsive-web/client-web/loader.Typeahead-b085b550.ba5cda6a.js",
        "city": "New York",
        "region": "New York",
        "country": "United States",
        "org": "Fastly, Inc.",
        "timezone": "America/New_York",
        "source": "ip-api.com"
      },
      "geometry": {
        "type": "Point",
        "coordinates": [
          -74.0066,
          40.7126
        ]
      }
    },
    {
      "type": "Feature",
      "properties": {
        "ip": "199.232.36.159",
        "url": "https://abs.twimg.com/responsive-web/client-web/bundle.AccountAnalytics-5d4eba90.6ff9f64a.js",
        "city": "New York",
        "region": "New York",
        "country": "United States",
        "org": "Fastly, Inc.",
        "timezone": "America/New_York",
        "source": "ip-api.com"
      },
      "geometry": {
        "type": "Point",
        "coordinates": [
          -74.0066,
          40.7126
        ]
      }
    },
    {
      "type": "Feature",
      "properties": {
        "ip": "199.232.36.159",
        "url": "https://abs.twimg.com/responsive-web/client-web/shared~ondemand.SettingsMonetization~ondemand.SettingsSuperFollows-6107ac1a.f946e0ca.js",
        "city": "New York",
        "region": "New York",
        "country": "United States",
        "org": "Fastly, Inc.",
        "timezone": "America/New_York",
        "source": "ip-api.com"
      },
      "geometry": {
        "type": "Point",
        "coordinates": [
          -74.0066,
          40.7126
        ]
      }
    },
    {
      "type": "Feature",
      "properties": {
        "ip": "199.232.36.159",
        "url": "https://abs.twimg.com/responsive-web/client-web/bundle.AccountAnalytics-c1ae9a24.43f3690a.js",
        "city": "New York",
        "region": "New York",
        "country": "United States",
        "org": "Fastly, Inc.",
        "timezone": "America/New_York",
        "source": "ip-api.com"
      },
      "geometry": {
        "type": "Point",
        "coordinates": [
          -74.0066,
          40.7126
        ]
      }
    },
    {
      "type": "Feature",
      "properties": {
        "ip": "199.232.36.159",
        "url": "https://abs.twimg.com/responsive-web/client-web/bundle.ConversationWithRelay-bc6ccf4c.148df6aa.js",
        "city": "New York",
        "region": "New York",
        "country": "United States",
        "org": "Fastly, Inc.",
        "timezone": "America/New_York",
        "source": "ip-api.com"
      },
      "geometry": {
        "type": "Point",
        "coordinates": [
          -74.0066,
          40.7126
        ]
      }
    },
    {
      "type": "Feature",
      "properties": {
        "ip": "199.232.36.159",
        "url": "https://abs.twimg.com/responsive-web/client-web/node_modules_sqlite_org_sqlite-wasm_sqlite-wasm_jswasm_sqlite3-worker1-bundler-friendly_mjs.ffa5d54a.js",
        "city": "New York",
        "region": "New York",
        "country": "United States",
        "org": "Fastly, Inc.",
        "timezone": "America/New_York",
        "source": "ip-api.com"
      },
      "geometry": {
        "type": "Point",
        "coordinates": [
          -74.0066,
          40.7126
        ]
      }
    },
    {
      "type": "Feature",
      "properties": {
        "ip": "199.232.36.159",
        "url": "https://abs.twimg.com/responsive-web/client-web/node_modules_x-clients_features_messages_id_json.5d25317a.js",
        "city": "New York",
        "region": "New York",
        "country": "United States",
        "org": "Fastly, Inc.",
        "timezone": "America/New_York",
        "source": "ip-api.com"
      },
      "geometry": {
        "type": "Point",
        "coordinates": [
          -74.0066,
          40.7126
        ]
      }
    },
    {
      "type": "Feature",
      "properties": {
        "ip": "199.232.36.159",
        "url": "https://abs.twimg.com/responsive-web/client-web/bundle.SettingsProfessionalProfileProfileSpotlight-a2dee9c7.7863715a.js",
        "city": "New York",
        "region": "New York",
        "country": "United States",
        "org": "Fastly, Inc.",
        "timezone": "America/New_York",
        "source": "ip-api.com"
      },
      "geometry": {
        "type": "Point",
        "coordinates": [
          -74.0066,
          40.7126
        ]
      }
    },
    {
      "type": "Feature",
      "properties": {
        "ip": "199.232.36.159",
        "url": "https://abs.twimg.com/responsive-web/client-web/bundle.NotMyAccount.e0e5b36a.js",
        "city": "New York",
        "region": "New York",
        "country": "United States",
        "org": "Fastly, Inc.",
        "timezone": "America/New_York",
        "source": "ip-api.com"
      },
      "geometry": {
        "type": "Point",
        "coordinates": [
          -74.0066,
          40.7126
        ]
      }
    },
    {
      "type": "Feature",
      "properties": {
        "ip": "199.232.36.159",
        "url": "https://abs.twimg.com/responsive-web/client-web/bundle.Report-bfd49e49.266c813a.js",
        "city": "New York",
        "region": "New York",
        "country": "United States",
        "org": "Fastly, Inc.",
        "timezone": "America/New_York",
        "source": "ip-api.com"
      },
      "geometry": {
        "type": "Point",
        "coordinates": [
          -74.0066,
          40.7126
        ]
      }
    },
    {
      "type": "Feature",
      "properties": {
        "ip": "199.232.36.159",
        "url": "https://abs.twimg.com/responsive-web/client-web/vendor-bfc04956.2f4e438a.js",
        "city": "New York",
        "region": "New York",
        "country": "United States",
        "org": "Fastly, Inc.",
        "timezone": "America/New_York",
        "source": "ip-api.com"
      },
      "geometry": {
        "type": "Point",
        "coordinates": [
          -74.0066,
          40.7126
        ]
      }
    },
    {
      "type": "Feature",
      "properties": {
        "ip": "199.232.36.159",
        "url": "https://abs.twimg.com/responsive-web/client-web/bundle.WorkHistory-e019dbda.004291ea.js",
        "city": "New York",
        "region": "New York",
        "country": "United States",
        "org": "Fastly, Inc.",
        "timezone": "America/New_York",
        "source": "ip-api.com"
      },
      "geometry": {
        "type": "Point",
        "coordinates": [
          -74.0066,
          40.7126
        ]
      }
    },
    {
      "type": "Feature",
      "properties": {
        "ip": "199.232.36.159",
        "url": "https://abs.twimg.com/responsive-web/client-web/bundle.Conferences-39a9bfe0.1bb2181a.js",
        "city": "New York",
        "region": "New York",
        "country": "United States",
        "org": "Fastly, Inc.",
        "timezone": "America/New_York",
        "source": "ip-api.com"
      },
      "geometry": {
        "type": "Point",
        "coordinates": [
          -74.0066,
          40.7126
        ]
      }
    },
    {
      "type": "Feature",
      "properties": {
        "ip": "199.232.36.159",
        "url": "https://abs.twimg.com/responsive-web/client-web/shared~bundle.AccountAnalytics~bundle.News~bundle.Grok~ondemand.News~ondemand.Insights~loader.Explor-b75711ed.772208ba.js",
        "city": "New York",
        "region": "New York",
        "country": "United States",
        "org": "Fastly, Inc.",
        "timezone": "America/New_York",
        "source": "ip-api.com"
      },
      "geometry": {
        "type": "Point",
        "coordinates": [
          -74.0066,
          40.7126
        ]
      }
    },
    {
      "type": "Feature",
      "properties": {
        "ip": "199.232.36.159",
        "url": "https://abs.twimg.com/responsive-web/client-web/bundle.WorkHistory-bc6ccf4c.f15bc0da.js",
        "city": "New York",
        "region": "New York",
        "country": "United States",
        "org": "Fastly, Inc.",
        "timezone": "America/New_York",
        "source": "ip-api.com"
      },
      "geometry": {
        "type": "Point",
        "coordinates": [
          -74.0066,
          40.7126
        ]
      }
    },
    {
      "type": "Feature",
      "properties": {
        "ip": "199.232.36.159",
        "url": "https://abs.twimg.com/responsive-web/client-web/node_modules_x-clients_features_messages_ga_json.125fca4a.js",
        "city": "New York",
        "region": "New York",
        "country": "United States",
        "org": "Fastly, Inc.",
        "timezone": "America/New_York",
        "source": "ip-api.com"
      },
      "geometry": {
        "type": "Point",
        "coordinates": [
          -74.0066,
          40.7126
        ]
      }
    },
    {
      "type": "Feature",
      "properties": {
        "ip": "199.232.36.159",
        "url": "https://abs.twimg.com/responsive-web/client-web/bundle.Grok-1d830d6b.a5947d1a.js",
        "city": "New York",
        "region": "New York",
        "country": "United States",
        "org": "Fastly, Inc.",
        "timezone": "America/New_York",
        "source": "ip-api.com"
      },
      "geometry": {
        "type": "Point",
        "coordinates": [
          -74.0066,
          40.7126
        ]
      }
    },
    {
      "type": "Feature",
      "properties": {
        "ip": "199.232.36.159",
        "url": "https://abs.twimg.com/responsive-web/client-web/shared~bundle.Compose~bundle.RichTextCompose-e6266db0.119dbcda.js",
        "city": "New York",
        "region": "New York",
        "country": "United States",
        "org": "Fastly, Inc.",
        "timezone": "America/New_York",
        "source": "ip-api.com"
      },
      "geometry": {
        "type": "Point",
        "coordinates": [
          -74.0066,
          40.7126
        ]
      }
    },
    {
      "type": "Feature",
      "properties": {
        "ip": "199.232.36.159",
        "url": "https://abs.twimg.com/responsive-web/client-web/shared~bundle.PremiumJobs~ondemand.Verified-2ace1ef0.b6d10baa.js",
        "city": "New York",
        "region": "New York",
        "country": "United States",
        "org": "Fastly, Inc.",
        "timezone": "America/New_York",
        "source": "ip-api.com"
      },
      "geometry": {
        "type": "Point",
        "coordinates": [
          -74.0066,
          40.7126
        ]
      }
    },
    {
      "type": "Feature",
      "properties": {
        "ip": "199.232.36.159",
        "url": "https://abs.twimg.com/responsive-web/client-web/node_modules_x-clients_features_messages_en_json.76ffe6da.js",
        "city": "New York",
        "region": "New York",
        "country": "United States",
        "org": "Fastly, Inc.",
        "timezone": "America/New_York",
        "source": "ip-api.com"
      },
      "geometry": {
        "type": "Point",
        "coordinates": [
          -74.0066,
          40.7126
        ]
      }
    },
    {
      "type": "Feature",
      "properties": {
        "ip": "199.232.36.159",
        "url": "https://abs.twimg.com/responsive-web/client-web/loader.newsEntriesGapHandler.d67e08aa.js",
        "city": "New York",
        "region": "New York",
        "country": "United States",
        "org": "Fastly, Inc.",
        "timezone": "America/New_York",
        "source": "ip-api.com"
      },
      "geometry": {
        "type": "Point",
        "coordinates": [
          -74.0066,
          40.7126
        ]
      }
    },
    {
      "type": "Feature",
      "properties": {
        "ip": "199.232.36.159",
        "url": "https://abs.twimg.com/responsive-web/client-web/bundle.Compose-6107ac1a.cf89129a.js",
        "city": "New York",
        "region": "New York",
        "country": "United States",
        "org": "Fastly, Inc.",
        "timezone": "America/New_York",
        "source": "ip-api.com"
      },
      "geometry": {
        "type": "Point",
        "coordinates": [
          -74.0066,
          40.7126
        ]
      }
    },
    {
      "type": "Feature",
      "properties": {
        "ip": "199.232.36.159",
        "url": "https://abs.twimg.com/responsive-web/client-web/bundle.Bookmarks.380f4c9a.js",
        "city": "New York",
        "region": "New York",
        "country": "United States",
        "org": "Fastly, Inc.",
        "timezone": "America/New_York",
        "source": "ip-api.com"
      },
      "geometry": {
        "type": "Point",
        "coordinates": [
          -74.0066,
          40.7126
        ]
      }
    },
    {
      "type": "Feature",
      "properties": {
        "ip": "199.232.36.159",
        "url": "https://abs.twimg.com/responsive-web/client-web/bundle.UserAvatar-14990c22.a772529a.js",
        "city": "New York",
        "region": "New York",
        "country": "United States",
        "org": "Fastly, Inc.",
        "timezone": "America/New_York",
        "source": "ip-api.com"
      },
      "geometry": {
        "type": "Point",
        "coordinates": [
          -74.0066,
          40.7126
        ]
      }
    },
    {
      "type": "Feature",
      "properties": {
        "ip": "199.232.36.159",
        "url": "https://abs.twimg.com/responsive-web/client-web/loader.MediaPreviewVideoPlayer.0531350a.js",
        "city": "New York",
        "region": "New York",
        "country": "United States",
        "org": "Fastly, Inc.",
        "timezone": "America/New_York",
        "source": "ip-api.com"
      },
      "geometry": {
        "type": "Point",
        "coordinates": [
          -74.0066,
          40.7126
        ]
      }
    },
    {
      "type": "Feature",
      "properties": {
        "ip": "199.232.36.159",
        "url": "https://abs.twimg.com/responsive-web/client-web/bundle.AccountAnalytics-6107ac1a.7403300a.js",
        "city": "New York",
        "region": "New York",
        "country": "United States",
        "org": "Fastly, Inc.",
        "timezone": "America/New_York",
        "source": "ip-api.com"
      },
      "geometry": {
        "type": "Point",
        "coordinates": [
          -74.0066,
          40.7126
        ]
      }
    },
    {
      "type": "Feature",
      "properties": {
        "ip": "199.232.36.159",
        "url": "https://abs.twimg.com/responsive-web/client-web/bundle.GrokDrawer-bc6ccf4c.2a0b2a0a.js",
        "city": "New York",
        "region": "New York",
        "country": "United States",
        "org": "Fastly, Inc.",
        "timezone": "America/New_York",
        "source": "ip-api.com"
      },
      "geometry": {
        "type": "Point",
        "coordinates": [
          -74.0066,
          40.7126
        ]
      }
    },
    {
      "type": "Feature",
      "properties": {
        "ip": "199.232.36.159",
        "url": "https://abs.twimg.com/responsive-web/client-web/modules.audio-262c94d4.5db08a6a.js",
        "city": "New York",
        "region": "New York",
        "country": "United States",
        "org": "Fastly, Inc.",
        "timezone": "America/New_York",
        "source": "ip-api.com"
      },
      "geometry": {
        "type": "Point",
        "coordinates": [
          -74.0066,
          40.7126
        ]
      }
    },
    {
      "type": "Feature",
      "properties": {
        "ip": "199.232.36.159",
        "url": "https://abs.twimg.com/responsive-web/client-web/bundle.WebViewPreload.efda35aa.js",
        "city": "New York",
        "region": "New York",
        "country": "United States",
        "org": "Fastly, Inc.",
        "timezone": "America/New_York",
        "source": "ip-api.com"
      },
      "geometry": {
        "type": "Point",
        "coordinates": [
          -74.0066,
          40.7126
        ]
      }
    },
    {
      "type": "Feature",
      "properties": {
        "ip": "199.232.36.159",
        "url": "https://abs.twimg.com/responsive-web/client-web/shared~loader.Dock~bundle.Articles~bundle.AudioSpaceDetail~bundle.AudioSpaceDiscovery~bundle.AudioSp-d9c770f1.ec317fda.js",
        "city": "New York",
        "region": "New York",
        "country": "United States",
        "org": "Fastly, Inc.",
        "timezone": "America/New_York",
        "source": "ip-api.com"
      },
      "geometry": {
        "type": "Point",
        "coordinates": [
          -74.0066,
          40.7126
        ]
      }
    },
    {
      "type": "Feature",
      "properties": {
        "ip": "199.232.36.159",
        "url": "https://abs.twimg.com/responsive-web/client-web/bundle.Ocf-5fa231a1.04afbb3a.js",
        "city": "New York",
        "region": "New York",
        "country": "United States",
        "org": "Fastly, Inc.",
        "timezone": "America/New_York",
        "source": "ip-api.com"
      },
      "geometry": {
        "type": "Point",
        "coordinates": [
          -74.0066,
          40.7126
        ]
      }
    },
    {
      "type": "Feature",
      "properties": {
        "ip": "199.232.36.159",
        "url": "https://abs.twimg.com/responsive-web/client-web/bundle.Grok-9f4db315.58eed94a.js",
        "city": "New York",
        "region": "New York",
        "country": "United States",
        "org": "Fastly, Inc.",
        "timezone": "America/New_York",
        "source": "ip-api.com"
      },
      "geometry": {
        "type": "Point",
        "coordinates": [
          -74.0066,
          40.7126
        ]
      }
    },
    {
      "type": "Feature",
      "properties": {
        "ip": "199.232.36.159",
        "url": "https://abs.twimg.com/responsive-web/client-web/bundle.SettingsProfessionalProfile-e019dbda.9ec16c4a.js",
        "city": "New York",
        "region": "New York",
        "country": "United States",
        "org": "Fastly, Inc.",
        "timezone": "America/New_York",
        "source": "ip-api.com"
      },
      "geometry": {
        "type": "Point",
        "coordinates": [
          -74.0066,
          40.7126
        ]
      }
    },
    {
      "type": "Feature",
      "properties": {
        "ip": "199.232.36.159",
        "url": "https://abs.twimg.com/responsive-web/client-web/shared~loader.Dock~bundle.DockPeek~bundle.LiveEvent~loader.TimelineFrameHandler~loader.JetfuelFrame--3d2d491d.9e5bb81a.js",
        "city": "New York",
        "region": "New York",
        "country": "United States",
        "org": "Fastly, Inc.",
        "timezone": "America/New_York",
        "source": "ip-api.com"
      },
      "geometry": {
        "type": "Point",
        "coordinates": [
          -74.0066,
          40.7126
        ]
      }
    },
    {
      "type": "Feature",
      "properties": {
        "ip": "199.232.36.159",
        "url": "https://abs.twimg.com/responsive-web/client-web/node_modules_x-clients_features_messages_fa_json.acfc8b0a.js",
        "city": "New York",
        "region": "New York",
        "country": "United States",
        "org": "Fastly, Inc.",
        "timezone": "America/New_York",
        "source": "ip-api.com"
      },
      "geometry": {
        "type": "Point",
        "coordinates": [
          -74.0066,
          40.7126
        ]
      }
    },
    {
      "type": "Feature",
      "properties": {
        "ip": "199.232.36.159",
        "url": "https://abs.twimg.com/responsive-web/client-web/shared~bundle.GrokDrawer~bundle.Grok~loader.Markdown-fc794e30.f5eec79a.js",
        "city": "New York",
        "region": "New York",
        "country": "United States",
        "org": "Fastly, Inc.",
        "timezone": "America/New_York",
        "source": "ip-api.com"
      },
      "geometry": {
        "type": "Point",
        "coordinates": [
          -74.0066,
          40.7126
        ]
      }
    },
    {
      "type": "Feature",
      "properties": {
        "ip": "199.232.36.159",
        "url": "https://abs.twimg.com/responsive-web/client-web/shared~loader.DashMenu~loader.SideNav~loader.SideNavRedesign~loader.AppModules~loader.DMDrawer~bundl-93606ba8.fc1cf84a.js",
        "city": "New York",
        "region": "New York",
        "country": "United States",
        "org": "Fastly, Inc.",
        "timezone": "America/New_York",
        "source": "ip-api.com"
      },
      "geometry": {
        "type": "Point",
        "coordinates": [
          -74.0066,
          40.7126
        ]
      }
    },
    {
      "type": "Feature",
      "properties": {
        "ip": "199.232.36.159",
        "url": "https://abs.twimg.com/responsive-web/client-web/node_modules_x-clients_features_messages_sk_json.6a8518aa.js",
        "city": "New York",
        "region": "New York",
        "country": "United States",
        "org": "Fastly, Inc.",
        "timezone": "America/New_York",
        "source": "ip-api.com"
      },
      "geometry": {
        "type": "Point",
        "coordinates": [
          -74.0066,
          40.7126
        ]
      }
    },
    {
      "type": "Feature",
      "properties": {
        "ip": "199.232.36.159",
        "url": "https://abs.twimg.com/responsive-web/client-web/shared~bundle.TwitterArticles~bundle.ComposeMedia-a2dee9c7.92b3102a.js",
        "city": "New York",
        "region": "New York",
        "country": "United States",
        "org": "Fastly, Inc.",
        "timezone": "America/New_York",
        "source": "ip-api.com"
      },
      "geometry": {
        "type": "Point",
        "coordinates": [
          -74.0066,
          40.7126
        ]
      }
    },
    {
      "type": "Feature",
      "properties": {
        "ip": "199.232.36.159",
        "url": "https://abs.twimg.com/responsive-web/client-web/shared~bundle.Grok~loader.Markdown-0d8ef87b.76a63b1a.js",
        "city": "New York",
        "region": "New York",
        "country": "United States",
        "org": "Fastly, Inc.",
        "timezone": "America/New_York",
        "source": "ip-api.com"
      },
      "geometry": {
        "type": "Point",
        "coordinates": [
          -74.0066,
          40.7126
        ]
      }
    },
    {
      "type": "Feature",
      "properties": {
        "ip": "199.232.36.159",
        "url": "https://abs.twimg.com/responsive-web/client-web/ondemand.EmojiPicker.b2e7e8ba.js",
        "city": "New York",
        "region": "New York",
        "country": "United States",
        "org": "Fastly, Inc.",
        "timezone": "America/New_York",
        "source": "ip-api.com"
      },
      "geometry": {
        "type": "Point",
        "coordinates": [
          -74.0066,
          40.7126
        ]
      }
    },
    {
      "type": "Feature",
      "properties": {
        "ip": "199.232.36.159",
        "url": "https://abs.twimg.com/responsive-web/client-web/bundle.Grok-6107ac1a.ea1cc2ca.js",
        "city": "New York",
        "region": "New York",
        "country": "United States",
        "org": "Fastly, Inc.",
        "timezone": "America/New_York",
        "source": "ip-api.com"
      },
      "geometry": {
        "type": "Point",
        "coordinates": [
          -74.0066,
          40.7126
        ]
      }
    },
    {
      "type": "Feature",
      "properties": {
        "ip": "199.232.36.159",
        "url": "https://abs.twimg.com/responsive-web/client-web/node_modules_x-clients_features_messages_th_json.d38d6cba.js",
        "city": "New York",
        "region": "New York",
        "country": "United States",
        "org": "Fastly, Inc.",
        "timezone": "America/New_York",
        "source": "ip-api.com"
      },
      "geometry": {
        "type": "Point",
        "coordinates": [
          -74.0066,
          40.7126
        ]
      }
    },
    {
      "type": "Feature",
      "properties": {
        "ip": "199.232.36.159",
        "url": "https://abs.twimg.com/responsive-web/client-web/icons.4.5808855a.js",
        "city": "New York",
        "region": "New York",
        "country": "United States",
        "org": "Fastly, Inc.",
        "timezone": "America/New_York",
        "source": "ip-api.com"
      },
      "geometry": {
        "type": "Point",
        "coordinates": [
          -74.0066,
          40.7126
        ]
      }
    },
    {
      "type": "Feature",
      "properties": {
        "ip": "199.232.36.159",
        "url": "https://abs.twimg.com/responsive-web/client-web/bundle.Payments-17a1c92a.cb95245a.js",
        "city": "New York",
        "region": "New York",
        "country": "United States",
        "org": "Fastly, Inc.",
        "timezone": "America/New_York",
        "source": "ip-api.com"
      },
      "geometry": {
        "type": "Point",
        "coordinates": [
          -74.0066,
          40.7126
        ]
      }
    },
    {
      "type": "Feature",
      "properties": {
        "ip": "199.232.36.159",
        "url": "https://abs.twimg.com/responsive-web/client-web/bundle.Communities-2a1252f0.3b589ada.js",
        "city": "New York",
        "region": "New York",
        "country": "United States",
        "org": "Fastly, Inc.",
        "timezone": "America/New_York",
        "source": "ip-api.com"
      },
      "geometry": {
        "type": "Point",
        "coordinates": [
          -74.0066,
          40.7126
        ]
      }
    },
    {
      "type": "Feature",
      "properties": {
        "ip": "199.232.36.159",
        "url": "https://abs.twimg.com/responsive-web/client-web/node_modules_x-clients_features_messages_pt_json.d09927ca.js",
        "city": "New York",
        "region": "New York",
        "country": "United States",
        "org": "Fastly, Inc.",
        "timezone": "America/New_York",
        "source": "ip-api.com"
      },
      "geometry": {
        "type": "Point",
        "coordinates": [
          -74.0066,
          40.7126
        ]
      }
    },
    {
      "type": "Feature",
      "properties": {
        "ip": "199.232.36.159",
        "url": "https://abs.twimg.com/responsive-web/client-web/loader.ExploreSidebar.5f45746a.js",
        "city": "New York",
        "region": "New York",
        "country": "United States",
        "org": "Fastly, Inc.",
        "timezone": "America/New_York",
        "source": "ip-api.com"
      },
      "geometry": {
        "type": "Point",
        "coordinates": [
          -74.0066,
          40.7126
        ]
      }
    },
    {
      "type": "Feature",
      "properties": {
        "ip": "199.232.36.159",
        "url": "https://abs.twimg.com/responsive-web/client-web/vendor-e5bca7e4.1458567a.js",
        "city": "New York",
        "region": "New York",
        "country": "United States",
        "org": "Fastly, Inc.",
        "timezone": "America/New_York",
        "source": "ip-api.com"
      },
      "geometry": {
        "type": "Point",
        "coordinates": [
          -74.0066,
          40.7126
        ]
      }
    },
    {
      "type": "Feature",
      "properties": {
        "ip": "199.232.36.159",
        "url": "https://abs.twimg.com/responsive-web/client-web/loader.Typeahead-e019dbda.7c57638a.js",
        "city": "New York",
        "region": "New York",
        "country": "United States",
        "org": "Fastly, Inc.",
        "timezone": "America/New_York",
        "source": "ip-api.com"
      },
      "geometry": {
        "type": "Point",
        "coordinates": [
          -74.0066,
          40.7126
        ]
      }
    },
    {
      "type": "Feature",
      "properties": {
        "ip": "199.232.36.159",
        "url": "https://abs.twimg.com/responsive-web/client-web/node_modules_x-clients_features_messages_eu_json.cd6dd11a.js",
        "city": "New York",
        "region": "New York",
        "country": "United States",
        "org": "Fastly, Inc.",
        "timezone": "America/New_York",
        "source": "ip-api.com"
      },
      "geometry": {
        "type": "Point",
        "coordinates": [
          -74.0066,
          40.7126
        ]
      }
    },
    {
      "type": "Feature",
      "properties": {
        "ip": "199.232.36.159",
        "url": "https://abs.twimg.com/responsive-web/client-web/shared~loader.AudioDock~loader.DashMenu~loader.DashModal~loader.DMDrawer~ondemand.InlinePlayer~ondem-2078c561.4b47d8fa.js",
        "city": "New York",
        "region": "New York",
        "country": "United States",
        "org": "Fastly, Inc.",
        "timezone": "America/New_York",
        "source": "ip-api.com"
      },
      "geometry": {
        "type": "Point",
        "coordinates": [
          -74.0066,
          40.7126
        ]
      }
    },
    {
      "type": "Feature",
      "properties": {
        "ip": "199.232.36.159",
        "url": "https://abs.twimg.com/responsive-web/client-web/shared~bundle.ReaderMode~bundle.Birdwatch~bundle.TwitterArticles~bundle.Compose~bundle.Settings~bund-d425713a.f12e450a.js",
        "city": "New York",
        "region": "New York",
        "country": "United States",
        "org": "Fastly, Inc.",
        "timezone": "America/New_York",
        "source": "ip-api.com"
      },
      "geometry": {
        "type": "Point",
        "coordinates": [
          -74.0066,
          40.7126
        ]
      }
    },
    {
      "type": "Feature",
      "properties": {
        "ip": "199.232.36.159",
        "url": "https://abs.twimg.com/responsive-web/client-web/bundle.Live.ad8d93ca.js",
        "city": "New York",
        "region": "New York",
        "country": "United States",
        "org": "Fastly, Inc.",
        "timezone": "America/New_York",
        "source": "ip-api.com"
      },
      "geometry": {
        "type": "Point",
        "coordinates": [
          -74.0066,
          40.7126
        ]
      }
    },
    {
      "type": "Feature",
      "properties": {
        "ip": "199.232.36.159",
        "url": "https://abs.twimg.com/responsive-web/client-web/shared~loaders.video.VideoPlayerDefaultUI~loaders.video.VideoPlayerMiniUI~loaders.video.VideoPlayerHashtagHig.ffdc667a.js",
        "city": "New York",
        "region": "New York",
        "country": "United States",
        "org": "Fastly, Inc.",
        "timezone": "America/New_York",
        "source": "ip-api.com"
      },
      "geometry": {
        "type": "Point",
        "coordinates": [
          -74.0066,
          40.7126
        ]
      }
    },
    {
      "type": "Feature",
      "properties": {
        "ip": "199.232.36.159",
        "url": "https://abs.twimg.com/responsive-web/client-web/bundle.UserLists-6df79b50.e3ee53aa.js",
        "city": "New York",
        "region": "New York",
        "country": "United States",
        "org": "Fastly, Inc.",
        "timezone": "America/New_York",
        "source": "ip-api.com"
      },
      "geometry": {
        "type": "Point",
        "coordinates": [
          -74.0066,
          40.7126
        ]
      }
    },
    {
      "type": "Feature",
      "properties": {
        "ip": "199.232.36.159",
        "url": "https://abs.twimg.com/responsive-web/client-web/vendor-3dfac8a4.346d055a.js",
        "city": "New York",
        "region": "New York",
        "country": "United States",
        "org": "Fastly, Inc.",
        "timezone": "America/New_York",
        "source": "ip-api.com"
      },
      "geometry": {
        "type": "Point",
        "coordinates": [
          -74.0066,
          40.7126
        ]
      }
    },
    {
      "type": "Feature",
      "properties": {
        "ip": "199.232.36.159",
        "url": "https://abs.twimg.com/responsive-web/client-web/bundle.Report-6203568b.53be7f3a.js",
        "city": "New York",
        "region": "New York",
        "country": "United States",
        "org": "Fastly, Inc.",
        "timezone": "America/New_York",
        "source": "ip-api.com"
      },
      "geometry": {
        "type": "Point",
        "coordinates": [
          -74.0066,
          40.7126
        ]
      }
    },
    {
      "type": "Feature",
      "properties": {
        "ip": "199.232.36.159",
        "url": "https://abs.twimg.com/responsive-web/client-web/loader.ThreadHeaderHandler.a4f68ada.js",
        "city": "New York",
        "region": "New York",
        "country": "United States",
        "org": "Fastly, Inc.",
        "timezone": "America/New_York",
        "source": "ip-api.com"
      },
      "geometry": {
        "type": "Point",
        "coordinates": [
          -74.0066,
          40.7126
        ]
      }
    },
    {
      "type": "Feature",
      "properties": {
        "ip": "199.232.36.159",
        "url": "https://abs.twimg.com/responsive-web/client-web/shared~loader.AudioDock~loader.DashMenu~loader.DashModal~loader.DMDrawer~ondemand.InlinePlayer~ondem-db3d5daf.adacb94a.js",
        "city": "New York",
        "region": "New York",
        "country": "United States",
        "org": "Fastly, Inc.",
        "timezone": "America/New_York",
        "source": "ip-api.com"
      },
      "geometry": {
        "type": "Point",
        "coordinates": [
          -74.0066,
          40.7126
        ]
      }
    },
    {
      "type": "Feature",
      "properties": {
        "ip": "199.232.36.159",
        "url": "https://abs.twimg.com/responsive-web/client-web/bundle.Communities-7f20148e.2286f66a.js",
        "city": "New York",
        "region": "New York",
        "country": "United States",
        "org": "Fastly, Inc.",
        "timezone": "America/New_York",
        "source": "ip-api.com"
      },
      "geometry": {
        "type": "Point",
        "coordinates": [
          -74.0066,
          40.7126
        ]
      }
    },
    {
      "type": "Feature",
      "properties": {
        "ip": "199.232.36.159",
        "url": "https://abs.twimg.com/responsive-web/client-web/bundle.Communities-bac8f1fa.9d350aaa.js",
        "city": "New York",
        "region": "New York",
        "country": "United States",
        "org": "Fastly, Inc.",
        "timezone": "America/New_York",
        "source": "ip-api.com"
      },
      "geometry": {
        "type": "Point",
        "coordinates": [
          -74.0066,
          40.7126
        ]
      }
    },
    {
      "type": "Feature",
      "properties": {
        "ip": "199.232.36.159",
        "url": "https://abs.twimg.com/responsive-web/client-web/shared~loaders.video.VideoPlayerDefaultUI~loaders.video.VideoPlayerPrerollUI.9ae2c46a.js",
        "city": "New York",
        "region": "New York",
        "country": "United States",
        "org": "Fastly, Inc.",
        "timezone": "America/New_York",
        "source": "ip-api.com"
      },
      "geometry": {
        "type": "Point",
        "coordinates": [
          -74.0066,
          40.7126
        ]
      }
    },
    {
      "type": "Feature",
      "properties": {
        "ip": "199.232.36.159",
        "url": "https://abs.twimg.com/responsive-web/client-web/loader.AudioContextSpaceMedia.ff47bfea.js",
        "city": "New York",
        "region": "New York",
        "country": "United States",
        "org": "Fastly, Inc.",
        "timezone": "America/New_York",
        "source": "ip-api.com"
      },
      "geometry": {
        "type": "Point",
        "coordinates": [
          -74.0066,
          40.7126
        ]
      }
    },
    {
      "type": "Feature",
      "properties": {
        "ip": "199.232.36.159",
        "url": "https://abs.twimg.com/responsive-web/client-web/bundle.Trends.d62c52fa.js",
        "city": "New York",
        "region": "New York",
        "country": "United States",
        "org": "Fastly, Inc.",
        "timezone": "America/New_York",
        "source": "ip-api.com"
      },
      "geometry": {
        "type": "Point",
        "coordinates": [
          -74.0066,
          40.7126
        ]
      }
    },
    {
      "type": "Feature",
      "properties": {
        "ip": "199.232.36.159",
        "url": "https://abs.twimg.com/responsive-web/client-web/bundle.Communities-1d3df36d.be4ea5ba.js",
        "city": "New York",
        "region": "New York",
        "country": "United States",
        "org": "Fastly, Inc.",
        "timezone": "America/New_York",
        "source": "ip-api.com"
      },
      "geometry": {
        "type": "Point",
        "coordinates": [
          -74.0066,
          40.7126
        ]
      }
    },
    {
      "type": "Feature",
      "properties": {
        "ip": "199.232.36.159",
        "url": "https://abs.twimg.com/responsive-web/client-web/shared~bundle.ReaderMode~bundle.Birdwatch~bundle.TwitterArticles~bundle.Compose~bundle.Settings~bund-b93f71f2.13a658ba.js",
        "city": "New York",
        "region": "New York",
        "country": "United States",
        "org": "Fastly, Inc.",
        "timezone": "America/New_York",
        "source": "ip-api.com"
      },
      "geometry": {
        "type": "Point",
        "coordinates": [
          -74.0066,
          40.7126
        ]
      }
    },
    {
      "type": "Feature",
      "properties": {
        "ip": "199.232.36.159",
        "url": "https://abs.twimg.com/responsive-web/client-web/shared~bundle.Grok~loader.Markdown-b16f5c14.83147cfa.js",
        "city": "New York",
        "region": "New York",
        "country": "United States",
        "org": "Fastly, Inc.",
        "timezone": "America/New_York",
        "source": "ip-api.com"
      },
      "geometry": {
        "type": "Point",
        "coordinates": [
          -74.0066,
          40.7126
        ]
      }
    },
    {
      "type": "Feature",
      "properties": {
        "ip": "199.232.36.159",
        "url": "https://abs.twimg.com/responsive-web/client-web/bundle.AccountAnalytics-e0d0963f.41f7cd4a.js",
        "city": "New York",
        "region": "New York",
        "country": "United States",
        "org": "Fastly, Inc.",
        "timezone": "America/New_York",
        "source": "ip-api.com"
      },
      "geometry": {
        "type": "Point",
        "coordinates": [
          -74.0066,
          40.7126
        ]
      }
    },
    {
      "type": "Feature",
      "properties": {
        "ip": "199.232.36.159",
        "url": "https://abs.twimg.com/responsive-web/client-web/node_modules_x-clients_features_messages_kn_json.8a14431a.js",
        "city": "New York",
        "region": "New York",
        "country": "United States",
        "org": "Fastly, Inc.",
        "timezone": "America/New_York",
        "source": "ip-api.com"
      },
      "geometry": {
        "type": "Point",
        "coordinates": [
          -74.0066,
          40.7126
        ]
      }
    },
    {
      "type": "Feature",
      "properties": {
        "ip": "199.232.36.159",
        "url": "https://abs.twimg.com/responsive-web/client-web/loader.tweetUnavailableTombstoneHandler.c7007dea.js",
        "city": "New York",
        "region": "New York",
        "country": "United States",
        "org": "Fastly, Inc.",
        "timezone": "America/New_York",
        "source": "ip-api.com"
      },
      "geometry": {
        "type": "Point",
        "coordinates": [
          -74.0066,
          40.7126
        ]
      }
    },
    {
      "type": "Feature",
      "properties": {
        "ip": "199.232.36.159",
        "url": "https://abs.twimg.com/responsive-web/client-web/shared~loader.AudioDock~loader.DashMenu~loader.DashModal~loader.DMDrawer~ondemand.InlinePlayer~ondem-d35a04b3.e86568ca.js",
        "city": "New York",
        "region": "New York",
        "country": "United States",
        "org": "Fastly, Inc.",
        "timezone": "America/New_York",
        "source": "ip-api.com"
      },
      "geometry": {
        "type": "Point",
        "coordinates": [
          -74.0066,
          40.7126
        ]
      }
    },
    {
      "type": "Feature",
      "properties": {
        "ip": "199.232.36.159",
        "url": "https://abs.twimg.com/responsive-web/client-web/bundle.Conversation-9c7eb7fe.e9231f8a.js",
        "city": "New York",
        "region": "New York",
        "country": "United States",
        "org": "Fastly, Inc.",
        "timezone": "America/New_York",
        "source": "ip-api.com"
      },
      "geometry": {
        "type": "Point",
        "coordinates": [
          -74.0066,
          40.7126
        ]
      }
    },
    {
      "type": "Feature",
      "properties": {
        "ip": "199.232.36.159",
        "url": "https://abs.twimg.com/responsive-web/client-web/bundle.Display.afc3213a.js",
        "city": "New York",
        "region": "New York",
        "country": "United States",
        "org": "Fastly, Inc.",
        "timezone": "America/New_York",
        "source": "ip-api.com"
      },
      "geometry": {
        "type": "Point",
        "coordinates": [
          -74.0066,
          40.7126
        ]
      }
    },
    {
      "type": "Feature",
      "properties": {
        "ip": "199.232.36.159",
        "url": "https://abs.twimg.com/responsive-web/client-web/bundle.Payments-9f4db315.308c6faa.js",
        "city": "New York",
        "region": "New York",
        "country": "United States",
        "org": "Fastly, Inc.",
        "timezone": "America/New_York",
        "source": "ip-api.com"
      },
      "geometry": {
        "type": "Point",
        "coordinates": [
          -74.0066,
          40.7126
        ]
      }
    },
    {
      "type": "Feature",
      "properties": {
        "ip": "199.232.36.159",
        "url": "https://abs.twimg.com/responsive-web/client-web/bundle.FollowerRequests-e96e9bea.b4c750ca.js",
        "city": "New York",
        "region": "New York",
        "country": "United States",
        "org": "Fastly, Inc.",
        "timezone": "America/New_York",
        "source": "ip-api.com"
      },
      "geometry": {
        "type": "Point",
        "coordinates": [
          -74.0066,
          40.7126
        ]
      }
    },
    {
      "type": "Feature",
      "properties": {
        "ip": "199.232.36.159",
        "url": "https://abs.twimg.com/responsive-web/client-web/loader.TimelineCardHandler.1ebd6b7a.js",
        "city": "New York",
        "region": "New York",
        "country": "United States",
        "org": "Fastly, Inc.",
        "timezone": "America/New_York",
        "source": "ip-api.com"
      },
      "geometry": {
        "type": "Point",
        "coordinates": [
          -74.0066,
          40.7126
        ]
      }
    },
    {
      "type": "Feature",
      "properties": {
        "ip": "199.232.36.159",
        "url": "https://abs.twimg.com/responsive-web/client-web/shared~bundle.Grok~loader.Markdown-4ff64aa1.f1b038ea.js",
        "city": "New York",
        "region": "New York",
        "country": "United States",
        "org": "Fastly, Inc.",
        "timezone": "America/New_York",
        "source": "ip-api.com"
      },
      "geometry": {
        "type": "Point",
        "coordinates": [
          -74.0066,
          40.7126
        ]
      }
    },
    {
      "type": "Feature",
      "properties": {
        "ip": "199.232.36.159",
        "url": "https://abs.twimg.com/responsive-web/client-web/vendor-de539588.b967545a.js",
        "city": "New York",
        "region": "New York",
        "country": "United States",
        "org": "Fastly, Inc.",
        "timezone": "America/New_York",
        "source": "ip-api.com"
      },
      "geometry": {
        "type": "Point",
        "coordinates": [
          -74.0066,
          40.7126
        ]
      }
    },
    {
      "type": "Feature",
      "properties": {
        "ip": "199.232.36.159",
        "url": "https://abs.twimg.com/responsive-web/client-web/shared~bundle.Communities~ondemand.SettingsRevamp.15ec161a.js",
        "city": "New York",
        "region": "New York",
        "country": "United States",
        "org": "Fastly, Inc.",
        "timezone": "America/New_York",
        "source": "ip-api.com"
      },
      "geometry": {
        "type": "Point",
        "coordinates": [
          -74.0066,
          40.7126
        ]
      }
    },
    {
      "type": "Feature",
      "properties": {
        "ip": "199.232.36.159",
        "url": "https://abs.twimg.com/responsive-web/client-web/icons.18.75823a5a.js",
        "city": "New York",
        "region": "New York",
        "country": "United States",
        "org": "Fastly, Inc.",
        "timezone": "America/New_York",
        "source": "ip-api.com"
      },
      "geometry": {
        "type": "Point",
        "coordinates": [
          -74.0066,
          40.7126
        ]
      }
    },
    {
      "type": "Feature",
      "properties": {
        "ip": "199.232.36.159",
        "url": "https://abs.twimg.com/responsive-web/client-web/shared~loader.Dock~bundle.DockPeek~bundle.LiveEvent~loader.TimelineFrameHandler~loader.JetfuelFrame--5cf8449f.8559042a.js",
        "city": "New York",
        "region": "New York",
        "country": "United States",
        "org": "Fastly, Inc.",
        "timezone": "America/New_York",
        "source": "ip-api.com"
      },
      "geometry": {
        "type": "Point",
        "coordinates": [
          -74.0066,
          40.7126
        ]
      }
    },
    {
      "type": "Feature",
      "properties": {
        "ip": "199.232.36.159",
        "url": "https://abs.twimg.com/responsive-web/client-web/loader.Dock-64a82a81.5cea36ea.js",
        "city": "New York",
        "region": "New York",
        "country": "United States",
        "org": "Fastly, Inc.",
        "timezone": "America/New_York",
        "source": "ip-api.com"
      },
      "geometry": {
        "type": "Point",
        "coordinates": [
          -74.0066,
          40.7126
        ]
      }
    },
    {
      "type": "Feature",
      "properties": {
        "ip": "199.232.36.159",
        "url": "https://abs.twimg.com/responsive-web/client-web/node_modules_x-clients_features_messages_hi_json.f4c3595a.js",
        "city": "New York",
        "region": "New York",
        "country": "United States",
        "org": "Fastly, Inc.",
        "timezone": "America/New_York",
        "source": "ip-api.com"
      },
      "geometry": {
        "type": "Point",
        "coordinates": [
          -74.0066,
          40.7126
        ]
      }
    },
    {
      "type": "Feature",
      "properties": {
        "ip": "199.232.36.159",
        "url": "https://abs.twimg.com/responsive-web/client-web/node_modules_x-clients_features_messages_bn_json.347d092a.js",
        "city": "New York",
        "region": "New York",
        "country": "United States",
        "org": "Fastly, Inc.",
        "timezone": "America/New_York",
        "source": "ip-api.com"
      },
      "geometry": {
        "type": "Point",
        "coordinates": [
          -74.0066,
          40.7126
        ]
      }
    },
    {
      "type": "Feature",
      "properties": {
        "ip": "199.232.36.159",
        "url": "https://abs.twimg.com/responsive-web/client-web/shared~bundle.AccountAnalytics~bundle.News~bundle.Grok~ondemand.News~bundle.Ocf~ondemand.Insights~bundle.TV~l.6c15510a.js",
        "city": "New York",
        "region": "New York",
        "country": "United States",
        "org": "Fastly, Inc.",
        "timezone": "America/New_York",
        "source": "ip-api.com"
      },
      "geometry": {
        "type": "Point",
        "coordinates": [
          -74.0066,
          40.7126
        ]
      }
    },
    {
      "type": "Feature",
      "properties": {
        "ip": "199.232.36.159",
        "url": "https://abs.twimg.com/responsive-web/client-web/loader.TryNewsSidebar.a32c541a.js",
        "city": "New York",
        "region": "New York",
        "country": "United States",
        "org": "Fastly, Inc.",
        "timezone": "America/New_York",
        "source": "ip-api.com"
      },
      "geometry": {
        "type": "Point",
        "coordinates": [
          -74.0066,
          40.7126
        ]
      }
    },
    {
      "type": "Feature",
      "properties": {
        "ip": "199.232.36.159",
        "url": "https://abs.twimg.com/responsive-web/client-web/bundle.Download.8c7f75ea.js",
        "city": "New York",
        "region": "New York",
        "country": "United States",
        "org": "Fastly, Inc.",
        "timezone": "America/New_York",
        "source": "ip-api.com"
      },
      "geometry": {
        "type": "Point",
        "coordinates": [
          -74.0066,
          40.7126
        ]
      }
    },
    {
      "type": "Feature",
      "properties": {
        "ip": "199.232.36.159",
        "url": "https://abs.twimg.com/responsive-web/client-web/bundle.Delegate-63cb1cc4.a93b0f7a.js",
        "city": "New York",
        "region": "New York",
        "country": "United States",
        "org": "Fastly, Inc.",
        "timezone": "America/New_York",
        "source": "ip-api.com"
      },
      "geometry": {
        "type": "Point",
        "coordinates": [
          -74.0066,
          40.7126
        ]
      }
    },
    {
      "type": "Feature",
      "properties": {
        "ip": "199.232.36.159",
        "url": "https://abs.twimg.com/responsive-web/client-web/bundle.TwitterBlue-1e5a62bf.d710524a.js",
        "city": "New York",
        "region": "New York",
        "country": "United States",
        "org": "Fastly, Inc.",
        "timezone": "America/New_York",
        "source": "ip-api.com"
      },
      "geometry": {
        "type": "Point",
        "coordinates": [
          -74.0066,
          40.7126
        ]
      }
    },
    {
      "type": "Feature",
      "properties": {
        "ip": "199.232.36.159",
        "url": "https://abs.twimg.com/responsive-web/client-web/loaders.video.VideoPlayerDefaultUI.0b93cfba.js",
        "city": "New York",
        "region": "New York",
        "country": "United States",
        "org": "Fastly, Inc.",
        "timezone": "America/New_York",
        "source": "ip-api.com"
      },
      "geometry": {
        "type": "Point",
        "coordinates": [
          -74.0066,
          40.7126
        ]
      }
    },
    {
      "type": "Feature",
      "properties": {
        "ip": "199.232.36.159",
        "url": "https://abs.twimg.com/responsive-web/client-web/bundle.ConversationParticipants-bc6ccf4c.bb732b8a.js",
        "city": "New York",
        "region": "New York",
        "country": "United States",
        "org": "Fastly, Inc.",
        "timezone": "America/New_York",
        "source": "ip-api.com"
      },
      "geometry": {
        "type": "Point",
        "coordinates": [
          -74.0066,
          40.7126
        ]
      }
    },
    {
      "type": "Feature",
      "properties": {
        "ip": "199.232.36.159",
        "url": "https://abs.twimg.com/responsive-web/client-web/bundle.AccountAnalytics-89798f50.8484420a.js",
        "city": "New York",
        "region": "New York",
        "country": "United States",
        "org": "Fastly, Inc.",
        "timezone": "America/New_York",
        "source": "ip-api.com"
      },
      "geometry": {
        "type": "Point",
        "coordinates": [
          -74.0066,
          40.7126
        ]
      }
    },
    {
      "type": "Feature",
      "properties": {
        "ip": "199.232.36.159",
        "url": "https://abs.twimg.com/responsive-web/client-web/bundle.TweetMediaDetail-83fa31d0.c44a020a.js",
        "city": "New York",
        "region": "New York",
        "country": "United States",
        "org": "Fastly, Inc.",
        "timezone": "America/New_York",
        "source": "ip-api.com"
      },
      "geometry": {
        "type": "Point",
        "coordinates": [
          -74.0066,
          40.7126
        ]
      }
    },
    {
      "type": "Feature",
      "properties": {
        "ip": "199.232.36.159",
        "url": "https://abs.twimg.com/responsive-web/client-web/vendor-aaaf2b0c.5c59c02a.js",
        "city": "New York",
        "region": "New York",
        "country": "United States",
        "org": "Fastly, Inc.",
        "timezone": "America/New_York",
        "source": "ip-api.com"
      },
      "geometry": {
        "type": "Point",
        "coordinates": [
          -74.0066,
          40.7126
        ]
      }
    },
    {
      "type": "Feature",
      "properties": {
        "ip": "199.232.36.159",
        "url": "https://abs.twimg.com/responsive-web/client-web/shared~bundle.ReaderMode~bundle.Birdwatch~bundle.TwitterArticles~bundle.Compose~bundle.Settings~bund-e851f17f.4e64afea.js",
        "city": "New York",
        "region": "New York",
        "country": "United States",
        "org": "Fastly, Inc.",
        "timezone": "America/New_York",
        "source": "ip-api.com"
      },
      "geometry": {
        "type": "Point",
        "coordinates": [
          -74.0066,
          40.7126
        ]
      }
    },
    {
      "type": "Feature",
      "properties": {
        "ip": "199.232.36.159",
        "url": "https://abs.twimg.com/responsive-web/client-web/shared~bundle.ReaderMode~bundle.Birdwatch~bundle.TwitterArticles~bundle.Compose~bundle.Settings~bund-d622e6ad.d421f4fa.js",
        "city": "New York",
        "region": "New York",
        "country": "United States",
        "org": "Fastly, Inc.",
        "timezone": "America/New_York",
        "source": "ip-api.com"
      },
      "geometry": {
        "type": "Point",
        "coordinates": [
          -74.0066,
          40.7126
        ]
      }
    },
    {
      "type": "Feature",
      "properties": {
        "ip": "199.232.36.159",
        "url": "https://abs.twimg.com/responsive-web/client-web/bundle.AccountAnalytics-aedc5392.8114ea7a.js",
        "city": "New York",
        "region": "New York",
        "country": "United States",
        "org": "Fastly, Inc.",
        "timezone": "America/New_York",
        "source": "ip-api.com"
      },
      "geometry": {
        "type": "Point",
        "coordinates": [
          -74.0066,
          40.7126
        ]
      }
    },
    {
      "type": "Feature",
      "properties": {
        "ip": "199.232.36.159",
        "url": "https://abs.twimg.com/responsive-web/client-web/bundle.Birdwatch-7d965b76.803d632a.js",
        "city": "New York",
        "region": "New York",
        "country": "United States",
        "org": "Fastly, Inc.",
        "timezone": "America/New_York",
        "source": "ip-api.com"
      },
      "geometry": {
        "type": "Point",
        "coordinates": [
          -74.0066,
          40.7126
        ]
      }
    },
    {
      "type": "Feature",
      "properties": {
        "ip": "199.232.36.159",
        "url": "https://abs.twimg.com/responsive-web/client-web/bundle.AccountAnalytics-e8e70de4.9991f4aa.js",
        "city": "New York",
        "region": "New York",
        "country": "United States",
        "org": "Fastly, Inc.",
        "timezone": "America/New_York",
        "source": "ip-api.com"
      },
      "geometry": {
        "type": "Point",
        "coordinates": [
          -74.0066,
          40.7126
        ]
      }
    },
    {
      "type": "Feature",
      "properties": {
        "ip": "199.232.36.159",
        "url": "https://abs.twimg.com/responsive-web/client-web/bundle.Grok-7a6ce5c4.536d726a.js",
        "city": "New York",
        "region": "New York",
        "country": "United States",
        "org": "Fastly, Inc.",
        "timezone": "America/New_York",
        "source": "ip-api.com"
      },
      "geometry": {
        "type": "Point",
        "coordinates": [
          -74.0066,
          40.7126
        ]
      }
    },
    {
      "type": "Feature",
      "properties": {
        "ip": "199.232.36.159",
        "url": "https://abs.twimg.com/responsive-web/client-web/shared~bundle.Compose~bundle.ConversationWithRelay~bundle.Conversation~bundle.RichTextCompose.704c137a.js",
        "city": "New York",
        "region": "New York",
        "country": "United States",
        "org": "Fastly, Inc.",
        "timezone": "America/New_York",
        "source": "ip-api.com"
      },
      "geometry": {
        "type": "Point",
        "coordinates": [
          -74.0066,
          40.7126
        ]
      }
    },
    {
      "type": "Feature",
      "properties": {
        "ip": "199.232.36.159",
        "url": "https://abs.twimg.com/responsive-web/client-web/shared~bundle.AccountAnalytics~bundle.News~bundle.Grok~ondemand.News~ondemand.Insights~loader.Explor-856c9f2b.239e308a.js",
        "city": "New York",
        "region": "New York",
        "country": "United States",
        "org": "Fastly, Inc.",
        "timezone": "America/New_York",
        "source": "ip-api.com"
      },
      "geometry": {
        "type": "Point",
        "coordinates": [
          -74.0066,
          40.7126
        ]
      }
    },
    {
      "type": "Feature",
      "properties": {
        "ip": "199.232.36.159",
        "url": "https://abs.twimg.com/responsive-web/client-web/bundle.Communities-e019dbda.f5497fda.js",
        "city": "New York",
        "region": "New York",
        "country": "United States",
        "org": "Fastly, Inc.",
        "timezone": "America/New_York",
        "source": "ip-api.com"
      },
      "geometry": {
        "type": "Point",
        "coordinates": [
          -74.0066,
          40.7126
        ]
      }
    },
    {
      "type": "Feature",
      "properties": {
        "ip": "199.232.36.159",
        "url": "https://abs.twimg.com/responsive-web/client-web/bundle.BookmarkFolders.a2b17b9a.js",
        "city": "New York",
        "region": "New York",
        "country": "United States",
        "org": "Fastly, Inc.",
        "timezone": "America/New_York",
        "source": "ip-api.com"
      },
      "geometry": {
        "type": "Point",
        "coordinates": [
          -74.0066,
          40.7126
        ]
      }
    },
    {
      "type": "Feature",
      "properties": {
        "ip": "199.232.36.159",
        "url": "https://abs.twimg.com/responsive-web/client-web/shared~bundle.GrokDrawer~bundle.Grok~loader.Markdown-bc6ccf4c.a1282afa.js",
        "city": "New York",
        "region": "New York",
        "country": "United States",
        "org": "Fastly, Inc.",
        "timezone": "America/New_York",
        "source": "ip-api.com"
      },
      "geometry": {
        "type": "Point",
        "coordinates": [
          -74.0066,
          40.7126
        ]
      }
    },
    {
      "type": "Feature",
      "properties": {
        "ip": "199.232.36.159",
        "url": "https://abs.twimg.com/responsive-web/client-web/bundle.UserProfile-70e212e1.7d85c08a.js",
        "city": "New York",
        "region": "New York",
        "country": "United States",
        "org": "Fastly, Inc.",
        "timezone": "America/New_York",
        "source": "ip-api.com"
      },
      "geometry": {
        "type": "Point",
        "coordinates": [
          -74.0066,
          40.7126
        ]
      }
    },
    {
      "type": "Feature",
      "properties": {
        "ip": "199.232.36.159",
        "url": "https://abs.twimg.com/responsive-web/client-web/shared~loader.AudioDock~loader.DashMenu~loader.DashModal~loader.DMDrawer~ondemand.InlinePlayer~ondem-7082ec04.6aaeab6a.js",
        "city": "New York",
        "region": "New York",
        "country": "United States",
        "org": "Fastly, Inc.",
        "timezone": "America/New_York",
        "source": "ip-api.com"
      },
      "geometry": {
        "type": "Point",
        "coordinates": [
          -74.0066,
          40.7126
        ]
      }
    },
    {
      "type": "Feature",
      "properties": {
        "ip": "199.232.36.159",
        "url": "https://abs.twimg.com/responsive-web/client-web/bundle.Delegate-a2dee9c7.eec5192a.js",
        "city": "New York",
        "region": "New York",
        "country": "United States",
        "org": "Fastly, Inc.",
        "timezone": "America/New_York",
        "source": "ip-api.com"
      },
      "geometry": {
        "type": "Point",
        "coordinates": [
          -74.0066,
          40.7126
        ]
      }
    },
    {
      "type": "Feature",
      "properties": {
        "ip": "199.232.36.159",
        "url": "https://abs.twimg.com/responsive-web/client-web/bundle.Birdwatch-9f4db315.b9757ffa.js",
        "city": "New York",
        "region": "New York",
        "country": "United States",
        "org": "Fastly, Inc.",
        "timezone": "America/New_York",
        "source": "ip-api.com"
      },
      "geometry": {
        "type": "Point",
        "coordinates": [
          -74.0066,
          40.7126
        ]
      }
    },
    {
      "type": "Feature",
      "properties": {
        "ip": "199.232.36.159",
        "url": "https://abs.twimg.com/responsive-web/client-web/loader.ModuleHeader.9dff699a.js",
        "city": "New York",
        "region": "New York",
        "country": "United States",
        "org": "Fastly, Inc.",
        "timezone": "America/New_York",
        "source": "ip-api.com"
      },
      "geometry": {
        "type": "Point",
        "coordinates": [
          -74.0066,
          40.7126
        ]
      }
    },
    {
      "type": "Feature",
      "properties": {
        "ip": "199.232.36.159",
        "url": "https://abs.twimg.com/responsive-web/client-web/shared~loader.Dock~loaders.video.PlayerBase~bundle.TwitterArticles~bundle.ComposeMedia~bundle.DockPe-169fd384.e9ff636a.js",
        "city": "New York",
        "region": "New York",
        "country": "United States",
        "org": "Fastly, Inc.",
        "timezone": "America/New_York",
        "source": "ip-api.com"
      },
      "geometry": {
        "type": "Point",
        "coordinates": [
          -74.0066,
          40.7126
        ]
      }
    },
    {
      "type": "Feature",
      "properties": {
        "ip": "199.232.36.159",
        "url": "https://abs.twimg.com/responsive-web/client-web/shared~bundle.AccountAnalytics~bundle.News~bundle.Grok~ondemand.News~ondemand.Insights~loader.Explor-4cd14b6e.1063aafa.js",
        "city": "New York",
        "region": "New York",
        "country": "United States",
        "org": "Fastly, Inc.",
        "timezone": "America/New_York",
        "source": "ip-api.com"
      },
      "geometry": {
        "type": "Point",
        "coordinates": [
          -74.0066,
          40.7126
        ]
      }
    },
    {
      "type": "Feature",
      "properties": {
        "ip": "199.232.36.159",
        "url": "https://abs.twimg.com/responsive-web/client-web/bundle.Payments-e08e6cc3.ed31763a.js",
        "city": "New York",
        "region": "New York",
        "country": "United States",
        "org": "Fastly, Inc.",
        "timezone": "America/New_York",
        "source": "ip-api.com"
      },
      "geometry": {
        "type": "Point",
        "coordinates": [
          -74.0066,
          40.7126
        ]
      }
    },
    {
      "type": "Feature",
      "properties": {
        "ip": "199.232.36.159",
        "url": "https://abs.twimg.com/responsive-web/client-web/bundle.SettingsProfessionalProfileCommunitiesSpotlight-44bee0e7.0068e1ca.js",
        "city": "New York",
        "region": "New York",
        "country": "United States",
        "org": "Fastly, Inc.",
        "timezone": "America/New_York",
        "source": "ip-api.com"
      },
      "geometry": {
        "type": "Point",
        "coordinates": [
          -74.0066,
          40.7126
        ]
      }
    },
    {
      "type": "Feature",
      "properties": {
        "ip": "199.232.36.159",
        "url": "https://abs.twimg.com/responsive-web/client-web/shared~bundle.AccountAnalytics~ondemand.Verified-6107ac1a.6740597a.js",
        "city": "New York",
        "region": "New York",
        "country": "United States",
        "org": "Fastly, Inc.",
        "timezone": "America/New_York",
        "source": "ip-api.com"
      },
      "geometry": {
        "type": "Point",
        "coordinates": [
          -74.0066,
          40.7126
        ]
      }
    },
    {
      "type": "Feature",
      "properties": {
        "ip": "199.232.36.159",
        "url": "https://abs.twimg.com/responsive-web/client-web/bundle.PaymentsHandoff.31fc29ca.js",
        "city": "New York",
        "region": "New York",
        "country": "United States",
        "org": "Fastly, Inc.",
        "timezone": "America/New_York",
        "source": "ip-api.com"
      },
      "geometry": {
        "type": "Point",
        "coordinates": [
          -74.0066,
          40.7126
        ]
      }
    },
    {
      "type": "Feature",
      "properties": {
        "ip": "199.232.36.159",
        "url": "https://abs.twimg.com/responsive-web/client-web/loader.TombstonedEntryHandler.5706169a.js",
        "city": "New York",
        "region": "New York",
        "country": "United States",
        "org": "Fastly, Inc.",
        "timezone": "America/New_York",
        "source": "ip-api.com"
      },
      "geometry": {
        "type": "Point",
        "coordinates": [
          -74.0066,
          40.7126
        ]
      }
    },
    {
      "type": "Feature",
      "properties": {
        "ip": "199.232.36.159",
        "url": "https://abs.twimg.com/responsive-web/client-web/shared~loader.Dock~bundle.DockPeek~bundle.LiveEvent~ondemand.XChat~loader.TimelineFrameHandler~loader.Jetfuel.7c0b5c2a.js",
        "city": "New York",
        "region": "New York",
        "country": "United States",
        "org": "Fastly, Inc.",
        "timezone": "America/New_York",
        "source": "ip-api.com"
      },
      "geometry": {
        "type": "Point",
        "coordinates": [
          -74.0066,
          40.7126
        ]
      }
    },
    {
      "type": "Feature",
      "properties": {
        "ip": "199.232.36.159",
        "url": "https://abs.twimg.com/responsive-web/client-web/bundle.Place.48f1312a.js",
        "city": "New York",
        "region": "New York",
        "country": "United States",
        "org": "Fastly, Inc.",
        "timezone": "America/New_York",
        "source": "ip-api.com"
      },
      "geometry": {
        "type": "Point",
        "coordinates": [
          -74.0066,
          40.7126
        ]
      }
    },
    {
      "type": "Feature",
      "properties": {
        "ip": "199.232.36.159",
        "url": "https://abs.twimg.com/responsive-web/client-web/shared~bundle.Grok~loader.Markdown-0ae4e026.3b2e24ba.js",
        "city": "New York",
        "region": "New York",
        "country": "United States",
        "org": "Fastly, Inc.",
        "timezone": "America/New_York",
        "source": "ip-api.com"
      },
      "geometry": {
        "type": "Point",
        "coordinates": [
          -74.0066,
          40.7126
        ]
      }
    },
    {
      "type": "Feature",
      "properties": {
        "ip": "199.232.36.159",
        "url": "https://abs.twimg.com/responsive-web/client-web/shared~bundle.TV~bundle.Account-e019dbda.b3d6824a.js",
        "city": "New York",
        "region": "New York",
        "country": "United States",
        "org": "Fastly, Inc.",
        "timezone": "America/New_York",
        "source": "ip-api.com"
      },
      "geometry": {
        "type": "Point",
        "coordinates": [
          -74.0066,
          40.7126
        ]
      }
    },
    {
      "type": "Feature",
      "properties": {
        "ip": "199.232.36.159",
        "url": "https://abs.twimg.com/responsive-web/client-web/bundle.Communities-87a6e4fe.4c189eaa.js",
        "city": "New York",
        "region": "New York",
        "country": "United States",
        "org": "Fastly, Inc.",
        "timezone": "America/New_York",
        "source": "ip-api.com"
      },
      "geometry": {
        "type": "Point",
        "coordinates": [
          -74.0066,
          40.7126
        ]
      }
    },
    {
      "type": "Feature",
      "properties": {
        "ip": "199.232.36.159",
        "url": "https://abs.twimg.com/responsive-web/client-web/loader.TweetCurationActionMenu-e4e3d8bb.12201c0a.js",
        "city": "New York",
        "region": "New York",
        "country": "United States",
        "org": "Fastly, Inc.",
        "timezone": "America/New_York",
        "source": "ip-api.com"
      },
      "geometry": {
        "type": "Point",
        "coordinates": [
          -74.0066,
          40.7126
        ]
      }
    },
    {
      "type": "Feature",
      "properties": {
        "ip": "199.232.36.159",
        "url": "https://abs.twimg.com/responsive-web/client-web/shared~bundle.ReaderMode~bundle.Birdwatch~bundle.TwitterArticles~bundle.Compose~bundle.Settings~bund-2a74f407.f6f8d0ca.js",
        "city": "New York",
        "region": "New York",
        "country": "United States",
        "org": "Fastly, Inc.",
        "timezone": "America/New_York",
        "source": "ip-api.com"
      },
      "geometry": {
        "type": "Point",
        "coordinates": [
          -74.0066,
          40.7126
        ]
      }
    },
    {
      "type": "Feature",
      "properties": {
        "ip": "199.232.36.159",
        "url": "https://abs.twimg.com/responsive-web/client-web/loader.directMessagesData-6107ac1a.2b3f949a.js",
        "city": "New York",
        "region": "New York",
        "country": "United States",
        "org": "Fastly, Inc.",
        "timezone": "America/New_York",
        "source": "ip-api.com"
      },
      "geometry": {
        "type": "Point",
        "coordinates": [
          -74.0066,
          40.7126
        ]
      }
    },
    {
      "type": "Feature",
      "properties": {
        "ip": "199.232.36.159",
        "url": "https://abs.twimg.com/responsive-web/client-web/shared~bundle.GrokDrawer~bundle.Grok~loader.Markdown-e96e9bea.a90d1b5a.js",
        "city": "New York",
        "region": "New York",
        "country": "United States",
        "org": "Fastly, Inc.",
        "timezone": "America/New_York",
        "source": "ip-api.com"
      },
      "geometry": {
        "type": "Point",
        "coordinates": [
          -74.0066,
          40.7126
        ]
      }
    },
    {
      "type": "Feature",
      "properties": {
        "ip": "199.232.36.159",
        "url": "https://abs.twimg.com/responsive-web/client-web/bundle.TwitterBlue-bb3d84b5.4368d46a.js",
        "city": "New York",
        "region": "New York",
        "country": "United States",
        "org": "Fastly, Inc.",
        "timezone": "America/New_York",
        "source": "ip-api.com"
      },
      "geometry": {
        "type": "Point",
        "coordinates": [
          -74.0066,
          40.7126
        ]
      }
    },
    {
      "type": "Feature",
      "properties": {
        "ip": "199.232.36.159",
        "url": "https://abs.twimg.com/responsive-web/client-web/bundle.AccountAnalytics-30f971dc.d1b47aca.js",
        "city": "New York",
        "region": "New York",
        "country": "United States",
        "org": "Fastly, Inc.",
        "timezone": "America/New_York",
        "source": "ip-api.com"
      },
      "geometry": {
        "type": "Point",
        "coordinates": [
          -74.0066,
          40.7126
        ]
      }
    },
    {
      "type": "Feature",
      "properties": {
        "ip": "199.232.36.159",
        "url": "https://abs.twimg.com/responsive-web/client-web/node_modules_x-clients_features_messages_ca_json.ce19feea.js",
        "city": "New York",
        "region": "New York",
        "country": "United States",
        "org": "Fastly, Inc.",
        "timezone": "America/New_York",
        "source": "ip-api.com"
      },
      "geometry": {
        "type": "Point",
        "coordinates": [
          -74.0066,
          40.7126
        ]
      }
    },
    {
      "type": "Feature",
      "properties": {
        "ip": "199.232.36.159",
        "url": "https://abs.twimg.com/responsive-web/client-web/loaders.video.VideoPlayerPrerollUI.777f764a.js",
        "city": "New York",
        "region": "New York",
        "country": "United States",
        "org": "Fastly, Inc.",
        "timezone": "America/New_York",
        "source": "ip-api.com"
      },
      "geometry": {
        "type": "Point",
        "coordinates": [
          -74.0066,
          40.7126
        ]
      }
    },
    {
      "type": "Feature",
      "properties": {
        "ip": "199.232.36.159",
        "url": "https://abs.twimg.com/responsive-web/client-web/shared~loader.Dock~bundle.DockPeek~bundle.LiveEvent~loader.TimelineFrameHandler~loader.JetfuelFrame--8dc68dd2.c7b71aea.js",
        "city": "New York",
        "region": "New York",
        "country": "United States",
        "org": "Fastly, Inc.",
        "timezone": "America/New_York",
        "source": "ip-api.com"
      },
      "geometry": {
        "type": "Point",
        "coordinates": [
          -74.0066,
          40.7126
        ]
      }
    },
    {
      "type": "Feature",
      "properties": {
        "ip": "199.232.36.159",
        "url": "https://abs.twimg.com/responsive-web/client-web/bundle.Grok-c69e90f3.edfc782a.js",
        "city": "New York",
        "region": "New York",
        "country": "United States",
        "org": "Fastly, Inc.",
        "timezone": "America/New_York",
        "source": "ip-api.com"
      },
      "geometry": {
        "type": "Point",
        "coordinates": [
          -74.0066,
          40.7126
        ]
      }
    },
    {
      "type": "Feature",
      "properties": {
        "ip": "199.232.36.159",
        "url": "https://abs.twimg.com/responsive-web/client-web/bundle.WorkHistory-fd196509.c2bc9e4a.js",
        "city": "New York",
        "region": "New York",
        "country": "United States",
        "org": "Fastly, Inc.",
        "timezone": "America/New_York",
        "source": "ip-api.com"
      },
      "geometry": {
        "type": "Point",
        "coordinates": [
          -74.0066,
          40.7126
        ]
      }
    },
    {
      "type": "Feature",
      "properties": {
        "ip": "199.232.36.159",
        "url": "https://abs.twimg.com/responsive-web/client-web/bundle.Logout-6107ac1a.8f0b756a.js",
        "city": "New York",
        "region": "New York",
        "country": "United States",
        "org": "Fastly, Inc.",
        "timezone": "America/New_York",
        "source": "ip-api.com"
      },
      "geometry": {
        "type": "Point",
        "coordinates": [
          -74.0066,
          40.7126
        ]
      }
    },
    {
      "type": "Feature",
      "properties": {
        "ip": "199.232.36.159",
        "url": "https://abs.twimg.com/responsive-web/client-web/loader.FeedbackSheet.06ca8b7a.js",
        "city": "New York",
        "region": "New York",
        "country": "United States",
        "org": "Fastly, Inc.",
        "timezone": "America/New_York",
        "source": "ip-api.com"
      },
      "geometry": {
        "type": "Point",
        "coordinates": [
          -74.0066,
          40.7126
        ]
      }
    },
    {
      "type": "Feature",
      "properties": {
        "ip": "199.232.36.159",
        "url": "https://abs.twimg.com/responsive-web/client-web/node_modules_x-clients_features_messages_zh-cn_json.aacc36da.js",
        "city": "New York",
        "region": "New York",
        "country": "United States",
        "org": "Fastly, Inc.",
        "timezone": "America/New_York",
        "source": "ip-api.com"
      },
      "geometry": {
        "type": "Point",
        "coordinates": [
          -74.0066,
          40.7126
        ]
      }
    },
    {
      "type": "Feature",
      "properties": {
        "ip": "199.232.36.159",
        "url": "https://abs.twimg.com/responsive-web/client-web/loader.VerticalGridListHandler.bee18fda.js",
        "city": "New York",
        "region": "New York",
        "country": "United States",
        "org": "Fastly, Inc.",
        "timezone": "America/New_York",
        "source": "ip-api.com"
      },
      "geometry": {
        "type": "Point",
        "coordinates": [
          -74.0066,
          40.7126
        ]
      }
    },
    {
      "type": "Feature",
      "properties": {
        "ip": "199.232.36.159",
        "url": "https://abs.twimg.com/responsive-web/client-web/node_modules_x-clients_features_messages_sv_json.7c771e6a.js",
        "city": "New York",
        "region": "New York",
        "country": "United States",
        "org": "Fastly, Inc.",
        "timezone": "America/New_York",
        "source": "ip-api.com"
      },
      "geometry": {
        "type": "Point",
        "coordinates": [
          -74.0066,
          40.7126
        ]
      }
    },
    {
      "type": "Feature",
      "properties": {
        "ip": "199.232.36.159",
        "url": "https://abs.twimg.com/responsive-web/client-web/shared~bundle.GrokDrawer~bundle.Grok~loader.Markdown-54234235.eba011fa.js",
        "city": "New York",
        "region": "New York",
        "country": "United States",
        "org": "Fastly, Inc.",
        "timezone": "America/New_York",
        "source": "ip-api.com"
      },
      "geometry": {
        "type": "Point",
        "coordinates": [
          -74.0066,
          40.7126
        ]
      }
    },
    {
      "type": "Feature",
      "properties": {
        "ip": "199.232.36.159",
        "url": "https://abs.twimg.com/responsive-web/client-web/shared~loader.Dock~bundle.DockPeek~bundle.LiveEvent~loader.TimelineFrameHandler~loader.JetfuelFrame--ebb6fa7a.595ee22a.js",
        "city": "New York",
        "region": "New York",
        "country": "United States",
        "org": "Fastly, Inc.",
        "timezone": "America/New_York",
        "source": "ip-api.com"
      },
      "geometry": {
        "type": "Point",
        "coordinates": [
          -74.0066,
          40.7126
        ]
      }
    },
    {
      "type": "Feature",
      "properties": {
        "ip": "199.232.36.159",
        "url": "https://abs.twimg.com/responsive-web/client-web/bundle.Ocf-9f4db315.5909ae0a.js",
        "city": "New York",
        "region": "New York",
        "country": "United States",
        "org": "Fastly, Inc.",
        "timezone": "America/New_York",
        "source": "ip-api.com"
      },
      "geometry": {
        "type": "Point",
        "coordinates": [
          -74.0066,
          40.7126
        ]
      }
    },
    {
      "type": "Feature",
      "properties": {
        "ip": "199.232.36.159",
        "url": "https://abs.twimg.com/responsive-web/client-web/shared~loader.DMDrawer~bundle.Birdwatch~bundle.Compose~bundle.DirectMessages~bundle.DMRichTextCompos-53f39e22.ff7868ca.js",
        "city": "New York",
        "region": "New York",
        "country": "United States",
        "org": "Fastly, Inc.",
        "timezone": "America/New_York",
        "source": "ip-api.com"
      },
      "geometry": {
        "type": "Point",
        "coordinates": [
          -74.0066,
          40.7126
        ]
      }
    },
    {
      "type": "Feature",
      "properties": {
        "ip": "199.232.36.159",
        "url": "https://abs.twimg.com/responsive-web/client-web/bundle.Communities-7c8569af.0132deda.js",
        "city": "New York",
        "region": "New York",
        "country": "United States",
        "org": "Fastly, Inc.",
        "timezone": "America/New_York",
        "source": "ip-api.com"
      },
      "geometry": {
        "type": "Point",
        "coordinates": [
          -74.0066,
          40.7126
        ]
      }
    },
    {
      "type": "Feature",
      "properties": {
        "ip": "199.232.36.159",
        "url": "https://abs.twimg.com/responsive-web/client-web/bundle.AccountAnalytics-2bdc2522.6373c7ca.js",
        "city": "New York",
        "region": "New York",
        "country": "United States",
        "org": "Fastly, Inc.",
        "timezone": "America/New_York",
        "source": "ip-api.com"
      },
      "geometry": {
        "type": "Point",
        "coordinates": [
          -74.0066,
          40.7126
        ]
      }
    },
    {
      "type": "Feature",
      "properties": {
        "ip": "199.232.36.159",
        "url": "https://abs.twimg.com/responsive-web/client-web/bundle.Conferences-e019dbda.a5a5269a.js",
        "city": "New York",
        "region": "New York",
        "country": "United States",
        "org": "Fastly, Inc.",
        "timezone": "America/New_York",
        "source": "ip-api.com"
      },
      "geometry": {
        "type": "Point",
        "coordinates": [
          -74.0066,
          40.7126
        ]
      }
    },
    {
      "type": "Feature",
      "properties": {
        "ip": "199.232.36.159",
        "url": "https://abs.twimg.com/responsive-web/client-web/ondemand.Dropdown.578394fa.js",
        "city": "New York",
        "region": "New York",
        "country": "United States",
        "org": "Fastly, Inc.",
        "timezone": "America/New_York",
        "source": "ip-api.com"
      },
      "geometry": {
        "type": "Point",
        "coordinates": [
          -74.0066,
          40.7126
        ]
      }
    },
    {
      "type": "Feature",
      "properties": {
        "ip": "199.232.36.159",
        "url": "https://abs.twimg.com/responsive-web/client-web/bundle.Communities-8d4c5ae2.8a74194a.js",
        "city": "New York",
        "region": "New York",
        "country": "United States",
        "org": "Fastly, Inc.",
        "timezone": "America/New_York",
        "source": "ip-api.com"
      },
      "geometry": {
        "type": "Point",
        "coordinates": [
          -74.0066,
          40.7126
        ]
      }
    },
    {
      "type": "Feature",
      "properties": {
        "ip": "199.232.36.159",
        "url": "https://abs.twimg.com/responsive-web/client-web/bundle.UserProfile-539b1066.3e53b35a.js",
        "city": "New York",
        "region": "New York",
        "country": "United States",
        "org": "Fastly, Inc.",
        "timezone": "America/New_York",
        "source": "ip-api.com"
      },
      "geometry": {
        "type": "Point",
        "coordinates": [
          -74.0066,
          40.7126
        ]
      }
    },
    {
      "type": "Feature",
      "properties": {
        "ip": "199.232.36.159",
        "url": "https://abs.twimg.com/responsive-web/client-web/bundle.DockPeek.c044221a.js",
        "city": "New York",
        "region": "New York",
        "country": "United States",
        "org": "Fastly, Inc.",
        "timezone": "America/New_York",
        "source": "ip-api.com"
      },
      "geometry": {
        "type": "Point",
        "coordinates": [
          -74.0066,
          40.7126
        ]
      }
    },
    {
      "type": "Feature",
      "properties": {
        "ip": "199.232.36.159",
        "url": "https://abs.twimg.com/responsive-web/client-web/bundle.UserLists-6107ac1a.8bc3ca6a.js",
        "city": "New York",
        "region": "New York",
        "country": "United States",
        "org": "Fastly, Inc.",
        "timezone": "America/New_York",
        "source": "ip-api.com"
      },
      "geometry": {
        "type": "Point",
        "coordinates": [
          -74.0066,
          40.7126
        ]
      }
    },
    {
      "type": "Feature",
      "properties": {
        "ip": "199.232.36.159",
        "url": "https://abs.twimg.com/responsive-web/client-web/bundle.TrustedFriendsRedirect.484b9bfa.js",
        "city": "New York",
        "region": "New York",
        "country": "United States",
        "org": "Fastly, Inc.",
        "timezone": "America/New_York",
        "source": "ip-api.com"
      },
      "geometry": {
        "type": "Point",
        "coordinates": [
          -74.0066,
          40.7126
        ]
      }
    },
    {
      "type": "Feature",
      "properties": {
        "ip": "199.232.36.159",
        "url": "https://abs.twimg.com/responsive-web/client-web/loader.TexBlock.3035e85a.js",
        "city": "New York",
        "region": "New York",
        "country": "United States",
        "org": "Fastly, Inc.",
        "timezone": "America/New_York",
        "source": "ip-api.com"
      },
      "geometry": {
        "type": "Point",
        "coordinates": [
          -74.0066,
          40.7126
        ]
      }
    },
    {
      "type": "Feature",
      "properties": {
        "ip": "199.232.36.159",
        "url": "https://abs.twimg.com/responsive-web/client-web/bundle.News.1c660f1a.js",
        "city": "New York",
        "region": "New York",
        "country": "United States",
        "org": "Fastly, Inc.",
        "timezone": "America/New_York",
        "source": "ip-api.com"
      },
      "geometry": {
        "type": "Point",
        "coordinates": [
          -74.0066,
          40.7126
        ]
      }
    },
    {
      "type": "Feature",
      "properties": {
        "ip": "199.232.36.159",
        "url": "https://abs.twimg.com/responsive-web/client-web/vendor-6b20cc7c.3951c3aa.js",
        "city": "New York",
        "region": "New York",
        "country": "United States",
        "org": "Fastly, Inc.",
        "timezone": "America/New_York",
        "source": "ip-api.com"
      },
      "geometry": {
        "type": "Point",
        "coordinates": [
          -74.0066,
          40.7126
        ]
      }
    },
    {
      "type": "Feature",
      "properties": {
        "ip": "199.232.36.159",
        "url": "https://abs.twimg.com/responsive-web/client-web/bundle.Ocf-bc6ccf4c.aac1140a.js",
        "city": "New York",
        "region": "New York",
        "country": "United States",
        "org": "Fastly, Inc.",
        "timezone": "America/New_York",
        "source": "ip-api.com"
      },
      "geometry": {
        "type": "Point",
        "coordinates": [
          -74.0066,
          40.7126
        ]
      }
    },
    {
      "type": "Feature",
      "properties": {
        "ip": "199.232.36.159",
        "url": "https://abs.twimg.com/responsive-web/client-web/shared~~-ab3eb430.cfd6d73a.js",
        "city": "New York",
        "region": "New York",
        "country": "United States",
        "org": "Fastly, Inc.",
        "timezone": "America/New_York",
        "source": "ip-api.com"
      },
      "geometry": {
        "type": "Point",
        "coordinates": [
          -74.0066,
          40.7126
        ]
      }
    },
    {
      "type": "Feature",
      "properties": {
        "ip": "199.232.36.159",
        "url": "https://abs.twimg.com/responsive-web/client-web/loader.TransparentLabelHandler.241386fa.js",
        "city": "New York",
        "region": "New York",
        "country": "United States",
        "org": "Fastly, Inc.",
        "timezone": "America/New_York",
        "source": "ip-api.com"
      },
      "geometry": {
        "type": "Point",
        "coordinates": [
          -74.0066,
          40.7126
        ]
      }
    },
    {
      "type": "Feature",
      "properties": {
        "ip": "199.232.36.159",
        "url": "https://abs.twimg.com/responsive-web/client-web/shared~bundle.Grok~loader.Markdown-a244d277.8d1a581a.js",
        "city": "New York",
        "region": "New York",
        "country": "United States",
        "org": "Fastly, Inc.",
        "timezone": "America/New_York",
        "source": "ip-api.com"
      },
      "geometry": {
        "type": "Point",
        "coordinates": [
          -74.0066,
          40.7126
        ]
      }
    },
    {
      "type": "Feature",
      "properties": {
        "ip": "199.232.36.159",
        "url": "https://abs.twimg.com/responsive-web/client-web/bundle.AudioSpacePeek.673af2aa.js",
        "city": "New York",
        "region": "New York",
        "country": "United States",
        "org": "Fastly, Inc.",
        "timezone": "America/New_York",
        "source": "ip-api.com"
      },
      "geometry": {
        "type": "Point",
        "coordinates": [
          -74.0066,
          40.7126
        ]
      }
    },
    {
      "type": "Feature",
      "properties": {
        "ip": "199.232.36.159",
        "url": "https://abs.twimg.com/responsive-web/client-web/node_modules_x-clients_features_messages_zh-tw_json.7a69f9ba.js",
        "city": "New York",
        "region": "New York",
        "country": "United States",
        "org": "Fastly, Inc.",
        "timezone": "America/New_York",
        "source": "ip-api.com"
      },
      "geometry": {
        "type": "Point",
        "coordinates": [
          -74.0066,
          40.7126
        ]
      }
    },
    {
      "type": "Feature",
      "properties": {
        "ip": "199.232.36.159",
        "url": "https://abs.twimg.com/responsive-web/client-web/shared~loaders.video.VideoPlayerDefaultUI~loaders.video.VideoPlayerPrerollUI~loaders.video.VideoPlayerEventsU.3273fc4a.js",
        "city": "New York",
        "region": "New York",
        "country": "United States",
        "org": "Fastly, Inc.",
        "timezone": "America/New_York",
        "source": "ip-api.com"
      },
      "geometry": {
        "type": "Point",
        "coordinates": [
          -74.0066,
          40.7126
        ]
      }
    },
    {
      "type": "Feature",
      "properties": {
        "ip": "199.232.36.159",
        "url": "https://abs.twimg.com/responsive-web/client-web/bundle.PremiumHub.55269d8a.js",
        "city": "New York",
        "region": "New York",
        "country": "United States",
        "org": "Fastly, Inc.",
        "timezone": "America/New_York",
        "source": "ip-api.com"
      },
      "geometry": {
        "type": "Point",
        "coordinates": [
          -74.0066,
          40.7126
        ]
      }
    },
    {
      "type": "Feature",
      "properties": {
        "ip": "199.232.36.159",
        "url": "https://abs.twimg.com/responsive-web/client-web/shared~bundle.AccountAnalytics~bundle.News~bundle.Grok~ondemand.News~ondemand.Insights~loader.Explor-bd66f825.881553ca.js",
        "city": "New York",
        "region": "New York",
        "country": "United States",
        "org": "Fastly, Inc.",
        "timezone": "America/New_York",
        "source": "ip-api.com"
      },
      "geometry": {
        "type": "Point",
        "coordinates": [
          -74.0066,
          40.7126
        ]
      }
    },
    {
      "type": "Feature",
      "properties": {
        "ip": "199.232.36.159",
        "url": "https://abs.twimg.com/sticky/animations/like.4.json",
        "city": "New York",
        "region": "New York",
        "country": "United States",
        "org": "Fastly, Inc.",
        "timezone": "America/New_York",
        "source": "ip-api.com"
      },
      "geometry": {
        "type": "Point",
        "coordinates": [
          -74.0066,
          40.7126
        ]
      }
    },
    {
      "type": "Feature",
      "properties": {
        "ip": "199.232.36.159",
        "url": "https://abs.twimg.com/responsive-web/client-web/bundle.DirectMessages-cfa1514a.810e495a.js",
        "city": "New York",
        "region": "New York",
        "country": "United States",
        "org": "Fastly, Inc.",
        "timezone": "America/New_York",
        "source": "ip-api.com"
      },
      "geometry": {
        "type": "Point",
        "coordinates": [
          -74.0066,
          40.7126
        ]
      }
    },
    {
      "type": "Feature",
      "properties": {
        "ip": "199.232.36.159",
        "url": "https://abs.twimg.com/responsive-web/client-web/shared~bundle.ReportCenter~bundle.SafetyCenter-e96e9bea.fa78654a.js",
        "city": "New York",
        "region": "New York",
        "country": "United States",
        "org": "Fastly, Inc.",
        "timezone": "America/New_York",
        "source": "ip-api.com"
      },
      "geometry": {
        "type": "Point",
        "coordinates": [
          -74.0066,
          40.7126
        ]
      }
    },
    {
      "type": "Feature",
      "properties": {
        "ip": "199.232.36.159",
        "url": "https://abs.twimg.com/responsive-web/client-web/loader.MomentAnnotationHandler.243cc22a.js",
        "city": "New York",
        "region": "New York",
        "country": "United States",
        "org": "Fastly, Inc.",
        "timezone": "America/New_York",
        "source": "ip-api.com"
      },
      "geometry": {
        "type": "Point",
        "coordinates": [
          -74.0066,
          40.7126
        ]
      }
    },
    {
      "type": "Feature",
      "properties": {
        "ip": "199.232.36.159",
        "url": "https://abs.twimg.com/responsive-web/client-web/bundle.FollowerRequests-bc6ccf4c.e3fa9d8a.js",
        "city": "New York",
        "region": "New York",
        "country": "United States",
        "org": "Fastly, Inc.",
        "timezone": "America/New_York",
        "source": "ip-api.com"
      },
      "geometry": {
        "type": "Point",
        "coordinates": [
          -74.0066,
          40.7126
        ]
      }
    },
    {
      "type": "Feature",
      "properties": {
        "ip": "199.232.36.159",
        "url": "https://abs.twimg.com/responsive-web/client-web/bundle.AccountVerification-d5c80e95.a907157a.js",
        "city": "New York",
        "region": "New York",
        "country": "United States",
        "org": "Fastly, Inc.",
        "timezone": "America/New_York",
        "source": "ip-api.com"
      },
      "geometry": {
        "type": "Point",
        "coordinates": [
          -74.0066,
          40.7126
        ]
      }
    },
    {
      "type": "Feature",
      "properties": {
        "ip": "199.232.36.159",
        "url": "https://abs.twimg.com/responsive-web/client-web/bundle.GenericTimeline.97de92ca.js",
        "city": "New York",
        "region": "New York",
        "country": "United States",
        "org": "Fastly, Inc.",
        "timezone": "America/New_York",
        "source": "ip-api.com"
      },
      "geometry": {
        "type": "Point",
        "coordinates": [
          -74.0066,
          40.7126
        ]
      }
    },
    {
      "type": "Feature",
      "properties": {
        "ip": "199.232.36.159",
        "url": "https://abs.twimg.com/responsive-web/client-web/loader.Typeahead-b7da5e41.8e08c7aa.js",
        "city": "New York",
        "region": "New York",
        "country": "United States",
        "org": "Fastly, Inc.",
        "timezone": "America/New_York",
        "source": "ip-api.com"
      },
      "geometry": {
        "type": "Point",
        "coordinates": [
          -74.0066,
          40.7126
        ]
      }
    },
    {
      "type": "Feature",
      "properties": {
        "ip": "199.232.36.159",
        "url": "https://abs.twimg.com/responsive-web/client-web/loader.IconLabelHandler.33e6421a.js",
        "city": "New York",
        "region": "New York",
        "country": "United States",
        "org": "Fastly, Inc.",
        "timezone": "America/New_York",
        "source": "ip-api.com"
      },
      "geometry": {
        "type": "Point",
        "coordinates": [
          -74.0066,
          40.7126
        ]
      }
    },
    {
      "type": "Feature",
      "properties": {
        "ip": "199.232.36.159",
        "url": "https://abs.twimg.com/responsive-web/client-web/ondemand.InlinePlayer.e9b3216a.js",
        "city": "New York",
        "region": "New York",
        "country": "United States",
        "org": "Fastly, Inc.",
        "timezone": "America/New_York",
        "source": "ip-api.com"
      },
      "geometry": {
        "type": "Point",
        "coordinates": [
          -74.0066,
          40.7126
        ]
      }
    },
    {
      "type": "Feature",
      "properties": {
        "ip": "199.232.36.159",
        "url": "https://abs.twimg.com/responsive-web/client-web/bundle.Birdwatch-a82702a0.eb1e0b2a.js",
        "city": "New York",
        "region": "New York",
        "country": "United States",
        "org": "Fastly, Inc.",
        "timezone": "America/New_York",
        "source": "ip-api.com"
      },
      "geometry": {
        "type": "Point",
        "coordinates": [
          -74.0066,
          40.7126
        ]
      }
    },
    {
      "type": "Feature",
      "properties": {
        "ip": "199.232.36.159",
        "url": "https://abs.twimg.com/responsive-web/client-web/bundle.RichTextCompose.5a3a3b8a.js",
        "city": "New York",
        "region": "New York",
        "country": "United States",
        "org": "Fastly, Inc.",
        "timezone": "America/New_York",
        "source": "ip-api.com"
      },
      "geometry": {
        "type": "Point",
        "coordinates": [
          -74.0066,
          40.7126
        ]
      }
    },
    {
      "type": "Feature",
      "properties": {
        "ip": "199.232.36.159",
        "url": "https://abs.twimg.com/responsive-web/client-web/feature-switch-manifest.460cadba.js",
        "city": "New York",
        "region": "New York",
        "country": "United States",
        "org": "Fastly, Inc.",
        "timezone": "America/New_York",
        "source": "ip-api.com"
      },
      "geometry": {
        "type": "Point",
        "coordinates": [
          -74.0066,
          40.7126
        ]
      }
    },
    {
      "type": "Feature",
      "properties": {
        "ip": "199.232.36.159",
        "url": "https://abs.twimg.com/responsive-web/client-web/shared~bundle.Explore~bundle.Topics.c56048fa.js",
        "city": "New York",
        "region": "New York",
        "country": "United States",
        "org": "Fastly, Inc.",
        "timezone": "America/New_York",
        "source": "ip-api.com"
      },
      "geometry": {
        "type": "Point",
        "coordinates": [
          -74.0066,
          40.7126
        ]
      }
    },
    {
      "type": "Feature",
      "properties": {
        "ip": "199.232.36.159",
        "url": "https://abs.twimg.com/responsive-web/client-web/vendor-eb8eaa08.b1c15f8a.js",
        "city": "New York",
        "region": "New York",
        "country": "United States",
        "org": "Fastly, Inc.",
        "timezone": "America/New_York",
        "source": "ip-api.com"
      },
      "geometry": {
        "type": "Point",
        "coordinates": [
          -74.0066,
          40.7126
        ]
      }
    },
    {
      "type": "Feature",
      "properties": {
        "ip": "199.232.36.159",
        "url": "https://abs.twimg.com/responsive-web/client-web/bundle.TV-3b7b1c3f.5227a27a.js",
        "city": "New York",
        "region": "New York",
        "country": "United States",
        "org": "Fastly, Inc.",
        "timezone": "America/New_York",
        "source": "ip-api.com"
      },
      "geometry": {
        "type": "Point",
        "coordinates": [
          -74.0066,
          40.7126
        ]
      }
    },
    {
      "type": "Feature",
      "properties": {
        "ip": "199.232.36.159",
        "url": "https://abs.twimg.com/responsive-web/client-web/bundle.GrokDrawer-14990c22.31964dea.js",
        "city": "New York",
        "region": "New York",
        "country": "United States",
        "org": "Fastly, Inc.",
        "timezone": "America/New_York",
        "source": "ip-api.com"
      },
      "geometry": {
        "type": "Point",
        "coordinates": [
          -74.0066,
          40.7126
        ]
      }
    },
    {
      "type": "Feature",
      "properties": {
        "ip": "199.232.36.159",
        "url": "https://abs.twimg.com/responsive-web/client-web/loader.TopicFollowPromptHandler.dedfe45a.js",
        "city": "New York",
        "region": "New York",
        "country": "United States",
        "org": "Fastly, Inc.",
        "timezone": "America/New_York",
        "source": "ip-api.com"
      },
      "geometry": {
        "type": "Point",
        "coordinates": [
          -74.0066,
          40.7126
        ]
      }
    },
    {
      "type": "Feature",
      "properties": {
        "ip": "199.232.36.159",
        "url": "https://abs.twimg.com/responsive-web/client-web/bundle.Grok-29980aa8.f3ed45ca.js",
        "city": "New York",
        "region": "New York",
        "country": "United States",
        "org": "Fastly, Inc.",
        "timezone": "America/New_York",
        "source": "ip-api.com"
      },
      "geometry": {
        "type": "Point",
        "coordinates": [
          -74.0066,
          40.7126
        ]
      }
    },
    {
      "type": "Feature",
      "properties": {
        "ip": "199.232.36.159",
        "url": "https://abs.twimg.com/responsive-web/client-web/shared~loader.DMDrawer~bundle.Compose~bundle.DirectMessages~bundle.DMRichTextCompose~loader.HWCard~l-49ce3a1b.f5edd81a.js",
        "city": "New York",
        "region": "New York",
        "country": "United States",
        "org": "Fastly, Inc.",
        "timezone": "America/New_York",
        "source": "ip-api.com"
      },
      "geometry": {
        "type": "Point",
        "coordinates": [
          -74.0066,
          40.7126
        ]
      }
    },
    {
      "type": "Feature",
      "properties": {
        "ip": "199.232.36.159",
        "url": "https://abs.twimg.com/responsive-web/client-web/bundle.DirectMessages-fb4ffec0.eca8158a.js",
        "city": "New York",
        "region": "New York",
        "country": "United States",
        "org": "Fastly, Inc.",
        "timezone": "America/New_York",
        "source": "ip-api.com"
      },
      "geometry": {
        "type": "Point",
        "coordinates": [
          -74.0066,
          40.7126
        ]
      }
    },
    {
      "type": "Feature",
      "properties": {
        "ip": "199.232.36.159",
        "url": "https://abs.twimg.com/responsive-web/client-web/loader.ImpressionPlaceholderHandler.15437dca.js",
        "city": "New York",
        "region": "New York",
        "country": "United States",
        "org": "Fastly, Inc.",
        "timezone": "America/New_York",
        "source": "ip-api.com"
      },
      "geometry": {
        "type": "Point",
        "coordinates": [
          -74.0066,
          40.7126
        ]
      }
    },
    {
      "type": "Feature",
      "properties": {
        "ip": "199.232.36.159",
        "url": "https://abs.twimg.com/responsive-web/client-web/shared~bundle.Grok~loader.Markdown-26844252.b64acd9a.js",
        "city": "New York",
        "region": "New York",
        "country": "United States",
        "org": "Fastly, Inc.",
        "timezone": "America/New_York",
        "source": "ip-api.com"
      },
      "geometry": {
        "type": "Point",
        "coordinates": [
          -74.0066,
          40.7126
        ]
      }
    },
    {
      "type": "Feature",
      "properties": {
        "ip": "199.232.36.159",
        "url": "https://abs.twimg.com/responsive-web/client-web/shared~bundle.Compose~bundle.RichTextCompose-07b0deba.d8854e7a.js",
        "city": "New York",
        "region": "New York",
        "country": "United States",
        "org": "Fastly, Inc.",
        "timezone": "America/New_York",
        "source": "ip-api.com"
      },
      "geometry": {
        "type": "Point",
        "coordinates": [
          -74.0066,
          40.7126
        ]
      }
    },
    {
      "type": "Feature",
      "properties": {
        "ip": "199.232.36.159",
        "url": "https://abs.twimg.com/responsive-web/client-web/bundle.Grok-38dc3b4a.f3b61dda.js",
        "city": "New York",
        "region": "New York",
        "country": "United States",
        "org": "Fastly, Inc.",
        "timezone": "America/New_York",
        "source": "ip-api.com"
      },
      "geometry": {
        "type": "Point",
        "coordinates": [
          -74.0066,
          40.7126
        ]
      }
    },
    {
      "type": "Feature",
      "properties": {
        "ip": "199.232.36.159",
        "url": "https://abs.twimg.com/responsive-web/client-web/icons.1.7525719a.js",
        "city": "New York",
        "region": "New York",
        "country": "United States",
        "org": "Fastly, Inc.",
        "timezone": "America/New_York",
        "source": "ip-api.com"
      },
      "geometry": {
        "type": "Point",
        "coordinates": [
          -74.0066,
          40.7126
        ]
      }
    },
    {
      "type": "Feature",
      "properties": {
        "ip": "199.232.36.159",
        "url": "https://abs.twimg.com/responsive-web/client-web/bundle.VideoScreen.3f3e8f0a.js",
        "city": "New York",
        "region": "New York",
        "country": "United States",
        "org": "Fastly, Inc.",
        "timezone": "America/New_York",
        "source": "ip-api.com"
      },
      "geometry": {
        "type": "Point",
        "coordinates": [
          -74.0066,
          40.7126
        ]
      }
    },
    {
      "type": "Feature",
      "properties": {
        "ip": "199.232.36.159",
        "url": "https://abs.twimg.com/responsive-web/client-web/bundle.PremiumGifting.d8b557aa.js",
        "city": "New York",
        "region": "New York",
        "country": "United States",
        "org": "Fastly, Inc.",
        "timezone": "America/New_York",
        "source": "ip-api.com"
      },
      "geometry": {
        "type": "Point",
        "coordinates": [
          -74.0066,
          40.7126
        ]
      }
    },
    {
      "type": "Feature",
      "properties": {
        "ip": "199.232.36.159",
        "url": "https://abs.twimg.com/responsive-web/client-web/bundle.Ocf-baea4da5.fbf536da.js",
        "city": "New York",
        "region": "New York",
        "country": "United States",
        "org": "Fastly, Inc.",
        "timezone": "America/New_York",
        "source": "ip-api.com"
      },
      "geometry": {
        "type": "Point",
        "coordinates": [
          -74.0066,
          40.7126
        ]
      }
    },
    {
      "type": "Feature",
      "properties": {
        "ip": "199.232.36.159",
        "url": "https://abs.twimg.com/responsive-web/client-web/node_modules_x-clients_features_messages_gu_json.1c263fea.js",
        "city": "New York",
        "region": "New York",
        "country": "United States",
        "org": "Fastly, Inc.",
        "timezone": "America/New_York",
        "source": "ip-api.com"
      },
      "geometry": {
        "type": "Point",
        "coordinates": [
          -74.0066,
          40.7126
        ]
      }
    },
    {
      "type": "Feature",
      "properties": {
        "ip": "199.232.36.159",
        "url": "https://abs.twimg.com/responsive-web/client-web/bundle.TwitterBlue-d2eb5610.9b1821aa.js",
        "city": "New York",
        "region": "New York",
        "country": "United States",
        "org": "Fastly, Inc.",
        "timezone": "America/New_York",
        "source": "ip-api.com"
      },
      "geometry": {
        "type": "Point",
        "coordinates": [
          -74.0066,
          40.7126
        ]
      }
    },
    {
      "type": "Feature",
      "properties": {
        "ip": "199.232.36.159",
        "url": "https://abs.twimg.com/responsive-web/client-web/loader.promptHandler.bbbe8b2a.js",
        "city": "New York",
        "region": "New York",
        "country": "United States",
        "org": "Fastly, Inc.",
        "timezone": "America/New_York",
        "source": "ip-api.com"
      },
      "geometry": {
        "type": "Point",
        "coordinates": [
          -74.0066,
          40.7126
        ]
      }
    },
    {
      "type": "Feature",
      "properties": {
        "ip": "199.232.36.159",
        "url": "https://abs.twimg.com/responsive-web/client-web/bundle.ExploreTopics.a21f04ea.js",
        "city": "New York",
        "region": "New York",
        "country": "United States",
        "org": "Fastly, Inc.",
        "timezone": "America/New_York",
        "source": "ip-api.com"
      },
      "geometry": {
        "type": "Point",
        "coordinates": [
          -74.0066,
          40.7126
        ]
      }
    },
    {
      "type": "Feature",
      "properties": {
        "ip": "199.232.36.159",
        "url": "https://abs.twimg.com/responsive-web/client-web/vendor-58c6fc15.0f415a1a.js",
        "city": "New York",
        "region": "New York",
        "country": "United States",
        "org": "Fastly, Inc.",
        "timezone": "America/New_York",
        "source": "ip-api.com"
      },
      "geometry": {
        "type": "Point",
        "coordinates": [
          -74.0066,
          40.7126
        ]
      }
    },
    {
      "type": "Feature",
      "properties": {
        "ip": "199.232.36.159",
        "url": "https://abs.twimg.com/responsive-web/client-web/bundle.ConversationParticipants-e96e9bea.66b300aa.js",
        "city": "New York",
        "region": "New York",
        "country": "United States",
        "org": "Fastly, Inc.",
        "timezone": "America/New_York",
        "source": "ip-api.com"
      },
      "geometry": {
        "type": "Point",
        "coordinates": [
          -74.0066,
          40.7126
        ]
      }
    },
    {
      "type": "Feature",
      "properties": {
        "ip": "199.232.36.159",
        "url": "https://abs.twimg.com/responsive-web/client-web/bundle.TwitterBlue-5d3107ce.8ab3840a.js",
        "city": "New York",
        "region": "New York",
        "country": "United States",
        "org": "Fastly, Inc.",
        "timezone": "America/New_York",
        "source": "ip-api.com"
      },
      "geometry": {
        "type": "Point",
        "coordinates": [
          -74.0066,
          40.7126
        ]
      }
    },
    {
      "type": "Feature",
      "properties": {
        "ip": "199.232.36.159",
        "url": "https://abs.twimg.com/responsive-web/client-web/bundle.OAuth.edb05eaa.js",
        "city": "New York",
        "region": "New York",
        "country": "United States",
        "org": "Fastly, Inc.",
        "timezone": "America/New_York",
        "source": "ip-api.com"
      },
      "geometry": {
        "type": "Point",
        "coordinates": [
          -74.0066,
          40.7126
        ]
      }
    },
    {
      "type": "Feature",
      "properties": {
        "ip": "199.232.36.159",
        "url": "https://abs.twimg.com/responsive-web/client-web/shared~bundle.PremiumJobs~ondemand.Verified-e6266db0.3d7a478a.js",
        "city": "New York",
        "region": "New York",
        "country": "United States",
        "org": "Fastly, Inc.",
        "timezone": "America/New_York",
        "source": "ip-api.com"
      },
      "geometry": {
        "type": "Point",
        "coordinates": [
          -74.0066,
          40.7126
        ]
      }
    },
    {
      "type": "Feature",
      "properties": {
        "ip": "199.232.36.159",
        "url": "https://abs.twimg.com/responsive-web/client-web/loader.tweetHandler.b22940ea.js",
        "city": "New York",
        "region": "New York",
        "country": "United States",
        "org": "Fastly, Inc.",
        "timezone": "America/New_York",
        "source": "ip-api.com"
      },
      "geometry": {
        "type": "Point",
        "coordinates": [
          -74.0066,
          40.7126
        ]
      }
    },
    {
      "type": "Feature",
      "properties": {
        "ip": "199.232.36.159",
        "url": "https://abs.twimg.com/responsive-web/client-web/bundle.AccountAnalytics-5751b0cc.b8cf5c1a.js",
        "city": "New York",
        "region": "New York",
        "country": "United States",
        "org": "Fastly, Inc.",
        "timezone": "America/New_York",
        "source": "ip-api.com"
      },
      "geometry": {
        "type": "Point",
        "coordinates": [
          -74.0066,
          40.7126
        ]
      }
    },
    {
      "type": "Feature",
      "properties": {
        "ip": "199.232.36.159",
        "url": "https://abs.twimg.com/responsive-web/client-web/i18n/emoji-zh.96b4969a.js",
        "city": "New York",
        "region": "New York",
        "country": "United States",
        "org": "Fastly, Inc.",
        "timezone": "America/New_York",
        "source": "ip-api.com"
      },
      "geometry": {
        "type": "Point",
        "coordinates": [
          -74.0066,
          40.7126
        ]
      }
    },
    {
      "type": "Feature",
      "properties": {
        "ip": "199.232.36.159",
        "url": "https://abs.twimg.com/responsive-web/client-web/bundle.UserProfile-63cb1cc4.cc95992a.js",
        "city": "New York",
        "region": "New York",
        "country": "United States",
        "org": "Fastly, Inc.",
        "timezone": "America/New_York",
        "source": "ip-api.com"
      },
      "geometry": {
        "type": "Point",
        "coordinates": [
          -74.0066,
          40.7126
        ]
      }
    },
    {
      "type": "Feature",
      "properties": {
        "ip": "199.232.36.159",
        "url": "https://abs.twimg.com/responsive-web/client-web/shared~bundle.ReaderMode~bundle.Birdwatch~bundle.TwitterArticles~bundle.Compose~bundle.Settings~bund-7a04a44b.c822163a.js",
        "city": "New York",
        "region": "New York",
        "country": "United States",
        "org": "Fastly, Inc.",
        "timezone": "America/New_York",
        "source": "ip-api.com"
      },
      "geometry": {
        "type": "Point",
        "coordinates": [
          -74.0066,
          40.7126
        ]
      }
    },
    {
      "type": "Feature",
      "properties": {
        "ip": "199.232.36.159",
        "url": "https://abs.twimg.com/responsive-web/client-web/ondemand.LottieWeb.d05116ea.js",
        "city": "New York",
        "region": "New York",
        "country": "United States",
        "org": "Fastly, Inc.",
        "timezone": "America/New_York",
        "source": "ip-api.com"
      },
      "geometry": {
        "type": "Point",
        "coordinates": [
          -74.0066,
          40.7126
        ]
      }
    },
    {
      "type": "Feature",
      "properties": {
        "ip": "199.232.36.159",
        "url": "https://abs.twimg.com/responsive-web/client-web/bundle.QuickFreeTrial.eb01460a.js",
        "city": "New York",
        "region": "New York",
        "country": "United States",
        "org": "Fastly, Inc.",
        "timezone": "America/New_York",
        "source": "ip-api.com"
      },
      "geometry": {
        "type": "Point",
        "coordinates": [
          -74.0066,
          40.7126
        ]
      }
    },
    {
      "type": "Feature",
      "properties": {
        "ip": "199.232.36.159",
        "url": "https://abs.twimg.com/responsive-web/client-web/vendor-27545368.77b8a3ba.js",
        "city": "New York",
        "region": "New York",
        "country": "United States",
        "org": "Fastly, Inc.",
        "timezone": "America/New_York",
        "source": "ip-api.com"
      },
      "geometry": {
        "type": "Point",
        "coordinates": [
          -74.0066,
          40.7126
        ]
      }
    },
    {
      "type": "Feature",
      "properties": {
        "ip": "199.232.36.159",
        "url": "https://abs.twimg.com/responsive-web/client-web/loaders.video.VideoPlayer.5166d6fa.js",
        "city": "New York",
        "region": "New York",
        "country": "United States",
        "org": "Fastly, Inc.",
        "timezone": "America/New_York",
        "source": "ip-api.com"
      },
      "geometry": {
        "type": "Point",
        "coordinates": [
          -74.0066,
          40.7126
        ]
      }
    },
    {
      "type": "Feature",
      "properties": {
        "ip": "199.232.36.159",
        "url": "https://abs.twimg.com/responsive-web/client-web/shared~loader.AudioDock~loader.DashMenu~loader.DashModal~loader.DMDrawer~bundle.GrokDrawer~ondemand.-828b2167.2e7a522a.js",
        "city": "New York",
        "region": "New York",
        "country": "United States",
        "org": "Fastly, Inc.",
        "timezone": "America/New_York",
        "source": "ip-api.com"
      },
      "geometry": {
        "type": "Point",
        "coordinates": [
          -74.0066,
          40.7126
        ]
      }
    },
    {
      "type": "Feature",
      "properties": {
        "ip": "199.232.36.159",
        "url": "https://abs.twimg.com/responsive-web/client-web/node_modules_x-clients_features_messages_ko_json.84a0891a.js",
        "city": "New York",
        "region": "New York",
        "country": "United States",
        "org": "Fastly, Inc.",
        "timezone": "America/New_York",
        "source": "ip-api.com"
      },
      "geometry": {
        "type": "Point",
        "coordinates": [
          -74.0066,
          40.7126
        ]
      }
    },
    {
      "type": "Feature",
      "properties": {
        "ip": "199.232.36.159",
        "url": "https://abs.twimg.com/responsive-web/client-web/shared~bundle.AccountAnalytics~bundle.News~bundle.Grok~ondemand.News~ondemand.Insights~loader.Explor-4e7553e3.18f66f7a.js",
        "city": "New York",
        "region": "New York",
        "country": "United States",
        "org": "Fastly, Inc.",
        "timezone": "America/New_York",
        "source": "ip-api.com"
      },
      "geometry": {
        "type": "Point",
        "coordinates": [
          -74.0066,
          40.7126
        ]
      }
    },
    {
      "type": "Feature",
      "properties": {
        "ip": "199.232.36.159",
        "url": "https://abs.twimg.com/responsive-web/client-web/loader.VerifiedOrgSidebarModule.258c1e0a.js",
        "city": "New York",
        "region": "New York",
        "country": "United States",
        "org": "Fastly, Inc.",
        "timezone": "America/New_York",
        "source": "ip-api.com"
      },
      "geometry": {
        "type": "Point",
        "coordinates": [
          -74.0066,
          40.7126
        ]
      }
    },
    {
      "type": "Feature",
      "properties": {
        "ip": "199.232.36.159",
        "url": "https://abs.twimg.com/responsive-web/client-web/loader.Confetti-6107ac1a.1b77f2aa.js",
        "city": "New York",
        "region": "New York",
        "country": "United States",
        "org": "Fastly, Inc.",
        "timezone": "America/New_York",
        "source": "ip-api.com"
      },
      "geometry": {
        "type": "Point",
        "coordinates": [
          -74.0066,
          40.7126
        ]
      }
    },
    {
      "type": "Feature",
      "properties": {
        "ip": "199.232.36.159",
        "url": "https://abs.twimg.com/responsive-web/client-web/loader.newsArticleHandler.0383e9ba.js",
        "city": "New York",
        "region": "New York",
        "country": "United States",
        "org": "Fastly, Inc.",
        "timezone": "America/New_York",
        "source": "ip-api.com"
      },
      "geometry": {
        "type": "Point",
        "coordinates": [
          -74.0066,
          40.7126
        ]
      }
    },
    {
      "type": "Feature",
      "properties": {
        "ip": "199.232.36.159",
        "url": "https://abs.twimg.com/responsive-web/client-web/shared~bundle.Grok~loader.Markdown-6bf2d53b.7e15788a.js",
        "city": "New York",
        "region": "New York",
        "country": "United States",
        "org": "Fastly, Inc.",
        "timezone": "America/New_York",
        "source": "ip-api.com"
      },
      "geometry": {
        "type": "Point",
        "coordinates": [
          -74.0066,
          40.7126
        ]
      }
    },
    {
      "type": "Feature",
      "properties": {
        "ip": "199.232.36.159",
        "url": "https://abs.twimg.com/responsive-web/client-web/bundle.DirectMessages-58b91ff1.6628df1a.js",
        "city": "New York",
        "region": "New York",
        "country": "United States",
        "org": "Fastly, Inc.",
        "timezone": "America/New_York",
        "source": "ip-api.com"
      },
      "geometry": {
        "type": "Point",
        "coordinates": [
          -74.0066,
          40.7126
        ]
      }
    },
    {
      "type": "Feature",
      "properties": {
        "ip": "199.232.36.159",
        "url": "https://abs.twimg.com/responsive-web/client-web/bundle.JobSearch-e6266db0.34aa323a.js",
        "city": "New York",
        "region": "New York",
        "country": "United States",
        "org": "Fastly, Inc.",
        "timezone": "America/New_York",
        "source": "ip-api.com"
      },
      "geometry": {
        "type": "Point",
        "coordinates": [
          -74.0066,
          40.7126
        ]
      }
    },
    {
      "type": "Feature",
      "properties": {
        "ip": "199.232.36.159",
        "url": "https://abs.twimg.com/responsive-web/client-web/node_modules_x-clients_features_messages_pl_json.077ea87a.js",
        "city": "New York",
        "region": "New York",
        "country": "United States",
        "org": "Fastly, Inc.",
        "timezone": "America/New_York",
        "source": "ip-api.com"
      },
      "geometry": {
        "type": "Point",
        "coordinates": [
          -74.0066,
          40.7126
        ]
      }
    },
    {
      "type": "Feature",
      "properties": {
        "ip": "199.232.36.159",
        "url": "https://abs.twimg.com/responsive-web/client-web/bundle.Communities-fd196509.5c58594a.js",
        "city": "New York",
        "region": "New York",
        "country": "United States",
        "org": "Fastly, Inc.",
        "timezone": "America/New_York",
        "source": "ip-api.com"
      },
      "geometry": {
        "type": "Point",
        "coordinates": [
          -74.0066,
          40.7126
        ]
      }
    },
    {
      "type": "Feature",
      "properties": {
        "ip": "199.232.36.159",
        "url": "https://abs.twimg.com/responsive-web/client-web/loader.directMessagesData-6203568b.ab4acd0a.js",
        "city": "New York",
        "region": "New York",
        "country": "United States",
        "org": "Fastly, Inc.",
        "timezone": "America/New_York",
        "source": "ip-api.com"
      },
      "geometry": {
        "type": "Point",
        "coordinates": [
          -74.0066,
          40.7126
        ]
      }
    },
    {
      "type": "Feature",
      "properties": {
        "ip": "199.232.36.159",
        "url": "https://abs.twimg.com/responsive-web/client-web/shared~bundle.AccountAnalytics~bundle.News~bundle.Grok~ondemand.News~ondemand.Insights~loader.Explor-ff768435.4d812efa.js",
        "city": "New York",
        "region": "New York",
        "country": "United States",
        "org": "Fastly, Inc.",
        "timezone": "America/New_York",
        "source": "ip-api.com"
      },
      "geometry": {
        "type": "Point",
        "coordinates": [
          -74.0066,
          40.7126
        ]
      }
    },
    {
      "type": "Feature",
      "properties": {
        "ip": "199.232.36.159",
        "url": "https://abs.twimg.com/responsive-web/client-web/bundle.TwitterBlue-20ca922c.5d3bfd1a.js",
        "city": "New York",
        "region": "New York",
        "country": "United States",
        "org": "Fastly, Inc.",
        "timezone": "America/New_York",
        "source": "ip-api.com"
      },
      "geometry": {
        "type": "Point",
        "coordinates": [
          -74.0066,
          40.7126
        ]
      }
    },
    {
      "type": "Feature",
      "properties": {
        "ip": "199.232.36.159",
        "url": "https://abs.twimg.com/responsive-web/client-web/bundle.Birdwatch-e80f26e9.bd01a1ca.js",
        "city": "New York",
        "region": "New York",
        "country": "United States",
        "org": "Fastly, Inc.",
        "timezone": "America/New_York",
        "source": "ip-api.com"
      },
      "geometry": {
        "type": "Point",
        "coordinates": [
          -74.0066,
          40.7126
        ]
      }
    },
    {
      "type": "Feature",
      "properties": {
        "ip": "199.232.36.159",
        "url": "https://abs.twimg.com/responsive-web/client-web/loader.Typeahead-1571f5ba.abc5891a.js",
        "city": "New York",
        "region": "New York",
        "country": "United States",
        "org": "Fastly, Inc.",
        "timezone": "America/New_York",
        "source": "ip-api.com"
      },
      "geometry": {
        "type": "Point",
        "coordinates": [
          -74.0066,
          40.7126
        ]
      }
    },
    {
      "type": "Feature",
      "properties": {
        "ip": "199.232.36.159",
        "url": "https://abs.twimg.com/responsive-web/client-web/shared~loader.DMDrawer~bundle.DirectMessages-6107ac1a.8bd6224a.js",
        "city": "New York",
        "region": "New York",
        "country": "United States",
        "org": "Fastly, Inc.",
        "timezone": "America/New_York",
        "source": "ip-api.com"
      },
      "geometry": {
        "type": "Point",
        "coordinates": [
          -74.0066,
          40.7126
        ]
      }
    },
    {
      "type": "Feature",
      "properties": {
        "ip": "199.232.36.159",
        "url": "https://abs.twimg.com/responsive-web/client-web/bundle.UserAvatar-8486177b.29ddb26a.js",
        "city": "New York",
        "region": "New York",
        "country": "United States",
        "org": "Fastly, Inc.",
        "timezone": "America/New_York",
        "source": "ip-api.com"
      },
      "geometry": {
        "type": "Point",
        "coordinates": [
          -74.0066,
          40.7126
        ]
      }
    },
    {
      "type": "Feature",
      "properties": {
        "ip": "199.232.36.159",
        "url": "https://abs.twimg.com/responsive-web/client-web/bundle.SettingsProfessionalProfileCommunitiesSpotlight-6107ac1a.4cb575da.js",
        "city": "New York",
        "region": "New York",
        "country": "United States",
        "org": "Fastly, Inc.",
        "timezone": "America/New_York",
        "source": "ip-api.com"
      },
      "geometry": {
        "type": "Point",
        "coordinates": [
          -74.0066,
          40.7126
        ]
      }
    },
    {
      "type": "Feature",
      "properties": {
        "ip": "199.232.36.159",
        "url": "https://abs.twimg.com/responsive-web/client-web/bundle.SettingsRevamp.454b814a.js",
        "city": "New York",
        "region": "New York",
        "country": "United States",
        "org": "Fastly, Inc.",
        "timezone": "America/New_York",
        "source": "ip-api.com"
      },
      "geometry": {
        "type": "Point",
        "coordinates": [
          -74.0066,
          40.7126
        ]
      }
    },
    {
      "type": "Feature",
      "properties": {
        "ip": "199.232.36.159",
        "url": "https://abs.twimg.com/responsive-web/client-web/bundle.Birdwatch-9ec2f64d.277a774a.js",
        "city": "New York",
        "region": "New York",
        "country": "United States",
        "org": "Fastly, Inc.",
        "timezone": "America/New_York",
        "source": "ip-api.com"
      },
      "geometry": {
        "type": "Point",
        "coordinates": [
          -74.0066,
          40.7126
        ]
      }
    },
    {
      "type": "Feature",
      "properties": {
        "ip": "199.232.36.159",
        "url": "https://abs.twimg.com/responsive-web/client-web/loader.NewsSentimentSidebar.2e289eba.js",
        "city": "New York",
        "region": "New York",
        "country": "United States",
        "org": "Fastly, Inc.",
        "timezone": "America/New_York",
        "source": "ip-api.com"
      },
      "geometry": {
        "type": "Point",
        "coordinates": [
          -74.0066,
          40.7126
        ]
      }
    },
    {
      "type": "Feature",
      "properties": {
        "ip": "199.232.36.159",
        "url": "https://abs.twimg.com/responsive-web/client-web/node_modules_x-clients_features_dist_dms_sqlite_worker_js.71f407ba.js",
        "city": "New York",
        "region": "New York",
        "country": "United States",
        "org": "Fastly, Inc.",
        "timezone": "America/New_York",
        "source": "ip-api.com"
      },
      "geometry": {
        "type": "Point",
        "coordinates": [
          -74.0066,
          40.7126
        ]
      }
    },
    {
      "type": "Feature",
      "properties": {
        "ip": "199.232.36.159",
        "url": "https://abs.twimg.com/responsive-web/client-web/shared~loader.AudioDock~loader.DashMenu~loader.DashModal~loader.DMDrawer~bundle.GrokDrawer~ondemand.-b903813c.8c2d494a.js",
        "city": "New York",
        "region": "New York",
        "country": "United States",
        "org": "Fastly, Inc.",
        "timezone": "America/New_York",
        "source": "ip-api.com"
      },
      "geometry": {
        "type": "Point",
        "coordinates": [
          -74.0066,
          40.7126
        ]
      }
    },
    {
      "type": "Feature",
      "properties": {
        "ip": "199.232.36.159",
        "url": "https://abs.twimg.com/responsive-web/client-web/shared~loader.DMDrawer~bundle.ReaderMode~bundle.Compose~bundle.DirectMessages~bundle.DMRichTextCompose~bundle.08d7e52a.js",
        "city": "New York",
        "region": "New York",
        "country": "United States",
        "org": "Fastly, Inc.",
        "timezone": "America/New_York",
        "source": "ip-api.com"
      },
      "geometry": {
        "type": "Point",
        "coordinates": [
          -74.0066,
          40.7126
        ]
      }
    },
    {
      "type": "Feature",
      "properties": {
        "ip": "199.232.36.159",
        "url": "https://abs.twimg.com/responsive-web/client-web/shared~bundle.AccountAnalytics~ondemand.Verified-e96e9bea.22db661a.js",
        "city": "New York",
        "region": "New York",
        "country": "United States",
        "org": "Fastly, Inc.",
        "timezone": "America/New_York",
        "source": "ip-api.com"
      },
      "geometry": {
        "type": "Point",
        "coordinates": [
          -74.0066,
          40.7126
        ]
      }
    },
    {
      "type": "Feature",
      "properties": {
        "ip": "199.232.36.159",
        "url": "https://abs.twimg.com/responsive-web/client-web/shared~bundle.Compose~bundle.RichTextCompose-a2dee9c7.9a5bdb0a.js",
        "city": "New York",
        "region": "New York",
        "country": "United States",
        "org": "Fastly, Inc.",
        "timezone": "America/New_York",
        "source": "ip-api.com"
      },
      "geometry": {
        "type": "Point",
        "coordinates": [
          -74.0066,
          40.7126
        ]
      }
    },
    {
      "type": "Feature",
      "properties": {
        "ip": "199.232.36.159",
        "url": "https://abs.twimg.com/responsive-web/client-web/bundle.Logout-9f4db315.fe7e71ba.js",
        "city": "New York",
        "region": "New York",
        "country": "United States",
        "org": "Fastly, Inc.",
        "timezone": "America/New_York",
        "source": "ip-api.com"
      },
      "geometry": {
        "type": "Point",
        "coordinates": [
          -74.0066,
          40.7126
        ]
      }
    },
    {
      "type": "Feature",
      "properties": {
        "ip": "199.232.36.159",
        "url": "https://abs.twimg.com/responsive-web/client-web/bundle.Payments-b8e4b837.6177bdfa.js",
        "city": "New York",
        "region": "New York",
        "country": "United States",
        "org": "Fastly, Inc.",
        "timezone": "America/New_York",
        "source": "ip-api.com"
      },
      "geometry": {
        "type": "Point",
        "coordinates": [
          -74.0066,
          40.7126
        ]
      }
    },
    {
      "type": "Feature",
      "properties": {
        "ip": "199.232.36.159",
        "url": "https://abs.twimg.com/responsive-web/client-web/loader.Dock-7d212117.80ebc1ea.js",
        "city": "New York",
        "region": "New York",
        "country": "United States",
        "org": "Fastly, Inc.",
        "timezone": "America/New_York",
        "source": "ip-api.com"
      },
      "geometry": {
        "type": "Point",
        "coordinates": [
          -74.0066,
          40.7126
        ]
      }
    },
    {
      "type": "Feature",
      "properties": {
        "ip": "199.232.36.159",
        "url": "https://abs.twimg.com/responsive-web/client-web/bundle.Communities-70f0082f.b3522cba.js",
        "city": "New York",
        "region": "New York",
        "country": "United States",
        "org": "Fastly, Inc.",
        "timezone": "America/New_York",
        "source": "ip-api.com"
      },
      "geometry": {
        "type": "Point",
        "coordinates": [
          -74.0066,
          40.7126
        ]
      }
    },
    {
      "type": "Feature",
      "properties": {
        "ip": "199.232.36.159",
        "url": "https://abs.twimg.com/responsive-web/client-web/bundle.TwitterBlue-cda947e7.0680867a.js",
        "city": "New York",
        "region": "New York",
        "country": "United States",
        "org": "Fastly, Inc.",
        "timezone": "America/New_York",
        "source": "ip-api.com"
      },
      "geometry": {
        "type": "Point",
        "coordinates": [
          -74.0066,
          40.7126
        ]
      }
    },
    {
      "type": "Feature",
      "properties": {
        "ip": "199.232.36.159",
        "url": "https://abs.twimg.com/responsive-web/client-web/shared~bundle.AccountAnalytics~ondemand.SettingsInternals~ondemand.SettingsRevamp~bundle.Payments~bundle.Prem.3b8f419a.js",
        "city": "New York",
        "region": "New York",
        "country": "United States",
        "org": "Fastly, Inc.",
        "timezone": "America/New_York",
        "source": "ip-api.com"
      },
      "geometry": {
        "type": "Point",
        "coordinates": [
          -74.0066,
          40.7126
        ]
      }
    },
    {
      "type": "Feature",
      "properties": {
        "ip": "199.232.36.159",
        "url": "https://abs.twimg.com/responsive-web/client-web/bundle.AboutThisAd.0a450c1a.js",
        "city": "New York",
        "region": "New York",
        "country": "United States",
        "org": "Fastly, Inc.",
        "timezone": "America/New_York",
        "source": "ip-api.com"
      },
      "geometry": {
        "type": "Point",
        "coordinates": [
          -74.0066,
          40.7126
        ]
      }
    },
    {
      "type": "Feature",
      "properties": {
        "ip": "199.232.36.159",
        "url": "https://abs.twimg.com/favicons/twitter.3.ico",
        "city": "New York",
        "region": "New York",
        "country": "United States",
        "org": "Fastly, Inc.",
        "timezone": "America/New_York",
        "source": "ip-api.com"
      },
      "geometry": {
        "type": "Point",
        "coordinates": [
          -74.0066,
          40.7126
        ]
      }
    },
    {
      "type": "Feature",
      "properties": {
        "ip": "199.232.36.159",
        "url": "https://abs.twimg.com/responsive-web/client-web/loader.TweetCurationActionMenu-6107ac1a.4dc91c8a.js",
        "city": "New York",
        "region": "New York",
        "country": "United States",
        "org": "Fastly, Inc.",
        "timezone": "America/New_York",
        "source": "ip-api.com"
      },
      "geometry": {
        "type": "Point",
        "coordinates": [
          -74.0066,
          40.7126
        ]
      }
    },
    {
      "type": "Feature",
      "properties": {
        "ip": "199.232.36.159",
        "url": "https://abs.twimg.com/responsive-web/client-web/loader.AudioOnlyVideoPlayer.69f53f4a.js",
        "city": "New York",
        "region": "New York",
        "country": "United States",
        "org": "Fastly, Inc.",
        "timezone": "America/New_York",
        "source": "ip-api.com"
      },
      "geometry": {
        "type": "Point",
        "coordinates": [
          -74.0066,
          40.7126
        ]
      }
    },
    {
      "type": "Feature",
      "properties": {
        "ip": "199.232.36.159",
        "url": "https://abs.twimg.com/responsive-web/client-web/shared~bundle.Grok~loader.Markdown-f29574de.847ec73a.js",
        "city": "New York",
        "region": "New York",
        "country": "United States",
        "org": "Fastly, Inc.",
        "timezone": "America/New_York",
        "source": "ip-api.com"
      },
      "geometry": {
        "type": "Point",
        "coordinates": [
          -74.0066,
          40.7126
        ]
      }
    },
    {
      "type": "Feature",
      "properties": {
        "ip": "199.232.36.159",
        "url": "https://abs.twimg.com/responsive-web/client-web/loaders.video.PlayerHls1.5-996b2f5e.3ee752da.js",
        "city": "New York",
        "region": "New York",
        "country": "United States",
        "org": "Fastly, Inc.",
        "timezone": "America/New_York",
        "source": "ip-api.com"
      },
      "geometry": {
        "type": "Point",
        "coordinates": [
          -74.0066,
          40.7126
        ]
      }
    },
    {
      "type": "Feature",
      "properties": {
        "ip": "199.232.36.159",
        "url": "https://abs.twimg.com/responsive-web/client-web/bundle.LiveEvent-6107ac1a.0074bf5a.js",
        "city": "New York",
        "region": "New York",
        "country": "United States",
        "org": "Fastly, Inc.",
        "timezone": "America/New_York",
        "source": "ip-api.com"
      },
      "geometry": {
        "type": "Point",
        "coordinates": [
          -74.0066,
          40.7126
        ]
      }
    },
    {
      "type": "Feature",
      "properties": {
        "ip": "199.232.36.159",
        "url": "https://abs.twimg.com/responsive-web/client-web/loader.PagedCarouselItemHandler.234c07ba.js",
        "city": "New York",
        "region": "New York",
        "country": "United States",
        "org": "Fastly, Inc.",
        "timezone": "America/New_York",
        "source": "ip-api.com"
      },
      "geometry": {
        "type": "Point",
        "coordinates": [
          -74.0066,
          40.7126
        ]
      }
    },
    {
      "type": "Feature",
      "properties": {
        "ip": "199.232.36.159",
        "url": "https://abs.twimg.com/responsive-web/client-web/bundle.SettingsTransparency.2e1d037a.js",
        "city": "New York",
        "region": "New York",
        "country": "United States",
        "org": "Fastly, Inc.",
        "timezone": "America/New_York",
        "source": "ip-api.com"
      },
      "geometry": {
        "type": "Point",
        "coordinates": [
          -74.0066,
          40.7126
        ]
      }
    },
    {
      "type": "Feature",
      "properties": {
        "ip": "199.232.36.159",
        "url": "https://abs.twimg.com/responsive-web/client-web/bundle.DirectMessages-bfd49e49.d7bac43a.js",
        "city": "New York",
        "region": "New York",
        "country": "United States",
        "org": "Fastly, Inc.",
        "timezone": "America/New_York",
        "source": "ip-api.com"
      },
      "geometry": {
        "type": "Point",
        "coordinates": [
          -74.0066,
          40.7126
        ]
      }
    },
    {
      "type": "Feature",
      "properties": {
        "ip": "199.232.36.159",
        "url": "https://abs.twimg.com/responsive-web/client-web/bundle.TwitterArticles-cf1ec9f3.c8c5b1da.js",
        "city": "New York",
        "region": "New York",
        "country": "United States",
        "org": "Fastly, Inc.",
        "timezone": "America/New_York",
        "source": "ip-api.com"
      },
      "geometry": {
        "type": "Point",
        "coordinates": [
          -74.0066,
          40.7126
        ]
      }
    },
    {
      "type": "Feature",
      "properties": {
        "ip": "199.232.36.159",
        "url": "https://abs.twimg.com/responsive-web/client-web/shared~bundle.AccountAnalytics~bundle.ConversationWithRelay.bf37ceca.js",
        "city": "New York",
        "region": "New York",
        "country": "United States",
        "org": "Fastly, Inc.",
        "timezone": "America/New_York",
        "source": "ip-api.com"
      },
      "geometry": {
        "type": "Point",
        "coordinates": [
          -74.0066,
          40.7126
        ]
      }
    },
    {
      "type": "Feature",
      "properties": {
        "ip": "199.232.36.159",
        "url": "https://abs.twimg.com/responsive-web/client-web/bundle.GrokDrawer-2291c9da.db7b5dca.js",
        "city": "New York",
        "region": "New York",
        "country": "United States",
        "org": "Fastly, Inc.",
        "timezone": "America/New_York",
        "source": "ip-api.com"
      },
      "geometry": {
        "type": "Point",
        "coordinates": [
          -74.0066,
          40.7126
        ]
      }
    },
    {
      "type": "Feature",
      "properties": {
        "ip": "199.232.36.159",
        "url": "https://abs.twimg.com/responsive-web/client-web/bundle.Compose-e4e3d8bb.2f265c2a.js",
        "city": "New York",
        "region": "New York",
        "country": "United States",
        "org": "Fastly, Inc.",
        "timezone": "America/New_York",
        "source": "ip-api.com"
      },
      "geometry": {
        "type": "Point",
        "coordinates": [
          -74.0066,
          40.7126
        ]
      }
    },
    {
      "type": "Feature",
      "properties": {
        "ip": "199.232.36.159",
        "url": "https://abs.twimg.com/responsive-web/client-web/icons.10.d251004a.js",
        "city": "New York",
        "region": "New York",
        "country": "United States",
        "org": "Fastly, Inc.",
        "timezone": "America/New_York",
        "source": "ip-api.com"
      },
      "geometry": {
        "type": "Point",
        "coordinates": [
          -74.0066,
          40.7126
        ]
      }
    },
    {
      "type": "Feature",
      "properties": {
        "ip": "199.232.36.159",
        "url": "https://abs.twimg.com/responsive-web/client-web/node_modules_x-clients_features_messages_de_json.3848d5ba.js",
        "city": "New York",
        "region": "New York",
        "country": "United States",
        "org": "Fastly, Inc.",
        "timezone": "America/New_York",
        "source": "ip-api.com"
      },
      "geometry": {
        "type": "Point",
        "coordinates": [
          -74.0066,
          40.7126
        ]
      }
    },
    {
      "type": "Feature",
      "properties": {
        "ip": "199.232.36.159",
        "url": "https://abs.twimg.com/responsive-web/client-web/bundle.Payments-41dc26ea.8883feea.js",
        "city": "New York",
        "region": "New York",
        "country": "United States",
        "org": "Fastly, Inc.",
        "timezone": "America/New_York",
        "source": "ip-api.com"
      },
      "geometry": {
        "type": "Point",
        "coordinates": [
          -74.0066,
          40.7126
        ]
      }
    },
    {
      "type": "Feature",
      "properties": {
        "ip": "199.232.36.159",
        "url": "https://abs.twimg.com/responsive-web/client-web/shared~loader.DashMenu~loader.SideNav~loader.SideNavRedesign~loader.AppModules~loader.DMDrawer~bundl-96df1800.0baf644a.js",
        "city": "New York",
        "region": "New York",
        "country": "United States",
        "org": "Fastly, Inc.",
        "timezone": "America/New_York",
        "source": "ip-api.com"
      },
      "geometry": {
        "type": "Point",
        "coordinates": [
          -74.0066,
          40.7126
        ]
      }
    },
    {
      "type": "Feature",
      "properties": {
        "ip": "199.232.36.159",
        "url": "https://abs.twimg.com/responsive-web/client-web/shared~bundle.Grok~loader.Markdown-78667c23.a27e27da.js",
        "city": "New York",
        "region": "New York",
        "country": "United States",
        "org": "Fastly, Inc.",
        "timezone": "America/New_York",
        "source": "ip-api.com"
      },
      "geometry": {
        "type": "Point",
        "coordinates": [
          -74.0066,
          40.7126
        ]
      }
    },
    {
      "type": "Feature",
      "properties": {
        "ip": "199.232.36.159",
        "url": "https://abs.twimg.com/responsive-web/client-web/node_modules_x-clients_features_messages_es_json.577b99ba.js",
        "city": "New York",
        "region": "New York",
        "country": "United States",
        "org": "Fastly, Inc.",
        "timezone": "America/New_York",
        "source": "ip-api.com"
      },
      "geometry": {
        "type": "Point",
        "coordinates": [
          -74.0066,
          40.7126
        ]
      }
    },
    {
      "type": "Feature",
      "properties": {
        "ip": "199.232.36.159",
        "url": "https://abs.twimg.com/responsive-web/client-web/ondemand.s.dbd7039a.js",
        "city": "New York",
        "region": "New York",
        "country": "United States",
        "org": "Fastly, Inc.",
        "timezone": "America/New_York",
        "source": "ip-api.com"
      },
      "geometry": {
        "type": "Point",
        "coordinates": [
          -74.0066,
          40.7126
        ]
      }
    },
    {
      "type": "Feature",
      "properties": {
        "ip": "199.232.36.159",
        "url": "https://abs.twimg.com/responsive-web/client-web/bundle.TwitterArticles-acb640be.b29bd49a.js",
        "city": "New York",
        "region": "New York",
        "country": "United States",
        "org": "Fastly, Inc.",
        "timezone": "America/New_York",
        "source": "ip-api.com"
      },
      "geometry": {
        "type": "Point",
        "coordinates": [
          -74.0066,
          40.7126
        ]
      }
    },
    {
      "type": "Feature",
      "properties": {
        "ip": "199.232.36.159",
        "url": "https://abs.twimg.com/responsive-web/client-web/loader.directMessagesData-9f4db315.2a002afa.js",
        "city": "New York",
        "region": "New York",
        "country": "United States",
        "org": "Fastly, Inc.",
        "timezone": "America/New_York",
        "source": "ip-api.com"
      },
      "geometry": {
        "type": "Point",
        "coordinates": [
          -74.0066,
          40.7126
        ]
      }
    },
    {
      "type": "Feature",
      "properties": {
        "ip": "199.232.36.159",
        "url": "https://abs.twimg.com/responsive-web/client-web/shared~loader.DMDrawer~bundle.Compose~bundle.DirectMessages~bundle.DMRichTextCompose~loader.HWCard~l-7b8626db.be058cda.js",
        "city": "New York",
        "region": "New York",
        "country": "United States",
        "org": "Fastly, Inc.",
        "timezone": "America/New_York",
        "source": "ip-api.com"
      },
      "geometry": {
        "type": "Point",
        "coordinates": [
          -74.0066,
          40.7126
        ]
      }
    },
    {
      "type": "Feature",
      "properties": {
        "ip": "199.232.36.159",
        "url": "https://abs.twimg.com/responsive-web/client-web/bundle.AccountAnalytics-b07c47e4.9e0e0fea.js",
        "city": "New York",
        "region": "New York",
        "country": "United States",
        "org": "Fastly, Inc.",
        "timezone": "America/New_York",
        "source": "ip-api.com"
      },
      "geometry": {
        "type": "Point",
        "coordinates": [
          -74.0066,
          40.7126
        ]
      }
    },
    {
      "type": "Feature",
      "properties": {
        "ip": "199.232.36.159",
        "url": "https://abs.twimg.com/responsive-web/client-web/shared~loader.AudioDock~loader.DashMenu~loader.DashModal~loader.DMDrawer~bundle.GrokDrawer~ondemand.-84f39d3f.da10a29a.js",
        "city": "New York",
        "region": "New York",
        "country": "United States",
        "org": "Fastly, Inc.",
        "timezone": "America/New_York",
        "source": "ip-api.com"
      },
      "geometry": {
        "type": "Point",
        "coordinates": [
          -74.0066,
          40.7126
        ]
      }
    },
    {
      "type": "Feature",
      "properties": {
        "ip": "199.232.36.159",
        "url": "https://abs.twimg.com/responsive-web/client-web/bundle.DirectMessages-6107ac1a.81c31c2a.js",
        "city": "New York",
        "region": "New York",
        "country": "United States",
        "org": "Fastly, Inc.",
        "timezone": "America/New_York",
        "source": "ip-api.com"
      },
      "geometry": {
        "type": "Point",
        "coordinates": [
          -74.0066,
          40.7126
        ]
      }
    },
    {
      "type": "Feature",
      "properties": {
        "ip": "199.232.36.159",
        "url": "https://abs.twimg.com/responsive-web/client-web/node_modules_sqlite_org_sqlite-wasm_sqlite-wasm_jswasm_sqlite3-opfs-async-proxy_js.ee5cbdea.js",
        "city": "New York",
        "region": "New York",
        "country": "United States",
        "org": "Fastly, Inc.",
        "timezone": "America/New_York",
        "source": "ip-api.com"
      },
      "geometry": {
        "type": "Point",
        "coordinates": [
          -74.0066,
          40.7126
        ]
      }
    },
    {
      "type": "Feature",
      "properties": {
        "ip": "199.232.36.159",
        "url": "https://abs.twimg.com/responsive-web/client-web/loader.MediaPickerWithPreview.8c1f51ba.js",
        "city": "New York",
        "region": "New York",
        "country": "United States",
        "org": "Fastly, Inc.",
        "timezone": "America/New_York",
        "source": "ip-api.com"
      },
      "geometry": {
        "type": "Point",
        "coordinates": [
          -74.0066,
          40.7126
        ]
      }
    },
    {
      "type": "Feature",
      "properties": {
        "ip": "199.232.36.159",
        "url": "https://abs.twimg.com/responsive-web/client-web/shared~loader.AudioDock~loader.DashMenu~loader.DashModal~loader.DMDrawer~ondemand.InlinePlayer~ondem-ff4a34e0.05c16a9a.js",
        "city": "New York",
        "region": "New York",
        "country": "United States",
        "org": "Fastly, Inc.",
        "timezone": "America/New_York",
        "source": "ip-api.com"
      },
      "geometry": {
        "type": "Point",
        "coordinates": [
          -74.0066,
          40.7126
        ]
      }
    },
    {
      "type": "Feature",
      "properties": {
        "ip": "199.232.36.159",
        "url": "https://abs.twimg.com/responsive-web/client-web/shared~loader.AudioDock~loader.DashMenu~loader.DashModal~loader.DMDrawer~bundle.GrokDrawer~ondemand.-d60bd222.15648dda.js",
        "city": "New York",
        "region": "New York",
        "country": "United States",
        "org": "Fastly, Inc.",
        "timezone": "America/New_York",
        "source": "ip-api.com"
      },
      "geometry": {
        "type": "Point",
        "coordinates": [
          -74.0066,
          40.7126
        ]
      }
    },
    {
      "type": "Feature",
      "properties": {
        "ip": "199.232.36.159",
        "url": "https://abs.twimg.com/responsive-web/client-web/node_modules_x-clients_features_messages_msa_json.faa428fa.js",
        "city": "New York",
        "region": "New York",
        "country": "United States",
        "org": "Fastly, Inc.",
        "timezone": "America/New_York",
        "source": "ip-api.com"
      },
      "geometry": {
        "type": "Point",
        "coordinates": [
          -74.0066,
          40.7126
        ]
      }
    },
    {
      "type": "Feature",
      "properties": {
        "ip": "199.232.36.159",
        "url": "https://abs.twimg.com/responsive-web/client-web/bundle.AccountAnalytics-971a3c48.9bb877aa.js",
        "city": "New York",
        "region": "New York",
        "country": "United States",
        "org": "Fastly, Inc.",
        "timezone": "America/New_York",
        "source": "ip-api.com"
      },
      "geometry": {
        "type": "Point",
        "coordinates": [
          -74.0066,
          40.7126
        ]
      }
    },
    {
      "type": "Feature",
      "properties": {
        "ip": "199.232.36.159",
        "url": "https://abs.twimg.com/responsive-web/client-web/icons.24.35a0793a.js",
        "city": "New York",
        "region": "New York",
        "country": "United States",
        "org": "Fastly, Inc.",
        "timezone": "America/New_York",
        "source": "ip-api.com"
      },
      "geometry": {
        "type": "Point",
        "coordinates": [
          -74.0066,
          40.7126
        ]
      }
    },
    {
      "type": "Feature",
      "properties": {
        "ip": "199.232.36.159",
        "url": "https://abs.twimg.com/responsive-web/client-web/shared~loader.DMDrawer~bundle.DirectMessages-39bb2f14.19d8684a.js",
        "city": "New York",
        "region": "New York",
        "country": "United States",
        "org": "Fastly, Inc.",
        "timezone": "America/New_York",
        "source": "ip-api.com"
      },
      "geometry": {
        "type": "Point",
        "coordinates": [
          -74.0066,
          40.7126
        ]
      }
    },
    {
      "type": "Feature",
      "properties": {
        "ip": "199.232.36.159",
        "url": "https://abs.twimg.com/responsive-web/client-web/bundle.Grok-63cb1cc4.283b385a.js",
        "city": "New York",
        "region": "New York",
        "country": "United States",
        "org": "Fastly, Inc.",
        "timezone": "America/New_York",
        "source": "ip-api.com"
      },
      "geometry": {
        "type": "Point",
        "coordinates": [
          -74.0066,
          40.7126
        ]
      }
    },
    {
      "type": "Feature",
      "properties": {
        "ip": "199.232.36.159",
        "url": "https://abs.twimg.com/responsive-web/client-web/shared~bundle.AccountAnalytics~bundle.News~bundle.Grok~ondemand.News~ondemand.Insights~loader.Explor-30607449.b76ccc5a.js",
        "city": "New York",
        "region": "New York",
        "country": "United States",
        "org": "Fastly, Inc.",
        "timezone": "America/New_York",
        "source": "ip-api.com"
      },
      "geometry": {
        "type": "Point",
        "coordinates": [
          -74.0066,
          40.7126
        ]
      }
    },
    {
      "type": "Feature",
      "properties": {
        "ip": "199.232.36.159",
        "url": "https://abs.twimg.com/responsive-web/client-web/bundle.SettingsExtendedProfile.6e5642ea.js",
        "city": "New York",
        "region": "New York",
        "country": "United States",
        "org": "Fastly, Inc.",
        "timezone": "America/New_York",
        "source": "ip-api.com"
      },
      "geometry": {
        "type": "Point",
        "coordinates": [
          -74.0066,
          40.7126
        ]
      }
    },
    {
      "type": "Feature",
      "properties": {
        "ip": "199.232.36.159",
        "url": "https://abs.twimg.com/responsive-web/client-web/bundle.Ocf-3c1f9d32.60dc2eea.js",
        "city": "New York",
        "region": "New York",
        "country": "United States",
        "org": "Fastly, Inc.",
        "timezone": "America/New_York",
        "source": "ip-api.com"
      },
      "geometry": {
        "type": "Point",
        "coordinates": [
          -74.0066,
          40.7126
        ]
      }
    },
    {
      "type": "Feature",
      "properties": {
        "ip": "199.232.36.159",
        "url": "https://abs.twimg.com/responsive-web/client-web/bundle.Search-bc6ccf4c.761c711a.js",
        "city": "New York",
        "region": "New York",
        "country": "United States",
        "org": "Fastly, Inc.",
        "timezone": "America/New_York",
        "source": "ip-api.com"
      },
      "geometry": {
        "type": "Point",
        "coordinates": [
          -74.0066,
          40.7126
        ]
      }
    },
    {
      "type": "Feature",
      "properties": {
        "ip": "199.232.36.159",
        "url": "https://abs.twimg.com/responsive-web/client-web/loader.Spacebar.d46f9f3a.js",
        "city": "New York",
        "region": "New York",
        "country": "United States",
        "org": "Fastly, Inc.",
        "timezone": "America/New_York",
        "source": "ip-api.com"
      },
      "geometry": {
        "type": "Point",
        "coordinates": [
          -74.0066,
          40.7126
        ]
      }
    },
    {
      "type": "Feature",
      "properties": {
        "ip": "199.232.36.159",
        "url": "https://abs.twimg.com/responsive-web/client-web/bundle.UserJobs.18ce9aaa.js",
        "city": "New York",
        "region": "New York",
        "country": "United States",
        "org": "Fastly, Inc.",
        "timezone": "America/New_York",
        "source": "ip-api.com"
      },
      "geometry": {
        "type": "Point",
        "coordinates": [
          -74.0066,
          40.7126
        ]
      }
    },
    {
      "type": "Feature",
      "properties": {
        "ip": "199.232.36.159",
        "url": "https://abs.twimg.com/responsive-web/client-web/i18n/zh.0685439a.js",
        "city": "New York",
        "region": "New York",
        "country": "United States",
        "org": "Fastly, Inc.",
        "timezone": "America/New_York",
        "source": "ip-api.com"
      },
      "geometry": {
        "type": "Point",
        "coordinates": [
          -74.0066,
          40.7126
        ]
      }
    },
    {
      "type": "Feature",
      "properties": {
        "ip": "199.232.36.159",
        "url": "https://abs.twimg.com/responsive-web/client-web/bundle.SettingsInternals.6530af3a.js",
        "city": "New York",
        "region": "New York",
        "country": "United States",
        "org": "Fastly, Inc.",
        "timezone": "America/New_York",
        "source": "ip-api.com"
      },
      "geometry": {
        "type": "Point",
        "coordinates": [
          -74.0066,
          40.7126
        ]
      }
    },
    {
      "type": "Feature",
      "properties": {
        "ip": "199.232.36.159",
        "url": "https://abs.twimg.com/responsive-web/client-web/shared~bundle.TwitterArticles~bundle.ComposeMedia-6107ac1a.700fc3ba.js",
        "city": "New York",
        "region": "New York",
        "country": "United States",
        "org": "Fastly, Inc.",
        "timezone": "America/New_York",
        "source": "ip-api.com"
      },
      "geometry": {
        "type": "Point",
        "coordinates": [
          -74.0066,
          40.7126
        ]
      }
    },
    {
      "type": "Feature",
      "properties": {
        "ip": "199.232.36.159",
        "url": "https://abs.twimg.com/responsive-web/client-web/bundle.TwitterArticles-e019dbda.b4b37bba.js",
        "city": "New York",
        "region": "New York",
        "country": "United States",
        "org": "Fastly, Inc.",
        "timezone": "America/New_York",
        "source": "ip-api.com"
      },
      "geometry": {
        "type": "Point",
        "coordinates": [
          -74.0066,
          40.7126
        ]
      }
    },
    {
      "type": "Feature",
      "properties": {
        "ip": "199.232.36.159",
        "url": "https://abs.twimg.com/responsive-web/client-web/node_modules_x-clients_features_messages_fi_json.88b0432a.js",
        "city": "New York",
        "region": "New York",
        "country": "United States",
        "org": "Fastly, Inc.",
        "timezone": "America/New_York",
        "source": "ip-api.com"
      },
      "geometry": {
        "type": "Point",
        "coordinates": [
          -74.0066,
          40.7126
        ]
      }
    },
    {
      "type": "Feature",
      "properties": {
        "ip": "199.232.36.159",
        "url": "https://abs.twimg.com/responsive-web/client-web/loader.AppModules-536eaa00.692a17da.js",
        "city": "New York",
        "region": "New York",
        "country": "United States",
        "org": "Fastly, Inc.",
        "timezone": "America/New_York",
        "source": "ip-api.com"
      },
      "geometry": {
        "type": "Point",
        "coordinates": [
          -74.0066,
          40.7126
        ]
      }
    },
    {
      "type": "Feature",
      "properties": {
        "ip": "199.232.36.159",
        "url": "https://abs.twimg.com/responsive-web/client-web/loader.Grok-2291c9da.d07dc25a.js",
        "city": "New York",
        "region": "New York",
        "country": "United States",
        "org": "Fastly, Inc.",
        "timezone": "America/New_York",
        "source": "ip-api.com"
      },
      "geometry": {
        "type": "Point",
        "coordinates": [
          -74.0066,
          40.7126
        ]
      }
    },
    {
      "type": "Feature",
      "properties": {
        "ip": "199.232.36.159",
        "url": "https://abs.twimg.com/responsive-web/client-web/bundle.DirectMessages-61a8d679.e05867ba.js",
        "city": "New York",
        "region": "New York",
        "country": "United States",
        "org": "Fastly, Inc.",
        "timezone": "America/New_York",
        "source": "ip-api.com"
      },
      "geometry": {
        "type": "Point",
        "coordinates": [
          -74.0066,
          40.7126
        ]
      }
    },
    {
      "type": "Feature",
      "properties": {
        "ip": "199.232.36.159",
        "url": "https://abs.twimg.com/responsive-web/client-web/bundle.PremiumJobs.e74b980a.js",
        "city": "New York",
        "region": "New York",
        "country": "United States",
        "org": "Fastly, Inc.",
        "timezone": "America/New_York",
        "source": "ip-api.com"
      },
      "geometry": {
        "type": "Point",
        "coordinates": [
          -74.0066,
          40.7126
        ]
      }
    },
    {
      "type": "Feature",
      "properties": {
        "ip": "199.232.36.159",
        "url": "https://abs.twimg.com/responsive-web/client-web/shared~loader.Dock~bundle.Articles~bundle.AudioSpaceDetail~bundle.AudioSpaceDiscovery~bundle.AudioSp-bbc41769.db576a7a.js",
        "city": "New York",
        "region": "New York",
        "country": "United States",
        "org": "Fastly, Inc.",
        "timezone": "America/New_York",
        "source": "ip-api.com"
      },
      "geometry": {
        "type": "Point",
        "coordinates": [
          -74.0066,
          40.7126
        ]
      }
    },
    {
      "type": "Feature",
      "properties": {
        "ip": "199.232.36.159",
        "url": "https://abs.twimg.com/responsive-web/client-web/shared~loader.AudioDock~loader.DashMenu~loader.DashModal~loader.DMDrawer~ondemand.InlinePlayer~ondem-885c42d5.e46adb4a.js",
        "city": "New York",
        "region": "New York",
        "country": "United States",
        "org": "Fastly, Inc.",
        "timezone": "America/New_York",
        "source": "ip-api.com"
      },
      "geometry": {
        "type": "Point",
        "coordinates": [
          -74.0066,
          40.7126
        ]
      }
    },
    {
      "type": "Feature",
      "properties": {
        "ip": "199.232.36.159",
        "url": "https://abs.twimg.com/responsive-web/client-web/shared~bundle.Grok~loader.Markdown-57c2c4a2.060ea4ca.js",
        "city": "New York",
        "region": "New York",
        "country": "United States",
        "org": "Fastly, Inc.",
        "timezone": "America/New_York",
        "source": "ip-api.com"
      },
      "geometry": {
        "type": "Point",
        "coordinates": [
          -74.0066,
          40.7126
        ]
      }
    },
    {
      "type": "Feature",
      "properties": {
        "ip": "199.232.36.159",
        "url": "https://abs.twimg.com/responsive-web/client-web/loader.Confetti-d728816b.93b4db6a.js",
        "city": "New York",
        "region": "New York",
        "country": "United States",
        "org": "Fastly, Inc.",
        "timezone": "America/New_York",
        "source": "ip-api.com"
      },
      "geometry": {
        "type": "Point",
        "coordinates": [
          -74.0066,
          40.7126
        ]
      }
    },
    {
      "type": "Feature",
      "properties": {
        "ip": "199.232.36.159",
        "url": "https://abs.twimg.com/responsive-web/client-web/shared~loader.DashMenu~loader.SideNav~loader.SideNavRedesign~bundle.MultiAccount~bundle.JobSearch.d2c3750a.js",
        "city": "New York",
        "region": "New York",
        "country": "United States",
        "org": "Fastly, Inc.",
        "timezone": "America/New_York",
        "source": "ip-api.com"
      },
      "geometry": {
        "type": "Point",
        "coordinates": [
          -74.0066,
          40.7126
        ]
      }
    },
    {
      "type": "Feature",
      "properties": {
        "ip": "199.232.36.159",
        "url": "https://abs.twimg.com/responsive-web/client-web/shared~bundle.AccountAnalytics~ondemand.Verified-beb35932.c803c13a.js",
        "city": "New York",
        "region": "New York",
        "country": "United States",
        "org": "Fastly, Inc.",
        "timezone": "America/New_York",
        "source": "ip-api.com"
      },
      "geometry": {
        "type": "Point",
        "coordinates": [
          -74.0066,
          40.7126
        ]
      }
    },
    {
      "type": "Feature",
      "properties": {
        "ip": "199.232.36.159",
        "url": "https://abs.twimg.com/responsive-web/client-web/bundle.SettingsProfessionalProfileMobileAppSpotlight.b356c29a.js",
        "city": "New York",
        "region": "New York",
        "country": "United States",
        "org": "Fastly, Inc.",
        "timezone": "America/New_York",
        "source": "ip-api.com"
      },
      "geometry": {
        "type": "Point",
        "coordinates": [
          -74.0066,
          40.7126
        ]
      }
    },
    {
      "type": "Feature",
      "properties": {
        "ip": "199.232.36.159",
        "url": "https://abs.twimg.com/responsive-web/client-web/loader.PreviewActions.d64213ca.js",
        "city": "New York",
        "region": "New York",
        "country": "United States",
        "org": "Fastly, Inc.",
        "timezone": "America/New_York",
        "source": "ip-api.com"
      },
      "geometry": {
        "type": "Point",
        "coordinates": [
          -74.0066,
          40.7126
        ]
      }
    },
    {
      "type": "Feature",
      "properties": {
        "ip": "199.232.36.159",
        "url": "https://abs.twimg.com/responsive-web/client-web/loader.VerticalGridRowHandler.73f5ad1a.js",
        "city": "New York",
        "region": "New York",
        "country": "United States",
        "org": "Fastly, Inc.",
        "timezone": "America/New_York",
        "source": "ip-api.com"
      },
      "geometry": {
        "type": "Point",
        "coordinates": [
          -74.0066,
          40.7126
        ]
      }
    },
    {
      "type": "Feature",
      "properties": {
        "ip": "199.232.36.159",
        "url": "https://abs.twimg.com/responsive-web/client-web/shared~loader.AudioDock~loader.DashMenu~loader.DashModal~loader.DMDrawer~bundle.GrokDrawer~ondemand.-0bfd6d7b.6710499a.js",
        "city": "New York",
        "region": "New York",
        "country": "United States",
        "org": "Fastly, Inc.",
        "timezone": "America/New_York",
        "source": "ip-api.com"
      },
      "geometry": {
        "type": "Point",
        "coordinates": [
          -74.0066,
          40.7126
        ]
      }
    },
    {
      "type": "Feature",
      "properties": {
        "ip": "199.232.36.159",
        "url": "https://abs.twimg.com/responsive-web/client-web/bundle.GrokDrawer-e96e9bea.8e3df8da.js",
        "city": "New York",
        "region": "New York",
        "country": "United States",
        "org": "Fastly, Inc.",
        "timezone": "America/New_York",
        "source": "ip-api.com"
      },
      "geometry": {
        "type": "Point",
        "coordinates": [
          -74.0066,
          40.7126
        ]
      }
    },
    {
      "type": "Feature",
      "properties": {
        "ip": "199.232.36.159",
        "url": "https://abs.twimg.com/responsive-web/client-web/shared~bundle.GrokDrawer~bundle.Grok~loader.Markdown-6ac0f1a5.5626673a.js",
        "city": "New York",
        "region": "New York",
        "country": "United States",
        "org": "Fastly, Inc.",
        "timezone": "America/New_York",
        "source": "ip-api.com"
      },
      "geometry": {
        "type": "Point",
        "coordinates": [
          -74.0066,
          40.7126
        ]
      }
    },
    {
      "type": "Feature",
      "properties": {
        "ip": "199.232.36.159",
        "url": "https://abs.twimg.com/responsive-web/client-web/bundle.Ocf-5c0314fd.8631beda.js",
        "city": "New York",
        "region": "New York",
        "country": "United States",
        "org": "Fastly, Inc.",
        "timezone": "America/New_York",
        "source": "ip-api.com"
      },
      "geometry": {
        "type": "Point",
        "coordinates": [
          -74.0066,
          40.7126
        ]
      }
    },
    {
      "type": "Feature",
      "properties": {
        "ip": "199.232.36.159",
        "url": "https://abs.twimg.com/responsive-web/client-web/bundle.DMRichTextCompose.4dc3d6ba.js",
        "city": "New York",
        "region": "New York",
        "country": "United States",
        "org": "Fastly, Inc.",
        "timezone": "America/New_York",
        "source": "ip-api.com"
      },
      "geometry": {
        "type": "Point",
        "coordinates": [
          -74.0066,
          40.7126
        ]
      }
    },
    {
      "type": "Feature",
      "properties": {
        "ip": "199.232.36.159",
        "url": "https://abs.twimg.com/responsive-web/client-web/icons.12.a5129dda.js",
        "city": "New York",
        "region": "New York",
        "country": "United States",
        "org": "Fastly, Inc.",
        "timezone": "America/New_York",
        "source": "ip-api.com"
      },
      "geometry": {
        "type": "Point",
        "coordinates": [
          -74.0066,
          40.7126
        ]
      }
    },
    {
      "type": "Feature",
      "properties": {
        "ip": "199.232.36.159",
        "url": "https://abs.twimg.com/responsive-web/client-web/shared~bundle.ReportCenter~bundle.SafetyCenter-c93e0a41.d7b960ca.js",
        "city": "New York",
        "region": "New York",
        "country": "United States",
        "org": "Fastly, Inc.",
        "timezone": "America/New_York",
        "source": "ip-api.com"
      },
      "geometry": {
        "type": "Point",
        "coordinates": [
          -74.0066,
          40.7126
        ]
      }
    },
    {
      "type": "Feature",
      "properties": {
        "ip": "199.232.36.159",
        "url": "https://abs.twimg.com/responsive-web/client-web/bundle.TrustedFriendsManagement.d1766a5a.js",
        "city": "New York",
        "region": "New York",
        "country": "United States",
        "org": "Fastly, Inc.",
        "timezone": "America/New_York",
        "source": "ip-api.com"
      },
      "geometry": {
        "type": "Point",
        "coordinates": [
          -74.0066,
          40.7126
        ]
      }
    },
    {
      "type": "Feature",
      "properties": {
        "ip": "199.232.36.159",
        "url": "https://abs.twimg.com/responsive-web/client-web/bundle.JobSearch-6107ac1a.9c6ed36a.js",
        "city": "New York",
        "region": "New York",
        "country": "United States",
        "org": "Fastly, Inc.",
        "timezone": "America/New_York",
        "source": "ip-api.com"
      },
      "geometry": {
        "type": "Point",
        "coordinates": [
          -74.0066,
          40.7126
        ]
      }
    },
    {
      "type": "Feature",
      "properties": {
        "ip": "199.232.36.159",
        "url": "https://abs.twimg.com/responsive-web/client-web/bundle.LiveEvent-9f4db315.a84f6a1a.js",
        "city": "New York",
        "region": "New York",
        "country": "United States",
        "org": "Fastly, Inc.",
        "timezone": "America/New_York",
        "source": "ip-api.com"
      },
      "geometry": {
        "type": "Point",
        "coordinates": [
          -74.0066,
          40.7126
        ]
      }
    },
    {
      "type": "Feature",
      "properties": {
        "ip": "199.232.36.159",
        "url": "https://abs.twimg.com/responsive-web/client-web/node_modules_x-clients_features_messages_nl_json.ed8f7c7a.js",
        "city": "New York",
        "region": "New York",
        "country": "United States",
        "org": "Fastly, Inc.",
        "timezone": "America/New_York",
        "source": "ip-api.com"
      },
      "geometry": {
        "type": "Point",
        "coordinates": [
          -74.0066,
          40.7126
        ]
      }
    },
    {
      "type": "Feature",
      "properties": {
        "ip": "199.232.36.159",
        "url": "https://abs.twimg.com/responsive-web/client-web/shared~ondemand.EmojiPicker~ondemand.EmojiPickerData~ondemand.ParticipantReaction.853027ea.js",
        "city": "New York",
        "region": "New York",
        "country": "United States",
        "org": "Fastly, Inc.",
        "timezone": "America/New_York",
        "source": "ip-api.com"
      },
      "geometry": {
        "type": "Point",
        "coordinates": [
          -74.0066,
          40.7126
        ]
      }
    },
    {
      "type": "Feature",
      "properties": {
        "ip": "199.232.36.159",
        "url": "https://abs.twimg.com/responsive-web/client-web/loader.LoggedOutNotifications.0bef7efa.js",
        "city": "New York",
        "region": "New York",
        "country": "United States",
        "org": "Fastly, Inc.",
        "timezone": "America/New_York",
        "source": "ip-api.com"
      },
      "geometry": {
        "type": "Point",
        "coordinates": [
          -74.0066,
          40.7126
        ]
      }
    },
    {
      "type": "Feature",
      "properties": {
        "ip": "199.232.36.159",
        "url": "https://abs.twimg.com/responsive-web/client-web/bundle.Conversation-c431102c.08a7027a.js",
        "city": "New York",
        "region": "New York",
        "country": "United States",
        "org": "Fastly, Inc.",
        "timezone": "America/New_York",
        "source": "ip-api.com"
      },
      "geometry": {
        "type": "Point",
        "coordinates": [
          -74.0066,
          40.7126
        ]
      }
    },
    {
      "type": "Feature",
      "properties": {
        "ip": "199.232.36.159",
        "url": "https://abs.twimg.com/responsive-web/client-web/bundle.ReportCenter.db0a7dfa.js",
        "city": "New York",
        "region": "New York",
        "country": "United States",
        "org": "Fastly, Inc.",
        "timezone": "America/New_York",
        "source": "ip-api.com"
      },
      "geometry": {
        "type": "Point",
        "coordinates": [
          -74.0066,
          40.7126
        ]
      }
    },
    {
      "type": "Feature",
      "properties": {
        "ip": "199.232.36.159",
        "url": "https://abs.twimg.com/responsive-web/client-web/bundle.AccountAnalytics-c50ec113.bc91a58a.js",
        "city": "New York",
        "region": "New York",
        "country": "United States",
        "org": "Fastly, Inc.",
        "timezone": "America/New_York",
        "source": "ip-api.com"
      },
      "geometry": {
        "type": "Point",
        "coordinates": [
          -74.0066,
          40.7126
        ]
      }
    },
    {
      "type": "Feature",
      "properties": {
        "ip": "199.232.36.159",
        "url": "https://abs.twimg.com/responsive-web/client-web/vendor-ccf8c62e.f0cf07fa.js",
        "city": "New York",
        "region": "New York",
        "country": "United States",
        "org": "Fastly, Inc.",
        "timezone": "America/New_York",
        "source": "ip-api.com"
      },
      "geometry": {
        "type": "Point",
        "coordinates": [
          -74.0066,
          40.7126
        ]
      }
    },
    {
      "type": "Feature",
      "properties": {
        "ip": "199.232.36.159",
        "url": "https://abs.twimg.com/responsive-web/client-web/loader.Grok-6107ac1a.67bb447a.js",
        "city": "New York",
        "region": "New York",
        "country": "United States",
        "org": "Fastly, Inc.",
        "timezone": "America/New_York",
        "source": "ip-api.com"
      },
      "geometry": {
        "type": "Point",
        "coordinates": [
          -74.0066,
          40.7126
        ]
      }
    },
    {
      "type": "Feature",
      "properties": {
        "ip": "199.232.36.159",
        "url": "https://abs.twimg.com/responsive-web/client-web/bundle.AccountVerification-6107ac1a.114d272a.js",
        "city": "New York",
        "region": "New York",
        "country": "United States",
        "org": "Fastly, Inc.",
        "timezone": "America/New_York",
        "source": "ip-api.com"
      },
      "geometry": {
        "type": "Point",
        "coordinates": [
          -74.0066,
          40.7126
        ]
      }
    },
    {
      "type": "Feature",
      "properties": {
        "ip": "199.232.36.159",
        "url": "https://abs.twimg.com/responsive-web/client-web/shared~loader.DMDrawer~bundle.DirectMessages-e8fb8688.24e0729a.js",
        "city": "New York",
        "region": "New York",
        "country": "United States",
        "org": "Fastly, Inc.",
        "timezone": "America/New_York",
        "source": "ip-api.com"
      },
      "geometry": {
        "type": "Point",
        "coordinates": [
          -74.0066,
          40.7126
        ]
      }
    },
    {
      "type": "Feature",
      "properties": {
        "ip": "199.232.36.159",
        "url": "https://abs.twimg.com/responsive-web/client-web/node_modules_x-clients_features_messages_hr_json.8c4d95da.js",
        "city": "New York",
        "region": "New York",
        "country": "United States",
        "org": "Fastly, Inc.",
        "timezone": "America/New_York",
        "source": "ip-api.com"
      },
      "geometry": {
        "type": "Point",
        "coordinates": [
          -74.0066,
          40.7126
        ]
      }
    },
    {
      "type": "Feature",
      "properties": {
        "ip": "199.232.36.159",
        "url": "https://abs.twimg.com/responsive-web/client-web/bundle.Chat.8643e4ca.js",
        "city": "New York",
        "region": "New York",
        "country": "United States",
        "org": "Fastly, Inc.",
        "timezone": "America/New_York",
        "source": "ip-api.com"
      },
      "geometry": {
        "type": "Point",
        "coordinates": [
          -74.0066,
          40.7126
        ]
      }
    },
    {
      "type": "Feature",
      "properties": {
        "ip": "199.232.36.159",
        "url": "https://abs.twimg.com/responsive-web/client-web/bundle.SettingsProfessionalProfileCommunitiesSpotlight-6c5c183a.88500e1a.js",
        "city": "New York",
        "region": "New York",
        "country": "United States",
        "org": "Fastly, Inc.",
        "timezone": "America/New_York",
        "source": "ip-api.com"
      },
      "geometry": {
        "type": "Point",
        "coordinates": [
          -74.0066,
          40.7126
        ]
      }
    },
    {
      "type": "Feature",
      "properties": {
        "ip": "199.232.36.159",
        "url": "https://abs.twimg.com/responsive-web/client-web/shared~loader.Typeahead~loader.AppModules~loader.DMDrawer~ondemand.HoverCard~ondemand.NotFound~bundle.AboutTh.197bfa7a.js",
        "city": "New York",
        "region": "New York",
        "country": "United States",
        "org": "Fastly, Inc.",
        "timezone": "America/New_York",
        "source": "ip-api.com"
      },
      "geometry": {
        "type": "Point",
        "coordinates": [
          -74.0066,
          40.7126
        ]
      }
    },
    {
      "type": "Feature",
      "properties": {
        "ip": "199.232.36.159",
        "url": "https://abs.twimg.com/responsive-web/client-web/shared~loader.Dock~bundle.Articles~bundle.AudioSpaceDetail~bundle.AudioSpaceDiscovery~bundle.AudioSp-3fd5f349.7789026a.js",
        "city": "New York",
        "region": "New York",
        "country": "United States",
        "org": "Fastly, Inc.",
        "timezone": "America/New_York",
        "source": "ip-api.com"
      },
      "geometry": {
        "type": "Point",
        "coordinates": [
          -74.0066,
          40.7126
        ]
      }
    },
    {
      "type": "Feature",
      "properties": {
        "ip": "199.232.36.159",
        "url": "https://abs.twimg.com/responsive-web/client-web/loader.FwdForSdk-ae793f77.7aea6cda.js",
        "city": "New York",
        "region": "New York",
        "country": "United States",
        "org": "Fastly, Inc.",
        "timezone": "America/New_York",
        "source": "ip-api.com"
      },
      "geometry": {
        "type": "Point",
        "coordinates": [
          -74.0066,
          40.7126
        ]
      }
    },
    {
      "type": "Feature",
      "properties": {
        "ip": "199.232.36.159",
        "url": "https://abs.twimg.com/responsive-web/client-web/bundle.SettingsProfessionalProfileLocationSpotlight-a2dee9c7.809f420a.js",
        "city": "New York",
        "region": "New York",
        "country": "United States",
        "org": "Fastly, Inc.",
        "timezone": "America/New_York",
        "source": "ip-api.com"
      },
      "geometry": {
        "type": "Point",
        "coordinates": [
          -74.0066,
          40.7126
        ]
      }
    },
    {
      "type": "Feature",
      "properties": {
        "ip": "199.232.36.159",
        "url": "https://abs.twimg.com/responsive-web/client-web/loader.NewsLiveTimelineSidebar.389a5a9a.js",
        "city": "New York",
        "region": "New York",
        "country": "United States",
        "org": "Fastly, Inc.",
        "timezone": "America/New_York",
        "source": "ip-api.com"
      },
      "geometry": {
        "type": "Point",
        "coordinates": [
          -74.0066,
          40.7126
        ]
      }
    },
    {
      "type": "Feature",
      "properties": {
        "ip": "199.232.36.159",
        "url": "https://abs.twimg.com/responsive-web/client-web/loader.TimelineFrameHandler.2067ee1a.js",
        "city": "New York",
        "region": "New York",
        "country": "United States",
        "org": "Fastly, Inc.",
        "timezone": "America/New_York",
        "source": "ip-api.com"
      },
      "geometry": {
        "type": "Point",
        "coordinates": [
          -74.0066,
          40.7126
        ]
      }
    },
    {
      "type": "Feature",
      "properties": {
        "ip": "199.232.36.159",
        "url": "https://abs.twimg.com/responsive-web/client-web/shared~bundle.AccountAnalytics~bundle.News~bundle.Grok~ondemand.News~ondemand.Insights~loader.Explor-b6859af7.18f3705a.js",
        "city": "New York",
        "region": "New York",
        "country": "United States",
        "org": "Fastly, Inc.",
        "timezone": "America/New_York",
        "source": "ip-api.com"
      },
      "geometry": {
        "type": "Point",
        "coordinates": [
          -74.0066,
          40.7126
        ]
      }
    },
    {
      "type": "Feature",
      "properties": {
        "ip": "199.232.36.159",
        "url": "https://abs.twimg.com/responsive-web/client-web/bundle.SafetyCenter-6107ac1a.7557908a.js",
        "city": "New York",
        "region": "New York",
        "country": "United States",
        "org": "Fastly, Inc.",
        "timezone": "America/New_York",
        "source": "ip-api.com"
      },
      "geometry": {
        "type": "Point",
        "coordinates": [
          -74.0066,
          40.7126
        ]
      }
    },
    {
      "type": "Feature",
      "properties": {
        "ip": "199.232.36.159",
        "url": "https://abs.twimg.com/responsive-web/client-web/bundle.AccountAnalytics-a2dee9c7.2459770a.js",
        "city": "New York",
        "region": "New York",
        "country": "United States",
        "org": "Fastly, Inc.",
        "timezone": "America/New_York",
        "source": "ip-api.com"
      },
      "geometry": {
        "type": "Point",
        "coordinates": [
          -74.0066,
          40.7126
        ]
      }
    },
    {
      "type": "Feature",
      "properties": {
        "ip": "199.232.36.159",
        "url": "https://abs.twimg.com/responsive-web/client-web/shared~bundle.Grok~loader.Markdown-d49ace54.9fc3137a.js",
        "city": "New York",
        "region": "New York",
        "country": "United States",
        "org": "Fastly, Inc.",
        "timezone": "America/New_York",
        "source": "ip-api.com"
      },
      "geometry": {
        "type": "Point",
        "coordinates": [
          -74.0066,
          40.7126
        ]
      }
    },
    {
      "type": "Feature",
      "properties": {
        "ip": "199.232.36.159",
        "url": "https://abs.twimg.com/responsive-web/client-web/loaders.video.VideoPlayerEventsUI.020c323a.js",
        "city": "New York",
        "region": "New York",
        "country": "United States",
        "org": "Fastly, Inc.",
        "timezone": "America/New_York",
        "source": "ip-api.com"
      },
      "geometry": {
        "type": "Point",
        "coordinates": [
          -74.0066,
          40.7126
        ]
      }
    },
    {
      "type": "Feature",
      "properties": {
        "ip": "199.232.36.159",
        "url": "https://abs.twimg.com/responsive-web/client-web/bundle.Payments-d26971c7.a5f65faa.js",
        "city": "New York",
        "region": "New York",
        "country": "United States",
        "org": "Fastly, Inc.",
        "timezone": "America/New_York",
        "source": "ip-api.com"
      },
      "geometry": {
        "type": "Point",
        "coordinates": [
          -74.0066,
          40.7126
        ]
      }
    },
    {
      "type": "Feature",
      "properties": {
        "ip": "199.232.36.159",
        "url": "https://abs.twimg.com/responsive-web/client-web/loader.EventSummaryHandler.9667722a.js",
        "city": "New York",
        "region": "New York",
        "country": "United States",
        "org": "Fastly, Inc.",
        "timezone": "America/New_York",
        "source": "ip-api.com"
      },
      "geometry": {
        "type": "Point",
        "coordinates": [
          -74.0066,
          40.7126
        ]
      }
    },
    {
      "type": "Feature",
      "properties": {
        "ip": "199.232.36.159",
        "url": "https://abs.twimg.com/responsive-web/client-web/bundle.Grok-65f95f73.c89e82ba.js",
        "city": "New York",
        "region": "New York",
        "country": "United States",
        "org": "Fastly, Inc.",
        "timezone": "America/New_York",
        "source": "ip-api.com"
      },
      "geometry": {
        "type": "Point",
        "coordinates": [
          -74.0066,
          40.7126
        ]
      }
    },
    {
      "type": "Feature",
      "properties": {
        "ip": "199.232.36.159",
        "url": "https://abs.twimg.com/responsive-web/client-web/bundle.Payments-5f469571.d380b71a.js",
        "city": "New York",
        "region": "New York",
        "country": "United States",
        "org": "Fastly, Inc.",
        "timezone": "America/New_York",
        "source": "ip-api.com"
      },
      "geometry": {
        "type": "Point",
        "coordinates": [
          -74.0066,
          40.7126
        ]
      }
    },
    {
      "type": "Feature",
      "properties": {
        "ip": "199.232.36.159",
        "url": "https://abs.twimg.com/responsive-web/client-web/shared~bundle.AccountAnalytics~bundle.News~bundle.Grok~ondemand.News~ondemand.Insights~loader.Explor-eadf0bc8.271ba08a.js",
        "city": "New York",
        "region": "New York",
        "country": "United States",
        "org": "Fastly, Inc.",
        "timezone": "America/New_York",
        "source": "ip-api.com"
      },
      "geometry": {
        "type": "Point",
        "coordinates": [
          -74.0066,
          40.7126
        ]
      }
    },
    {
      "type": "Feature",
      "properties": {
        "ip": "199.232.36.159",
        "url": "https://abs.twimg.com/responsive-web/client-web/shared~bundle.AudioSpaceDetail~bundle.AudioSpaceDiscovery~bundle.AudioSpacebarScreen~bundle.Birdwatc-214ae749.ac93fd0a.js",
        "city": "New York",
        "region": "New York",
        "country": "United States",
        "org": "Fastly, Inc.",
        "timezone": "America/New_York",
        "source": "ip-api.com"
      },
      "geometry": {
        "type": "Point",
        "coordinates": [
          -74.0066,
          40.7126
        ]
      }
    },
    {
      "type": "Feature",
      "properties": {
        "ip": "199.232.36.159",
        "url": "https://abs.twimg.com/responsive-web/client-web/bundle.BadgeViolationsNotification.c55b833a.js",
        "city": "New York",
        "region": "New York",
        "country": "United States",
        "org": "Fastly, Inc.",
        "timezone": "America/New_York",
        "source": "ip-api.com"
      },
      "geometry": {
        "type": "Point",
        "coordinates": [
          -74.0066,
          40.7126
        ]
      }
    },
    {
      "type": "Feature",
      "properties": {
        "ip": "199.232.36.159",
        "url": "https://abs.twimg.com/responsive-web/client-web/loader.ArticleHandler.173c54ca.js",
        "city": "New York",
        "region": "New York",
        "country": "United States",
        "org": "Fastly, Inc.",
        "timezone": "America/New_York",
        "source": "ip-api.com"
      },
      "geometry": {
        "type": "Point",
        "coordinates": [
          -74.0066,
          40.7126
        ]
      }
    },
    {
      "type": "Feature",
      "properties": {
        "ip": "199.232.36.159",
        "url": "https://abs.twimg.com/responsive-web/client-web/shared~loader.Dock~bundle.DockPeek~bundle.LiveEvent~loader.TimelineFrameHandler~loader.JetfuelFrame--2ea035ac.490e42fa.js",
        "city": "New York",
        "region": "New York",
        "country": "United States",
        "org": "Fastly, Inc.",
        "timezone": "America/New_York",
        "source": "ip-api.com"
      },
      "geometry": {
        "type": "Point",
        "coordinates": [
          -74.0066,
          40.7126
        ]
      }
    },
    {
      "type": "Feature",
      "properties": {
        "ip": "199.232.36.159",
        "url": "https://abs.twimg.com/responsive-web/client-web/bundle.AdvancedSearch.0cb0108a.js",
        "city": "New York",
        "region": "New York",
        "country": "United States",
        "org": "Fastly, Inc.",
        "timezone": "America/New_York",
        "source": "ip-api.com"
      },
      "geometry": {
        "type": "Point",
        "coordinates": [
          -74.0066,
          40.7126
        ]
      }
    },
    {
      "type": "Feature",
      "properties": {
        "ip": "199.232.36.159",
        "url": "https://abs.twimg.com/responsive-web/client-web/bundle.AccountAnalytics-29ca9031.fc095e7a.js",
        "city": "New York",
        "region": "New York",
        "country": "United States",
        "org": "Fastly, Inc.",
        "timezone": "America/New_York",
        "source": "ip-api.com"
      },
      "geometry": {
        "type": "Point",
        "coordinates": [
          -74.0066,
          40.7126
        ]
      }
    },
    {
      "type": "Feature",
      "properties": {
        "ip": "199.232.36.159",
        "url": "https://abs.twimg.com/responsive-web/client-web/shared~loader.Dock~loaders.video.PlayerBase~bundle.TwitterArticles~bundle.ComposeMedia~bundle.DockPe-158ede41.33bdd5fa.js",
        "city": "New York",
        "region": "New York",
        "country": "United States",
        "org": "Fastly, Inc.",
        "timezone": "America/New_York",
        "source": "ip-api.com"
      },
      "geometry": {
        "type": "Point",
        "coordinates": [
          -74.0066,
          40.7126
        ]
      }
    },
    {
      "type": "Feature",
      "properties": {
        "ip": "199.232.36.159",
        "url": "https://abs.twimg.com/responsive-web/client-web/loader.CodeBlock-354a642d.e6e0a1ea.js",
        "city": "New York",
        "region": "New York",
        "country": "United States",
        "org": "Fastly, Inc.",
        "timezone": "America/New_York",
        "source": "ip-api.com"
      },
      "geometry": {
        "type": "Point",
        "coordinates": [
          -74.0066,
          40.7126
        ]
      }
    },
    {
      "type": "Feature",
      "properties": {
        "ip": "199.232.36.159",
        "url": "https://abs.twimg.com/responsive-web/client-web/bundle.ComposeMedia.338ca52a.js",
        "city": "New York",
        "region": "New York",
        "country": "United States",
        "org": "Fastly, Inc.",
        "timezone": "America/New_York",
        "source": "ip-api.com"
      },
      "geometry": {
        "type": "Point",
        "coordinates": [
          -74.0066,
          40.7126
        ]
      }
    },
    {
      "type": "Feature",
      "properties": {
        "ip": "199.232.36.159",
        "url": "https://abs.twimg.com/responsive-web/client-web/loader.ConversationGapHandler.6d24699a.js",
        "city": "New York",
        "region": "New York",
        "country": "United States",
        "org": "Fastly, Inc.",
        "timezone": "America/New_York",
        "source": "ip-api.com"
      },
      "geometry": {
        "type": "Point",
        "coordinates": [
          -74.0066,
          40.7126
        ]
      }
    },
    {
      "type": "Feature",
      "properties": {
        "ip": "199.232.36.159",
        "url": "https://abs.twimg.com/responsive-web/client-web/bundle.ConversationWithRelay-e96ca76f.f534cc2a.js",
        "city": "New York",
        "region": "New York",
        "country": "United States",
        "org": "Fastly, Inc.",
        "timezone": "America/New_York",
        "source": "ip-api.com"
      },
      "geometry": {
        "type": "Point",
        "coordinates": [
          -74.0066,
          40.7126
        ]
      }
    },
    {
      "type": "Feature",
      "properties": {
        "ip": "199.232.36.159",
        "url": "https://abs.twimg.com/responsive-web/client-web/bundle.ProfileRedirect.cc2ddd4a.js",
        "city": "New York",
        "region": "New York",
        "country": "United States",
        "org": "Fastly, Inc.",
        "timezone": "America/New_York",
        "source": "ip-api.com"
      },
      "geometry": {
        "type": "Point",
        "coordinates": [
          -74.0066,
          40.7126
        ]
      }
    },
    {
      "type": "Feature",
      "properties": {
        "ip": "199.232.36.159",
        "url": "https://abs.twimg.com/responsive-web/client-web/shared~loaders.video.VideoPlayerDefaultUI~loaders.video.VideoPlayerEventsUI.10a9906a.js",
        "city": "New York",
        "region": "New York",
        "country": "United States",
        "org": "Fastly, Inc.",
        "timezone": "America/New_York",
        "source": "ip-api.com"
      },
      "geometry": {
        "type": "Point",
        "coordinates": [
          -74.0066,
          40.7126
        ]
      }
    },
    {
      "type": "Feature",
      "properties": {
        "ip": "199.232.36.159",
        "url": "https://abs.twimg.com/responsive-web/client-web/vendor-63e37921.8411268a.js",
        "city": "New York",
        "region": "New York",
        "country": "United States",
        "org": "Fastly, Inc.",
        "timezone": "America/New_York",
        "source": "ip-api.com"
      },
      "geometry": {
        "type": "Point",
        "coordinates": [
          -74.0066,
          40.7126
        ]
      }
    },
    {
      "type": "Feature",
      "properties": {
        "ip": "199.232.36.159",
        "url": "https://abs.twimg.com/responsive-web/client-web/main.e76f93ba.js",
        "city": "New York",
        "region": "New York",
        "country": "United States",
        "org": "Fastly, Inc.",
        "timezone": "America/New_York",
        "source": "ip-api.com"
      },
      "geometry": {
        "type": "Point",
        "coordinates": [
          -74.0066,
          40.7126
        ]
      }
    },
    {
      "type": "Feature",
      "properties": {
        "ip": "199.232.36.159",
        "url": "https://abs.twimg.com/responsive-web/client-web/icon-default.522d363a.png",
        "city": "New York",
        "region": "New York",
        "country": "United States",
        "org": "Fastly, Inc.",
        "timezone": "America/New_York",
        "source": "ip-api.com"
      },
      "geometry": {
        "type": "Point",
        "coordinates": [
          -74.0066,
          40.7126
        ]
      }
    },
    {
      "type": "Feature",
      "properties": {
        "ip": "199.232.36.159",
        "url": "https://abs.twimg.com/responsive-web/client-web/bundle.Communities-5d92a2cf.38d151aa.js",
        "city": "New York",
        "region": "New York",
        "country": "United States",
        "org": "Fastly, Inc.",
        "timezone": "America/New_York",
        "source": "ip-api.com"
      },
      "geometry": {
        "type": "Point",
        "coordinates": [
          -74.0066,
          40.7126
        ]
      }
    },
    {
      "type": "Feature",
      "properties": {
        "ip": "199.232.36.159",
        "url": "https://abs.twimg.com/responsive-web/client-web/loader.newsPreviewHandler.7c91b0ea.js",
        "city": "New York",
        "region": "New York",
        "country": "United States",
        "org": "Fastly, Inc.",
        "timezone": "America/New_York",
        "source": "ip-api.com"
      },
      "geometry": {
        "type": "Point",
        "coordinates": [
          -74.0066,
          40.7126
        ]
      }
    },
    {
      "type": "Feature",
      "properties": {
        "ip": "199.232.36.159",
        "url": "https://abs.twimg.com/responsive-web/client-web/bundle.Communities-8825d936.87df260a.js",
        "city": "New York",
        "region": "New York",
        "country": "United States",
        "org": "Fastly, Inc.",
        "timezone": "America/New_York",
        "source": "ip-api.com"
      },
      "geometry": {
        "type": "Point",
        "coordinates": [
          -74.0066,
          40.7126
        ]
      }
    },
    {
      "type": "Feature",
      "properties": {
        "ip": "199.232.36.159",
        "url": "https://abs.twimg.com/responsive-web/client-web/shared~loader.AudioDock~loader.DashMenu~loader.DashModal~loader.DMDrawer~ondemand.InlinePlayer~ondem-fd0b2cf1.7e8b7baa.js",
        "city": "New York",
        "region": "New York",
        "country": "United States",
        "org": "Fastly, Inc.",
        "timezone": "America/New_York",
        "source": "ip-api.com"
      },
      "geometry": {
        "type": "Point",
        "coordinates": [
          -74.0066,
          40.7126
        ]
      }
    },
    {
      "type": "Feature",
      "properties": {
        "ip": "199.232.36.159",
        "url": "https://abs.twimg.com/responsive-web/client-web/bundle.TweetMediaTags-bc6ccf4c.e000f28a.js",
        "city": "New York",
        "region": "New York",
        "country": "United States",
        "org": "Fastly, Inc.",
        "timezone": "America/New_York",
        "source": "ip-api.com"
      },
      "geometry": {
        "type": "Point",
        "coordinates": [
          -74.0066,
          40.7126
        ]
      }
    },
    {
      "type": "Feature",
      "properties": {
        "ip": "199.232.36.159",
        "url": "https://abs.twimg.com/responsive-web/client-web/shared~loader.DashMenu~loader.SideNav~loader.SideNavRedesign~loader.AppModules~loader.DMDrawer~bundl-f45b4eac.3e8e0fca.js",
        "city": "New York",
        "region": "New York",
        "country": "United States",
        "org": "Fastly, Inc.",
        "timezone": "America/New_York",
        "source": "ip-api.com"
      },
      "geometry": {
        "type": "Point",
        "coordinates": [
          -74.0066,
          40.7126
        ]
      }
    },
    {
      "type": "Feature",
      "properties": {
        "ip": "199.232.36.159",
        "url": "https://abs.twimg.com/responsive-web/client-web/bundle.AccountAnalytics-04134b17.5e4ab1ca.js",
        "city": "New York",
        "region": "New York",
        "country": "United States",
        "org": "Fastly, Inc.",
        "timezone": "America/New_York",
        "source": "ip-api.com"
      },
      "geometry": {
        "type": "Point",
        "coordinates": [
          -74.0066,
          40.7126
        ]
      }
    },
    {
      "type": "Feature",
      "properties": {
        "ip": "199.232.36.159",
        "url": "https://abs.twimg.com/responsive-web/client-web/bundle.TwitterBlue-f9e1a0e6.a618c5aa.js",
        "city": "New York",
        "region": "New York",
        "country": "United States",
        "org": "Fastly, Inc.",
        "timezone": "America/New_York",
        "source": "ip-api.com"
      },
      "geometry": {
        "type": "Point",
        "coordinates": [
          -74.0066,
          40.7126
        ]
      }
    },
    {
      "type": "Feature",
      "properties": {
        "ip": "199.232.36.159",
        "url": "https://abs.twimg.com/responsive-web/client-web/loader.SignupModule.7a9e358a.js",
        "city": "New York",
        "region": "New York",
        "country": "United States",
        "org": "Fastly, Inc.",
        "timezone": "America/New_York",
        "source": "ip-api.com"
      },
      "geometry": {
        "type": "Point",
        "coordinates": [
          -74.0066,
          40.7126
        ]
      }
    },
    {
      "type": "Feature",
      "properties": {
        "ip": "199.232.36.159",
        "url": "https://abs.twimg.com/responsive-web/client-web/shared~bundle.AccountAnalytics~bundle.News~bundle.Grok~ondemand.News~ondemand.Insights~loader.Explor-5f0ed14e.d57d495a.js",
        "city": "New York",
        "region": "New York",
        "country": "United States",
        "org": "Fastly, Inc.",
        "timezone": "America/New_York",
        "source": "ip-api.com"
      },
      "geometry": {
        "type": "Point",
        "coordinates": [
          -74.0066,
          40.7126
        ]
      }
    },
    {
      "type": "Feature",
      "properties": {
        "ip": "199.232.36.159",
        "url": "https://abs.twimg.com/responsive-web/client-web/node_modules_x-clients_features_messages_fr_json.e593caaa.js",
        "city": "New York",
        "region": "New York",
        "country": "United States",
        "org": "Fastly, Inc.",
        "timezone": "America/New_York",
        "source": "ip-api.com"
      },
      "geometry": {
        "type": "Point",
        "coordinates": [
          -74.0066,
          40.7126
        ]
      }
    },
    {
      "type": "Feature",
      "properties": {
        "ip": "199.232.36.159",
        "url": "https://abs.twimg.com/responsive-web/client-web/bundle.TweetCoinDetails.88e3866a.js",
        "city": "New York",
        "region": "New York",
        "country": "United States",
        "org": "Fastly, Inc.",
        "timezone": "America/New_York",
        "source": "ip-api.com"
      },
      "geometry": {
        "type": "Point",
        "coordinates": [
          -74.0066,
          40.7126
        ]
      }
    },
    {
      "type": "Feature",
      "properties": {
        "ip": "199.232.36.159",
        "url": "https://abs.twimg.com/responsive-web/client-web/loader.TrendHandler.da0a97aa.js",
        "city": "New York",
        "region": "New York",
        "country": "United States",
        "org": "Fastly, Inc.",
        "timezone": "America/New_York",
        "source": "ip-api.com"
      },
      "geometry": {
        "type": "Point",
        "coordinates": [
          -74.0066,
          40.7126
        ]
      }
    },
    {
      "type": "Feature",
      "properties": {
        "ip": "199.232.36.159",
        "url": "https://abs.twimg.com/responsive-web/client-web/loader.FwdForSdk-594367b3.8584ff9a.js",
        "city": "New York",
        "region": "New York",
        "country": "United States",
        "org": "Fastly, Inc.",
        "timezone": "America/New_York",
        "source": "ip-api.com"
      },
      "geometry": {
        "type": "Point",
        "coordinates": [
          -74.0066,
          40.7126
        ]
      }
    },
    {
      "type": "Feature",
      "properties": {
        "ip": "199.232.36.159",
        "url": "https://abs.twimg.com/responsive-web/client-web/shared~loader.Dock~bundle.DockPeek~bundle.LiveEvent~loader.TimelineFrameHandler~loader.JetfuelFrame--e485a98f.2e966efa.js",
        "city": "New York",
        "region": "New York",
        "country": "United States",
        "org": "Fastly, Inc.",
        "timezone": "America/New_York",
        "source": "ip-api.com"
      },
      "geometry": {
        "type": "Point",
        "coordinates": [
          -74.0066,
          40.7126
        ]
      }
    },
    {
      "type": "Feature",
      "properties": {
        "ip": "199.232.36.159",
        "url": "https://abs.twimg.com/responsive-web/client-web/Chirp-Heavy.f44ae4ea.woff2",
        "city": "New York",
        "region": "New York",
        "country": "United States",
        "org": "Fastly, Inc.",
        "timezone": "America/New_York",
        "source": "ip-api.com"
      },
      "geometry": {
        "type": "Point",
        "coordinates": [
          -74.0066,
          40.7126
        ]
      }
    },
    {
      "type": "Feature",
      "properties": {
        "ip": "199.232.36.159",
        "url": "https://abs.twimg.com/responsive-web/client-web/bundle.TwitterBlue-8b5aadea.850002aa.js",
        "city": "New York",
        "region": "New York",
        "country": "United States",
        "org": "Fastly, Inc.",
        "timezone": "America/New_York",
        "source": "ip-api.com"
      },
      "geometry": {
        "type": "Point",
        "coordinates": [
          -74.0066,
          40.7126
        ]
      }
    },
    {
      "type": "Feature",
      "properties": {
        "ip": "199.232.36.159",
        "url": "https://abs.twimg.com/responsive-web/client-web/shared~loader.Dock~bundle.DockPeek~bundle.LiveEvent~loader.TimelineFrameHandler~loader.JetfuelFrame--8285c3eb.f016ff8a.js",
        "city": "New York",
        "region": "New York",
        "country": "United States",
        "org": "Fastly, Inc.",
        "timezone": "America/New_York",
        "source": "ip-api.com"
      },
      "geometry": {
        "type": "Point",
        "coordinates": [
          -74.0066,
          40.7126
        ]
      }
    },
    {
      "type": "Feature",
      "properties": {
        "ip": "199.232.36.159",
        "url": "https://abs.twimg.com/responsive-web/client-web/bundle.Grok-cebf58fc.3a8e4bfa.js",
        "city": "New York",
        "region": "New York",
        "country": "United States",
        "org": "Fastly, Inc.",
        "timezone": "America/New_York",
        "source": "ip-api.com"
      },
      "geometry": {
        "type": "Point",
        "coordinates": [
          -74.0066,
          40.7126
        ]
      }
    },
    {
      "type": "Feature",
      "properties": {
        "ip": "199.232.36.159",
        "url": "https://abs.twimg.com/responsive-web/client-web/node_modules_x-clients_features_dist_dms_fs_worker_js.68c4073a.js",
        "city": "New York",
        "region": "New York",
        "country": "United States",
        "org": "Fastly, Inc.",
        "timezone": "America/New_York",
        "source": "ip-api.com"
      },
      "geometry": {
        "type": "Point",
        "coordinates": [
          -74.0066,
          40.7126
        ]
      }
    },
    {
      "type": "Feature",
      "properties": {
        "ip": "199.232.36.159",
        "url": "https://abs.twimg.com/responsive-web/client-web/modules.audio-b7a8a5fb.2c2d048a.js",
        "city": "New York",
        "region": "New York",
        "country": "United States",
        "org": "Fastly, Inc.",
        "timezone": "America/New_York",
        "source": "ip-api.com"
      },
      "geometry": {
        "type": "Point",
        "coordinates": [
          -74.0066,
          40.7126
        ]
      }
    },
    {
      "type": "Feature",
      "properties": {
        "ip": "199.232.36.159",
        "url": "https://abs.twimg.com/responsive-web/client-web/bundle.UserFollowLists.e3db5b2a.js",
        "city": "New York",
        "region": "New York",
        "country": "United States",
        "org": "Fastly, Inc.",
        "timezone": "America/New_York",
        "source": "ip-api.com"
      },
      "geometry": {
        "type": "Point",
        "coordinates": [
          -74.0066,
          40.7126
        ]
      }
    },
    {
      "type": "Feature",
      "properties": {
        "ip": "199.232.36.159",
        "url": "https://abs.twimg.com/responsive-web/client-web/bundle.Communities-59468b1d.7d23dc4a.js",
        "city": "New York",
        "region": "New York",
        "country": "United States",
        "org": "Fastly, Inc.",
        "timezone": "America/New_York",
        "source": "ip-api.com"
      },
      "geometry": {
        "type": "Point",
        "coordinates": [
          -74.0066,
          40.7126
        ]
      }
    },
    {
      "type": "Feature",
      "properties": {
        "ip": "199.232.36.159",
        "url": "https://abs.twimg.com/responsive-web/client-web/bundle.DirectMessages-63cb1cc4.ce1994aa.js",
        "city": "New York",
        "region": "New York",
        "country": "United States",
        "org": "Fastly, Inc.",
        "timezone": "America/New_York",
        "source": "ip-api.com"
      },
      "geometry": {
        "type": "Point",
        "coordinates": [
          -74.0066,
          40.7126
        ]
      }
    },
    {
      "type": "Feature",
      "properties": {
        "ip": "199.232.36.159",
        "url": "https://abs.twimg.com/responsive-web/client-web/bundle.LiveEvent-1347f5f8.e253fc1a.js",
        "city": "New York",
        "region": "New York",
        "country": "United States",
        "org": "Fastly, Inc.",
        "timezone": "America/New_York",
        "source": "ip-api.com"
      },
      "geometry": {
        "type": "Point",
        "coordinates": [
          -74.0066,
          40.7126
        ]
      }
    },
    {
      "type": "Feature",
      "properties": {
        "ip": "199.232.36.159",
        "url": "https://abs.twimg.com/responsive-web/client-web/node_modules_x-clients_features_messages_fil_json.467e33da.js",
        "city": "New York",
        "region": "New York",
        "country": "United States",
        "org": "Fastly, Inc.",
        "timezone": "America/New_York",
        "source": "ip-api.com"
      },
      "geometry": {
        "type": "Point",
        "coordinates": [
          -74.0066,
          40.7126
        ]
      }
    },
    {
      "type": "Feature",
      "properties": {
        "ip": "199.232.36.159",
        "url": "https://abs.twimg.com/responsive-web/client-web/noise-suppressor.worklet.666eba9a.js",
        "city": "New York",
        "region": "New York",
        "country": "United States",
        "org": "Fastly, Inc.",
        "timezone": "America/New_York",
        "source": "ip-api.com"
      },
      "geometry": {
        "type": "Point",
        "coordinates": [
          -74.0066,
          40.7126
        ]
      }
    },
    {
      "type": "Feature",
      "properties": {
        "ip": "199.232.36.159",
        "url": "https://abs.twimg.com/responsive-web/client-web/bundle.Payments-960914ab.a07c85ba.js",
        "city": "New York",
        "region": "New York",
        "country": "United States",
        "org": "Fastly, Inc.",
        "timezone": "America/New_York",
        "source": "ip-api.com"
      },
      "geometry": {
        "type": "Point",
        "coordinates": [
          -74.0066,
          40.7126
        ]
      }
    },
    {
      "type": "Feature",
      "properties": {
        "ip": "199.232.36.159",
        "url": "https://abs.twimg.com/responsive-web/client-web/loader.Typeahead-6107ac1a.4548a51a.js",
        "city": "New York",
        "region": "New York",
        "country": "United States",
        "org": "Fastly, Inc.",
        "timezone": "America/New_York",
        "source": "ip-api.com"
      },
      "geometry": {
        "type": "Point",
        "coordinates": [
          -74.0066,
          40.7126
        ]
      }
    },
    {
      "type": "Feature",
      "properties": {
        "ip": "199.232.36.159",
        "url": "https://abs.twimg.com/responsive-web/client-web/loader.Typeahead-cd7e5e1f.fee3c2aa.js",
        "city": "New York",
        "region": "New York",
        "country": "United States",
        "org": "Fastly, Inc.",
        "timezone": "America/New_York",
        "source": "ip-api.com"
      },
      "geometry": {
        "type": "Point",
        "coordinates": [
          -74.0066,
          40.7126
        ]
      }
    },
    {
      "type": "Feature",
      "properties": {
        "ip": "199.232.36.159",
        "url": "https://abs.twimg.com/responsive-web/client-web/vendor-3e5eb623.067d49da.js",
        "city": "New York",
        "region": "New York",
        "country": "United States",
        "org": "Fastly, Inc.",
        "timezone": "America/New_York",
        "source": "ip-api.com"
      },
      "geometry": {
        "type": "Point",
        "coordinates": [
          -74.0066,
          40.7126
        ]
      }
    },
    {
      "type": "Feature",
      "properties": {
        "ip": "199.232.36.159",
        "url": "https://abs.twimg.com/responsive-web/client-web/shared~ondemand.InlinePlayer~loader.AudioOnlyVideoPlayer~loader.immersiveTweetHandler~bundle.TV~bund-87e5a2e7.0474595a.js",
        "city": "New York",
        "region": "New York",
        "country": "United States",
        "org": "Fastly, Inc.",
        "timezone": "America/New_York",
        "source": "ip-api.com"
      },
      "geometry": {
        "type": "Point",
        "coordinates": [
          -74.0066,
          40.7126
        ]
      }
    },
    {
      "type": "Feature",
      "properties": {
        "ip": "199.232.36.159",
        "url": "https://abs.twimg.com/responsive-web/client-web/bundle.Conversation-a665aad7.e87cd5ea.js",
        "city": "New York",
        "region": "New York",
        "country": "United States",
        "org": "Fastly, Inc.",
        "timezone": "America/New_York",
        "source": "ip-api.com"
      },
      "geometry": {
        "type": "Point",
        "coordinates": [
          -74.0066,
          40.7126
        ]
      }
    },
    {
      "type": "Feature",
      "properties": {
        "ip": "199.232.36.159",
        "url": "https://abs.twimg.com/responsive-web/client-web/bundle.Payments-bc6ccf4c.769e9c1a.js",
        "city": "New York",
        "region": "New York",
        "country": "United States",
        "org": "Fastly, Inc.",
        "timezone": "America/New_York",
        "source": "ip-api.com"
      },
      "geometry": {
        "type": "Point",
        "coordinates": [
          -74.0066,
          40.7126
        ]
      }
    },
    {
      "type": "Feature",
      "properties": {
        "ip": "199.232.36.159",
        "url": "https://abs.twimg.com/responsive-web/client-web/shared~bundle.ReaderMode~bundle.Birdwatch~bundle.TwitterArticles~bundle.Compose~bundle.Settings~bund-1ce0fa70.a0aa020a.js",
        "city": "New York",
        "region": "New York",
        "country": "United States",
        "org": "Fastly, Inc.",
        "timezone": "America/New_York",
        "source": "ip-api.com"
      },
      "geometry": {
        "type": "Point",
        "coordinates": [
          -74.0066,
          40.7126
        ]
      }
    },
    {
      "type": "Feature",
      "properties": {
        "ip": "199.232.36.159",
        "url": "https://abs.twimg.com/responsive-web/client-web/bundle.Conversation-bc6ccf4c.b89dc93a.js",
        "city": "New York",
        "region": "New York",
        "country": "United States",
        "org": "Fastly, Inc.",
        "timezone": "America/New_York",
        "source": "ip-api.com"
      },
      "geometry": {
        "type": "Point",
        "coordinates": [
          -74.0066,
          40.7126
        ]
      }
    },
    {
      "type": "Feature",
      "properties": {
        "ip": "199.232.36.159",
        "url": "https://abs.twimg.com/responsive-web/client-web/bundle.Communities-1b1c8e3c.1b09db0a.js",
        "city": "New York",
        "region": "New York",
        "country": "United States",
        "org": "Fastly, Inc.",
        "timezone": "America/New_York",
        "source": "ip-api.com"
      },
      "geometry": {
        "type": "Point",
        "coordinates": [
          -74.0066,
          40.7126
        ]
      }
    },
    {
      "type": "Feature",
      "properties": {
        "ip": "199.232.36.159",
        "url": "https://abs.twimg.com/responsive-web/client-web/bundle.SettingsProfessionalProfileCommunitiesSpotlight-3575831d.ad56729a.js",
        "city": "New York",
        "region": "New York",
        "country": "United States",
        "org": "Fastly, Inc.",
        "timezone": "America/New_York",
        "source": "ip-api.com"
      },
      "geometry": {
        "type": "Point",
        "coordinates": [
          -74.0066,
          40.7126
        ]
      }
    },
    {
      "type": "Feature",
      "properties": {
        "ip": "199.232.36.159",
        "url": "https://abs.twimg.com/responsive-web/client-web/bundle.AccountAnalytics-2829f23d.dc692cca.js",
        "city": "New York",
        "region": "New York",
        "country": "United States",
        "org": "Fastly, Inc.",
        "timezone": "America/New_York",
        "source": "ip-api.com"
      },
      "geometry": {
        "type": "Point",
        "coordinates": [
          -74.0066,
          40.7126
        ]
      }
    },
    {
      "type": "Feature",
      "properties": {
        "ip": "199.232.36.159",
        "url": "https://abs.twimg.com/responsive-web/client-web/bundle.UserProfile-8bf258cf.83d09bca.js",
        "city": "New York",
        "region": "New York",
        "country": "United States",
        "org": "Fastly, Inc.",
        "timezone": "America/New_York",
        "source": "ip-api.com"
      },
      "geometry": {
        "type": "Point",
        "coordinates": [
          -74.0066,
          40.7126
        ]
      }
    },
    {
      "type": "Feature",
      "properties": {
        "ip": "199.232.36.159",
        "url": "https://abs.twimg.com/responsive-web/client-web/bundle.Settings-9f4db315.e218be3a.js",
        "city": "New York",
        "region": "New York",
        "country": "United States",
        "org": "Fastly, Inc.",
        "timezone": "America/New_York",
        "source": "ip-api.com"
      },
      "geometry": {
        "type": "Point",
        "coordinates": [
          -74.0066,
          40.7126
        ]
      }
    },
    {
      "type": "Feature",
      "properties": {
        "ip": "199.232.36.159",
        "url": "https://abs.twimg.com/responsive-web/client-web/bundle.BrandedLikesPreview-c93e0a41.3e5bd91a.js",
        "city": "New York",
        "region": "New York",
        "country": "United States",
        "org": "Fastly, Inc.",
        "timezone": "America/New_York",
        "source": "ip-api.com"
      },
      "geometry": {
        "type": "Point",
        "coordinates": [
          -74.0066,
          40.7126
        ]
      }
    },
    {
      "type": "Feature",
      "properties": {
        "ip": "199.232.36.159",
        "url": "https://abs.twimg.com/responsive-web/client-web/shared~loader.AudioDock~loader.DashMenu~loader.DashModal~loader.DMDrawer~ondemand.InlinePlayer~ondem-9bd28fed.755c9f3a.js",
        "city": "New York",
        "region": "New York",
        "country": "United States",
        "org": "Fastly, Inc.",
        "timezone": "America/New_York",
        "source": "ip-api.com"
      },
      "geometry": {
        "type": "Point",
        "coordinates": [
          -74.0066,
          40.7126
        ]
      }
    },
    {
      "type": "Feature",
      "properties": {
        "ip": "199.232.36.159",
        "url": "https://abs.twimg.com/responsive-web/client-web/loader.HWCard.69dc1fba.js",
        "city": "New York",
        "region": "New York",
        "country": "United States",
        "org": "Fastly, Inc.",
        "timezone": "America/New_York",
        "source": "ip-api.com"
      },
      "geometry": {
        "type": "Point",
        "coordinates": [
          -74.0066,
          40.7126
        ]
      }
    },
    {
      "type": "Feature",
      "properties": {
        "ip": "199.232.36.159",
        "url": "https://abs.twimg.com/responsive-web/client-web/shared~loader.SideNav~loader.SideNavRedesign-9f4db315.bd4c05ca.js",
        "city": "New York",
        "region": "New York",
        "country": "United States",
        "org": "Fastly, Inc.",
        "timezone": "America/New_York",
        "source": "ip-api.com"
      },
      "geometry": {
        "type": "Point",
        "coordinates": [
          -74.0066,
          40.7126
        ]
      }
    },
    {
      "type": "Feature",
      "properties": {
        "ip": "199.232.36.159",
        "url": "https://abs.twimg.com/responsive-web/client-web/bundle.TimezoneSelector.timezones.816992fa.js",
        "city": "New York",
        "region": "New York",
        "country": "United States",
        "org": "Fastly, Inc.",
        "timezone": "America/New_York",
        "source": "ip-api.com"
      },
      "geometry": {
        "type": "Point",
        "coordinates": [
          -74.0066,
          40.7126
        ]
      }
    },
    {
      "type": "Feature",
      "properties": {
        "ip": "199.232.36.159",
        "url": "https://abs.twimg.com/responsive-web/client-web/bundle.Birdwatch-4ee0261e.7ccad7aa.js",
        "city": "New York",
        "region": "New York",
        "country": "United States",
        "org": "Fastly, Inc.",
        "timezone": "America/New_York",
        "source": "ip-api.com"
      },
      "geometry": {
        "type": "Point",
        "coordinates": [
          -74.0066,
          40.7126
        ]
      }
    },
    {
      "type": "Feature",
      "properties": {
        "ip": "199.232.36.159",
        "url": "https://abs.twimg.com/responsive-web/client-web/bundle.Topics.778c45ba.js",
        "city": "New York",
        "region": "New York",
        "country": "United States",
        "org": "Fastly, Inc.",
        "timezone": "America/New_York",
        "source": "ip-api.com"
      },
      "geometry": {
        "type": "Point",
        "coordinates": [
          -74.0066,
          40.7126
        ]
      }
    },
    {
      "type": "Feature",
      "properties": {
        "ip": "199.232.36.159",
        "url": "https://abs.twimg.com/responsive-web/client-web/loader.CodeBlock-6107ac1a.7967315a.js",
        "city": "New York",
        "region": "New York",
        "country": "United States",
        "org": "Fastly, Inc.",
        "timezone": "America/New_York",
        "source": "ip-api.com"
      },
      "geometry": {
        "type": "Point",
        "coordinates": [
          -74.0066,
          40.7126
        ]
      }
    },
    {
      "type": "Feature",
      "properties": {
        "ip": "199.232.36.159",
        "url": "https://abs.twimg.com/responsive-web/client-web/bundle.SettingsProfessionalProfileProfileSpotlight-8ed0fac5.e9a638da.js",
        "city": "New York",
        "region": "New York",
        "country": "United States",
        "org": "Fastly, Inc.",
        "timezone": "America/New_York",
        "source": "ip-api.com"
      },
      "geometry": {
        "type": "Point",
        "coordinates": [
          -74.0066,
          40.7126
        ]
      }
    },
    {
      "type": "Feature",
      "properties": {
        "ip": "199.232.36.159",
        "url": "https://abs.twimg.com/responsive-web/client-web/bundle.Search-9f4db315.6bf7a75a.js",
        "city": "New York",
        "region": "New York",
        "country": "United States",
        "org": "Fastly, Inc.",
        "timezone": "America/New_York",
        "source": "ip-api.com"
      },
      "geometry": {
        "type": "Point",
        "coordinates": [
          -74.0066,
          40.7126
        ]
      }
    },
    {
      "type": "Feature",
      "properties": {
        "ip": "199.232.36.159",
        "url": "https://abs.twimg.com/responsive-web/client-web/bundle.Payments-536eaa00.503961da.js",
        "city": "New York",
        "region": "New York",
        "country": "United States",
        "org": "Fastly, Inc.",
        "timezone": "America/New_York",
        "source": "ip-api.com"
      },
      "geometry": {
        "type": "Point",
        "coordinates": [
          -74.0066,
          40.7126
        ]
      }
    },
    {
      "type": "Feature",
      "properties": {
        "ip": "199.232.36.159",
        "url": "https://abs.twimg.com/responsive-web/client-web/shared~loader.AudioDock~loader.DashMenu~loader.DashModal~loader.DMDrawer~ondemand.InlinePlayer~ondem-f0be4555.638c4e7a.js",
        "city": "New York",
        "region": "New York",
        "country": "United States",
        "org": "Fastly, Inc.",
        "timezone": "America/New_York",
        "source": "ip-api.com"
      },
      "geometry": {
        "type": "Point",
        "coordinates": [
          -74.0066,
          40.7126
        ]
      }
    },
    {
      "type": "Feature",
      "properties": {
        "ip": "199.232.36.159",
        "url": "https://abs.twimg.com/responsive-web/client-web/shared~bundle.ReaderMode~bundle.Birdwatch~bundle.TwitterArticles~bundle.Compose~bundle.Settings~bund-f3039e62.133feaaa.js",
        "city": "New York",
        "region": "New York",
        "country": "United States",
        "org": "Fastly, Inc.",
        "timezone": "America/New_York",
        "source": "ip-api.com"
      },
      "geometry": {
        "type": "Point",
        "coordinates": [
          -74.0066,
          40.7126
        ]
      }
    },
    {
      "type": "Feature",
      "properties": {
        "ip": "199.232.36.159",
        "url": "https://abs.twimg.com/responsive-web/client-web/shared~bundle.SettingsExtendedProfile~bundle.ExtendedUserProfile.8eade01a.js",
        "city": "New York",
        "region": "New York",
        "country": "United States",
        "org": "Fastly, Inc.",
        "timezone": "America/New_York",
        "source": "ip-api.com"
      },
      "geometry": {
        "type": "Point",
        "coordinates": [
          -74.0066,
          40.7126
        ]
      }
    },
    {
      "type": "Feature",
      "properties": {
        "ip": "199.232.36.159",
        "url": "https://abs.twimg.com/responsive-web/client-web/bundle.Conversation-c14c160f.474fba1a.js",
        "city": "New York",
        "region": "New York",
        "country": "United States",
        "org": "Fastly, Inc.",
        "timezone": "America/New_York",
        "source": "ip-api.com"
      },
      "geometry": {
        "type": "Point",
        "coordinates": [
          -74.0066,
          40.7126
        ]
      }
    },
    {
      "type": "Feature",
      "properties": {
        "ip": "199.232.36.159",
        "url": "https://abs.twimg.com/responsive-web/client-web/bundle.Birdwatch-018b0723.1ceafa2a.js",
        "city": "New York",
        "region": "New York",
        "country": "United States",
        "org": "Fastly, Inc.",
        "timezone": "America/New_York",
        "source": "ip-api.com"
      },
      "geometry": {
        "type": "Point",
        "coordinates": [
          -74.0066,
          40.7126
        ]
      }
    },
    {
      "type": "Feature",
      "properties": {
        "ip": "199.232.36.159",
        "url": "https://abs.twimg.com/responsive-web/client-web/loader.AppModules-e4e3d8bb.47dda64a.js",
        "city": "New York",
        "region": "New York",
        "country": "United States",
        "org": "Fastly, Inc.",
        "timezone": "America/New_York",
        "source": "ip-api.com"
      },
      "geometry": {
        "type": "Point",
        "coordinates": [
          -74.0066,
          40.7126
        ]
      }
    },
    {
      "type": "Feature",
      "properties": {
        "ip": "199.232.36.159",
        "url": "https://abs.twimg.com/responsive-web/client-web/shared~bundle.PremiumJobs~ondemand.Verified-6107ac1a.faa75aca.js",
        "city": "New York",
        "region": "New York",
        "country": "United States",
        "org": "Fastly, Inc.",
        "timezone": "America/New_York",
        "source": "ip-api.com"
      },
      "geometry": {
        "type": "Point",
        "coordinates": [
          -74.0066,
          40.7126
        ]
      }
    },
    {
      "type": "Feature",
      "properties": {
        "ip": "199.232.36.159",
        "url": "https://abs.twimg.com/responsive-web/client-web/vendor-669c86db.f6db5f1a.js",
        "city": "New York",
        "region": "New York",
        "country": "United States",
        "org": "Fastly, Inc.",
        "timezone": "America/New_York",
        "source": "ip-api.com"
      },
      "geometry": {
        "type": "Point",
        "coordinates": [
          -74.0066,
          40.7126
        ]
      }
    },
    {
      "type": "Feature",
      "properties": {
        "ip": "199.232.36.159",
        "url": "https://abs.twimg.com/responsive-web/client-web/bundle.AudioSpacebarScreen.3a29ac8a.js",
        "city": "New York",
        "region": "New York",
        "country": "United States",
        "org": "Fastly, Inc.",
        "timezone": "America/New_York",
        "source": "ip-api.com"
      },
      "geometry": {
        "type": "Point",
        "coordinates": [
          -74.0066,
          40.7126
        ]
      }
    },
    {
      "type": "Feature",
      "properties": {
        "ip": "199.232.36.159",
        "url": "https://abs.twimg.com/responsive-web/client-web/bundle.NetworkInstrument.130f61ea.js",
        "city": "New York",
        "region": "New York",
        "country": "United States",
        "org": "Fastly, Inc.",
        "timezone": "America/New_York",
        "source": "ip-api.com"
      },
      "geometry": {
        "type": "Point",
        "coordinates": [
          -74.0066,
          40.7126
        ]
      }
    },
    {
      "type": "Feature",
      "properties": {
        "ip": "199.232.36.159",
        "url": "https://abs.twimg.com/responsive-web/client-web/bundle.AccountAutomation.1ce5f28a.js",
        "city": "New York",
        "region": "New York",
        "country": "United States",
        "org": "Fastly, Inc.",
        "timezone": "America/New_York",
        "source": "ip-api.com"
      },
      "geometry": {
        "type": "Point",
        "coordinates": [
          -74.0066,
          40.7126
        ]
      }
    },
    {
      "type": "Feature",
      "properties": {
        "ip": "199.232.36.159",
        "url": "https://abs.twimg.com/responsive-web/client-web/loader.collectionHeaderHandler.4e7e7e7a.js",
        "city": "New York",
        "region": "New York",
        "country": "United States",
        "org": "Fastly, Inc.",
        "timezone": "America/New_York",
        "source": "ip-api.com"
      },
      "geometry": {
        "type": "Point",
        "coordinates": [
          -74.0066,
          40.7126
        ]
      }
    },
    {
      "type": "Feature",
      "properties": {
        "ip": "199.232.36.159",
        "url": "https://abs.twimg.com/responsive-web/client-web/bundle.Account.9eb04a2a.js",
        "city": "New York",
        "region": "New York",
        "country": "United States",
        "org": "Fastly, Inc.",
        "timezone": "America/New_York",
        "source": "ip-api.com"
      },
      "geometry": {
        "type": "Point",
        "coordinates": [
          -74.0066,
          40.7126
        ]
      }
    },
    {
      "type": "Feature",
      "properties": {
        "ip": "199.232.36.159",
        "url": "https://abs.twimg.com/responsive-web/client-web/bundle.Payments-fd087ba8.d64cd86a.js",
        "city": "New York",
        "region": "New York",
        "country": "United States",
        "org": "Fastly, Inc.",
        "timezone": "America/New_York",
        "source": "ip-api.com"
      },
      "geometry": {
        "type": "Point",
        "coordinates": [
          -74.0066,
          40.7126
        ]
      }
    },
    {
      "type": "Feature",
      "properties": {
        "ip": "199.232.36.159",
        "url": "https://abs.twimg.com/responsive-web/client-web/vendor-e395fecc.99645cca.js",
        "city": "New York",
        "region": "New York",
        "country": "United States",
        "org": "Fastly, Inc.",
        "timezone": "America/New_York",
        "source": "ip-api.com"
      },
      "geometry": {
        "type": "Point",
        "coordinates": [
          -74.0066,
          40.7126
        ]
      }
    },
    {
      "type": "Feature",
      "properties": {
        "ip": "199.232.36.159",
        "url": "https://abs.twimg.com/responsive-web/client-web/shared~loader.SideNav~loader.SideNavRedesign~bundle.JobSearch.1e94f9ea.js",
        "city": "New York",
        "region": "New York",
        "country": "United States",
        "org": "Fastly, Inc.",
        "timezone": "America/New_York",
        "source": "ip-api.com"
      },
      "geometry": {
        "type": "Point",
        "coordinates": [
          -74.0066,
          40.7126
        ]
      }
    },
    {
      "type": "Feature",
      "properties": {
        "ip": "199.232.36.159",
        "url": "https://abs.twimg.com/responsive-web/client-web/bundle.Payments-e7ceebb4.380a281a.js",
        "city": "New York",
        "region": "New York",
        "country": "United States",
        "org": "Fastly, Inc.",
        "timezone": "America/New_York",
        "source": "ip-api.com"
      },
      "geometry": {
        "type": "Point",
        "coordinates": [
          -74.0066,
          40.7126
        ]
      }
    },
    {
      "type": "Feature",
      "properties": {
        "ip": "199.232.36.159",
        "url": "https://abs.twimg.com/responsive-web/client-web/bundle.Grok-140f0005.66a4809a.js",
        "city": "New York",
        "region": "New York",
        "country": "United States",
        "org": "Fastly, Inc.",
        "timezone": "America/New_York",
        "source": "ip-api.com"
      },
      "geometry": {
        "type": "Point",
        "coordinates": [
          -74.0066,
          40.7126
        ]
      }
    },
    {
      "type": "Feature",
      "properties": {
        "ip": "199.232.36.159",
        "url": "https://abs.twimg.com/responsive-web/client-web/bundle.UserRedirect.7a94212a.js",
        "city": "New York",
        "region": "New York",
        "country": "United States",
        "org": "Fastly, Inc.",
        "timezone": "America/New_York",
        "source": "ip-api.com"
      },
      "geometry": {
        "type": "Point",
        "coordinates": [
          -74.0066,
          40.7126
        ]
      }
    },
    {
      "type": "Feature",
      "properties": {
        "ip": "199.232.36.159",
        "url": "https://abs.twimg.com/responsive-web/client-web/loader.selfThreadTweetComposerHandler.f401609a.js",
        "city": "New York",
        "region": "New York",
        "country": "United States",
        "org": "Fastly, Inc.",
        "timezone": "America/New_York",
        "source": "ip-api.com"
      },
      "geometry": {
        "type": "Point",
        "coordinates": [
          -74.0066,
          40.7126
        ]
      }
    },
    {
      "type": "Feature",
      "properties": {
        "ip": "199.232.36.159",
        "url": "https://abs.twimg.com/responsive-web/client-web/bundle.ReaderMode-e019dbda.be6b150a.js",
        "city": "New York",
        "region": "New York",
        "country": "United States",
        "org": "Fastly, Inc.",
        "timezone": "America/New_York",
        "source": "ip-api.com"
      },
      "geometry": {
        "type": "Point",
        "coordinates": [
          -74.0066,
          40.7126
        ]
      }
    },
    {
      "type": "Feature",
      "properties": {
        "ip": "199.232.36.159",
        "url": "https://abs.twimg.com/responsive-web/client-web/shared~loader.Dock~bundle.DockPeek~bundle.LiveEvent~loader.TimelineFrameHandler~loader.JetfuelFrame--5e50816d.2b8fa9ba.js",
        "city": "New York",
        "region": "New York",
        "country": "United States",
        "org": "Fastly, Inc.",
        "timezone": "America/New_York",
        "source": "ip-api.com"
      },
      "geometry": {
        "type": "Point",
        "coordinates": [
          -74.0066,
          40.7126
        ]
      }
    },
    {
      "type": "Feature",
      "properties": {
        "ip": "199.232.36.159",
        "url": "https://abs.twimg.com/responsive-web/client-web/bundle.SettingsProfessionalProfileLocationSpotlight-345ed09c.fd99c61a.js",
        "city": "New York",
        "region": "New York",
        "country": "United States",
        "org": "Fastly, Inc.",
        "timezone": "America/New_York",
        "source": "ip-api.com"
      },
      "geometry": {
        "type": "Point",
        "coordinates": [
          -74.0066,
          40.7126
        ]
      }
    },
    {
      "type": "Feature",
      "properties": {
        "ip": "199.232.36.159",
        "url": "https://abs.twimg.com/responsive-web/client-web/shared~loader.Dock~loaders.video.PlayerBase~bundle.TwitterArticles~bundle.ComposeMedia~bundle.DockPe-3275b397.d3231d7a.js",
        "city": "New York",
        "region": "New York",
        "country": "United States",
        "org": "Fastly, Inc.",
        "timezone": "America/New_York",
        "source": "ip-api.com"
      },
      "geometry": {
        "type": "Point",
        "coordinates": [
          -74.0066,
          40.7126
        ]
      }
    },
    {
      "type": "Feature",
      "properties": {
        "ip": "199.232.36.159",
        "url": "https://abs.twimg.com/responsive-web/client-web/bundle.Conversation-b8b7ca9d.60c2cb3a.js",
        "city": "New York",
        "region": "New York",
        "country": "United States",
        "org": "Fastly, Inc.",
        "timezone": "America/New_York",
        "source": "ip-api.com"
      },
      "geometry": {
        "type": "Point",
        "coordinates": [
          -74.0066,
          40.7126
        ]
      }
    },
    {
      "type": "Feature",
      "properties": {
        "ip": "199.232.36.159",
        "url": "https://abs.twimg.com/responsive-web/client-web/modules.audio-6107ac1a.23516cea.js",
        "city": "New York",
        "region": "New York",
        "country": "United States",
        "org": "Fastly, Inc.",
        "timezone": "America/New_York",
        "source": "ip-api.com"
      },
      "geometry": {
        "type": "Point",
        "coordinates": [
          -74.0066,
          40.7126
        ]
      }
    },
    {
      "type": "Feature",
      "properties": {
        "ip": "199.232.36.159",
        "url": "https://abs.twimg.com/responsive-web/client-web/bundle.GrokDrawer-8486177b.60cb073a.js",
        "city": "New York",
        "region": "New York",
        "country": "United States",
        "org": "Fastly, Inc.",
        "timezone": "America/New_York",
        "source": "ip-api.com"
      },
      "geometry": {
        "type": "Point",
        "coordinates": [
          -74.0066,
          40.7126
        ]
      }
    },
    {
      "type": "Feature",
      "properties": {
        "ip": "199.232.36.159",
        "url": "https://abs.twimg.com/responsive-web/client-web/bundle.Report-6107ac1a.8767475a.js",
        "city": "New York",
        "region": "New York",
        "country": "United States",
        "org": "Fastly, Inc.",
        "timezone": "America/New_York",
        "source": "ip-api.com"
      },
      "geometry": {
        "type": "Point",
        "coordinates": [
          -74.0066,
          40.7126
        ]
      }
    },
    {
      "type": "Feature",
      "properties": {
        "ip": "199.232.36.159",
        "url": "https://abs.twimg.com/responsive-web/client-web/vendor-c22f700c.0254af5a.js",
        "city": "New York",
        "region": "New York",
        "country": "United States",
        "org": "Fastly, Inc.",
        "timezone": "America/New_York",
        "source": "ip-api.com"
      },
      "geometry": {
        "type": "Point",
        "coordinates": [
          -74.0066,
          40.7126
        ]
      }
    },
    {
      "type": "Feature",
      "properties": {
        "ip": "199.232.36.159",
        "url": "https://abs.twimg.com/responsive-web/client-web/bundle.SettingsProfessionalProfileCommunitiesSpotlight-a2dee9c7.5b1b140a.js",
        "city": "New York",
        "region": "New York",
        "country": "United States",
        "org": "Fastly, Inc.",
        "timezone": "America/New_York",
        "source": "ip-api.com"
      },
      "geometry": {
        "type": "Point",
        "coordinates": [
          -74.0066,
          40.7126
        ]
      }
    },
    {
      "type": "Feature",
      "properties": {
        "ip": "199.232.36.159",
        "url": "https://abs.twimg.com/responsive-web/client-web/loader.LabelHandler.f1d15dda.js",
        "city": "New York",
        "region": "New York",
        "country": "United States",
        "org": "Fastly, Inc.",
        "timezone": "America/New_York",
        "source": "ip-api.com"
      },
      "geometry": {
        "type": "Point",
        "coordinates": [
          -74.0066,
          40.7126
        ]
      }
    },
    {
      "type": "Feature",
      "properties": {
        "ip": "199.232.36.159",
        "url": "https://abs.twimg.com/responsive-web/client-web/bundle.TV-7d239244.2ea6e12a.js",
        "city": "New York",
        "region": "New York",
        "country": "United States",
        "org": "Fastly, Inc.",
        "timezone": "America/New_York",
        "source": "ip-api.com"
      },
      "geometry": {
        "type": "Point",
        "coordinates": [
          -74.0066,
          40.7126
        ]
      }
    },
    {
      "type": "Feature",
      "properties": {
        "ip": "199.232.36.159",
        "url": "https://abs.twimg.com/responsive-web/client-web/shared~bundle.AccountAnalytics~bundle.News~bundle.Grok~ondemand.News~ondemand.Insights~loader.Explor-b20998b4.f975336a.js",
        "city": "New York",
        "region": "New York",
        "country": "United States",
        "org": "Fastly, Inc.",
        "timezone": "America/New_York",
        "source": "ip-api.com"
      },
      "geometry": {
        "type": "Point",
        "coordinates": [
          -74.0066,
          40.7126
        ]
      }
    },
    {
      "type": "Feature",
      "properties": {
        "ip": "199.232.36.159",
        "url": "https://abs.twimg.com/responsive-web/client-web/bundle.TV-b085b550.5218514a.js",
        "city": "New York",
        "region": "New York",
        "country": "United States",
        "org": "Fastly, Inc.",
        "timezone": "America/New_York",
        "source": "ip-api.com"
      },
      "geometry": {
        "type": "Point",
        "coordinates": [
          -74.0066,
          40.7126
        ]
      }
    },
    {
      "type": "Feature",
      "properties": {
        "ip": "199.232.36.159",
        "url": "https://abs.twimg.com/responsive-web/client-web/Chirp-Medium.f8e2739a.woff2",
        "city": "New York",
        "region": "New York",
        "country": "United States",
        "org": "Fastly, Inc.",
        "timezone": "America/New_York",
        "source": "ip-api.com"
      },
      "geometry": {
        "type": "Point",
        "coordinates": [
          -74.0066,
          40.7126
        ]
      }
    },
    {
      "type": "Feature",
      "properties": {
        "ip": "199.232.36.159",
        "url": "https://abs.twimg.com/responsive-web/client-web/bundle.TwitterArticles-9f4db315.d4cd6f1a.js",
        "city": "New York",
        "region": "New York",
        "country": "United States",
        "org": "Fastly, Inc.",
        "timezone": "America/New_York",
        "source": "ip-api.com"
      },
      "geometry": {
        "type": "Point",
        "coordinates": [
          -74.0066,
          40.7126
        ]
      }
    },
    {
      "type": "Feature",
      "properties": {
        "ip": "199.232.36.159",
        "url": "https://abs.twimg.com/responsive-web/client-web/shared~loader.AudioDock~loader.DashMenu~loader.DashModal~loader.DMDrawer~ondemand.InlinePlayer~ondem-9b130c11.1263813a.js",
        "city": "New York",
        "region": "New York",
        "country": "United States",
        "org": "Fastly, Inc.",
        "timezone": "America/New_York",
        "source": "ip-api.com"
      },
      "geometry": {
        "type": "Point",
        "coordinates": [
          -74.0066,
          40.7126
        ]
      }
    },
    {
      "type": "Feature",
      "properties": {
        "ip": "199.232.36.159",
        "url": "https://abs.twimg.com/responsive-web/client-web/bundle.UserAvatar-2291c9da.28385cea.js",
        "city": "New York",
        "region": "New York",
        "country": "United States",
        "org": "Fastly, Inc.",
        "timezone": "America/New_York",
        "source": "ip-api.com"
      },
      "geometry": {
        "type": "Point",
        "coordinates": [
          -74.0066,
          40.7126
        ]
      }
    },
    {
      "type": "Feature",
      "properties": {
        "ip": "199.232.36.159",
        "url": "https://abs.twimg.com/responsive-web/client-web/loader.TweetCurationActionMenu-b7da5e41.36f6e9fa.js",
        "city": "New York",
        "region": "New York",
        "country": "United States",
        "org": "Fastly, Inc.",
        "timezone": "America/New_York",
        "source": "ip-api.com"
      },
      "geometry": {
        "type": "Point",
        "coordinates": [
          -74.0066,
          40.7126
        ]
      }
    },
    {
      "type": "Feature",
      "properties": {
        "ip": "199.232.36.159",
        "url": "https://abs.twimg.com/responsive-web/client-web/shared~bundle.TwitterArticles~bundle.Grok~loader.Markdown.807fb17a.js",
        "city": "New York",
        "region": "New York",
        "country": "United States",
        "org": "Fastly, Inc.",
        "timezone": "America/New_York",
        "source": "ip-api.com"
      },
      "geometry": {
        "type": "Point",
        "coordinates": [
          -74.0066,
          40.7126
        ]
      }
    },
    {
      "type": "Feature",
      "properties": {
        "ip": "199.232.36.159",
        "url": "https://abs.twimg.com/responsive-web/client-web/loader.SideNavRedesign.9082043a.js",
        "city": "New York",
        "region": "New York",
        "country": "United States",
        "org": "Fastly, Inc.",
        "timezone": "America/New_York",
        "source": "ip-api.com"
      },
      "geometry": {
        "type": "Point",
        "coordinates": [
          -74.0066,
          40.7126
        ]
      }
    },
    {
      "type": "Feature",
      "properties": {
        "ip": "199.232.36.159",
        "url": "https://abs.twimg.com/responsive-web/client-web/bundle.QuoteTweetActivity.01d5ec0a.js",
        "city": "New York",
        "region": "New York",
        "country": "United States",
        "org": "Fastly, Inc.",
        "timezone": "America/New_York",
        "source": "ip-api.com"
      },
      "geometry": {
        "type": "Point",
        "coordinates": [
          -74.0066,
          40.7126
        ]
      }
    },
    {
      "type": "Feature",
      "properties": {
        "ip": "199.232.36.159",
        "url": "https://abs.twimg.com/responsive-web/client-web/loader.DashMenu.0954faea.js",
        "city": "New York",
        "region": "New York",
        "country": "United States",
        "org": "Fastly, Inc.",
        "timezone": "America/New_York",
        "source": "ip-api.com"
      },
      "geometry": {
        "type": "Point",
        "coordinates": [
          -74.0066,
          40.7126
        ]
      }
    },
    {
      "type": "Feature",
      "properties": {
        "ip": "199.232.36.159",
        "url": "https://abs.twimg.com/responsive-web/client-web/bundle.Delegate-6107ac1a.ca4cfb1a.js",
        "city": "New York",
        "region": "New York",
        "country": "United States",
        "org": "Fastly, Inc.",
        "timezone": "America/New_York",
        "source": "ip-api.com"
      },
      "geometry": {
        "type": "Point",
        "coordinates": [
          -74.0066,
          40.7126
        ]
      }
    },
    {
      "type": "Feature",
      "properties": {
        "ip": "199.232.36.159",
        "url": "https://abs.twimg.com/responsive-web/client-serviceworker/serviceworker.35cbf86a.js",
        "city": "New York",
        "region": "New York",
        "country": "United States",
        "org": "Fastly, Inc.",
        "timezone": "America/New_York",
        "source": "ip-api.com"
      },
      "geometry": {
        "type": "Point",
        "coordinates": [
          -74.0066,
          40.7126
        ]
      }
    },
    {
      "type": "Feature",
      "properties": {
        "ip": "199.232.36.159",
        "url": "https://abs.twimg.com/responsive-web/client-web/bundle.TweetActivity.12c17a7a.js",
        "city": "New York",
        "region": "New York",
        "country": "United States",
        "org": "Fastly, Inc.",
        "timezone": "America/New_York",
        "source": "ip-api.com"
      },
      "geometry": {
        "type": "Point",
        "coordinates": [
          -74.0066,
          40.7126
        ]
      }
    },
    {
      "type": "Feature",
      "properties": {
        "ip": "199.232.36.159",
        "url": "https://abs.twimg.com/responsive-web/client-web/node_modules_x-clients_features_messages_ja_json.5047b49a.js",
        "city": "New York",
        "region": "New York",
        "country": "United States",
        "org": "Fastly, Inc.",
        "timezone": "America/New_York",
        "source": "ip-api.com"
      },
      "geometry": {
        "type": "Point",
        "coordinates": [
          -74.0066,
          40.7126
        ]
      }
    },
    {
      "type": "Feature",
      "properties": {
        "ip": "199.232.36.159",
        "url": "https://abs.twimg.com/responsive-web/client-web/loader.VerticalGridItemHandler.65b31b7a.js",
        "city": "New York",
        "region": "New York",
        "country": "United States",
        "org": "Fastly, Inc.",
        "timezone": "America/New_York",
        "source": "ip-api.com"
      },
      "geometry": {
        "type": "Point",
        "coordinates": [
          -74.0066,
          40.7126
        ]
      }
    },
    {
      "type": "Feature",
      "properties": {
        "ip": "199.232.36.159",
        "url": "https://abs.twimg.com/responsive-web/client-web/modules.common-e019dbda.dcfce84a.js",
        "city": "New York",
        "region": "New York",
        "country": "United States",
        "org": "Fastly, Inc.",
        "timezone": "America/New_York",
        "source": "ip-api.com"
      },
      "geometry": {
        "type": "Point",
        "coordinates": [
          -74.0066,
          40.7126
        ]
      }
    },
    {
      "type": "Feature",
      "properties": {
        "ip": "199.232.36.159",
        "url": "https://abs.twimg.com/responsive-web/client-web/bundle.ExtendedUserProfile.38f491ba.js",
        "city": "New York",
        "region": "New York",
        "country": "United States",
        "org": "Fastly, Inc.",
        "timezone": "America/New_York",
        "source": "ip-api.com"
      },
      "geometry": {
        "type": "Point",
        "coordinates": [
          -74.0066,
          40.7126
        ]
      }
    },
    {
      "type": "Feature",
      "properties": {
        "ip": "199.232.36.159",
        "url": "https://abs.twimg.com/responsive-web/client-web/bundle.Payments-25e67f1f.963ededa.js",
        "city": "New York",
        "region": "New York",
        "country": "United States",
        "org": "Fastly, Inc.",
        "timezone": "America/New_York",
        "source": "ip-api.com"
      },
      "geometry": {
        "type": "Point",
        "coordinates": [
          -74.0066,
          40.7126
        ]
      }
    },
    {
      "type": "Feature",
      "properties": {
        "ip": "199.232.36.159",
        "url": "https://abs.twimg.com/responsive-web/client-web/bundle.Payments-39d0705d.02c6c51a.js",
        "city": "New York",
        "region": "New York",
        "country": "United States",
        "org": "Fastly, Inc.",
        "timezone": "America/New_York",
        "source": "ip-api.com"
      },
      "geometry": {
        "type": "Point",
        "coordinates": [
          -74.0066,
          40.7126
        ]
      }
    },
    {
      "type": "Feature",
      "properties": {
        "ip": "199.232.36.159",
        "url": "https://abs.twimg.com/responsive-web/client-web/bundle.DirectMessages-9f4db315.8927600a.js",
        "city": "New York",
        "region": "New York",
        "country": "United States",
        "org": "Fastly, Inc.",
        "timezone": "America/New_York",
        "source": "ip-api.com"
      },
      "geometry": {
        "type": "Point",
        "coordinates": [
          -74.0066,
          40.7126
        ]
      }
    },
    {
      "type": "Feature",
      "properties": {
        "ip": "199.232.36.159",
        "url": "https://abs.twimg.com/responsive-web/client-web/shared~bundle.ReportCenter~bundle.SafetyCenter-e16dbf02.8c4044ba.js",
        "city": "New York",
        "region": "New York",
        "country": "United States",
        "org": "Fastly, Inc.",
        "timezone": "America/New_York",
        "source": "ip-api.com"
      },
      "geometry": {
        "type": "Point",
        "coordinates": [
          -74.0066,
          40.7126
        ]
      }
    },
    {
      "type": "Feature",
      "properties": {
        "ip": "199.232.36.159",
        "url": "https://abs.twimg.com/responsive-web/client-web/shared~loader.AudioDock~loader.Dock~loader.DashMenu~loader.DashModal~loader.DMDrawer~ondemand.Inline-62fc6e53.af3690da.js",
        "city": "New York",
        "region": "New York",
        "country": "United States",
        "org": "Fastly, Inc.",
        "timezone": "America/New_York",
        "source": "ip-api.com"
      },
      "geometry": {
        "type": "Point",
        "coordinates": [
          -74.0066,
          40.7126
        ]
      }
    },
    {
      "type": "Feature",
      "properties": {
        "ip": "199.232.36.159",
        "url": "https://abs.twimg.com/responsive-web/client-web/bundle.UserProfile-00c74bbe.23655e5a.js",
        "city": "New York",
        "region": "New York",
        "country": "United States",
        "org": "Fastly, Inc.",
        "timezone": "America/New_York",
        "source": "ip-api.com"
      },
      "geometry": {
        "type": "Point",
        "coordinates": [
          -74.0066,
          40.7126
        ]
      }
    },
    {
      "type": "Feature",
      "properties": {
        "ip": "199.232.36.159",
        "url": "https://abs.twimg.com/responsive-web/client-web/bundle.Conversation-8e3af64c.71632b7a.js",
        "city": "New York",
        "region": "New York",
        "country": "United States",
        "org": "Fastly, Inc.",
        "timezone": "America/New_York",
        "source": "ip-api.com"
      },
      "geometry": {
        "type": "Point",
        "coordinates": [
          -74.0066,
          40.7126
        ]
      }
    },
    {
      "type": "Feature",
      "properties": {
        "ip": "199.232.36.159",
        "url": "https://abs.twimg.com/responsive-web/client-web/shared~bundle.AccountAnalytics~bundle.News~bundle.Grok~ondemand.News~ondemand.Insights~loader.Explor-380ace89.8148c94a.js",
        "city": "New York",
        "region": "New York",
        "country": "United States",
        "org": "Fastly, Inc.",
        "timezone": "America/New_York",
        "source": "ip-api.com"
      },
      "geometry": {
        "type": "Point",
        "coordinates": [
          -74.0066,
          40.7126
        ]
      }
    },
    {
      "type": "Feature",
      "properties": {
        "ip": "199.232.36.159",
        "url": "https://abs.twimg.com/responsive-web/client-web/bundle.Communities-b4262f30.f445caea.js",
        "city": "New York",
        "region": "New York",
        "country": "United States",
        "org": "Fastly, Inc.",
        "timezone": "America/New_York",
        "source": "ip-api.com"
      },
      "geometry": {
        "type": "Point",
        "coordinates": [
          -74.0066,
          40.7126
        ]
      }
    },
    {
      "type": "Feature",
      "properties": {
        "ip": "199.232.36.159",
        "url": "https://abs.twimg.com/responsive-web/client-web/node_modules_x-clients_features_messages_en-xx_json.ce92842a.js",
        "city": "New York",
        "region": "New York",
        "country": "United States",
        "org": "Fastly, Inc.",
        "timezone": "America/New_York",
        "source": "ip-api.com"
      },
      "geometry": {
        "type": "Point",
        "coordinates": [
          -74.0066,
          40.7126
        ]
      }
    },
    {
      "type": "Feature",
      "properties": {
        "ip": "199.232.36.159",
        "url": "https://abs.twimg.com/responsive-web/client-web/shared~loader.Dock~bundle.Articles~bundle.AudioSpaceDetail~bundle.AudioSpaceDiscovery~bundle.AudioSp-3ec0edf6.cdf7372a.js",
        "city": "New York",
        "region": "New York",
        "country": "United States",
        "org": "Fastly, Inc.",
        "timezone": "America/New_York",
        "source": "ip-api.com"
      },
      "geometry": {
        "type": "Point",
        "coordinates": [
          -74.0066,
          40.7126
        ]
      }
    },
    {
      "type": "Feature",
      "properties": {
        "ip": "199.232.36.159",
        "url": "https://abs.twimg.com/responsive-web/client-web/bundle.ProfessionalHome.f4f336fa.js",
        "city": "New York",
        "region": "New York",
        "country": "United States",
        "org": "Fastly, Inc.",
        "timezone": "America/New_York",
        "source": "ip-api.com"
      },
      "geometry": {
        "type": "Point",
        "coordinates": [
          -74.0066,
          40.7126
        ]
      }
    },
    {
      "type": "Feature",
      "properties": {
        "ip": "199.232.36.159",
        "url": "https://abs.twimg.com/responsive-web/client-web/modules.audio-7c51e6a7.7458812a.js",
        "city": "New York",
        "region": "New York",
        "country": "United States",
        "org": "Fastly, Inc.",
        "timezone": "America/New_York",
        "source": "ip-api.com"
      },
      "geometry": {
        "type": "Point",
        "coordinates": [
          -74.0066,
          40.7126
        ]
      }
    },
    {
      "type": "Feature",
      "properties": {
        "ip": "199.232.36.159",
        "url": "https://abs.twimg.com/responsive-web/client-web/node_modules_x-clients_features_messages_el_json.91a5674a.js",
        "city": "New York",
        "region": "New York",
        "country": "United States",
        "org": "Fastly, Inc.",
        "timezone": "America/New_York",
        "source": "ip-api.com"
      },
      "geometry": {
        "type": "Point",
        "coordinates": [
          -74.0066,
          40.7126
        ]
      }
    },
    {
      "type": "Feature",
      "properties": {
        "ip": "199.232.36.159",
        "url": "https://abs.twimg.com/responsive-web/client-web/bundle.TwitterBlue-964cff98.815b81aa.js",
        "city": "New York",
        "region": "New York",
        "country": "United States",
        "org": "Fastly, Inc.",
        "timezone": "America/New_York",
        "source": "ip-api.com"
      },
      "geometry": {
        "type": "Point",
        "coordinates": [
          -74.0066,
          40.7126
        ]
      }
    },
    {
      "type": "Feature",
      "properties": {
        "ip": "199.232.36.159",
        "url": "https://abs.twimg.com/responsive-web/client-web/Chirp-Regular.80fda27a.woff2",
        "city": "New York",
        "region": "New York",
        "country": "United States",
        "org": "Fastly, Inc.",
        "timezone": "America/New_York",
        "source": "ip-api.com"
      },
      "geometry": {
        "type": "Point",
        "coordinates": [
          -74.0066,
          40.7126
        ]
      }
    },
    {
      "type": "Feature",
      "properties": {
        "ip": "199.232.36.159",
        "url": "https://abs.twimg.com/responsive-web/client-web/shared~bundle.AccountAnalytics~ondemand.Insights-27545368.ba047e7a.js",
        "city": "New York",
        "region": "New York",
        "country": "United States",
        "org": "Fastly, Inc.",
        "timezone": "America/New_York",
        "source": "ip-api.com"
      },
      "geometry": {
        "type": "Point",
        "coordinates": [
          -74.0066,
          40.7126
        ]
      }
    },
    {
      "type": "Feature",
      "properties": {
        "ip": "199.232.36.159",
        "url": "https://abs.twimg.com/responsive-web/client-web/loader.HoverCard.cef767aa.js",
        "city": "New York",
        "region": "New York",
        "country": "United States",
        "org": "Fastly, Inc.",
        "timezone": "America/New_York",
        "source": "ip-api.com"
      },
      "geometry": {
        "type": "Point",
        "coordinates": [
          -74.0066,
          40.7126
        ]
      }
    },
    {
      "type": "Feature",
      "properties": {
        "ip": "199.232.36.159",
        "url": "https://abs.twimg.com/responsive-web/client-web/loader.AudioContextSpaceClip.6fd9ef8a.js",
        "city": "New York",
        "region": "New York",
        "country": "United States",
        "org": "Fastly, Inc.",
        "timezone": "America/New_York",
        "source": "ip-api.com"
      },
      "geometry": {
        "type": "Point",
        "coordinates": [
          -74.0066,
          40.7126
        ]
      }
    },
    {
      "type": "Feature",
      "properties": {
        "ip": "199.232.36.159",
        "url": "https://abs.twimg.com/responsive-web/client-web/bundle.Articles-9f4db315.6da6bc7a.js",
        "city": "New York",
        "region": "New York",
        "country": "United States",
        "org": "Fastly, Inc.",
        "timezone": "America/New_York",
        "source": "ip-api.com"
      },
      "geometry": {
        "type": "Point",
        "coordinates": [
          -74.0066,
          40.7126
        ]
      }
    },
    {
      "type": "Feature",
      "properties": {
        "ip": "199.232.36.159",
        "url": "https://abs.twimg.com/responsive-web/client-web/loader.Confetti-229eafb5.0260cdca.js",
        "city": "New York",
        "region": "New York",
        "country": "United States",
        "org": "Fastly, Inc.",
        "timezone": "America/New_York",
        "source": "ip-api.com"
      },
      "geometry": {
        "type": "Point",
        "coordinates": [
          -74.0066,
          40.7126
        ]
      }
    },
    {
      "type": "Feature",
      "properties": {
        "ip": "199.232.36.159",
        "url": "https://abs.twimg.com/responsive-web/client-web/bundle.TwitterBlue-7a1b9656.80c99d0a.js",
        "city": "New York",
        "region": "New York",
        "country": "United States",
        "org": "Fastly, Inc.",
        "timezone": "America/New_York",
        "source": "ip-api.com"
      },
      "geometry": {
        "type": "Point",
        "coordinates": [
          -74.0066,
          40.7126
        ]
      }
    },
    {
      "type": "Feature",
      "properties": {
        "ip": "199.232.36.159",
        "url": "https://abs.twimg.com/responsive-web/client-web/bundle.AccountVerification-99cc371c.e9eba17a.js",
        "city": "New York",
        "region": "New York",
        "country": "United States",
        "org": "Fastly, Inc.",
        "timezone": "America/New_York",
        "source": "ip-api.com"
      },
      "geometry": {
        "type": "Point",
        "coordinates": [
          -74.0066,
          40.7126
        ]
      }
    },
    {
      "type": "Feature",
      "properties": {
        "ip": "199.232.36.159",
        "url": "https://abs.twimg.com/responsive-web/client-web/bundle.Birdwatch-cf1ec9f3.e5f3fe4a.js",
        "city": "New York",
        "region": "New York",
        "country": "United States",
        "org": "Fastly, Inc.",
        "timezone": "America/New_York",
        "source": "ip-api.com"
      },
      "geometry": {
        "type": "Point",
        "coordinates": [
          -74.0066,
          40.7126
        ]
      }
    },
    {
      "type": "Feature",
      "properties": {
        "ip": "199.232.36.159",
        "url": "https://abs.twimg.com/responsive-web/client-web/vendor-57216f32.d6191e3a.js",
        "city": "New York",
        "region": "New York",
        "country": "United States",
        "org": "Fastly, Inc.",
        "timezone": "America/New_York",
        "source": "ip-api.com"
      },
      "geometry": {
        "type": "Point",
        "coordinates": [
          -74.0066,
          40.7126
        ]
      }
    },
    {
      "type": "Feature",
      "properties": {
        "ip": "199.232.36.159",
        "url": "https://abs.twimg.com/responsive-web/client-web/bundle.AudioSpaceStart.197ffd7a.js",
        "city": "New York",
        "region": "New York",
        "country": "United States",
        "org": "Fastly, Inc.",
        "timezone": "America/New_York",
        "source": "ip-api.com"
      },
      "geometry": {
        "type": "Point",
        "coordinates": [
          -74.0066,
          40.7126
        ]
      }
    },
    {
      "type": "Feature",
      "properties": {
        "ip": "199.232.36.159",
        "url": "https://abs.twimg.com/responsive-web/client-web/bundle.Login.9325988a.js",
        "city": "New York",
        "region": "New York",
        "country": "United States",
        "org": "Fastly, Inc.",
        "timezone": "America/New_York",
        "source": "ip-api.com"
      },
      "geometry": {
        "type": "Point",
        "coordinates": [
          -74.0066,
          40.7126
        ]
      }
    },
    {
      "type": "Feature",
      "properties": {
        "ip": "199.232.36.159",
        "url": "https://abs.twimg.com/responsive-web/client-web/node_modules_x-clients_features_messages_tr_json.7240661a.js",
        "city": "New York",
        "region": "New York",
        "country": "United States",
        "org": "Fastly, Inc.",
        "timezone": "America/New_York",
        "source": "ip-api.com"
      },
      "geometry": {
        "type": "Point",
        "coordinates": [
          -74.0066,
          40.7126
        ]
      }
    },
    {
      "type": "Feature",
      "properties": {
        "ip": "199.232.36.159",
        "url": "https://abs.twimg.com/responsive-web/client-web/bundle.TweetMediaDetail-6107ac1a.0d9e45ea.js",
        "city": "New York",
        "region": "New York",
        "country": "United States",
        "org": "Fastly, Inc.",
        "timezone": "America/New_York",
        "source": "ip-api.com"
      },
      "geometry": {
        "type": "Point",
        "coordinates": [
          -74.0066,
          40.7126
        ]
      }
    },
    {
      "type": "Feature",
      "properties": {
        "ip": "199.232.36.159",
        "url": "https://abs.twimg.com/responsive-web/client-web/shared~loader.DMDrawer~bundle.Compose~bundle.DirectMessages~bundle.DMRichTextCompose~loader.HWCard~l-a25e0877.3b4099da.js",
        "city": "New York",
        "region": "New York",
        "country": "United States",
        "org": "Fastly, Inc.",
        "timezone": "America/New_York",
        "source": "ip-api.com"
      },
      "geometry": {
        "type": "Point",
        "coordinates": [
          -74.0066,
          40.7126
        ]
      }
    },
    {
      "type": "Feature",
      "properties": {
        "ip": "199.232.36.159",
        "url": "https://abs.twimg.com/responsive-web/client-web/shared~bundle.Birdwatch~bundle.News~bundle.Grok~ondemand.News~loader.inlineTombstoneHandler~loader.tweetHandl.c1d458ca.js",
        "city": "New York",
        "region": "New York",
        "country": "United States",
        "org": "Fastly, Inc.",
        "timezone": "America/New_York",
        "source": "ip-api.com"
      },
      "geometry": {
        "type": "Point",
        "coordinates": [
          -74.0066,
          40.7126
        ]
      }
    },
    {
      "type": "Feature",
      "properties": {
        "ip": "199.232.36.159",
        "url": "https://abs.twimg.com/responsive-web/client-web/bundle.GrokDrawer-3c20ad5c.8c9c145a.js",
        "city": "New York",
        "region": "New York",
        "country": "United States",
        "org": "Fastly, Inc.",
        "timezone": "America/New_York",
        "source": "ip-api.com"
      },
      "geometry": {
        "type": "Point",
        "coordinates": [
          -74.0066,
          40.7126
        ]
      }
    },
    {
      "type": "Feature",
      "properties": {
        "ip": "199.232.36.159",
        "url": "https://abs.twimg.com/responsive-web/client-web/icons.5.6ff5164a.js",
        "city": "New York",
        "region": "New York",
        "country": "United States",
        "org": "Fastly, Inc.",
        "timezone": "America/New_York",
        "source": "ip-api.com"
      },
      "geometry": {
        "type": "Point",
        "coordinates": [
          -74.0066,
          40.7126
        ]
      }
    },
    {
      "type": "Feature",
      "properties": {
        "ip": "199.232.36.159",
        "url": "https://abs.twimg.com/responsive-web/client-web/loader.WideLayout-9f4db315.8bafd0da.js",
        "city": "New York",
        "region": "New York",
        "country": "United States",
        "org": "Fastly, Inc.",
        "timezone": "America/New_York",
        "source": "ip-api.com"
      },
      "geometry": {
        "type": "Point",
        "coordinates": [
          -74.0066,
          40.7126
        ]
      }
    },
    {
      "type": "Feature",
      "properties": {
        "ip": "199.232.36.159",
        "url": "https://abs.twimg.com/responsive-web/client-web/shared~bundle.Payments~bundle.TV.c0e5e50a.js",
        "city": "New York",
        "region": "New York",
        "country": "United States",
        "org": "Fastly, Inc.",
        "timezone": "America/New_York",
        "source": "ip-api.com"
      },
      "geometry": {
        "type": "Point",
        "coordinates": [
          -74.0066,
          40.7126
        ]
      }
    },
    {
      "type": "Feature",
      "properties": {
        "ip": "199.232.36.159",
        "url": "https://abs.twimg.com/responsive-web/client-web/shared~loader.AudioDock~loader.DashMenu~loader.DashModal~loader.DMDrawer~ondemand.InlinePlayer~ondem-6a872481.5f5a2cea.js",
        "city": "New York",
        "region": "New York",
        "country": "United States",
        "org": "Fastly, Inc.",
        "timezone": "America/New_York",
        "source": "ip-api.com"
      },
      "geometry": {
        "type": "Point",
        "coordinates": [
          -74.0066,
          40.7126
        ]
      }
    },
    {
      "type": "Feature",
      "properties": {
        "ip": "199.232.36.159",
        "url": "https://abs.twimg.com/responsive-web/client-web/shared~loader.Dock~loaders.video.PlayerBase~bundle.TwitterArticles~bundle.ComposeMedia~bundle.DockPe-43dc6c10.938f270a.js",
        "city": "New York",
        "region": "New York",
        "country": "United States",
        "org": "Fastly, Inc.",
        "timezone": "America/New_York",
        "source": "ip-api.com"
      },
      "geometry": {
        "type": "Point",
        "coordinates": [
          -74.0066,
          40.7126
        ]
      }
    },
    {
      "type": "Feature",
      "properties": {
        "ip": "199.232.36.159",
        "url": "https://abs.twimg.com/responsive-web/client-web/bundle.TwitterBlue-3db873ec.be650d7a.js",
        "city": "New York",
        "region": "New York",
        "country": "United States",
        "org": "Fastly, Inc.",
        "timezone": "America/New_York",
        "source": "ip-api.com"
      },
      "geometry": {
        "type": "Point",
        "coordinates": [
          -74.0066,
          40.7126
        ]
      }
    },
    {
      "type": "Feature",
      "properties": {
        "ip": "199.232.36.159",
        "url": "https://abs.twimg.com/responsive-web/client-web/shared~bundle.Compose~bundle.RichTextCompose-42018f38.e5c6346a.js",
        "city": "New York",
        "region": "New York",
        "country": "United States",
        "org": "Fastly, Inc.",
        "timezone": "America/New_York",
        "source": "ip-api.com"
      },
      "geometry": {
        "type": "Point",
        "coordinates": [
          -74.0066,
          40.7126
        ]
      }
    },
    {
      "type": "Feature",
      "properties": {
        "ip": "199.232.36.159",
        "url": "https://abs.twimg.com/responsive-web/client-web/bundle.Payments-be74d874.f689ed5a.js",
        "city": "New York",
        "region": "New York",
        "country": "United States",
        "org": "Fastly, Inc.",
        "timezone": "America/New_York",
        "source": "ip-api.com"
      },
      "geometry": {
        "type": "Point",
        "coordinates": [
          -74.0066,
          40.7126
        ]
      }
    },
    {
      "type": "Feature",
      "properties": {
        "ip": "199.232.36.159",
        "url": "https://abs.twimg.com/responsive-web/client-web/bundle.Grok-6ac0f1a5.bcc89faa.js",
        "city": "New York",
        "region": "New York",
        "country": "United States",
        "org": "Fastly, Inc.",
        "timezone": "America/New_York",
        "source": "ip-api.com"
      },
      "geometry": {
        "type": "Point",
        "coordinates": [
          -74.0066,
          40.7126
        ]
      }
    },
    {
      "type": "Feature",
      "properties": {
        "ip": "199.232.36.159",
        "url": "https://abs.twimg.com/responsive-web/client-web/loader.Markdown.02d1760a.js",
        "city": "New York",
        "region": "New York",
        "country": "United States",
        "org": "Fastly, Inc.",
        "timezone": "America/New_York",
        "source": "ip-api.com"
      },
      "geometry": {
        "type": "Point",
        "coordinates": [
          -74.0066,
          40.7126
        ]
      }
    },
    {
      "type": "Feature",
      "properties": {
        "ip": "199.232.36.159",
        "url": "https://abs.twimg.com/responsive-web/client-web/icons.23.80b74fda.js",
        "city": "New York",
        "region": "New York",
        "country": "United States",
        "org": "Fastly, Inc.",
        "timezone": "America/New_York",
        "source": "ip-api.com"
      },
      "geometry": {
        "type": "Point",
        "coordinates": [
          -74.0066,
          40.7126
        ]
      }
    },
    {
      "type": "Feature",
      "properties": {
        "ip": "199.232.36.159",
        "url": "https://abs.twimg.com/responsive-web/client-web/shared~bundle.Grok~loader.Markdown-63cb1cc4.0c49d8ea.js",
        "city": "New York",
        "region": "New York",
        "country": "United States",
        "org": "Fastly, Inc.",
        "timezone": "America/New_York",
        "source": "ip-api.com"
      },
      "geometry": {
        "type": "Point",
        "coordinates": [
          -74.0066,
          40.7126
        ]
      }
    },
    {
      "type": "Feature",
      "properties": {
        "ip": "199.232.36.159",
        "url": "https://abs.twimg.com/responsive-web/client-web/loader.topicHandler.d744c74a.js",
        "city": "New York",
        "region": "New York",
        "country": "United States",
        "org": "Fastly, Inc.",
        "timezone": "America/New_York",
        "source": "ip-api.com"
      },
      "geometry": {
        "type": "Point",
        "coordinates": [
          -74.0066,
          40.7126
        ]
      }
    },
    {
      "type": "Feature",
      "properties": {
        "ip": "199.232.36.159",
        "url": "https://abs.twimg.com/responsive-web/client-web/shared~loader.DMDrawer~bundle.Birdwatch~bundle.Compose~bundle.DirectMessages~bundle.DMRichTextCompos-8d7085c2.b39c69fa.js",
        "city": "New York",
        "region": "New York",
        "country": "United States",
        "org": "Fastly, Inc.",
        "timezone": "America/New_York",
        "source": "ip-api.com"
      },
      "geometry": {
        "type": "Point",
        "coordinates": [
          -74.0066,
          40.7126
        ]
      }
    },
    {
      "type": "Feature",
      "properties": {
        "ip": "199.232.36.159",
        "url": "https://abs.twimg.com/responsive-web/client-web/node_modules_x-clients_features_messages_ta_json.8be5937a.js",
        "city": "New York",
        "region": "New York",
        "country": "United States",
        "org": "Fastly, Inc.",
        "timezone": "America/New_York",
        "source": "ip-api.com"
      },
      "geometry": {
        "type": "Point",
        "coordinates": [
          -74.0066,
          40.7126
        ]
      }
    },
    {
      "type": "Feature",
      "properties": {
        "ip": "199.232.36.159",
        "url": "https://abs.twimg.com/responsive-web/client-web/bundle.UserAvatar-6107ac1a.5e0d6a2a.js",
        "city": "New York",
        "region": "New York",
        "country": "United States",
        "org": "Fastly, Inc.",
        "timezone": "America/New_York",
        "source": "ip-api.com"
      },
      "geometry": {
        "type": "Point",
        "coordinates": [
          -74.0066,
          40.7126
        ]
      }
    },
    {
      "type": "Feature",
      "properties": {
        "ip": "199.232.36.159",
        "url": "https://abs.twimg.com/responsive-web/client-web/vendor-2bf3abf4.f8393bda.js",
        "city": "New York",
        "region": "New York",
        "country": "United States",
        "org": "Fastly, Inc.",
        "timezone": "America/New_York",
        "source": "ip-api.com"
      },
      "geometry": {
        "type": "Point",
        "coordinates": [
          -74.0066,
          40.7126
        ]
      }
    },
    {
      "type": "Feature",
      "properties": {
        "ip": "199.232.36.159",
        "url": "https://abs.twimg.com/responsive-web/client-web/loader.Grok-6ac0f1a5.cb072d9a.js",
        "city": "New York",
        "region": "New York",
        "country": "United States",
        "org": "Fastly, Inc.",
        "timezone": "America/New_York",
        "source": "ip-api.com"
      },
      "geometry": {
        "type": "Point",
        "coordinates": [
          -74.0066,
          40.7126
        ]
      }
    },
    {
      "type": "Feature",
      "properties": {
        "ip": "199.232.36.159",
        "url": "https://abs.twimg.com/responsive-web/client-web/shared~loader.DMDrawer~bundle.Compose~bundle.DirectMessages~bundle.DMRichTextCompose~loader.HWCard~l-a9a3eb61.717ad98a.js",
        "city": "New York",
        "region": "New York",
        "country": "United States",
        "org": "Fastly, Inc.",
        "timezone": "America/New_York",
        "source": "ip-api.com"
      },
      "geometry": {
        "type": "Point",
        "coordinates": [
          -74.0066,
          40.7126
        ]
      }
    },
    {
      "type": "Feature",
      "properties": {
        "ip": "199.232.36.159",
        "url": "https://abs.twimg.com/responsive-web/client-web/shared~bundle.HomeTimeline~bundle.UserLists.a12d597a.js",
        "city": "New York",
        "region": "New York",
        "country": "United States",
        "org": "Fastly, Inc.",
        "timezone": "America/New_York",
        "source": "ip-api.com"
      },
      "geometry": {
        "type": "Point",
        "coordinates": [
          -74.0066,
          40.7126
        ]
      }
    },
    {
      "type": "Feature",
      "properties": {
        "ip": "199.232.36.159",
        "url": "https://abs.twimg.com/responsive-web/client-web/bundle.Report-b085b550.80cbe10a.js",
        "city": "New York",
        "region": "New York",
        "country": "United States",
        "org": "Fastly, Inc.",
        "timezone": "America/New_York",
        "source": "ip-api.com"
      },
      "geometry": {
        "type": "Point",
        "coordinates": [
          -74.0066,
          40.7126
        ]
      }
    },
    {
      "type": "Feature",
      "properties": {
        "ip": "199.232.36.159",
        "url": "https://abs.twimg.com/responsive-web/client-web/vendor-adcb47af.21d62e8a.js",
        "city": "New York",
        "region": "New York",
        "country": "United States",
        "org": "Fastly, Inc.",
        "timezone": "America/New_York",
        "source": "ip-api.com"
      },
      "geometry": {
        "type": "Point",
        "coordinates": [
          -74.0066,
          40.7126
        ]
      }
    },
    {
      "type": "Feature",
      "properties": {
        "ip": "199.232.36.159",
        "url": "https://abs.twimg.com/responsive-web/client-web/bundle.AccountAnalytics-07ecdc0a.4798751a.js",
        "city": "New York",
        "region": "New York",
        "country": "United States",
        "org": "Fastly, Inc.",
        "timezone": "America/New_York",
        "source": "ip-api.com"
      },
      "geometry": {
        "type": "Point",
        "coordinates": [
          -74.0066,
          40.7126
        ]
      }
    },
    {
      "type": "Feature",
      "properties": {
        "ip": "199.232.36.159",
        "url": "https://abs.twimg.com/responsive-web/client-web/bundle.AudioSpaceReport.e3395bda.js",
        "city": "New York",
        "region": "New York",
        "country": "United States",
        "org": "Fastly, Inc.",
        "timezone": "America/New_York",
        "source": "ip-api.com"
      },
      "geometry": {
        "type": "Point",
        "coordinates": [
          -74.0066,
          40.7126
        ]
      }
    },
    {
      "type": "Feature",
      "properties": {
        "ip": "199.232.36.159",
        "url": "https://abs.twimg.com/responsive-web/client-web/bundle.Ocf-5b3c9a00.7c75c96a.js",
        "city": "New York",
        "region": "New York",
        "country": "United States",
        "org": "Fastly, Inc.",
        "timezone": "America/New_York",
        "source": "ip-api.com"
      },
      "geometry": {
        "type": "Point",
        "coordinates": [
          -74.0066,
          40.7126
        ]
      }
    },
    {
      "type": "Feature",
      "properties": {
        "ip": "199.232.36.159",
        "url": "https://abs.twimg.com/responsive-web/client-web/vendor-48a4958c.22189dca.js",
        "city": "New York",
        "region": "New York",
        "country": "United States",
        "org": "Fastly, Inc.",
        "timezone": "America/New_York",
        "source": "ip-api.com"
      },
      "geometry": {
        "type": "Point",
        "coordinates": [
          -74.0066,
          40.7126
        ]
      }
    },
    {
      "type": "Feature",
      "properties": {
        "ip": "199.232.36.159",
        "url": "https://abs.twimg.com/responsive-web/client-web/icons.17.5643c84a.js",
        "city": "New York",
        "region": "New York",
        "country": "United States",
        "org": "Fastly, Inc.",
        "timezone": "America/New_York",
        "source": "ip-api.com"
      },
      "geometry": {
        "type": "Point",
        "coordinates": [
          -74.0066,
          40.7126
        ]
      }
    },
    {
      "type": "Feature",
      "properties": {
        "ip": "199.232.36.159",
        "url": "https://abs.twimg.com/responsive-web/client-web/shared~bundle.AudioSpaceDetail~bundle.AudioSpaceDiscovery~bundle.AudioSpacebarScreen~bundle.Birdwatc-2c2ff023.0397934a.js",
        "city": "New York",
        "region": "New York",
        "country": "United States",
        "org": "Fastly, Inc.",
        "timezone": "America/New_York",
        "source": "ip-api.com"
      },
      "geometry": {
        "type": "Point",
        "coordinates": [
          -74.0066,
          40.7126
        ]
      }
    },
    {
      "type": "Feature",
      "properties": {
        "ip": "199.232.36.159",
        "url": "https://abs.twimg.com/responsive-web/client-web/bundle.ImmersiveMediaViewer.0bb4c0fa.js",
        "city": "New York",
        "region": "New York",
        "country": "United States",
        "org": "Fastly, Inc.",
        "timezone": "America/New_York",
        "source": "ip-api.com"
      },
      "geometry": {
        "type": "Point",
        "coordinates": [
          -74.0066,
          40.7126
        ]
      }
    },
    {
      "type": "Feature",
      "properties": {
        "ip": "199.232.36.159",
        "url": "https://abs.twimg.com/responsive-web/client-web/bundle.MonetizationV2.b6349eca.js",
        "city": "New York",
        "region": "New York",
        "country": "United States",
        "org": "Fastly, Inc.",
        "timezone": "America/New_York",
        "source": "ip-api.com"
      },
      "geometry": {
        "type": "Point",
        "coordinates": [
          -74.0066,
          40.7126
        ]
      }
    },
    {
      "type": "Feature",
      "properties": {
        "ip": "199.232.36.159",
        "url": "https://abs.twimg.com/responsive-web/client-web/loader.PremiumLoaders.917bad8a.js",
        "city": "New York",
        "region": "New York",
        "country": "United States",
        "org": "Fastly, Inc.",
        "timezone": "America/New_York",
        "source": "ip-api.com"
      },
      "geometry": {
        "type": "Point",
        "coordinates": [
          -74.0066,
          40.7126
        ]
      }
    },
    {
      "type": "Feature",
      "properties": {
        "ip": "199.232.36.159",
        "url": "https://abs.twimg.com/responsive-web/client-web/shared~bundle.SettingsRevamp~bundle.SettingsTransparency.537a710a.js",
        "city": "New York",
        "region": "New York",
        "country": "United States",
        "org": "Fastly, Inc.",
        "timezone": "America/New_York",
        "source": "ip-api.com"
      },
      "geometry": {
        "type": "Point",
        "coordinates": [
          -74.0066,
          40.7126
        ]
      }
    },
    {
      "type": "Feature",
      "properties": {
        "ip": "199.232.36.159",
        "url": "https://abs.twimg.com/responsive-web/client-web/shared~loader.DMDrawer~bundle.Compose~bundle.DirectMessages~bundle.DMRichTextCompose~loader.HWCard~l-76dc24ae.e6a2299a.js",
        "city": "New York",
        "region": "New York",
        "country": "United States",
        "org": "Fastly, Inc.",
        "timezone": "America/New_York",
        "source": "ip-api.com"
      },
      "geometry": {
        "type": "Point",
        "coordinates": [
          -74.0066,
          40.7126
        ]
      }
    },
    {
      "type": "Feature",
      "properties": {
        "ip": "199.232.36.159",
        "url": "https://abs.twimg.com/responsive-web/client-web/bundle.AccountAnalytics-ec5b99a5.3d0b738a.js",
        "city": "New York",
        "region": "New York",
        "country": "United States",
        "org": "Fastly, Inc.",
        "timezone": "America/New_York",
        "source": "ip-api.com"
      },
      "geometry": {
        "type": "Point",
        "coordinates": [
          -74.0066,
          40.7126
        ]
      }
    },
    {
      "type": "Feature",
      "properties": {
        "ip": "199.232.36.159",
        "url": "https://abs.twimg.com/responsive-web/client-web/loader.MomentSummaryHandler.02e8c3ea.js",
        "city": "New York",
        "region": "New York",
        "country": "United States",
        "org": "Fastly, Inc.",
        "timezone": "America/New_York",
        "source": "ip-api.com"
      },
      "geometry": {
        "type": "Point",
        "coordinates": [
          -74.0066,
          40.7126
        ]
      }
    },
    {
      "type": "Feature",
      "properties": {
        "ip": "199.232.36.159",
        "url": "https://abs.twimg.com/responsive-web/client-web/loader.directMessagesData-63cb1cc4.1c4c8a5a.js",
        "city": "New York",
        "region": "New York",
        "country": "United States",
        "org": "Fastly, Inc.",
        "timezone": "America/New_York",
        "source": "ip-api.com"
      },
      "geometry": {
        "type": "Point",
        "coordinates": [
          -74.0066,
          40.7126
        ]
      }
    },
    {
      "type": "Feature",
      "properties": {
        "ip": "199.232.36.159",
        "url": "https://abs.twimg.com/responsive-web/client-web/bundle.SuperFollowsManage.9c97204a.js",
        "city": "New York",
        "region": "New York",
        "country": "United States",
        "org": "Fastly, Inc.",
        "timezone": "America/New_York",
        "source": "ip-api.com"
      },
      "geometry": {
        "type": "Point",
        "coordinates": [
          -74.0066,
          40.7126
        ]
      }
    },
    {
      "type": "Feature",
      "properties": {
        "ip": "199.232.36.159",
        "url": "https://abs.twimg.com/responsive-web/client-web/shared~bundle.ReaderMode~bundle.Birdwatch~bundle.TwitterArticles~bundle.Compose~bundle.Settings~bund-743779ef.a4fd956a.js",
        "city": "New York",
        "region": "New York",
        "country": "United States",
        "org": "Fastly, Inc.",
        "timezone": "America/New_York",
        "source": "ip-api.com"
      },
      "geometry": {
        "type": "Point",
        "coordinates": [
          -74.0066,
          40.7126
        ]
      }
    },
    {
      "type": "Feature",
      "properties": {
        "ip": "199.232.36.159",
        "url": "https://abs.twimg.com/responsive-web/client-web/vendor-744bed60.79286f6a.js",
        "city": "New York",
        "region": "New York",
        "country": "United States",
        "org": "Fastly, Inc.",
        "timezone": "America/New_York",
        "source": "ip-api.com"
      },
      "geometry": {
        "type": "Point",
        "coordinates": [
          -74.0066,
          40.7126
        ]
      }
    },
    {
      "type": "Feature",
      "properties": {
        "ip": "199.232.36.159",
        "url": "https://abs.twimg.com/responsive-web/client-web/shared~bundle.TwitterArticles~bundle.Grok~loader.Markdown~loader.TexBlock.4396642a.js",
        "city": "New York",
        "region": "New York",
        "country": "United States",
        "org": "Fastly, Inc.",
        "timezone": "America/New_York",
        "source": "ip-api.com"
      },
      "geometry": {
        "type": "Point",
        "coordinates": [
          -74.0066,
          40.7126
        ]
      }
    },
    {
      "type": "Feature",
      "properties": {
        "ip": "199.232.36.159",
        "url": "https://abs.twimg.com/responsive-web/client-web/bundle.BrandedLikesPreview-e16dbf02.2ce28dea.js",
        "city": "New York",
        "region": "New York",
        "country": "United States",
        "org": "Fastly, Inc.",
        "timezone": "America/New_York",
        "source": "ip-api.com"
      },
      "geometry": {
        "type": "Point",
        "coordinates": [
          -74.0066,
          40.7126
        ]
      }
    },
    {
      "type": "Feature",
      "properties": {
        "ip": "199.232.36.159",
        "url": "https://abs.twimg.com/responsive-web/client-web/bundle.LiveEvent-e6266db0.6c74f39a.js",
        "city": "New York",
        "region": "New York",
        "country": "United States",
        "org": "Fastly, Inc.",
        "timezone": "America/New_York",
        "source": "ip-api.com"
      },
      "geometry": {
        "type": "Point",
        "coordinates": [
          -74.0066,
          40.7126
        ]
      }
    },
    {
      "type": "Feature",
      "properties": {
        "ip": "199.232.36.159",
        "url": "https://abs.twimg.com/responsive-web/client-web/vendor-85aa29ea.b9ec208a.js",
        "city": "New York",
        "region": "New York",
        "country": "United States",
        "org": "Fastly, Inc.",
        "timezone": "America/New_York",
        "source": "ip-api.com"
      },
      "geometry": {
        "type": "Point",
        "coordinates": [
          -74.0066,
          40.7126
        ]
      }
    },
    {
      "type": "Feature",
      "properties": {
        "ip": "199.232.36.159",
        "url": "https://abs.twimg.com/responsive-web/client-web/icons.20.6d1864ca.js",
        "city": "New York",
        "region": "New York",
        "country": "United States",
        "org": "Fastly, Inc.",
        "timezone": "America/New_York",
        "source": "ip-api.com"
      },
      "geometry": {
        "type": "Point",
        "coordinates": [
          -74.0066,
          40.7126
        ]
      }
    },
    {
      "type": "Feature",
      "properties": {
        "ip": "199.232.36.159",
        "url": "https://abs.twimg.com/responsive-web/client-web/shared~loader.AudioDock~loader.DashMenu~loader.DashModal~loader.DMDrawer~bundle.GrokDrawer~ondemand.-91facaf4.b5541d9a.js",
        "city": "New York",
        "region": "New York",
        "country": "United States",
        "org": "Fastly, Inc.",
        "timezone": "America/New_York",
        "source": "ip-api.com"
      },
      "geometry": {
        "type": "Point",
        "coordinates": [
          -74.0066,
          40.7126
        ]
      }
    },
    {
      "type": "Feature",
      "properties": {
        "ip": "199.232.36.159",
        "url": "https://abs.twimg.com/responsive-web/client-web/node_modules_x-clients_features_messages_it_json.d5cf241a.js",
        "city": "New York",
        "region": "New York",
        "country": "United States",
        "org": "Fastly, Inc.",
        "timezone": "America/New_York",
        "source": "ip-api.com"
      },
      "geometry": {
        "type": "Point",
        "coordinates": [
          -74.0066,
          40.7126
        ]
      }
    },
    {
      "type": "Feature",
      "properties": {
        "ip": "199.232.36.159",
        "url": "https://abs.twimg.com/responsive-web/client-web/bundle.DirectMessages-6ac0f1a5.ccf7396a.js",
        "city": "New York",
        "region": "New York",
        "country": "United States",
        "org": "Fastly, Inc.",
        "timezone": "America/New_York",
        "source": "ip-api.com"
      },
      "geometry": {
        "type": "Point",
        "coordinates": [
          -74.0066,
          40.7126
        ]
      }
    },
    {
      "type": "Feature",
      "properties": {
        "ip": "199.232.36.159",
        "url": "https://abs.twimg.com/responsive-web/client-web/loader.NewsSidebar.d1f5e76a.js",
        "city": "New York",
        "region": "New York",
        "country": "United States",
        "org": "Fastly, Inc.",
        "timezone": "America/New_York",
        "source": "ip-api.com"
      },
      "geometry": {
        "type": "Point",
        "coordinates": [
          -74.0066,
          40.7126
        ]
      }
    },
    {
      "type": "Feature",
      "properties": {
        "ip": "199.232.36.159",
        "url": "https://abs.twimg.com/responsive-web/client-web/shared~bundle.ReaderMode~bundle.Birdwatch~bundle.TwitterArticles~bundle.Compose~bundle.Settings~bund-757f3ab2.45b3c53a.js",
        "city": "New York",
        "region": "New York",
        "country": "United States",
        "org": "Fastly, Inc.",
        "timezone": "America/New_York",
        "source": "ip-api.com"
      },
      "geometry": {
        "type": "Point",
        "coordinates": [
          -74.0066,
          40.7126
        ]
      }
    },
    {
      "type": "Feature",
      "properties": {
        "ip": "199.232.36.159",
        "url": "https://abs.twimg.com/responsive-web/client-web/bundle.Payments-7e6638bc.30b20a3a.js",
        "city": "New York",
        "region": "New York",
        "country": "United States",
        "org": "Fastly, Inc.",
        "timezone": "America/New_York",
        "source": "ip-api.com"
      },
      "geometry": {
        "type": "Point",
        "coordinates": [
          -74.0066,
          40.7126
        ]
      }
    },
    {
      "type": "Feature",
      "properties": {
        "ip": "199.232.36.159",
        "url": "https://abs.twimg.com/responsive-web/client-web/shared~~-5a94f17d.147e5baa.js",
        "city": "New York",
        "region": "New York",
        "country": "United States",
        "org": "Fastly, Inc.",
        "timezone": "America/New_York",
        "source": "ip-api.com"
      },
      "geometry": {
        "type": "Point",
        "coordinates": [
          -74.0066,
          40.7126
        ]
      }
    },
    {
      "type": "Feature",
      "properties": {
        "ip": "199.232.36.159",
        "url": "https://abs.twimg.com/responsive-web/client-web/bundle.AccountAnalytics-384dbc30.6c01feba.js",
        "city": "New York",
        "region": "New York",
        "country": "United States",
        "org": "Fastly, Inc.",
        "timezone": "America/New_York",
        "source": "ip-api.com"
      },
      "geometry": {
        "type": "Point",
        "coordinates": [
          -74.0066,
          40.7126
        ]
      }
    },
    {
      "type": "Feature",
      "properties": {
        "ip": "199.232.36.159",
        "url": "https://abs.twimg.com/responsive-web/client-web/shared~loader.AudioDock~loader.Dock~loader.DashMenu~loader.DashModal~loader.DMDrawer~ondemand.Inline-fc31ced1.25ea52ea.js",
        "city": "New York",
        "region": "New York",
        "country": "United States",
        "org": "Fastly, Inc.",
        "timezone": "America/New_York",
        "source": "ip-api.com"
      },
      "geometry": {
        "type": "Point",
        "coordinates": [
          -74.0066,
          40.7126
        ]
      }
    },
    {
      "type": "Feature",
      "properties": {
        "ip": "199.232.36.159",
        "url": "https://abs.twimg.com/responsive-web/client-web/node_modules_x-clients_features_messages_bg_json.05ab4dca.js",
        "city": "New York",
        "region": "New York",
        "country": "United States",
        "org": "Fastly, Inc.",
        "timezone": "America/New_York",
        "source": "ip-api.com"
      },
      "geometry": {
        "type": "Point",
        "coordinates": [
          -74.0066,
          40.7126
        ]
      }
    },
    {
      "type": "Feature",
      "properties": {
        "ip": "199.232.36.159",
        "url": "https://abs.twimg.com/responsive-web/client-web/bundle.SettingsProfessionalProfileLocationSpotlight-e713b73f.58445f5a.js",
        "city": "New York",
        "region": "New York",
        "country": "United States",
        "org": "Fastly, Inc.",
        "timezone": "America/New_York",
        "source": "ip-api.com"
      },
      "geometry": {
        "type": "Point",
        "coordinates": [
          -74.0066,
          40.7126
        ]
      }
    },
    {
      "type": "Feature",
      "properties": {
        "ip": "199.232.36.159",
        "url": "https://abs.twimg.com/responsive-web/client-web/shared~bundle.ReaderMode~bundle.Birdwatch~bundle.TwitterArticles~bundle.Compose~bundle.Settings~bund-c9d567be.c790545a.js",
        "city": "New York",
        "region": "New York",
        "country": "United States",
        "org": "Fastly, Inc.",
        "timezone": "America/New_York",
        "source": "ip-api.com"
      },
      "geometry": {
        "type": "Point",
        "coordinates": [
          -74.0066,
          40.7126
        ]
      }
    },
    {
      "type": "Feature",
      "properties": {
        "ip": "199.232.36.159",
        "url": "https://abs.twimg.com/responsive-web/client-web/bundle.Communities-c4c4009f.d13029fa.js",
        "city": "New York",
        "region": "New York",
        "country": "United States",
        "org": "Fastly, Inc.",
        "timezone": "America/New_York",
        "source": "ip-api.com"
      },
      "geometry": {
        "type": "Point",
        "coordinates": [
          -74.0066,
          40.7126
        ]
      }
    },
    {
      "type": "Feature",
      "properties": {
        "ip": "199.232.36.159",
        "url": "https://abs.twimg.com/responsive-web/client-web/loader.AudioContextVoiceMedia.276c72ea.js",
        "city": "New York",
        "region": "New York",
        "country": "United States",
        "org": "Fastly, Inc.",
        "timezone": "America/New_York",
        "source": "ip-api.com"
      },
      "geometry": {
        "type": "Point",
        "coordinates": [
          -74.0066,
          40.7126
        ]
      }
    },
    {
      "type": "Feature",
      "properties": {
        "ip": "199.232.36.159",
        "url": "https://abs.twimg.com/responsive-web/client-web/shared~bundle.JobSearch~bundle.UserJobs.f66befda.js",
        "city": "New York",
        "region": "New York",
        "country": "United States",
        "org": "Fastly, Inc.",
        "timezone": "America/New_York",
        "source": "ip-api.com"
      },
      "geometry": {
        "type": "Point",
        "coordinates": [
          -74.0066,
          40.7126
        ]
      }
    },
    {
      "type": "Feature",
      "properties": {
        "ip": "199.232.36.159",
        "url": "https://abs.twimg.com/responsive-web/client-web/node_modules_x-clients_features_messages_en-ss_json.7fcccf0a.js",
        "city": "New York",
        "region": "New York",
        "country": "United States",
        "org": "Fastly, Inc.",
        "timezone": "America/New_York",
        "source": "ip-api.com"
      },
      "geometry": {
        "type": "Point",
        "coordinates": [
          -74.0066,
          40.7126
        ]
      }
    },
    {
      "type": "Feature",
      "properties": {
        "ip": "199.232.36.159",
        "url": "https://abs.twimg.com/responsive-web/client-web/shared~loader.AudioDock~loader.DashMenu~loader.DashModal~loader.DMDrawer~ondemand.InlinePlayer~ondem-c7e58553.33fca9aa.js",
        "city": "New York",
        "region": "New York",
        "country": "United States",
        "org": "Fastly, Inc.",
        "timezone": "America/New_York",
        "source": "ip-api.com"
      },
      "geometry": {
        "type": "Point",
        "coordinates": [
          -74.0066,
          40.7126
        ]
      }
    },
    {
      "type": "Feature",
      "properties": {
        "ip": "199.232.36.159",
        "url": "https://abs.twimg.com/responsive-web/client-web/bundle.DirectMessages-8486177b.485251fa.js",
        "city": "New York",
        "region": "New York",
        "country": "United States",
        "org": "Fastly, Inc.",
        "timezone": "America/New_York",
        "source": "ip-api.com"
      },
      "geometry": {
        "type": "Point",
        "coordinates": [
          -74.0066,
          40.7126
        ]
      }
    },
    {
      "type": "Feature",
      "properties": {
        "ip": "199.232.36.159",
        "url": "https://abs.twimg.com/responsive-web/client-web/node_modules_x-clients_features_messages_vi_json.eb309e3a.js",
        "city": "New York",
        "region": "New York",
        "country": "United States",
        "org": "Fastly, Inc.",
        "timezone": "America/New_York",
        "source": "ip-api.com"
      },
      "geometry": {
        "type": "Point",
        "coordinates": [
          -74.0066,
          40.7126
        ]
      }
    },
    {
      "type": "Feature",
      "properties": {
        "ip": "199.232.36.159",
        "url": "https://abs.twimg.com/responsive-web/client-web/loader.AudioDock.0d5f90fa.js",
        "city": "New York",
        "region": "New York",
        "country": "United States",
        "org": "Fastly, Inc.",
        "timezone": "America/New_York",
        "source": "ip-api.com"
      },
      "geometry": {
        "type": "Point",
        "coordinates": [
          -74.0066,
          40.7126
        ]
      }
    },
    {
      "type": "Feature",
      "properties": {
        "ip": "199.232.36.159",
        "url": "https://abs.twimg.com/responsive-web/client-web/bundle.UserLists-63cb1cc4.ed4027da.js",
        "city": "New York",
        "region": "New York",
        "country": "United States",
        "org": "Fastly, Inc.",
        "timezone": "America/New_York",
        "source": "ip-api.com"
      },
      "geometry": {
        "type": "Point",
        "coordinates": [
          -74.0066,
          40.7126
        ]
      }
    },
    {
      "type": "Feature",
      "properties": {
        "ip": "199.232.36.159",
        "url": "https://abs.twimg.com/responsive-web/client-web/bundle.AccountAnalytics-c58e35e0.28a37a3a.js",
        "city": "New York",
        "region": "New York",
        "country": "United States",
        "org": "Fastly, Inc.",
        "timezone": "America/New_York",
        "source": "ip-api.com"
      },
      "geometry": {
        "type": "Point",
        "coordinates": [
          -74.0066,
          40.7126
        ]
      }
    },
    {
      "type": "Feature",
      "properties": {
        "ip": "199.232.36.159",
        "url": "https://abs.twimg.com/responsive-web/client-web/icons.3.64f74bca.js",
        "city": "New York",
        "region": "New York",
        "country": "United States",
        "org": "Fastly, Inc.",
        "timezone": "America/New_York",
        "source": "ip-api.com"
      },
      "geometry": {
        "type": "Point",
        "coordinates": [
          -74.0066,
          40.7126
        ]
      }
    },
    {
      "type": "Feature",
      "properties": {
        "ip": "199.232.36.159",
        "url": "https://abs.twimg.com/responsive-web/client-web/loader.Typeahead-50b6b1eb.e0f9715a.js",
        "city": "New York",
        "region": "New York",
        "country": "United States",
        "org": "Fastly, Inc.",
        "timezone": "America/New_York",
        "source": "ip-api.com"
      },
      "geometry": {
        "type": "Point",
        "coordinates": [
          -74.0066,
          40.7126
        ]
      }
    },
    {
      "type": "Feature",
      "properties": {
        "ip": "199.232.36.159",
        "url": "https://abs.twimg.com/responsive-web/client-web/loader.Confetti-5ccade72.b221850a.js",
        "city": "New York",
        "region": "New York",
        "country": "United States",
        "org": "Fastly, Inc.",
        "timezone": "America/New_York",
        "source": "ip-api.com"
      },
      "geometry": {
        "type": "Point",
        "coordinates": [
          -74.0066,
          40.7126
        ]
      }
    },
    {
      "type": "Feature",
      "properties": {
        "ip": "199.232.36.159",
        "url": "https://abs.twimg.com/responsive-web/client-web/bundle.AccountAnalytics-d0d5c4c2.da28098a.js",
        "city": "New York",
        "region": "New York",
        "country": "United States",
        "org": "Fastly, Inc.",
        "timezone": "America/New_York",
        "source": "ip-api.com"
      },
      "geometry": {
        "type": "Point",
        "coordinates": [
          -74.0066,
          40.7126
        ]
      }
    },
    {
      "type": "Feature",
      "properties": {
        "ip": "199.232.36.159",
        "url": "https://abs.twimg.com/responsive-web/client-web/bundle.Communities-bc6ccf4c.590cb45a.js",
        "city": "New York",
        "region": "New York",
        "country": "United States",
        "org": "Fastly, Inc.",
        "timezone": "America/New_York",
        "source": "ip-api.com"
      },
      "geometry": {
        "type": "Point",
        "coordinates": [
          -74.0066,
          40.7126
        ]
      }
    },
    {
      "type": "Feature",
      "properties": {
        "ip": "199.232.36.159",
        "url": "https://abs.twimg.com/responsive-web/client-web/shared~loader.AudioDock~loader.DashMenu~loader.DashModal~loader.DMDrawer~bundle.GrokDrawer~ondemand.-6365605c.905d0dda.js",
        "city": "New York",
        "region": "New York",
        "country": "United States",
        "org": "Fastly, Inc.",
        "timezone": "America/New_York",
        "source": "ip-api.com"
      },
      "geometry": {
        "type": "Point",
        "coordinates": [
          -74.0066,
          40.7126
        ]
      }
    },
    {
      "type": "Feature",
      "properties": {
        "ip": "199.232.36.159",
        "url": "https://abs.twimg.com/responsive-web/client-web/bundle.UserAvatar-9f4db315.b32cb9da.js",
        "city": "New York",
        "region": "New York",
        "country": "United States",
        "org": "Fastly, Inc.",
        "timezone": "America/New_York",
        "source": "ip-api.com"
      },
      "geometry": {
        "type": "Point",
        "coordinates": [
          -74.0066,
          40.7126
        ]
      }
    },
    {
      "type": "Feature",
      "properties": {
        "ip": "199.232.36.159",
        "url": "https://abs.twimg.com/responsive-web/client-web/bundle.Explore.dd9f909a.js",
        "city": "New York",
        "region": "New York",
        "country": "United States",
        "org": "Fastly, Inc.",
        "timezone": "America/New_York",
        "source": "ip-api.com"
      },
      "geometry": {
        "type": "Point",
        "coordinates": [
          -74.0066,
          40.7126
        ]
      }
    },
    {
      "type": "Feature",
      "properties": {
        "ip": "199.232.36.159",
        "url": "https://abs.twimg.com/responsive-web/client-web/shared~bundle.ReportCenter~bundle.SafetyCenter-bc6ccf4c.27cb4c3a.js",
        "city": "New York",
        "region": "New York",
        "country": "United States",
        "org": "Fastly, Inc.",
        "timezone": "America/New_York",
        "source": "ip-api.com"
      },
      "geometry": {
        "type": "Point",
        "coordinates": [
          -74.0066,
          40.7126
        ]
      }
    },
    {
      "type": "Feature",
      "properties": {
        "ip": "199.232.36.159",
        "url": "https://abs.twimg.com/responsive-web/client-web/node_modules_x-clients_features_messages_sr_json.25da971a.js",
        "city": "New York",
        "region": "New York",
        "country": "United States",
        "org": "Fastly, Inc.",
        "timezone": "America/New_York",
        "source": "ip-api.com"
      },
      "geometry": {
        "type": "Point",
        "coordinates": [
          -74.0066,
          40.7126
        ]
      }
    },
    {
      "type": "Feature",
      "properties": {
        "ip": "199.232.36.159",
        "url": "https://abs.twimg.com/responsive-web/client-web/bundle.PaymentShared.1d8ce42a.js",
        "city": "New York",
        "region": "New York",
        "country": "United States",
        "org": "Fastly, Inc.",
        "timezone": "America/New_York",
        "source": "ip-api.com"
      },
      "geometry": {
        "type": "Point",
        "coordinates": [
          -74.0066,
          40.7126
        ]
      }
    },
    {
      "type": "Feature",
      "properties": {
        "ip": "199.232.36.159",
        "url": "https://abs.twimg.com/responsive-web/client-web/icons.25.0e13ac9a.js",
        "city": "New York",
        "region": "New York",
        "country": "United States",
        "org": "Fastly, Inc.",
        "timezone": "America/New_York",
        "source": "ip-api.com"
      },
      "geometry": {
        "type": "Point",
        "coordinates": [
          -74.0066,
          40.7126
        ]
      }
    },
    {
      "type": "Feature",
      "properties": {
        "ip": "199.232.36.159",
        "url": "https://abs.twimg.com/responsive-web/client-web/shared~loader.Spacebar~loader.SidebarSpacebar.e51bfd6a.js",
        "city": "New York",
        "region": "New York",
        "country": "United States",
        "org": "Fastly, Inc.",
        "timezone": "America/New_York",
        "source": "ip-api.com"
      },
      "geometry": {
        "type": "Point",
        "coordinates": [
          -74.0066,
          40.7126
        ]
      }
    },
    {
      "type": "Feature",
      "properties": {
        "ip": "199.232.36.159",
        "url": "https://abs.twimg.com/responsive-web/client-web/shared~loader.DashMenu~loader.SideNav~loader.SideNavRedesign~loader.AppModules~loader.DMDrawer~bundl-4b4cb9aa.243bbc9a.js",
        "city": "New York",
        "region": "New York",
        "country": "United States",
        "org": "Fastly, Inc.",
        "timezone": "America/New_York",
        "source": "ip-api.com"
      },
      "geometry": {
        "type": "Point",
        "coordinates": [
          -74.0066,
          40.7126
        ]
      }
    },
    {
      "type": "Feature",
      "properties": {
        "ip": "199.232.36.159",
        "url": "https://abs.twimg.com/responsive-web/client-web/loader.TryFullNewsSidebar.f98f5e7a.js",
        "city": "New York",
        "region": "New York",
        "country": "United States",
        "org": "Fastly, Inc.",
        "timezone": "America/New_York",
        "source": "ip-api.com"
      },
      "geometry": {
        "type": "Point",
        "coordinates": [
          -74.0066,
          40.7126
        ]
      }
    },
    {
      "type": "Feature",
      "properties": {
        "ip": "199.232.36.159",
        "url": "https://abs.twimg.com/responsive-web/client-web/loader.UserHandler.a69920fa.js",
        "city": "New York",
        "region": "New York",
        "country": "United States",
        "org": "Fastly, Inc.",
        "timezone": "America/New_York",
        "source": "ip-api.com"
      },
      "geometry": {
        "type": "Point",
        "coordinates": [
          -74.0066,
          40.7126
        ]
      }
    },
    {
      "type": "Feature",
      "properties": {
        "ip": "199.232.36.159",
        "url": "https://abs.twimg.com/responsive-web/client-web/shared~loader.Dock~bundle.DockPeek~bundle.LiveEvent~loader.TimelineFrameHandler~loader.JetfuelFrame--28c121cf.15e9c22a.js",
        "city": "New York",
        "region": "New York",
        "country": "United States",
        "org": "Fastly, Inc.",
        "timezone": "America/New_York",
        "source": "ip-api.com"
      },
      "geometry": {
        "type": "Point",
        "coordinates": [
          -74.0066,
          40.7126
        ]
      }
    },
    {
      "type": "Feature",
      "properties": {
        "ip": "199.232.36.159",
        "url": "https://abs.twimg.com/responsive-web/client-web/bundle.Settings-63cb1cc4.583e12da.js",
        "city": "New York",
        "region": "New York",
        "country": "United States",
        "org": "Fastly, Inc.",
        "timezone": "America/New_York",
        "source": "ip-api.com"
      },
      "geometry": {
        "type": "Point",
        "coordinates": [
          -74.0066,
          40.7126
        ]
      }
    },
    {
      "type": "Feature",
      "properties": {
        "ip": "199.232.36.159",
        "url": "https://abs.twimg.com/responsive-web/client-web/vendor-c4d1d074.c9bdc52a.js",
        "city": "New York",
        "region": "New York",
        "country": "United States",
        "org": "Fastly, Inc.",
        "timezone": "America/New_York",
        "source": "ip-api.com"
      },
      "geometry": {
        "type": "Point",
        "coordinates": [
          -74.0066,
          40.7126
        ]
      }
    },
    {
      "type": "Feature",
      "properties": {
        "ip": "199.232.36.159",
        "url": "https://abs.twimg.com/responsive-web/client-web/bundle.AccountAnalytics-bda42643.433a9f5a.js",
        "city": "New York",
        "region": "New York",
        "country": "United States",
        "org": "Fastly, Inc.",
        "timezone": "America/New_York",
        "source": "ip-api.com"
      },
      "geometry": {
        "type": "Point",
        "coordinates": [
          -74.0066,
          40.7126
        ]
      }
    },
    {
      "type": "Feature",
      "properties": {
        "ip": "199.232.36.159",
        "url": "https://abs.twimg.com/responsive-web/client-web/icons.2.d517b0aa.js",
        "city": "New York",
        "region": "New York",
        "country": "United States",
        "org": "Fastly, Inc.",
        "timezone": "America/New_York",
        "source": "ip-api.com"
      },
      "geometry": {
        "type": "Point",
        "coordinates": [
          -74.0066,
          40.7126
        ]
      }
    },
    {
      "type": "Feature",
      "properties": {
        "ip": "104.18.36.146",
        "url": "https://video.twimg.com/amplify_video/1947666608471539712/vid/avc1/6000/9000/1280x720/suJPZ-NbOgcMHzIo.m4s",
        "city": "Toronto",
        "region": "Ontario",
        "country": "Canada",
        "org": "Cloudflare, Inc.",
        "timezone": "America/Toronto",
        "source": "ip-api.com"
      },
      "geometry": {
        "type": "Point",
        "coordinates": [
          -79.3832,
          43.6532
        ]
      }
    },
    {
      "type": "Feature",
      "properties": {
        "ip": "104.18.36.146",
        "url": "https://video.twimg.com/amplify_video/1940263379702075392/vid/avc1/9000/12000/720x720/OEciIQWs69nh3OK4.m4s",
        "city": "Toronto",
        "region": "Ontario",
        "country": "Canada",
        "org": "Cloudflare, Inc.",
        "timezone": "America/Toronto",
        "source": "ip-api.com"
      },
      "geometry": {
        "type": "Point",
        "coordinates": [
          -79.3832,
          43.6532
        ]
      }
    },
    {
      "type": "Feature",
      "properties": {
        "ip": "104.18.36.146",
        "url": "https://video.twimg.com/amplify_video/1947666608471539712/pl/AB58Z24TZyARYxtF.m3u8?variant_version=1&tag=14",
        "city": "Toronto",
        "region": "Ontario",
        "country": "Canada",
        "org": "Cloudflare, Inc.",
        "timezone": "America/Toronto",
        "source": "ip-api.com"
      },
      "geometry": {
        "type": "Point",
        "coordinates": [
          -79.3832,
          43.6532
        ]
      }
    },
    {
      "type": "Feature",
      "properties": {
        "ip": "104.18.36.146",
        "url": "https://video.twimg.com/amplify_video/1948897085991878656/pl/avc1/1280x720/6NUlAvg6mY1-fBfT.m3u8",
        "city": "Toronto",
        "region": "Ontario",
        "country": "Canada",
        "org": "Cloudflare, Inc.",
        "timezone": "America/Toronto",
        "source": "ip-api.com"
      },
      "geometry": {
        "type": "Point",
        "coordinates": [
          -79.3832,
          43.6532
        ]
      }
    },
    {
      "type": "Feature",
      "properties": {
        "ip": "104.18.36.146",
        "url": "https://video.twimg.com/amplify_video/1947666608471539712/aud/mp4a/0/0/128000/-LrymP8FlR8WEiwE.mp4",
        "city": "Toronto",
        "region": "Ontario",
        "country": "Canada",
        "org": "Cloudflare, Inc.",
        "timezone": "America/Toronto",
        "source": "ip-api.com"
      },
      "geometry": {
        "type": "Point",
        "coordinates": [
          -79.3832,
          43.6532
        ]
      }
    },
    {
      "type": "Feature",
      "properties": {
        "ip": "104.18.36.146",
        "url": "https://video.twimg.com/amplify_video/1940263379702075392/aud/mp4a/0/0/128000/7elI_r6oLJfrkMi8.mp4",
        "city": "Toronto",
        "region": "Ontario",
        "country": "Canada",
        "org": "Cloudflare, Inc.",
        "timezone": "America/Toronto",
        "source": "ip-api.com"
      },
      "geometry": {
        "type": "Point",
        "coordinates": [
          -79.3832,
          43.6532
        ]
      }
    },
    {
      "type": "Feature",
      "properties": {
        "ip": "104.18.36.146",
        "url": "https://video.twimg.com/amplify_video/1948897085991878656/pl/Eu8h_zfGjqasyFrV.m3u8?variant_version=1&tag=14",
        "city": "Toronto",
        "region": "Ontario",
        "country": "Canada",
        "org": "Cloudflare, Inc.",
        "timezone": "America/Toronto",
        "source": "ip-api.com"
      },
      "geometry": {
        "type": "Point",
        "coordinates": [
          -79.3832,
          43.6532
        ]
      }
    },
    {
      "type": "Feature",
      "properties": {
        "ip": "104.18.36.146",
        "url": "https://video.twimg.com/amplify_video/1948897085991878656/vid/avc1/0/0/1280x720/jyvPMw7EMhqxVty3.mp4",
        "city": "Toronto",
        "region": "Ontario",
        "country": "Canada",
        "org": "Cloudflare, Inc.",
        "timezone": "America/Toronto",
        "source": "ip-api.com"
      },
      "geometry": {
        "type": "Point",
        "coordinates": [
          -79.3832,
          43.6532
        ]
      }
    },
    {
      "type": "Feature",
      "properties": {
        "ip": "104.18.36.146",
        "url": "https://video.twimg.com/amplify_video/1948897085991878656/aud/mp4a/0/0/128000/MfXcCG40bmF-T5Qa.mp4",
        "city": "Toronto",
        "region": "Ontario",
        "country": "Canada",
        "org": "Cloudflare, Inc.",
        "timezone": "America/Toronto",
        "source": "ip-api.com"
      },
      "geometry": {
        "type": "Point",
        "coordinates": [
          -79.3832,
          43.6532
        ]
      }
    },
    {
      "type": "Feature",
      "properties": {
        "ip": "104.18.36.146",
        "url": "https://video.twimg.com/amplify_video/1947666608471539712/aud/mp4a/6000/9000/128000/USfrYhFB7B9FR_30.m4s",
        "city": "Toronto",
        "region": "Ontario",
        "country": "Canada",
        "org": "Cloudflare, Inc.",
        "timezone": "America/Toronto",
        "source": "ip-api.com"
      },
      "geometry": {
        "type": "Point",
        "coordinates": [
          -79.3832,
          43.6532
        ]
      }
    },
    {
      "type": "Feature",
      "properties": {
        "ip": "104.18.36.146",
        "url": "https://video.twimg.com/amplify_video/1940263379702075392/vid/avc1/0/3000/720x720/CEDPj27RtXXELrFh.m4s",
        "city": "Toronto",
        "region": "Ontario",
        "country": "Canada",
        "org": "Cloudflare, Inc.",
        "timezone": "America/Toronto",
        "source": "ip-api.com"
      },
      "geometry": {
        "type": "Point",
        "coordinates": [
          -79.3832,
          43.6532
        ]
      }
    },
    {
      "type": "Feature",
      "properties": {
        "ip": "104.18.36.146",
        "url": "https://video.twimg.com/amplify_video/1947666608471539712/vid/avc1/3000/6000/1280x720/AdS3oyeXHIvWZGey.m4s",
        "city": "Toronto",
        "region": "Ontario",
        "country": "Canada",
        "org": "Cloudflare, Inc.",
        "timezone": "America/Toronto",
        "source": "ip-api.com"
      },
      "geometry": {
        "type": "Point",
        "coordinates": [
          -79.3832,
          43.6532
        ]
      }
    },
    {
      "type": "Feature",
      "properties": {
        "ip": "104.18.36.146",
        "url": "https://video.twimg.com/amplify_video/1947666608471539712/pl/mp4a/128000/XKlN0skK79eYGBes.m3u8",
        "city": "Toronto",
        "region": "Ontario",
        "country": "Canada",
        "org": "Cloudflare, Inc.",
        "timezone": "America/Toronto",
        "source": "ip-api.com"
      },
      "geometry": {
        "type": "Point",
        "coordinates": [
          -79.3832,
          43.6532
        ]
      }
    },
    {
      "type": "Feature",
      "properties": {
        "ip": "104.18.36.146",
        "url": "https://video.twimg.com/amplify_video/1948897085991878656/pl/mp4a/128000/CcEN4rw__bHxnAV_.m3u8",
        "city": "Toronto",
        "region": "Ontario",
        "country": "Canada",
        "org": "Cloudflare, Inc.",
        "timezone": "America/Toronto",
        "source": "ip-api.com"
      },
      "geometry": {
        "type": "Point",
        "coordinates": [
          -79.3832,
          43.6532
        ]
      }
    },
    {
      "type": "Feature",
      "properties": {
        "ip": "104.18.36.146",
        "url": "https://video.twimg.com/amplify_video/1940263379702075392/vid/avc1/3000/6000/720x720/uD1Cmq5sQe9XZ6Ev.m4s",
        "city": "Toronto",
        "region": "Ontario",
        "country": "Canada",
        "org": "Cloudflare, Inc.",
        "timezone": "America/Toronto",
        "source": "ip-api.com"
      },
      "geometry": {
        "type": "Point",
        "coordinates": [
          -79.3832,
          43.6532
        ]
      }
    },
    {
      "type": "Feature",
      "properties": {
        "ip": "104.18.36.146",
        "url": "https://video.twimg.com/amplify_video/1940263379702075392/vid/avc1/6000/9000/720x720/OqErvV9TmZpjgqRW.m4s",
        "city": "Toronto",
        "region": "Ontario",
        "country": "Canada",
        "org": "Cloudflare, Inc.",
        "timezone": "America/Toronto",
        "source": "ip-api.com"
      },
      "geometry": {
        "type": "Point",
        "coordinates": [
          -79.3832,
          43.6532
        ]
      }
    },
    {
      "type": "Feature",
      "properties": {
        "ip": "104.18.36.146",
        "url": "https://video.twimg.com/amplify_video/1940263379702075392/pl/o3lcGXFQm-sUow4M.m3u8?variant_version=1&tag=14",
        "city": "Toronto",
        "region": "Ontario",
        "country": "Canada",
        "org": "Cloudflare, Inc.",
        "timezone": "America/Toronto",
        "source": "ip-api.com"
      },
      "geometry": {
        "type": "Point",
        "coordinates": [
          -79.3832,
          43.6532
        ]
      }
    },
    {
      "type": "Feature",
      "properties": {
        "ip": "104.18.36.146",
        "url": "https://video.twimg.com/amplify_video/1948897085991878656/aud/mp4a/6000/9000/128000/2Y1VpD8YLBLVuRmD.m4s",
        "city": "Toronto",
        "region": "Ontario",
        "country": "Canada",
        "org": "Cloudflare, Inc.",
        "timezone": "America/Toronto",
        "source": "ip-api.com"
      },
      "geometry": {
        "type": "Point",
        "coordinates": [
          -79.3832,
          43.6532
        ]
      }
    },
    {
      "type": "Feature",
      "properties": {
        "ip": "104.18.36.146",
        "url": "https://video.twimg.com/amplify_video/1940263379702075392/pl/avc1/720x720/YdrNNH8CrpxjYAXt.m3u8",
        "city": "Toronto",
        "region": "Ontario",
        "country": "Canada",
        "org": "Cloudflare, Inc.",
        "timezone": "America/Toronto",
        "source": "ip-api.com"
      },
      "geometry": {
        "type": "Point",
        "coordinates": [
          -79.3832,
          43.6532
        ]
      }
    },
    {
      "type": "Feature",
      "properties": {
        "ip": "104.18.36.146",
        "url": "https://video.twimg.com/amplify_video/1940263379702075392/pl/mp4a/128000/R1-RgGL0Wg95psvC.m3u8",
        "city": "Toronto",
        "region": "Ontario",
        "country": "Canada",
        "org": "Cloudflare, Inc.",
        "timezone": "America/Toronto",
        "source": "ip-api.com"
      },
      "geometry": {
        "type": "Point",
        "coordinates": [
          -79.3832,
          43.6532
        ]
      }
    },
    {
      "type": "Feature",
      "properties": {
        "ip": "104.18.36.146",
        "url": "https://video.twimg.com/amplify_video/1947666608471539712/vid/avc1/0/0/1280x720/-EZvNjXihopBhICs.mp4",
        "city": "Toronto",
        "region": "Ontario",
        "country": "Canada",
        "org": "Cloudflare, Inc.",
        "timezone": "America/Toronto",
        "source": "ip-api.com"
      },
      "geometry": {
        "type": "Point",
        "coordinates": [
          -79.3832,
          43.6532
        ]
      }
    },
    {
      "type": "Feature",
      "properties": {
        "ip": "104.18.36.146",
        "url": "https://video.twimg.com/amplify_video/1948897085991878656/aud/mp4a/3000/6000/128000/8VtQiMvfJcYww2WG.m4s",
        "city": "Toronto",
        "region": "Ontario",
        "country": "Canada",
        "org": "Cloudflare, Inc.",
        "timezone": "America/Toronto",
        "source": "ip-api.com"
      },
      "geometry": {
        "type": "Point",
        "coordinates": [
          -79.3832,
          43.6532
        ]
      }
    },
    {
      "type": "Feature",
      "properties": {
        "ip": "104.18.36.146",
        "url": "https://video.twimg.com/amplify_video/1940263379702075392/aud/mp4a/0/3000/128000/kuskvfHOdLmTknnd.m4s",
        "city": "Toronto",
        "region": "Ontario",
        "country": "Canada",
        "org": "Cloudflare, Inc.",
        "timezone": "America/Toronto",
        "source": "ip-api.com"
      },
      "geometry": {
        "type": "Point",
        "coordinates": [
          -79.3832,
          43.6532
        ]
      }
    },
    {
      "type": "Feature",
      "properties": {
        "ip": "104.18.36.146",
        "url": "https://video.twimg.com/amplify_video/1947666608471539712/aud/mp4a/3000/6000/128000/zJSFvJ6UtWV923Ui.m4s",
        "city": "Toronto",
        "region": "Ontario",
        "country": "Canada",
        "org": "Cloudflare, Inc.",
        "timezone": "America/Toronto",
        "source": "ip-api.com"
      },
      "geometry": {
        "type": "Point",
        "coordinates": [
          -79.3832,
          43.6532
        ]
      }
    },
    {
      "type": "Feature",
      "properties": {
        "ip": "104.18.36.146",
        "url": "https://video.twimg.com/amplify_video/1948897085991878656/aud/mp4a/0/3000/128000/GWTePFEuDofqfrHs.m4s",
        "city": "Toronto",
        "region": "Ontario",
        "country": "Canada",
        "org": "Cloudflare, Inc.",
        "timezone": "America/Toronto",
        "source": "ip-api.com"
      },
      "geometry": {
        "type": "Point",
        "coordinates": [
          -79.3832,
          43.6532
        ]
      }
    },
    {
      "type": "Feature",
      "properties": {
        "ip": "104.18.36.146",
        "url": "https://video.twimg.com/amplify_video/1948897085991878656/vid/avc1/0/3000/1280x720/JioH_8eKeasfB1lj.m4s",
        "city": "Toronto",
        "region": "Ontario",
        "country": "Canada",
        "org": "Cloudflare, Inc.",
        "timezone": "America/Toronto",
        "source": "ip-api.com"
      },
      "geometry": {
        "type": "Point",
        "coordinates": [
          -79.3832,
          43.6532
        ]
      }
    },
    {
      "type": "Feature",
      "properties": {
        "ip": "104.18.36.146",
        "url": "https://video.twimg.com/amplify_video/1947666608471539712/aud/mp4a/0/3000/128000/sPYwXi37CECc2Nwm.m4s",
        "city": "Toronto",
        "region": "Ontario",
        "country": "Canada",
        "org": "Cloudflare, Inc.",
        "timezone": "America/Toronto",
        "source": "ip-api.com"
      },
      "geometry": {
        "type": "Point",
        "coordinates": [
          -79.3832,
          43.6532
        ]
      }
    },
    {
      "type": "Feature",
      "properties": {
        "ip": "104.18.36.146",
        "url": "https://video.twimg.com/amplify_video/1947666608471539712/aud/mp4a/9000/12000/128000/jPBJj_5y55roCNYd.m4s",
        "city": "Toronto",
        "region": "Ontario",
        "country": "Canada",
        "org": "Cloudflare, Inc.",
        "timezone": "America/Toronto",
        "source": "ip-api.com"
      },
      "geometry": {
        "type": "Point",
        "coordinates": [
          -79.3832,
          43.6532
        ]
      }
    },
    {
      "type": "Feature",
      "properties": {
        "ip": "104.18.36.146",
        "url": "https://video.twimg.com/amplify_video/1947666608471539712/pl/avc1/1280x720/BXAt0C0Hlgq0nQMU.m3u8",
        "city": "Toronto",
        "region": "Ontario",
        "country": "Canada",
        "org": "Cloudflare, Inc.",
        "timezone": "America/Toronto",
        "source": "ip-api.com"
      },
      "geometry": {
        "type": "Point",
        "coordinates": [
          -79.3832,
          43.6532
        ]
      }
    },
    {
      "type": "Feature",
      "properties": {
        "ip": "104.18.36.146",
        "url": "https://video.twimg.com/tweet_video/GxCyGkOaQAA_f65.mp4",
        "city": "Toronto",
        "region": "Ontario",
        "country": "Canada",
        "org": "Cloudflare, Inc.",
        "timezone": "America/Toronto",
        "source": "ip-api.com"
      },
      "geometry": {
        "type": "Point",
        "coordinates": [
          -79.3832,
          43.6532
        ]
      }
    },
    {
      "type": "Feature",
      "properties": {
        "ip": "104.18.36.146",
        "url": "https://video.twimg.com/amplify_video/1940263379702075392/aud/mp4a/3000/6000/128000/pgBRwjRoGXxFQ-rb.m4s",
        "city": "Toronto",
        "region": "Ontario",
        "country": "Canada",
        "org": "Cloudflare, Inc.",
        "timezone": "America/Toronto",
        "source": "ip-api.com"
      },
      "geometry": {
        "type": "Point",
        "coordinates": [
          -79.3832,
          43.6532
        ]
      }
    },
    {
      "type": "Feature",
      "properties": {
        "ip": "104.18.36.146",
        "url": "https://video.twimg.com/amplify_video/1947666608471539712/vid/avc1/0/3000/1280x720/gp27kuas6F_ZoKMm.m4s",
        "city": "Toronto",
        "region": "Ontario",
        "country": "Canada",
        "org": "Cloudflare, Inc.",
        "timezone": "America/Toronto",
        "source": "ip-api.com"
      },
      "geometry": {
        "type": "Point",
        "coordinates": [
          -79.3832,
          43.6532
        ]
      }
    },
    {
      "type": "Feature",
      "properties": {
        "ip": "104.18.36.146",
        "url": "https://video.twimg.com/amplify_video/1940263379702075392/aud/mp4a/6000/9000/128000/sdLT1CAcvMAwqFdG.m4s",
        "city": "Toronto",
        "region": "Ontario",
        "country": "Canada",
        "org": "Cloudflare, Inc.",
        "timezone": "America/Toronto",
        "source": "ip-api.com"
      },
      "geometry": {
        "type": "Point",
        "coordinates": [
          -79.3832,
          43.6532
        ]
      }
    },
    {
      "type": "Feature",
      "properties": {
        "ip": "104.18.36.146",
        "url": "https://video.twimg.com/amplify_video/1948897085991878656/vid/avc1/3000/6000/1280x720/RIkFz8Dv1EJsLIaG.m4s",
        "city": "Toronto",
        "region": "Ontario",
        "country": "Canada",
        "org": "Cloudflare, Inc.",
        "timezone": "America/Toronto",
        "source": "ip-api.com"
      },
      "geometry": {
        "type": "Point",
        "coordinates": [
          -79.3832,
          43.6532
        ]
      }
    },
    {
      "type": "Feature",
      "properties": {
        "ip": "104.18.36.146",
        "url": "https://video.twimg.com/amplify_video/1948897085991878656/vid/avc1/6000/9000/1280x720/_6ygnnnaB-jbTEbG.m4s",
        "city": "Toronto",
        "region": "Ontario",
        "country": "Canada",
        "org": "Cloudflare, Inc.",
        "timezone": "America/Toronto",
        "source": "ip-api.com"
      },
      "geometry": {
        "type": "Point",
        "coordinates": [
          -79.3832,
          43.6532
        ]
      }
    },
    {
      "type": "Feature",
      "properties": {
        "ip": "104.18.36.146",
        "url": "https://video.twimg.com/amplify_video/1940263379702075392/vid/avc1/0/0/720x720/Asefe3urILYNNw00.mp4",
        "city": "Toronto",
        "region": "Ontario",
        "country": "Canada",
        "org": "Cloudflare, Inc.",
        "timezone": "America/Toronto",
        "source": "ip-api.com"
      },
      "geometry": {
        "type": "Point",
        "coordinates": [
          -79.3832,
          43.6532
        ]
      }
    },
    {
      "type": "Feature",
      "properties": {
        "ip": "104.18.36.146",
        "url": "https://video.twimg.com/amplify_video/1947666608471539712/vid/avc1/9000/12000/1280x720/dgJGdZMNMPbV4SCF.m4s",
        "city": "Toronto",
        "region": "Ontario",
        "country": "Canada",
        "org": "Cloudflare, Inc.",
        "timezone": "America/Toronto",
        "source": "ip-api.com"
      },
      "geometry": {
        "type": "Point",
        "coordinates": [
          -79.3832,
          43.6532
        ]
      }
    },
    {
      "type": "Feature",
      "properties": {
        "ip": "104.244.43.131",
        "url": "https://abs-0.twimg.com/emoji/v2/svg/1f1fa-1f1f8.svg",
        "city": "San Francisco",
        "region": "California",
        "country": "United States",
        "org": "Twitter Inc",
        "timezone": "America/Los_Angeles",
        "source": "ip-api.com"
      },
      "geometry": {
        "type": "Point",
        "coordinates": [
          -122.417,
          37.7766
        ]
      }
    },
    {
      "type": "Feature",
      "properties": {
        "ip": "104.244.43.131",
        "url": "https://abs-0.twimg.com/emoji/v2/svg/1f44a.svg",
        "city": "San Francisco",
        "region": "California",
        "country": "United States",
        "org": "Twitter Inc",
        "timezone": "America/Los_Angeles",
        "source": "ip-api.com"
      },
      "geometry": {
        "type": "Point",
        "coordinates": [
          -122.417,
          37.7766
        ]
      }
    },
    {
      "type": "Feature",
      "properties": {
        "ip": "104.244.43.131",
        "url": "https://abs-0.twimg.com/emoji/v2/svg/1f1ef-1f1f5.svg",
        "city": "San Francisco",
        "region": "California",
        "country": "United States",
        "org": "Twitter Inc",
        "timezone": "America/Los_Angeles",
        "source": "ip-api.com"
      },
      "geometry": {
        "type": "Point",
        "coordinates": [
          -122.417,
          37.7766
        ]
      }
    },
    {
      "type": "Feature",
      "properties": {
        "ip": "104.244.43.131",
        "url": "https://abs-0.twimg.com/emoji/v2/svg/1f605.svg",
        "city": "San Francisco",
        "region": "California",
        "country": "United States",
        "org": "Twitter Inc",
        "timezone": "America/Los_Angeles",
        "source": "ip-api.com"
      },
      "geometry": {
        "type": "Point",
        "coordinates": [
          -122.417,
          37.7766
        ]
      }
    },
    {
      "type": "Feature",
      "properties": {
        "ip": "104.244.43.131",
        "url": "https://abs-0.twimg.com/emoji/v2/svg/2764.svg",
        "city": "San Francisco",
        "region": "California",
        "country": "United States",
        "org": "Twitter Inc",
        "timezone": "America/Los_Angeles",
        "source": "ip-api.com"
      },
      "geometry": {
        "type": "Point",
        "coordinates": [
          -122.417,
          37.7766
        ]
      }
    },
    {
      "type": "Feature",
      "properties": {
        "ip": "104.244.43.131",
        "url": "https://abs-0.twimg.com/emoji/v2/svg/1f340.svg",
        "city": "San Francisco",
        "region": "California",
        "country": "United States",
        "org": "Twitter Inc",
        "timezone": "America/Los_Angeles",
        "source": "ip-api.com"
      },
      "geometry": {
        "type": "Point",
        "coordinates": [
          -122.417,
          37.7766
        ]
      }
    },
    {
      "type": "Feature",
      "properties": {
        "ip": "104.244.43.131",
        "url": "https://abs-0.twimg.com/emoji/v2/svg/26a1.svg",
        "city": "San Francisco",
        "region": "California",
        "country": "United States",
        "org": "Twitter Inc",
        "timezone": "America/Los_Angeles",
        "source": "ip-api.com"
      },
      "geometry": {
        "type": "Point",
        "coordinates": [
          -122.417,
          37.7766
        ]
      }
    },
    {
      "type": "Feature",
      "properties": {
        "ip": "104.244.43.131",
        "url": "https://abs-0.twimg.com/emoji/v2/svg/1f49b.svg",
        "city": "San Francisco",
        "region": "California",
        "country": "United States",
        "org": "Twitter Inc",
        "timezone": "America/Los_Angeles",
        "source": "ip-api.com"
      },
      "geometry": {
        "type": "Point",
        "coordinates": [
          -122.417,
          37.7766
        ]
      }
    },
    {
      "type": "Feature",
      "properties": {
        "ip": "104.244.43.131",
        "url": "https://abs-0.twimg.com/emoji/v2/svg/1fae0.svg",
        "city": "San Francisco",
        "region": "California",
        "country": "United States",
        "org": "Twitter Inc",
        "timezone": "America/Los_Angeles",
        "source": "ip-api.com"
      },
      "geometry": {
        "type": "Point",
        "coordinates": [
          -122.417,
          37.7766
        ]
      }
    },
    {
      "type": "Feature",
      "properties": {
        "ip": "104.244.43.131",
        "url": "https://abs-0.twimg.com/emoji/v2/svg/1f940.svg",
        "city": "San Francisco",
        "region": "California",
        "country": "United States",
        "org": "Twitter Inc",
        "timezone": "America/Los_Angeles",
        "source": "ip-api.com"
      },
      "geometry": {
        "type": "Point",
        "coordinates": [
          -122.417,
          37.7766
        ]
      }
    },
    {
      "type": "Feature",
      "properties": {
        "ip": "104.244.43.131",
        "url": "https://abs-0.twimg.com/emoji/v2/svg/2197.svg",
        "city": "San Francisco",
        "region": "California",
        "country": "United States",
        "org": "Twitter Inc",
        "timezone": "America/Los_Angeles",
        "source": "ip-api.com"
      },
      "geometry": {
        "type": "Point",
        "coordinates": [
          -122.417,
          37.7766
        ]
      }
    },
    {
      "type": "Feature",
      "properties": {
        "ip": "104.244.43.131",
        "url": "https://abs-0.twimg.com/emoji/v2/svg/1f613.svg",
        "city": "San Francisco",
        "region": "California",
        "country": "United States",
        "org": "Twitter Inc",
        "timezone": "America/Los_Angeles",
        "source": "ip-api.com"
      },
      "geometry": {
        "type": "Point",
        "coordinates": [
          -122.417,
          37.7766
        ]
      }
    },
    {
      "type": "Feature",
      "properties": {
        "ip": "104.244.43.131",
        "url": "https://abs-0.twimg.com/emoji/v2/svg/1f3d3.svg",
        "city": "San Francisco",
        "region": "California",
        "country": "United States",
        "org": "Twitter Inc",
        "timezone": "America/Los_Angeles",
        "source": "ip-api.com"
      },
      "geometry": {
        "type": "Point",
        "coordinates": [
          -122.417,
          37.7766
        ]
      }
    },
    {
      "type": "Feature",
      "properties": {
        "ip": "104.244.43.131",
        "url": "https://abs-0.twimg.com/emoji/v2/svg/1f681.svg",
        "city": "San Francisco",
        "region": "California",
        "country": "United States",
        "org": "Twitter Inc",
        "timezone": "America/Los_Angeles",
        "source": "ip-api.com"
      },
      "geometry": {
        "type": "Point",
        "coordinates": [
          -122.417,
          37.7766
        ]
      }
    },
    {
      "type": "Feature",
      "properties": {
        "ip": "104.244.43.131",
        "url": "https://abs-0.twimg.com/emoji/v2/svg/1f1e7-1f1f7.svg",
        "city": "San Francisco",
        "region": "California",
        "country": "United States",
        "org": "Twitter Inc",
        "timezone": "America/Los_Angeles",
        "source": "ip-api.com"
      },
      "geometry": {
        "type": "Point",
        "coordinates": [
          -122.417,
          37.7766
        ]
      }
    },
    {
      "type": "Feature",
      "properties": {
        "ip": "104.244.43.131",
        "url": "https://abs-0.twimg.com/emoji/v2/svg/26e9.svg",
        "city": "San Francisco",
        "region": "California",
        "country": "United States",
        "org": "Twitter Inc",
        "timezone": "America/Los_Angeles",
        "source": "ip-api.com"
      },
      "geometry": {
        "type": "Point",
        "coordinates": [
          -122.417,
          37.7766
        ]
      }
    },
    {
      "type": "Feature",
      "properties": {
        "ip": "104.244.43.131",
        "url": "https://abs-0.twimg.com/emoji/v2/svg/1f30e.svg",
        "city": "San Francisco",
        "region": "California",
        "country": "United States",
        "org": "Twitter Inc",
        "timezone": "America/Los_Angeles",
        "source": "ip-api.com"
      },
      "geometry": {
        "type": "Point",
        "coordinates": [
          -122.417,
          37.7766
        ]
      }
    },
    {
      "type": "Feature",
      "properties": {
        "ip": "104.244.43.131",
        "url": "https://abs-0.twimg.com/emoji/v2/svg/1f448.svg",
        "city": "San Francisco",
        "region": "California",
        "country": "United States",
        "org": "Twitter Inc",
        "timezone": "America/Los_Angeles",
        "source": "ip-api.com"
      },
      "geometry": {
        "type": "Point",
        "coordinates": [
          -122.417,
          37.7766
        ]
      }
    },
    {
      "type": "Feature",
      "properties": {
        "ip": "104.244.43.131",
        "url": "https://abs-0.twimg.com/emoji/v2/svg/263a.svg",
        "city": "San Francisco",
        "region": "California",
        "country": "United States",
        "org": "Twitter Inc",
        "timezone": "America/Los_Angeles",
        "source": "ip-api.com"
      },
      "geometry": {
        "type": "Point",
        "coordinates": [
          -122.417,
          37.7766
        ]
      }
    },
    {
      "type": "Feature",
      "properties": {
        "ip": "104.244.43.131",
        "url": "https://abs-0.twimg.com/emoji/v2/svg/1f4ac.svg",
        "city": "San Francisco",
        "region": "California",
        "country": "United States",
        "org": "Twitter Inc",
        "timezone": "America/Los_Angeles",
        "source": "ip-api.com"
      },
      "geometry": {
        "type": "Point",
        "coordinates": [
          -122.417,
          37.7766
        ]
      }
    },
    {
      "type": "Feature",
      "properties": {
        "ip": "104.244.43.131",
        "url": "https://abs-0.twimg.com/emoji/v2/svg/31-20e3.svg",
        "city": "San Francisco",
        "region": "California",
        "country": "United States",
        "org": "Twitter Inc",
        "timezone": "America/Los_Angeles",
        "source": "ip-api.com"
      },
      "geometry": {
        "type": "Point",
        "coordinates": [
          -122.417,
          37.7766
        ]
      }
    },
    {
      "type": "Feature",
      "properties": {
        "ip": "104.244.43.131",
        "url": "https://abs-0.twimg.com/emoji/v2/svg/1f4d9.svg",
        "city": "San Francisco",
        "region": "California",
        "country": "United States",
        "org": "Twitter Inc",
        "timezone": "America/Los_Angeles",
        "source": "ip-api.com"
      },
      "geometry": {
        "type": "Point",
        "coordinates": [
          -122.417,
          37.7766
        ]
      }
    },
    {
      "type": "Feature",
      "properties": {
        "ip": "104.244.43.131",
        "url": "https://abs-0.twimg.com/emoji/v2/svg/1f62d.svg",
        "city": "San Francisco",
        "region": "California",
        "country": "United States",
        "org": "Twitter Inc",
        "timezone": "America/Los_Angeles",
        "source": "ip-api.com"
      },
      "geometry": {
        "type": "Point",
        "coordinates": [
          -122.417,
          37.7766
        ]
      }
    },
    {
      "type": "Feature",
      "properties": {
        "ip": "104.244.43.131",
        "url": "https://abs-0.twimg.com/emoji/v2/svg/1f380.svg",
        "city": "San Francisco",
        "region": "California",
        "country": "United States",
        "org": "Twitter Inc",
        "timezone": "America/Los_Angeles",
        "source": "ip-api.com"
      },
      "geometry": {
        "type": "Point",
        "coordinates": [
          -122.417,
          37.7766
        ]
      }
    },
    {
      "type": "Feature",
      "properties": {
        "ip": "104.244.43.131",
        "url": "https://abs-0.twimg.com/emoji/v2/svg/1f44f.svg",
        "city": "San Francisco",
        "region": "California",
        "country": "United States",
        "org": "Twitter Inc",
        "timezone": "America/Los_Angeles",
        "source": "ip-api.com"
      },
      "geometry": {
        "type": "Point",
        "coordinates": [
          -122.417,
          37.7766
        ]
      }
    },
    {
      "type": "Feature",
      "properties": {
        "ip": "104.244.43.131",
        "url": "https://abs-0.twimg.com/emoji/v2/svg/1f3c5.svg",
        "city": "San Francisco",
        "region": "California",
        "country": "United States",
        "org": "Twitter Inc",
        "timezone": "America/Los_Angeles",
        "source": "ip-api.com"
      },
      "geometry": {
        "type": "Point",
        "coordinates": [
          -122.417,
          37.7766
        ]
      }
    },
    {
      "type": "Feature",
      "properties": {
        "ip": "104.244.43.131",
        "url": "https://abs-0.twimg.com/emoji/v2/svg/1f338.svg",
        "city": "San Francisco",
        "region": "California",
        "country": "United States",
        "org": "Twitter Inc",
        "timezone": "America/Los_Angeles",
        "source": "ip-api.com"
      },
      "geometry": {
        "type": "Point",
        "coordinates": [
          -122.417,
          37.7766
        ]
      }
    },
    {
      "type": "Feature",
      "properties": {
        "ip": "104.244.43.131",
        "url": "https://abs-0.twimg.com/emoji/v2/svg/1f602.svg",
        "city": "San Francisco",
        "region": "California",
        "country": "United States",
        "org": "Twitter Inc",
        "timezone": "America/Los_Angeles",
        "source": "ip-api.com"
      },
      "geometry": {
        "type": "Point",
        "coordinates": [
          -122.417,
          37.7766
        ]
      }
    },
    {
      "type": "Feature",
      "properties": {
        "ip": "104.244.43.131",
        "url": "https://abs-0.twimg.com/emoji/v2/svg/1f1fa-1f1e6.svg",
        "city": "San Francisco",
        "region": "California",
        "country": "United States",
        "org": "Twitter Inc",
        "timezone": "America/Los_Angeles",
        "source": "ip-api.com"
      },
      "geometry": {
        "type": "Point",
        "coordinates": [
          -122.417,
          37.7766
        ]
      }
    },
    {
      "type": "Feature",
      "properties": {
        "ip": "104.244.43.131",
        "url": "https://abs-0.twimg.com/emoji/v2/svg/1f1f9-1f1fc.svg",
        "city": "San Francisco",
        "region": "California",
        "country": "United States",
        "org": "Twitter Inc",
        "timezone": "America/Los_Angeles",
        "source": "ip-api.com"
      },
      "geometry": {
        "type": "Point",
        "coordinates": [
          -122.417,
          37.7766
        ]
      }
    },
    {
      "type": "Feature",
      "properties": {
        "ip": "104.244.43.131",
        "url": "https://abs-0.twimg.com/emoji/v2/svg/1f499.svg",
        "city": "San Francisco",
        "region": "California",
        "country": "United States",
        "org": "Twitter Inc",
        "timezone": "America/Los_Angeles",
        "source": "ip-api.com"
      },
      "geometry": {
        "type": "Point",
        "coordinates": [
          -122.417,
          37.7766
        ]
      }
    },
    {
      "type": "Feature",
      "properties": {
        "ip": "104.244.43.131",
        "url": "https://abs-0.twimg.com/emoji/v2/svg/1f606.svg",
        "city": "San Francisco",
        "region": "California",
        "country": "United States",
        "org": "Twitter Inc",
        "timezone": "America/Los_Angeles",
        "source": "ip-api.com"
      },
      "geometry": {
        "type": "Point",
        "coordinates": [
          -122.417,
          37.7766
        ]
      }
    },
    {
      "type": "Feature",
      "properties": {
        "ip": "104.244.43.131",
        "url": "https://abs-0.twimg.com/emoji/v2/svg/1f4b5.svg",
        "city": "San Francisco",
        "region": "California",
        "country": "United States",
        "org": "Twitter Inc",
        "timezone": "America/Los_Angeles",
        "source": "ip-api.com"
      },
      "geometry": {
        "type": "Point",
        "coordinates": [
          -122.417,
          37.7766
        ]
      }
    },
    {
      "type": "Feature",
      "properties": {
        "ip": "104.244.43.131",
        "url": "https://abs-0.twimg.com/emoji/v2/svg/1f61c.svg",
        "city": "San Francisco",
        "region": "California",
        "country": "United States",
        "org": "Twitter Inc",
        "timezone": "America/Los_Angeles",
        "source": "ip-api.com"
      },
      "geometry": {
        "type": "Point",
        "coordinates": [
          -122.417,
          37.7766
        ]
      }
    },
    {
      "type": "Feature",
      "properties": {
        "ip": "104.244.43.131",
        "url": "https://abs-0.twimg.com/emoji/v2/svg/2620.svg",
        "city": "San Francisco",
        "region": "California",
        "country": "United States",
        "org": "Twitter Inc",
        "timezone": "America/Los_Angeles",
        "source": "ip-api.com"
      },
      "geometry": {
        "type": "Point",
        "coordinates": [
          -122.417,
          37.7766
        ]
      }
    },
    {
      "type": "Feature",
      "properties": {
        "ip": "104.244.43.131",
        "url": "https://abs-0.twimg.com/emoji/v2/svg/1f1ed-1f1fa.svg",
        "city": "San Francisco",
        "region": "California",
        "country": "United States",
        "org": "Twitter Inc",
        "timezone": "America/Los_Angeles",
        "source": "ip-api.com"
      },
      "geometry": {
        "type": "Point",
        "coordinates": [
          -122.417,
          37.7766
        ]
      }
    },
    {
      "type": "Feature",
      "properties": {
        "ip": "104.244.43.131",
        "url": "https://abs-0.twimg.com/emoji/v2/svg/1f447.svg",
        "city": "San Francisco",
        "region": "California",
        "country": "United States",
        "org": "Twitter Inc",
        "timezone": "America/Los_Angeles",
        "source": "ip-api.com"
      },
      "geometry": {
        "type": "Point",
        "coordinates": [
          -122.417,
          37.7766
        ]
      }
    },
    {
      "type": "Feature",
      "properties": {
        "ip": "104.244.43.131",
        "url": "https://abs-0.twimg.com/emoji/v2/svg/271d.svg",
        "city": "San Francisco",
        "region": "California",
        "country": "United States",
        "org": "Twitter Inc",
        "timezone": "America/Los_Angeles",
        "source": "ip-api.com"
      },
      "geometry": {
        "type": "Point",
        "coordinates": [
          -122.417,
          37.7766
        ]
      }
    },
    {
      "type": "Feature",
      "properties": {
        "ip": "104.244.43.131",
        "url": "https://abs-0.twimg.com/emoji/v2/svg/1f47a.svg",
        "city": "San Francisco",
        "region": "California",
        "country": "United States",
        "org": "Twitter Inc",
        "timezone": "America/Los_Angeles",
        "source": "ip-api.com"
      },
      "geometry": {
        "type": "Point",
        "coordinates": [
          -122.417,
          37.7766
        ]
      }
    },
    {
      "type": "Feature",
      "properties": {
        "ip": "104.244.43.131",
        "url": "https://abs-0.twimg.com/emoji/v2/svg/1f914.svg",
        "city": "San Francisco",
        "region": "California",
        "country": "United States",
        "org": "Twitter Inc",
        "timezone": "America/Los_Angeles",
        "source": "ip-api.com"
      },
      "geometry": {
        "type": "Point",
        "coordinates": [
          -122.417,
          37.7766
        ]
      }
    },
    {
      "type": "Feature",
      "properties": {
        "ip": "104.244.43.131",
        "url": "https://abs-0.twimg.com/emoji/v2/svg/2198.svg",
        "city": "San Francisco",
        "region": "California",
        "country": "United States",
        "org": "Twitter Inc",
        "timezone": "America/Los_Angeles",
        "source": "ip-api.com"
      },
      "geometry": {
        "type": "Point",
        "coordinates": [
          -122.417,
          37.7766
        ]
      }
    },
    {
      "type": "Feature",
      "properties": {
        "ip": "104.244.43.131",
        "url": "https://abs-0.twimg.com/emoji/v2/svg/1f923.svg",
        "city": "San Francisco",
        "region": "California",
        "country": "United States",
        "org": "Twitter Inc",
        "timezone": "America/Los_Angeles",
        "source": "ip-api.com"
      },
      "geometry": {
        "type": "Point",
        "coordinates": [
          -122.417,
          37.7766
        ]
      }
    },
    {
      "type": "Feature",
      "properties": {
        "ip": "104.244.43.131",
        "url": "https://abs-0.twimg.com/emoji/v2/svg/1f525.svg",
        "city": "San Francisco",
        "region": "California",
        "country": "United States",
        "org": "Twitter Inc",
        "timezone": "America/Los_Angeles",
        "source": "ip-api.com"
      },
      "geometry": {
        "type": "Point",
        "coordinates": [
          -122.417,
          37.7766
        ]
      }
    },
    {
      "type": "Feature",
      "properties": {
        "ip": "104.244.43.131",
        "url": "https://abs-0.twimg.com/emoji/v2/svg/1f480.svg",
        "city": "San Francisco",
        "region": "California",
        "country": "United States",
        "org": "Twitter Inc",
        "timezone": "America/Los_Angeles",
        "source": "ip-api.com"
      },
      "geometry": {
        "type": "Point",
        "coordinates": [
          -122.417,
          37.7766
        ]
      }
    },
    {
      "type": "Feature",
      "properties": {
        "ip": "104.244.43.131",
        "url": "https://abs-0.twimg.com/emoji/v2/svg/2642.svg",
        "city": "San Francisco",
        "region": "California",
        "country": "United States",
        "org": "Twitter Inc",
        "timezone": "America/Los_Angeles",
        "source": "ip-api.com"
      },
      "geometry": {
        "type": "Point",
        "coordinates": [
          -122.417,
          37.7766
        ]
      }
    },
    {
      "type": "Feature",
      "properties": {
        "ip": "104.244.43.131",
        "url": "https://abs-0.twimg.com/emoji/v2/svg/26d3.svg",
        "city": "San Francisco",
        "region": "California",
        "country": "United States",
        "org": "Twitter Inc",
        "timezone": "America/Los_Angeles",
        "source": "ip-api.com"
      },
      "geometry": {
        "type": "Point",
        "coordinates": [
          -122.417,
          37.7766
        ]
      }
    },
    {
      "type": "Feature",
      "properties": {
        "ip": "104.244.43.131",
        "url": "https://abs-0.twimg.com/emoji/v2/svg/1f607.svg",
        "city": "San Francisco",
        "region": "California",
        "country": "United States",
        "org": "Twitter Inc",
        "timezone": "America/Los_Angeles",
        "source": "ip-api.com"
      },
      "geometry": {
        "type": "Point",
        "coordinates": [
          -122.417,
          37.7766
        ]
      }
    },
    {
      "type": "Feature",
      "properties": {
        "ip": "104.244.43.131",
        "url": "https://abs-0.twimg.com/emoji/v2/svg/1f643.svg",
        "city": "San Francisco",
        "region": "California",
        "country": "United States",
        "org": "Twitter Inc",
        "timezone": "America/Los_Angeles",
        "source": "ip-api.com"
      },
      "geometry": {
        "type": "Point",
        "coordinates": [
          -122.417,
          37.7766
        ]
      }
    },
    {
      "type": "Feature",
      "properties": {
        "ip": "104.244.43.131",
        "url": "https://abs-0.twimg.com/emoji/v2/svg/1f6a8.svg",
        "city": "San Francisco",
        "region": "California",
        "country": "United States",
        "org": "Twitter Inc",
        "timezone": "America/Los_Angeles",
        "source": "ip-api.com"
      },
      "geometry": {
        "type": "Point",
        "coordinates": [
          -122.417,
          37.7766
        ]
      }
    },
    {
      "type": "Feature",
      "properties": {
        "ip": "104.244.43.131",
        "url": "https://abs-0.twimg.com/emoji/v2/svg/1f4b0.svg",
        "city": "San Francisco",
        "region": "California",
        "country": "United States",
        "org": "Twitter Inc",
        "timezone": "America/Los_Angeles",
        "source": "ip-api.com"
      },
      "geometry": {
        "type": "Point",
        "coordinates": [
          -122.417,
          37.7766
        ]
      }
    },
    {
      "type": "Feature",
      "properties": {
        "ip": "104.244.43.131",
        "url": "https://abs-0.twimg.com/emoji/v2/svg/1f680.svg",
        "city": "San Francisco",
        "region": "California",
        "country": "United States",
        "org": "Twitter Inc",
        "timezone": "America/Los_Angeles",
        "source": "ip-api.com"
      },
      "geometry": {
        "type": "Point",
        "coordinates": [
          -122.417,
          37.7766
        ]
      }
    },
    {
      "type": "Feature",
      "properties": {
        "ip": "104.244.43.131",
        "url": "https://abs-0.twimg.com/emoji/v2/svg/1f621.svg",
        "city": "San Francisco",
        "region": "California",
        "country": "United States",
        "org": "Twitter Inc",
        "timezone": "America/Los_Angeles",
        "source": "ip-api.com"
      },
      "geometry": {
        "type": "Point",
        "coordinates": [
          -122.417,
          37.7766
        ]
      }
    },
    {
      "type": "Feature",
      "properties": {
        "ip": "104.244.43.131",
        "url": "https://abs-0.twimg.com/emoji/v2/svg/1f1f8-1f1ed.svg",
        "city": "San Francisco",
        "region": "California",
        "country": "United States",
        "org": "Twitter Inc",
        "timezone": "America/Los_Angeles",
        "source": "ip-api.com"
      },
      "geometry": {
        "type": "Point",
        "coordinates": [
          -122.417,
          37.7766
        ]
      }
    },
    {
      "type": "Feature",
      "properties": {
        "ip": "104.244.43.131",
        "url": "https://abs-0.twimg.com/emoji/v2/svg/1f341.svg",
        "city": "San Francisco",
        "region": "California",
        "country": "United States",
        "org": "Twitter Inc",
        "timezone": "America/Los_Angeles",
        "source": "ip-api.com"
      },
      "geometry": {
        "type": "Point",
        "coordinates": [
          -122.417,
          37.7766
        ]
      }
    },
    {
      "type": "Feature",
      "properties": {
        "ip": "104.244.43.131",
        "url": "https://abs-0.twimg.com/emoji/v2/svg/1f600.svg",
        "city": "San Francisco",
        "region": "California",
        "country": "United States",
        "org": "Twitter Inc",
        "timezone": "America/Los_Angeles",
        "source": "ip-api.com"
      },
      "geometry": {
        "type": "Point",
        "coordinates": [
          -122.417,
          37.7766
        ]
      }
    },
    {
      "type": "Feature",
      "properties": {
        "ip": "104.244.43.131",
        "url": "https://abs-0.twimg.com/emoji/v2/svg/1f1f0-1f1f7.svg",
        "city": "San Francisco",
        "region": "California",
        "country": "United States",
        "org": "Twitter Inc",
        "timezone": "America/Los_Angeles",
        "source": "ip-api.com"
      },
      "geometry": {
        "type": "Point",
        "coordinates": [
          -122.417,
          37.7766
        ]
      }
    },
    {
      "type": "Feature",
      "properties": {
        "ip": "104.244.43.131",
        "url": "https://abs-0.twimg.com/emoji/v2/svg/1f1ee-1f1f1.svg",
        "city": "San Francisco",
        "region": "California",
        "country": "United States",
        "org": "Twitter Inc",
        "timezone": "America/Los_Angeles",
        "source": "ip-api.com"
      },
      "geometry": {
        "type": "Point",
        "coordinates": [
          -122.417,
          37.7766
        ]
      }
    },
    {
      "type": "Feature",
      "properties": {
        "ip": "104.244.43.131",
        "url": "https://abs-0.twimg.com/emoji/v2/svg/1f1e8-1f1f3.svg",
        "city": "San Francisco",
        "region": "California",
        "country": "United States",
        "org": "Twitter Inc",
        "timezone": "America/Los_Angeles",
        "source": "ip-api.com"
      },
      "geometry": {
        "type": "Point",
        "coordinates": [
          -122.417,
          37.7766
        ]
      }
    },
    {
      "type": "Feature",
      "properties": {
        "ip": "104.244.43.131",
        "url": "https://abs-0.twimg.com/emoji/v2/svg/1f64f.svg",
        "city": "San Francisco",
        "region": "California",
        "country": "United States",
        "org": "Twitter Inc",
        "timezone": "America/Los_Angeles",
        "source": "ip-api.com"
      },
      "geometry": {
        "type": "Point",
        "coordinates": [
          -122.417,
          37.7766
        ]
      }
    },
    {
      "type": "Feature",
      "properties": {
        "ip": "104.244.43.131",
        "url": "https://abs-0.twimg.com/emoji/v2/svg/1f601.svg",
        "city": "San Francisco",
        "region": "California",
        "country": "United States",
        "org": "Twitter Inc",
        "timezone": "America/Los_Angeles",
        "source": "ip-api.com"
      },
      "geometry": {
        "type": "Point",
        "coordinates": [
          -122.417,
          37.7766
        ]
      }
    },
    {
      "type": "Feature",
      "properties": {
        "ip": "104.244.43.131",
        "url": "https://abs-0.twimg.com/emoji/v2/svg/1f44b.svg",
        "city": "San Francisco",
        "region": "California",
        "country": "United States",
        "org": "Twitter Inc",
        "timezone": "America/Los_Angeles",
        "source": "ip-api.com"
      },
      "geometry": {
        "type": "Point",
        "coordinates": [
          -122.417,
          37.7766
        ]
      }
    },
    {
      "type": "Feature",
      "properties": {
        "ip": "104.244.43.131",
        "url": "https://abs-0.twimg.com/emoji/v2/svg/1f3f3-fe0f-200d-1f308.svg",
        "city": "San Francisco",
        "region": "California",
        "country": "United States",
        "org": "Twitter Inc",
        "timezone": "America/Los_Angeles",
        "source": "ip-api.com"
      },
      "geometry": {
        "type": "Point",
        "coordinates": [
          -122.417,
          37.7766
        ]
      }
    },
    {
      "type": "Feature",
      "properties": {
        "ip": "104.244.43.131",
        "url": "https://abs-0.twimg.com/emoji/v2/svg/1f985.svg",
        "city": "San Francisco",
        "region": "California",
        "country": "United States",
        "org": "Twitter Inc",
        "timezone": "America/Los_Angeles",
        "source": "ip-api.com"
      },
      "geometry": {
        "type": "Point",
        "coordinates": [
          -122.417,
          37.7766
        ]
      }
    },
    {
      "type": "Feature",
      "properties": {
        "ip": "104.244.43.131",
        "url": "https://abs-0.twimg.com/emoji/v2/svg/1f947.svg",
        "city": "San Francisco",
        "region": "California",
        "country": "United States",
        "org": "Twitter Inc",
        "timezone": "America/Los_Angeles",
        "source": "ip-api.com"
      },
      "geometry": {
        "type": "Point",
        "coordinates": [
          -122.417,
          37.7766
        ]
      }
    },
    {
      "type": "Feature",
      "properties": {
        "ip": "104.244.43.131",
        "url": "https://abs-0.twimg.com/emoji/v2/svg/2696.svg",
        "city": "San Francisco",
        "region": "California",
        "country": "United States",
        "org": "Twitter Inc",
        "timezone": "America/Los_Angeles",
        "source": "ip-api.com"
      },
      "geometry": {
        "type": "Point",
        "coordinates": [
          -122.417,
          37.7766
        ]
      }
    },
    {
      "type": "Feature",
      "properties": {
        "ip": "104.244.43.131",
        "url": "https://abs-0.twimg.com/emoji/v2/svg/26a0.svg",
        "city": "San Francisco",
        "region": "California",
        "country": "United States",
        "org": "Twitter Inc",
        "timezone": "America/Los_Angeles",
        "source": "ip-api.com"
      },
      "geometry": {
        "type": "Point",
        "coordinates": [
          -122.417,
          37.7766
        ]
      }
    },
    {
      "type": "Feature",
      "properties": {
        "ip": "104.244.43.131",
        "url": "https://abs-0.twimg.com/emoji/v2/svg/1f3ac.svg",
        "city": "San Francisco",
        "region": "California",
        "country": "United States",
        "org": "Twitter Inc",
        "timezone": "America/Los_Angeles",
        "source": "ip-api.com"
      },
      "geometry": {
        "type": "Point",
        "coordinates": [
          -122.417,
          37.7766
        ]
      }
    },
    {
      "type": "Feature",
      "properties": {
        "ip": "172.64.151.110",
        "url": "https://video-s.twimg.com/amplify_video/1945137582536273920/vid/avc1/3000/6000/720x720/NcgDS5vyUpciF7Ou.m4s",
        "city": "Toronto",
        "region": "Ontario",
        "country": "Canada",
        "org": "Cloudflare, Inc.",
        "timezone": "America/Toronto",
        "source": "ip-api.com"
      },
      "geometry": {
        "type": "Point",
        "coordinates": [
          -79.3832,
          43.6532
        ]
      }
    },
    {
      "type": "Feature",
      "properties": {
        "ip": "172.64.151.110",
        "url": "https://video-s.twimg.com/amplify_video/1945137582536273920/vid/avc1/9000/12000/720x720/5Ul1IvUmTfzFQu4h.m4s",
        "city": "Toronto",
        "region": "Ontario",
        "country": "Canada",
        "org": "Cloudflare, Inc.",
        "timezone": "America/Toronto",
        "source": "ip-api.com"
      },
      "geometry": {
        "type": "Point",
        "coordinates": [
          -79.3832,
          43.6532
        ]
      }
    },
    {
      "type": "Feature",
      "properties": {
        "ip": "172.64.151.110",
        "url": "https://video-s.twimg.com/amplify_video/1945137582536273920/aud/mp4a/0/0/128000/-oAv2DDrkob-J3l5.mp4",
        "city": "Toronto",
        "region": "Ontario",
        "country": "Canada",
        "org": "Cloudflare, Inc.",
        "timezone": "America/Toronto",
        "source": "ip-api.com"
      },
      "geometry": {
        "type": "Point",
        "coordinates": [
          -79.3832,
          43.6532
        ]
      }
    },
    {
      "type": "Feature",
      "properties": {
        "ip": "172.64.151.110",
        "url": "https://video-s.twimg.com/amplify_video/1945137582536273920/vid/avc1/0/0/720x720/Jsl_BAQKdHCLjaCx.mp4",
        "city": "Toronto",
        "region": "Ontario",
        "country": "Canada",
        "org": "Cloudflare, Inc.",
        "timezone": "America/Toronto",
        "source": "ip-api.com"
      },
      "geometry": {
        "type": "Point",
        "coordinates": [
          -79.3832,
          43.6532
        ]
      }
    },
    {
      "type": "Feature",
      "properties": {
        "ip": "172.64.151.110",
        "url": "https://video-s.twimg.com/amplify_video/1945137582536273920/aud/mp4a/3000/6000/128000/Zv8rw9Hi7qjX_h65.m4s",
        "city": "Toronto",
        "region": "Ontario",
        "country": "Canada",
        "org": "Cloudflare, Inc.",
        "timezone": "America/Toronto",
        "source": "ip-api.com"
      },
      "geometry": {
        "type": "Point",
        "coordinates": [
          -79.3832,
          43.6532
        ]
      }
    },
    {
      "type": "Feature",
      "properties": {
        "ip": "172.64.151.110",
        "url": "https://video-s.twimg.com/amplify_video/1945137582536273920/vid/avc1/6000/9000/720x720/t8xmOUxvaRO9myTO.m4s",
        "city": "Toronto",
        "region": "Ontario",
        "country": "Canada",
        "org": "Cloudflare, Inc.",
        "timezone": "America/Toronto",
        "source": "ip-api.com"
      },
      "geometry": {
        "type": "Point",
        "coordinates": [
          -79.3832,
          43.6532
        ]
      }
    },
    {
      "type": "Feature",
      "properties": {
        "ip": "172.64.151.110",
        "url": "https://video-s.twimg.com/amplify_video/1945137582536273920/vid/avc1/0/3000/720x720/6564eVo8DGirnQCp.m4s",
        "city": "Toronto",
        "region": "Ontario",
        "country": "Canada",
        "org": "Cloudflare, Inc.",
        "timezone": "America/Toronto",
        "source": "ip-api.com"
      },
      "geometry": {
        "type": "Point",
        "coordinates": [
          -79.3832,
          43.6532
        ]
      }
    },
    {
      "type": "Feature",
      "properties": {
        "ip": "172.64.151.110",
        "url": "https://video-s.twimg.com/amplify_video/1945137582536273920/pl/PSOtD14KijKVsvdK.m3u8?variant_version=1&tag=14&v=cfc",
        "city": "Toronto",
        "region": "Ontario",
        "country": "Canada",
        "org": "Cloudflare, Inc.",
        "timezone": "America/Toronto",
        "source": "ip-api.com"
      },
      "geometry": {
        "type": "Point",
        "coordinates": [
          -79.3832,
          43.6532
        ]
      }
    },
    {
      "type": "Feature",
      "properties": {
        "ip": "172.64.151.110",
        "url": "https://video-s.twimg.com/amplify_video/1945137582536273920/pl/avc1/720x720/xAnD7tGRE49jtIbR.m3u8",
        "city": "Toronto",
        "region": "Ontario",
        "country": "Canada",
        "org": "Cloudflare, Inc.",
        "timezone": "America/Toronto",
        "source": "ip-api.com"
      },
      "geometry": {
        "type": "Point",
        "coordinates": [
          -79.3832,
          43.6532
        ]
      }
    },
    {
      "type": "Feature",
      "properties": {
        "ip": "172.64.151.110",
        "url": "https://video-s.twimg.com/amplify_video/1945137582536273920/aud/mp4a/6000/9000/128000/d7DkSpGFMDrWDTlR.m4s",
        "city": "Toronto",
        "region": "Ontario",
        "country": "Canada",
        "org": "Cloudflare, Inc.",
        "timezone": "America/Toronto",
        "source": "ip-api.com"
      },
      "geometry": {
        "type": "Point",
        "coordinates": [
          -79.3832,
          43.6532
        ]
      }
    },
    {
      "type": "Feature",
      "properties": {
        "ip": "172.64.151.110",
        "url": "https://video-s.twimg.com/amplify_video/1945137582536273920/pl/mp4a/128000/v5lkou_M8L-YhR4z.m3u8",
        "city": "Toronto",
        "region": "Ontario",
        "country": "Canada",
        "org": "Cloudflare, Inc.",
        "timezone": "America/Toronto",
        "source": "ip-api.com"
      },
      "geometry": {
        "type": "Point",
        "coordinates": [
          -79.3832,
          43.6532
        ]
      }
    },
    {
      "type": "Feature",
      "properties": {
        "ip": "172.64.151.110",
        "url": "https://video-s.twimg.com/amplify_video/1945137582536273920/aud/mp4a/0/3000/128000/uPeKPsN5Rut21Lsh.m4s",
        "city": "Toronto",
        "region": "Ontario",
        "country": "Canada",
        "org": "Cloudflare, Inc.",
        "timezone": "America/Toronto",
        "source": "ip-api.com"
      },
      "geometry": {
        "type": "Point",
        "coordinates": [
          -79.3832,
          43.6532
        ]
      }
    },
    {
      "type": "Feature",
      "properties": {
        "ip": "142.250.81.226",
        "url": "https://cm.g.doubleclick.net/pixel?google_nid=twitter_dbm&google_redir=https://analytics.twitter.com/tpm&google_hm=MjYxMjI0NmY0NzZjMWE5MTYwZTk2MmM2NTY0MDAzYTE3N2ZiNzRkMmVhZjdiYTRkNGE5NzJhY2ZmYWQ3ZjU5OA==",
        "city": "New York",
        "region": "New York",
        "country": "United States",
        "org": "Google LLC",
        "timezone": "America/New_York",
        "source": "ip-api.com"
      },
      "geometry": {
        "type": "Point",
        "coordinates": [
          -74.006,
          40.7128
        ]
      }
    }
  ]
}